{"type": "FeatureCollection", "features": [{"type": "Feature", "properties": {"op": "add"}, "geometry": {"type": "LineString", "coordinates": [[1254.2, -5419.5], [1229.3, -5435.9], [1208.8, -5447.4], [1188.0, -5453.1], [1153.8, -5448.2], [1124.3, -5439.6], [1100.6, -5425.7], [1080.5, -5423.1], [1055.6, -5418.5], [1027.0, -5411.6], [1002.2, -5421.3], [978.4, -5425.1], [959.9, -5425.5], [939.5, -5439.2], [925.0, -5446.0], [902.3, -5443.9], [880.7, -5439.1], [850.2, -5453.4], [880.7, -5439.1], [902.3, -5443.9], [925.0, -5446.0], [939.5, -5439.2], [959.9, -5425.5], [978.4, -5425.1], [1002.2, -5421.3], [1027.0, -5411.6], [1055.6, -5418.5], [1080.5, -5423.1], [1100.6, -5425.7], [1124.3, -5439.6], [1153.8, -5448.2], [1188.0, -5453.1], [1208.8, -5447.4], [1229.3, -5435.9], [1254.2, -5419.5], [1284.6, -5416.2]]}}, {"type": "Feature", "properties": {"op": "add"}, "geometry": {"type": "LineString", "coordinates": [[884.8, -5424.3], [860.0, -5429.4], [840.1, -5447.6], [808.6, -5450.2], [785.2, -5449.4], [752.4, -5448.9], [710.3, -5452.8], [683.3, -5449.8], [655.5, -5444.4], [651.6, -5424.5], [618.4, -5414.9], [588.9, -5403.3], [542.9, -5406.3], [511.9, -5405.8], [482.2, -5413.7], [445.7, -5419.1], [482.2, -5413.7], [511.9, -5405.8], [542.9, -5406.3], [588.9, -5403.3], [618.4, -5414.9], [651.6, -5424.5], [655.5, -5444.4], [683.3, -5449.8], [710.3, -5452.8], [752.4, -5448.9], [785.2, -5449.4], [808.6, -5450.2], [840.1, -5447.6], [860.0, -5429.4], [884.8, -5424.3], [910.9, -5418.0]]}}, {"type": "Feature", "properties": {"op": "add"}, "geometry": {"type": "LineString", "coordinates": [[478.2, -5354.2], [449.3, -5339.3], [417.4, -5331.7], [401.9, -5346.2], [384.3, -5356.5], [365.9, -5363.7], [359.1, -5389.1], [351.8, -5414.2], [336.8, -5442.3], [336.8, -5463.6], [326.5, -5489.9], [298.0, -5504.6], [266.1, -5515.1], [239.6, -5514.2], [209.4, -5516.5], [181.9, -5520.0], [152.5, -5520.0], [112.3, -5522.8], [71.8, -5513.6], [42.7, -5516.0], [71.8, -5513.6], [112.3, -5522.8], [152.5, -5520.0], [181.9, -5520.0], [209.4, -5516.5], [239.6, -5514.2], [266.1, -5515.1], [298.0, -5504.6], [326.5, -5489.9], [336.8, -5463.6], [336.8, -5442.3], [351.8, -5414.2], [359.1, -5389.1], [365.9, -5363.7], [384.3, -5356.5], [401.9, -5346.2], [417.2, -5331.9], [449.3, -5339.3], [478.2, -5354.2], [483.3, -5373.6]]}}, {"type": "Feature", "properties": {"op": "add"}, "geometry": {"type": "LineString", "coordinates": [[-608.2, -5817.9], [-636.5, -5820.9], [-659.2, -5823.3], [-691.7, -5820.4], [-713.3, -5824.0], [-751.3, -5827.4], [-783.6, -5825.7], [-808.3, -5822.9], [-845.3, -5820.4], [-875.7, -5822.9], [-909.9, -5825.7], [-942.4, -5823.4], [-981.0, -5821.3], [-1015.4, -5815.6], [-1034.8, -5796.0], [-1056.6, -5790.9], [-1070.6, -5793.1], [-1094.4, -5787.6], [-1114.5, -5780.1], [-1128.8, -5771.2], [-1147.6, -5767.0], [-1179.7, -5766.3], [-1207.7, -5765.6], [-1232.5, -5768.1], [-1249.5, -5772.1], [-1232.5, -5768.1], [-1207.7, -5765.6], [-1179.7, -5766.3], [-1147.6, -5767.0], [-1128.8, -5771.2], [-1114.5, -5780.1], [-1094.4, -5787.6], [-1070.6, -5793.1], [-1056.6, -5790.9], [-1034.8, -5796.0], [-1015.4, -5815.6], [-981.0, -5821.3], [-942.4, -5823.4], [-909.9, -5825.7], [-875.7, -5822.9], [-845.3, -5820.4], [-808.3, -5822.9], [-783.6, -5825.7], [-751.3, -5827.4], [-713.3, -5824.0], [-691.7, -5820.4], [-659.2, -5823.3], [-636.5, -5820.9], [-608.2, -5817.9], [-581.4, -5813.8]]}}, {"type": "Feature", "properties": {"op": "add"}, "geometry": {"type": "LineString", "coordinates": [[-1414.7, -5785.9], [-1429.1, -5803.2], [-1440.1, -5818.4], [-1473.3, -5817.6], [-1493.1, -5817.8], [-1515.1, -5820.9], [-1546.9, -5824.5], [-1576.6, -5830.7], [-1610.0, -5827.8], [-1649.5, -5819.8], [-1656.2, -5794.9], [-1638.7, -5767.9], [-1641.8, -5751.1], [-1618.0, -5731.5], [-1600.3, -5710.1], [-1617.4, -5693.5], [-1640.4, -5682.3], [-1660.6, -5671.5], [-1686.9, -5662.6], [-1698.2, -5629.5], [-1712.6, -5613.6], [-1728.0, -5592.7], [-1744.3, -5587.0], [-1728.0, -5592.7], [-1712.6, -5613.6], [-1698.2, -5629.5], [-1686.9, -5662.6], [-1660.6, -5671.5], [-1640.4, -5682.3], [-1617.4, -5693.5], [-1600.3, -5710.1], [-1618.0, -5731.5], [-1641.8, -5751.1], [-1638.7, -5767.9], [-1656.2, -5794.9], [-1649.5, -5819.8], [-1610.0, -5827.8], [-1576.6, -5830.7], [-1546.9, -5824.5], [-1515.1, -5820.9], [-1493.1, -5817.8], [-1473.3, -5817.6], [-1440.1, -5818.4], [-1429.1, -5803.2], [-1414.7, -5785.9], [-1368.8, -5778.0]]}}, {"type": "Feature", "properties": {"op": "add"}, "geometry": {"type": "LineString", "coordinates": [[-3746.6, -1620.1], [-3771.7, -1604.9], [-3811.7, -1617.6], [-3854.3, -1623.0], [-3876.9, -1646.8], [-3908.8, -1667.0], [-3937.8, -1674.6], [-3957.1, -1697.3], [-3968.4, -1722.9], [-3994.4, -1748.5], [-3998.8, -1766.7], [-4016.7, -1783.1], [-4034.1, -1791.6], [-4048.8, -1813.3], [-4043.8, -1837.8], [-4025.9, -1875.2], [-4005.9, -1874.4], [-3988.8, -1846.7], [-3959.0, -1832.5], [-3942.1, -1809.0], [-3933.9, -1774.3], [-3927.9, -1744.5], [-3903.5, -1736.5], [-3904.1, -1699.4], [-3898.5, -1678.1], [-3896.5, -1647.4], [-3874.4, -1658.7], [-3863.1, -1610.6], [-3842.5, -1584.2], [-3834.8, -1551.8], [-3816.9, -1539.9], [-3792.1, -1567.5], [-3765.8, -1581.7], [-3741.4, -1585.8], [-3719.8, -1601.4], [-3741.4, -1585.8], [-3765.8, -1581.7], [-3792.1, -1567.5], [-3816.9, -1539.9], [-3834.8, -1551.8], [-3842.5, -1584.2], [-3863.1, -1610.6], [-3874.4, -1658.7], [-3896.5, -1647.4], [-3898.5, -1678.1], [-3904.1, -1699.4], [-3903.5, -1736.5], [-3927.9, -1744.5], [-3933.9, -1774.3], [-3942.1, -1809.0], [-3959.0, -1832.5], [-3988.8, -1846.7], [-4005.9, -1874.4], [-4025.9, -1875.2], [-4043.8, -1837.8], [-4048.8, -1813.3], [-4034.1, -1791.6], [-4016.7, -1783.1], [-3998.8, -1766.7], [-3994.4, -1748.5], [-3968.4, -1722.9], [-3957.1, -1697.3], [-3937.8, -1674.6], [-3908.8, -1667.0], [-3876.9, -1646.8], [-3854.3, -1623.0], [-3811.7, -1617.6], [-3771.7, -1604.9], [-3746.6, -1620.1], [-3708.1, -1624.9]]}}, {"type": "Feature", "properties": {"op": "add"}, "geometry": {"type": "LineString", "coordinates": [[-6711.7, -1108.7], [-6683.0, -1108.2], [-6651.7, -1113.2], [-6619.1, -1088.0], [-6588.5, -1053.2], [-6586.2, -1015.2], [-6584.6, -986.2], [-6555.8, -957.0], [-6525.0, -926.4], [-6489.9, -917.8], [-6455.8, -888.4], [-6450.8, -853.0], [-6480.4, -814.0], [-6485.6, -782.9], [-6512.5, -750.6], [-6516.3, -720.3], [-6487.9, -684.0], [-6481.6, -653.4], [-6469.0, -634.2], [-6484.4, -612.2], [-6491.6, -581.8], [-6484.4, -612.2], [-6469.0, -634.2], [-6481.6, -653.4], [-6487.9, -684.0], [-6516.3, -720.3], [-6512.5, -750.6], [-6485.6, -782.9], [-6480.4, -814.0], [-6450.8, -853.0], [-6455.8, -888.4], [-6489.9, -917.8], [-6525.0, -926.4], [-6555.8, -957.0], [-6584.6, -986.2], [-6586.2, -1015.2], [-6588.5, -1053.2], [-6619.1, -1088.0], [-6651.7, -1113.2], [-6683.0, -1108.2], [-6711.7, -1108.7], [-6743.5, -1076.2]]}}, {"type": "Feature", "properties": {"op": "add"}, "geometry": {"type": "LineString", "coordinates": [[-3591.8, -2027.5], [-3578.8, -2032.7], [-3557.1, -2043.9], [-3551.1, -2045.2], [-3523.2, -2046.9], [-3509.2, -2047.5], [-3496.7, -2049.3], [-3479.9, -2053.1], [-3501.2, -2048.8], [-3515.1, -2048.2], [-3529.1, -2047.5], [-3548.5, -2045.9], [-3563.9, -2041.5], [-3586.6, -2028.7], [-3606.2, -2022.2], [-3644.3, -2018.2], [-3672.3, -2018.5], [-3691.6, -2020.1], [-3709.0, -2024.3], [-3724.3, -2035.2], [-3735.8, -2043.3], [-3750.1, -2051.9], [-3763.7, -2053.7], [-3789.9, -2051.4], [-3803.8, -2049.7], [-3817.8, -2049.0], [-3845.7, -2050.2], [-3859.7, -2050.5], [-3873.7, -2050.1], [-3887.7, -2049.8], [-3901.6, -2050.5], [-3929.6, -2049.6], [-3953.5, -2047.9], [-3967.5, -2048.8], [-3981.4, -2049.8], [-4009.4, -2050.7], [-4023.4, -2050.6], [-4037.4, -2050.3], [-4075.4, -2045.7], [-4088.2, -2036.3], [-4099.3, -2027.8], [-4122.5, -2012.1], [-4128.7, -2005.8], [-4117.1, -2013.6], [-4095.1, -2030.9], [-4079.0, -2042.8], [-4062.6, -2048.7], [-4036.4, -2050.3], [-4015.0, -2050.4], [-4001.0, -2050.1], [-3973.0, -2048.9], [-3959.8, -2048.6], [-3945.8, -2049.4], [-3919.2, -2051.6], [-3905.2, -2051.3], [-3891.2, -2050.9], [-3863.2, -2050.4], [-3828.9, -2049.5], [-3814.9, -2049.9], [-3801.0, -2050.9], [-3771.2, -2053.0], [-3757.2, -2053.0], [-3737.5, -2046.7], [-3726.0, -2038.7], [-3714.8, -2030.3], [-3698.7, -2020.5], [-3668.3, -2017.5], [-3654.3, -2017.6], [-3620.9, -2018.2], [-3604.4, -2020.8]]}}, {"type": "Feature", "properties": {"op": "add"}, "geometry": {"type": "LineString", "coordinates": [[-5776.8, 1439.2], [-5784.1, 1430.7], [-5776.2, 1439.8], [-5764.7, 1452.5], [-5761.6, 1462.3], [-5756.1, 1477.7], [-5754.4, 1483.2], [-5753.8, 1491.5], [-5752.9, 1502.5], [-5751.6, 1514.9], [-5747.0, 1524.3], [-5739.4, 1536.9], [-5729.4, 1544.2], [-5713.3, 1555.8], [-5702.9, 1564.8], [-5685.6, 1579.3], [-5672.9, 1586.5], [-5656.9, 1595.7], [-5650.0, 1601.9], [-5646.9, 1610.0], [-5646.4, 1616.2], [-5638.2, 1622.1], [-5624.3, 1628.0], [-5615.4, 1631.9], [-5604.2, 1638.8], [-5594.2, 1645.1], [-5581.4, 1652.7], [-5570.1, 1659.7], [-5560.1, 1665.8], [-5550.3, 1671.3], [-5540.9, 1676.6], [-5529.2, 1668.6], [-5521.3, 1662.9], [-5510.4, 1655.0], [-5502.6, 1644.5], [-5494.3, 1630.8], [-5489.6, 1623.4], [-5481.0, 1614.5], [-5471.4, 1604.0], [-5462.3, 1593.6], [-5443.4, 1593.6], [-5425.0, 1593.2], [-5414.6, 1600.3], [-5401.8, 1608.9], [-5390.1, 1617.0], [-5377.4, 1619.1], [-5364.7, 1621.6], [-5353.6, 1623.2], [-5344.7, 1613.9], [-5335.4, 1603.0], [-5325.5, 1591.7], [-5315.7, 1583.1], [-5301.3, 1570.5], [-5294.4, 1571.1], [-5282.2, 1571.8], [-5269.4, 1572.5], [-5253.9, 1572.9], [-5241.5, 1574.0], [-5225.3, 1575.4], [-5211.2, 1577.1], [-5198.2, 1568.4], [-5188.7, 1561.8], [-5180.0, 1555.1], [-5163.9, 1552.6], [-5148.4, 1549.7], [-5138.2, 1560.0], [-5132.2, 1566.1], [-5124.9, 1573.1], [-5117.9, 1580.0], [-5112.2, 1588.3], [-5103.4, 1602.2], [-5096.9, 1611.9], [-5084.2, 1612.7], [-5072.0, 1613.2], [-5058.0, 1613.7], [-5071.8, 1613.2], [-5084.5, 1612.7], [-5096.9, 1612.1], [-5103.6, 1602.2], [-5112.0, 1588.9], [-5119.1, 1578.6], [-5127.7, 1570.4], [-5134.1, 1564.1], [-5148.6, 1549.5], [-5163.3, 1552.6], [-5180.1, 1555.2], [-5188.3, 1561.5], [-5197.7, 1568.2], [-5210.3, 1577.1], [-5224.9, 1575.6], [-5244.7, 1573.6], [-5260.4, 1572.6], [-5269.0, 1572.8], [-5282.6, 1571.9], [-5301.0, 1570.6], [-5315.6, 1583.1], [-5326.5, 1592.5], [-5335.3, 1602.8], [-5344.7, 1613.9], [-5353.6, 1623.4], [-5364.7, 1621.6], [-5376.5, 1619.4], [-5390.1, 1617.1], [-5401.0, 1609.5], [-5414.1, 1600.7], [-5424.6, 1593.2], [-5443.1, 1593.8], [-5462.3, 1593.7], [-5476.8, 1610.0], [-5489.6, 1623.5], [-5498.4, 1637.5], [-5502.8, 1645.0], [-5509.9, 1654.8], [-5520.7, 1662.8], [-5529.2, 1668.6], [-5540.6, 1676.7], [-5550.4, 1671.3], [-5559.1, 1666.3], [-5569.9, 1660.0], [-5580.6, 1653.3], [-5597.0, 1643.3], [-5609.9, 1635.3], [-5619.7, 1629.6], [-5638.3, 1622.1], [-5646.4, 1616.7], [-5649.6, 1602.5], [-5656.7, 1595.8], [-5673.2, 1586.2], [-5685.3, 1579.7], [-5702.7, 1565.0], [-5713.0, 1556.0], [-5729.3, 1544.3], [-5738.5, 1537.8], [-5746.9, 1524.5], [-5751.8, 1514.8], [-5752.8, 1503.3], [-5753.9, 1491.2], [-5755.8, 1478.4], [-5761.5, 1462.9], [-5764.4, 1452.9]]}}, {"type": "Feature", "properties": {"op": "add"}, "geometry": {"type": "LineString", "coordinates": [[-3444.8, 2379.1], [-3458.8, 2373.0], [-3469.7, 2371.6], [-3484.5, 2377.7], [-3496.6, 2381.6], [-3508.0, 2384.4], [-3521.7, 2388.1], [-3530.0, 2397.7], [-3535.5, 2408.7], [-3535.8, 2419.8], [-3532.0, 2430.7], [-3531.0, 2442.7], [-3529.7, 2454.1], [-3527.3, 2467.2], [-3524.2, 2478.4], [-3521.2, 2489.6], [-3518.5, 2498.1], [-3524.2, 2509.1], [-3529.7, 2521.3], [-3535.9, 2532.5], [-3543.9, 2542.9], [-3549.3, 2550.6], [-3557.0, 2561.0], [-3561.6, 2567.1], [-3558.1, 2576.2], [-3554.5, 2582.9], [-3550.8, 2591.2], [-3547.1, 2599.9], [-3536.1, 2606.6], [-3527.5, 2611.8], [-3514.4, 2619.7], [-3503.8, 2626.3], [-3503.1, 2636.8], [-3500.7, 2659.0], [-3500.3, 2669.7], [-3502.8, 2682.6], [-3504.5, 2691.5], [-3506.3, 2701.7], [-3508.7, 2713.4], [-3499.0, 2725.2], [-3488.0, 2739.1], [-3477.2, 2745.4], [-3463.6, 2754.1], [-3446.3, 2764.6], [-3444.8, 2777.4], [-3443.2, 2792.2], [-3442.2, 2801.5], [-3438.0, 2809.2], [-3428.8, 2828.0], [-3424.6, 2836.7], [-3419.4, 2846.8], [-3411.9, 2844.6], [-3402.3, 2842.4], [-3389.1, 2839.4], [-3370.6, 2834.5], [-3366.7, 2830.8], [-3361.2, 2825.8], [-3351.8, 2817.2], [-3342.4, 2808.6], [-3335.2, 2801.9], [-3321.2, 2798.7], [-3304.0, 2795.1], [-3287.4, 2791.0], [-3274.2, 2788.0], [-3258.0, 2783.7], [-3258.9, 2771.2], [-3259.5, 2759.2], [-3260.1, 2751.9], [-3271.6, 2753.3], [-3285.5, 2755.5], [-3300.1, 2757.5], [-3317.8, 2762.5], [-3329.3, 2765.3], [-3341.6, 2768.7], [-3356.4, 2760.7], [-3364.3, 2756.1], [-3376.8, 2748.6], [-3375.6, 2736.8], [-3375.9, 2725.3], [-3376.5, 2715.8], [-3377.9, 2706.3], [-3384.6, 2693.7], [-3393.8, 2678.8], [-3400.2, 2668.2], [-3399.0, 2654.1], [-3398.3, 2643.0], [-3397.5, 2631.3], [-3396.9, 2621.9], [-3407.1, 2618.0], [-3420.7, 2613.3], [-3437.2, 2607.0], [-3447.0, 2601.8], [-3461.0, 2594.5], [-3474.2, 2587.6], [-3488.2, 2580.9], [-3500.3, 2575.0], [-3514.1, 2567.8], [-3519.4, 2557.2], [-3525.3, 2545.7], [-3530.4, 2536.3], [-3524.0, 2529.7], [-3512.4, 2515.9], [-3501.2, 2502.5], [-3484.9, 2507.3], [-3470.6, 2511.8], [-3458.5, 2515.4], [-3458.9, 2511.2], [-3460.2, 2495.5], [-3461.3, 2484.9], [-3463.4, 2467.4], [-3457.6, 2464.9], [-3452.6, 2463.4], [-3440.6, 2459.7], [-3429.9, 2458.3], [-3412.9, 2455.6], [-3399.6, 2454.5], [-3390.1, 2443.8], [-3380.0, 2431.9], [-3371.3, 2421.2], [-3381.9, 2408.8], [-3393.4, 2395.6], [-3401.7, 2385.9], [-3418.1, 2385.5], [-3431.3, 2383.1]]}}, {"type": "Feature", "properties": {"op": "add"}, "geometry": {"type": "LineString", "coordinates": [[-3751.9, -2295.3], [-3728.7, -2302.2], [-3697.9, -2300.8], [-3669.0, -2298.9], [-3623.8, -2290.2], [-3590.6, -2278.3], [-3554.7, -2248.8], [-3522.8, -2244.8], [-3491.3, -2230.6], [-3460.6, -2217.3], [-3435.9, -2213.3], [-3405.8, -2191.9], [-3363.9, -2172.8], [-3345.2, -2150.3], [-3322.2, -2131.7], [-3305.2, -2111.8], [-3278.6, -2080.8], [-3242.2, -2070.2], [-3208.7, -2056.8], [-3176.4, -2051.1], [-3149.1, -2047.3], [-3108.3, -2051.2], [-3075.7, -2052.2], [-3048.4, -2050.0], [-3016.4, -2053.6], [-2973.0, -2051.8], [-2937.3, -2032.4], [-2895.0, -2013.2], [-2872.0, -1988.6], [-2845.8, -1977.2], [-2812.6, -1966.2], [-2777.4, -1948.8], [-2747.0, -1939.7], [-2723.6, -1940.2], [-2687.5, -1948.0], [-2663.5, -1962.3], [-2643.1, -1980.3], [-2624.9, -2019.1], [-2610.8, -2047.5], [-2602.3, -2077.7], [-2576.9, -2113.4], [-2554.4, -2149.2], [-2538.9, -2189.1], [-2526.2, -2211.3], [-2507.9, -2244.0], [-2482.1, -2281.3], [-2465.2, -2298.0], [-2435.6, -2317.3], [-2400.4, -2328.9], [-2359.4, -2331.1], [-2323.6, -2319.6], [-2303.3, -2305.9], [-2266.2, -2293.9], [-2229.7, -2302.3], [-2187.9, -2321.1], [-2152.0, -2346.3], [-2129.0, -2370.6], [-2101.7, -2395.3], [-2061.8, -2406.3], [-2028.9, -2397.7], [-1987.3, -2374.1], [-1958.8, -2351.8], [-1921.7, -2318.8], [-1903.3, -2299.2], [-1888.6, -2277.8], [-1868.7, -2252.0], [-1848.0, -2227.5], [-1825.0, -2207.7], [-1809.1, -2188.8], [-1788.3, -2172.2], [-1757.8, -2152.0], [-1734.8, -2139.5], [-1708.5, -2127.1], [-1688.5, -2110.1], [-1664.2, -2094.1], [-1646.9, -2079.3], [-1626.1, -2055.9], [-1608.8, -2038.5], [-1578.4, -2031.7], [-1564.5, -2043.9], [-1554.7, -2057.5], [-1543.0, -2080.4], [-1537.0, -2089.6], [-1527.5, -2095.2], [-1511.9, -2091.6], [-1500.0, -2084.2], [-1487.7, -2068.7], [-1462.5, -2050.4], [-1440.3, -2037.0], [-1421.3, -2024.5], [-1415.7, -2008.4], [-1402.7, -1987.8], [-1377.8, -1968.4], [-1357.2, -1954.0], [-1335.6, -1942.2], [-1318.9, -1933.9], [-1290.2, -1913.1], [-1263.0, -1905.4], [-1239.6, -1904.3], [-1226.5, -1917.7], [-1214.1, -1932.5], [-1199.4, -1951.4], [-1188.5, -1960.5], [-1186.1, -1978.5], [-1183.6, -2008.3], [-1210.0, -2029.8], [-1228.7, -2050.7], [-1260.9, -2060.3], [-1276.7, -2063.7], [-1281.9, -2083.0], [-1280.2, -2108.8], [-1272.9, -2138.4], [-1264.8, -2165.8], [-1253.3, -2202.5], [-1247.2, -2240.3], [-1244.4, -2279.6], [-1246.2, -2309.8], [-1247.7, -2349.3], [-1255.5, -2366.5], [-1270.0, -2390.9], [-1281.5, -2410.1], [-1294.3, -2425.8], [-1311.0, -2444.6], [-1332.4, -2453.6], [-1357.6, -2458.1], [-1386.2, -2464.9], [-1421.1, -2465.2], [-1443.9, -2460.6], [-1466.6, -2454.6], [-1495.0, -2446.4], [-1516.5, -2434.0], [-1529.4, -2428.1], [-1554.7, -2423.3], [-1574.4, -2422.5], [-1590.2, -2428.7], [-1603.1, -2426.2], [-1619.3, -2413.2], [-1633.2, -2399.5], [-1642.0, -2386.2], [-1642.1, -2372.4], [-1646.7, -2360.6], [-1667.6, -2358.7], [-1683.0, -2355.3], [-1712.5, -2352.8], [-1749.2, -2341.0], [-1766.8, -2334.1], [-1791.0, -2315.1], [-1813.2, -2305.5], [-1831.9, -2286.9], [-1867.9, -2287.1], [-1907.7, -2303.8], [-1924.7, -2324.8], [-1947.0, -2349.0], [-1960.0, -2355.5], [-1987.1, -2356.7], [-2018.7, -2349.8], [-2048.8, -2347.4], [-2088.4, -2349.7], [-2117.0, -2351.0], [-2145.8, -2343.6], [-2160.8, -2335.5], [-2195.2, -2321.4], [-2224.2, -2311.1], [-2255.3, -2303.8], [-2293.9, -2303.7], [-2314.3, -2313.2], [-2356.9, -2318.1], [-2401.7, -2316.9], [-2417.6, -2352.8], [-2425.2, -2387.5], [-2436.7, -2412.9], [-2456.7, -2436.7], [-2505.1, -2440.2], [-2523.2, -2420.5], [-2532.3, -2396.8], [-2548.0, -2361.0], [-2560.8, -2339.7], [-2589.7, -2316.4], [-2623.8, -2292.8], [-2655.3, -2273.0], [-2676.7, -2260.0], [-2696.7, -2245.8], [-2734.1, -2222.8], [-2756.0, -2203.9], [-2785.3, -2186.9], [-2798.7, -2170.5], [-2812.7, -2150.3], [-2829.4, -2129.9], [-2850.5, -2119.6], [-2879.7, -2105.1], [-2896.8, -2090.3], [-2913.2, -2075.0], [-2930.2, -2059.4], [-2956.0, -2054.5], [-2989.5, -2052.0], [-3023.9, -2051.7], [-3046.1, -2051.8], [-3060.4, -2051.6], [-3098.7, -2050.4], [-3121.7, -2052.5], [-3147.3, -2051.9], [-3175.7, -2056.2], [-3205.8, -2078.7], [-3227.9, -2097.8], [-3247.6, -2117.4], [-3272.8, -2136.6], [-3298.5, -2158.6], [-3321.0, -2170.2], [-3357.8, -2181.8], [-3400.9, -2177.9], [-3444.4, -2174.3], [-3475.1, -2171.2], [-3508.7, -2158.7], [-3538.5, -2147.0], [-3580.5, -2127.4], [-3603.8, -2125.1], [-3641.9, -2123.0], [-3676.4, -2114.7], [-3720.1, -2118.2], [-3764.1, -2116.0], [-3803.2, -2119.6], [-3849.9, -2134.3], [-3871.6, -2155.9], [-3870.5, -2182.8], [-3867.7, -2220.4], [-3830.5, -2247.7], [-3797.1, -2262.1], [-3769.9, -2291.6]]}}, {"type": "Feature", "properties": {"op": "add"}, "geometry": {"type": "LineString", "coordinates": [[108.1, -1546.0], [86.9, -1542.8], [73.0, -1541.1], [59.1, -1539.6], [17.1, -1537.0], [3.2, -1536.5], [-24.8, -1536.5], [-52.7, -1538.3], [-75.4, -1542.7], [-103.0, -1553.7], [-140.5, -1572.6], [-178.7, -1586.3], [-204.0, -1592.3], [-216.1, -1588.8], [-224.4, -1575.1], [-215.2, -1567.4], [-202.0, -1562.9], [-175.4, -1554.1], [-148.4, -1546.8], [-121.4, -1539.2], [-81.1, -1527.7], [-67.8, -1523.3], [-54.4, -1519.2], [-40.8, -1515.8], [-14.5, -1511.7], [7.3, -1511.6], [21.3, -1511.8], [54.8, -1517.1], [81.2, -1526.4], [107.6, -1535.7], [152.5, -1550.4], [183.5, -1555.0], [219.9, -1549.5], [246.0, -1528.7], [241.8, -1554.3], [218.0, -1568.6], [180.3, -1564.1], [155.6, -1555.3], [111.9, -1545.0]]}}, {"type": "Feature", "properties": {"op": "add"}, "geometry": {"type": "LineString", "coordinates": [[-7463.7, -1317.8], [-7465.2, -1307.3], [-7457.3, -1281.9], [-7452.3, -1276.6], [-7439.6, -1268.9], [-7421.8, -1262.3], [-7416.3, -1258.4], [-7400.1, -1245.1], [-7388.4, -1234.3], [-7372.9, -1216.5], [-7361.4, -1190.4], [-7366.1, -1185.7], [-7379.1, -1178.0], [-7409.3, -1163.6], [-7423.3, -1147.9], [-7434.9, -1136.2], [-7450.9, -1122.6], [-7475.1, -1111.0], [-7496.6, -1102.5], [-7518.6, -1117.0], [-7528.2, -1133.8], [-7531.4, -1147.5], [-7539.7, -1166.7], [-7542.1, -1172.2], [-7551.3, -1189.9], [-7552.3, -1191.9], [-7555.5, -1209.9], [-7551.6, -1213.0], [-7546.6, -1223.4], [-7547.0, -1242.4], [-7543.2, -1282.3], [-7546.9, -1300.4], [-7548.8, -1315.8], [-7545.2, -1331.0], [-7532.7, -1365.1], [-7531.6, -1394.8], [-7526.7, -1427.4], [-7519.0, -1412.7], [-7524.0, -1417.2], [-7537.1, -1440.0], [-7534.1, -1453.4], [-7525.9, -1472.7], [-7516.7, -1490.1], [-7504.4, -1493.5], [-7483.8, -1489.3], [-7463.3, -1485.0], [-7437.6, -1479.6], [-7432.4, -1463.7], [-7430.9, -1454.9], [-7425.3, -1443.9], [-7412.9, -1410.9], [-7417.4, -1384.7], [-7429.0, -1367.2], [-7441.9, -1350.7], [-7457.2, -1332.1]]}}, {"type": "Feature", "properties": {"op": "add"}, "geometry": {"type": "LineString", "coordinates": [[-7282.3, -2282.6], [-7254.7, -2283.8], [-7221.6, -2279.4], [-7178.5, -2279.1], [-7151.0, -2282.1], [-7122.5, -2288.1], [-7092.3, -2287.9], [-7060.8, -2283.3], [-7036.8, -2278.0], [-7016.0, -2262.9], [-7000.8, -2241.4], [-6986.2, -2210.9], [-6974.7, -2182.0], [-6970.2, -2147.3], [-6974.8, -2112.6], [-6971.6, -2086.3], [-6970.6, -2044.8], [-6971.6, -2086.3], [-6974.8, -2112.6], [-6970.2, -2147.3], [-6974.7, -2182.0], [-6986.1, -2210.8], [-7000.8, -2241.4], [-7016.0, -2262.9], [-7036.8, -2278.0], [-7060.8, -2283.3], [-7092.3, -2287.9], [-7122.5, -2288.1], [-7151.0, -2282.1], [-7178.5, -2279.1], [-7221.6, -2279.4], [-7254.7, -2283.8], [-7282.3, -2282.6], [-7299.7, -2279.4]]}}, {"type": "Feature", "properties": {"op": "add"}, "geometry": {"type": "LineString", "coordinates": [[-6857.0, -769.8], [-6852.9, -750.0], [-6850.7, -739.1], [-6847.7, -724.9], [-6841.4, -711.9], [-6824.1, -696.2], [-6807.6, -687.0], [-6775.7, -682.2], [-6752.3, -697.5], [-6744.9, -709.4], [-6731.2, -725.2], [-6713.5, -749.8], [-6713.9, -764.8], [-6730.5, -785.4], [-6748.9, -796.0], [-6761.6, -797.3], [-6782.6, -798.1], [-6808.0, -798.4], [-6828.6, -794.4], [-6856.6, -786.6], [-6872.9, -781.6], [-6891.7, -772.4], [-6911.0, -764.1], [-6937.3, -756.2], [-6955.0, -767.5], [-6974.8, -781.5], [-6983.8, -800.2], [-6992.6, -820.7], [-7005.9, -835.1], [-7021.6, -849.0], [-7040.7, -867.4], [-7051.7, -880.8], [-7064.9, -894.5], [-7076.3, -912.1], [-7090.5, -937.2], [-7106.2, -945.6], [-7119.4, -929.3], [-7131.2, -915.4], [-7143.1, -898.2], [-7149.6, -888.1], [-7158.4, -870.1], [-7166.2, -842.6], [-7166.5, -822.6], [-7161.2, -802.2], [-7155.4, -782.1], [-7149.8, -761.9], [-7142.5, -742.2], [-7134.9, -722.6], [-7127.6, -703.0], [-7122.2, -685.9], [-7119.7, -679.7], [-7113.5, -659.6], [-7105.8, -640.1], [-7099.7, -621.5], [-7097.4, -612.3], [-7089.1, -593.0], [-7084.8, -583.0], [-7077.2, -574.1], [-7056.7, -577.5], [-7041.2, -575.4], [-7027.7, -562.9], [-7018.8, -554.3], [-7007.4, -541.3], [-6993.9, -525.2], [-6987.1, -517.4], [-6964.6, -502.7], [-6956.6, -500.1], [-6945.1, -497.8], [-6933.7, -495.0], [-6932.0, -494.8], [-6908.6, -494.9], [-6887.6, -494.2], [-6866.7, -493.1], [-6845.7, -491.9], [-6824.3, -490.0], [-6818.1, -490.0], [-6791.8, -497.4], [-6784.1, -504.6], [-6774.9, -523.5], [-6765.8, -542.4], [-6756.6, -561.3], [-6746.1, -579.5], [-6731.0, -605.0], [-6724.2, -612.4], [-6696.5, -628.3], [-6677.5, -639.8], [-6666.9, -641.5], [-6683.7, -654.1], [-6705.5, -671.0], [-6731.0, -671.7], [-6733.9, -673.5], [-6758.6, -682.3], [-6753.8, -709.3], [-6742.4, -736.6], [-6739.3, -754.8], [-6742.6, -771.8], [-6770.7, -791.4], [-6780.2, -794.6], [-6805.8, -795.2], [-6809.5, -794.0], [-6826.4, -786.6]]}}, {"type": "Feature", "properties": {"op": "add"}, "geometry": {"type": "LineString", "coordinates": [[-1200.2, 13.9], [-1197.6, 19.8], [-1197.9, 24.3], [-1201.1, 26.2], [-1203.2, 29.3], [-1203.5, 32.2], [-1201.8, 35.6], [-1198.0, 38.0], [-1194.4, 37.1], [-1192.1, 34.2], [-1190.8, 29.6], [-1192.3, 26.6], [-1196.4, 24.1], [-1201.7, 24.2], [-1204.6, 27.5], [-1205.4, 32.7], [-1204.4, 35.5], [-1213.6, 42.4], [-1216.9, 45.0], [-1218.7, 46.3], [-1225.1, 51.4], [-1236.3, 59.8], [-1244.1, 63.8], [-1258.3, 55.7], [-1259.7, 44.6], [-1259.5, 38.0], [-1258.7, 29.8], [-1259.4, 35.7], [-1259.6, 39.8], [-1259.7, 44.3], [-1259.9, 53.6], [-1251.8, 58.9], [-1244.7, 68.5], [-1238.0, 75.5], [-1229.0, 84.5], [-1220.4, 93.3], [-1215.8, 98.1], [-1206.1, 113.2], [-1212.1, 103.8], [-1216.6, 96.5], [-1223.6, 88.7], [-1225.4, 86.8], [-1235.0, 76.7], [-1246.2, 67.0], [-1242.4, 62.9], [-1232.2, 56.8], [-1217.9, 45.4], [-1214.3, 42.7], [-1207.5, 36.9], [-1206.5, 32.6], [-1205.1, 27.2], [-1201.5, 23.4], [-1197.0, 23.0], [-1192.9, 24.7], [-1190.2, 28.3], [-1190.6, 31.6], [-1192.6, 36.4], [-1195.9, 38.1], [-1200.4, 38.2], [-1203.3, 35.9], [-1204.6, 31.6], [-1203.7, 27.9], [-1200.6, 24.7], [-1197.8, 23.7], [-1194.2, 24.6], [-1192.2, 26.7], [-1189.3, 30.6], [-1190.5, 35.3], [-1192.3, 36.5], [-1196.4, 38.5], [-1200.7, 37.2], [-1203.9, 31.3], [-1200.5, 28.0], [-1204.0, 31.3], [-1202.3, 34.6], [-1199.2, 37.3], [-1195.9, 37.4], [-1191.8, 35.5], [-1190.7, 31.9], [-1191.6, 27.5], [-1195.0, 24.6], [-1198.0, 24.1], [-1201.2, 26.0], [-1203.3, 29.9], [-1203.5, 33.6], [-1200.8, 36.2], [-1196.9, 37.6], [-1192.7, 36.3], [-1190.8, 32.7], [-1186.6, 30.4], [-1181.7, 30.1], [-1178.0, 30.1], [-1174.3, 30.1], [-1169.9, 31.0], [-1162.5, 33.5], [-1152.5, 31.7], [-1143.7, 30.3], [-1134.9, 28.5], [-1126.4, 24.7], [-1117.3, 17.0], [-1111.0, 9.2], [-1109.5, 0.0], [-1107.5, -11.3], [-1104.3, -21.9], [-1102.2, -28.6], [-1096.2, -33.6], [-1092.8, -45.0], [-1092.3, -49.4], [-1099.3, -56.3], [-1098.0, -59.5], [-1096.7, -62.6], [-1090.8, -63.8], [-1089.7, -66.5], [-1087.0, -74.7], [-1082.6, -87.9], [-1073.7, -114.5], [-1069.2, -127.8], [-1064.7, -141.0], [-1060.1, -154.2], [-1055.6, -167.5], [-1049.2, -186.8], [-1048.0, -190.9], [-1047.0, -197.5], [-1045.0, -205.9], [-1048.4, -215.0], [-1054.7, -226.4], [-1064.2, -230.7], [-1070.3, -225.7], [-1079.7, -217.2], [-1083.8, -212.9], [-1086.7, -208.5], [-1089.7, -203.1], [-1096.1, -190.7], [-1102.3, -178.2], [-1108.8, -165.7], [-1115.2, -153.3], [-1121.5, -140.8], [-1129.2, -125.3], [-1130.7, -123.1], [-1132.9, -121.6], [-1137.2, -125.1], [-1144.9, -120.5], [-1144.6, -111.1], [-1146.3, -109.5], [-1155.9, -102.6], [-1162.6, -103.7], [-1174.0, -97.3], [-1176.8, -95.5], [-1184.1, -91.0], [-1185.2, -87.8], [-1184.3, -82.0], [-1183.0, -74.2], [-1184.2, -66.1], [-1187.3, -56.5], [-1191.3, -47.3], [-1195.9, -39.6], [-1207.3, -31.9], [-1207.5, -24.4], [-1204.9, -13.5], [-1203.0, -1.4], [-1200.6, 10.7]]}}, {"type": "Feature", "properties": {"op": "add"}, "geometry": {"type": "LineString", "coordinates": [[-760.8, -681.1], [-773.5, -687.0], [-786.0, -693.3], [-798.4, -699.8], [-810.9, -706.0], [-823.5, -712.1], [-836.1, -718.2], [-848.5, -724.7], [-860.9, -731.2], [-873.4, -737.4], [-885.7, -742.2], [-899.1, -746.4], [-918.3, -751.6], [-922.0, -752.5], [-932.4, -753.5], [-938.3, -753.2], [-952.2, -751.3], [-965.9, -748.7], [-979.7, -746.2], [-993.5, -743.8], [-1007.3, -741.4], [-1021.1, -739.1], [-1035.0, -737.2], [-1048.8, -734.8], [-1062.5, -732.4], [-1076.3, -730.0], [-1090.1, -727.3], [-1103.8, -724.6], [-1117.5, -721.7], [-1144.8, -715.6], [-1158.2, -711.3], [-1171.5, -707.1], [-1188.7, -703.0], [-1201.6, -705.9], [-1214.7, -711.0], [-1227.1, -717.4], [-1239.0, -724.7], [-1261.9, -740.9], [-1273.4, -748.8], [-1291.0, -760.7], [-1308.3, -768.7], [-1320.9, -772.1], [-1344.1, -775.6], [-1354.2, -775.3], [-1367.6, -768.4], [-1381.9, -754.8], [-1389.9, -743.5], [-1393.8, -734.2], [-1393.9, -708.5], [-1387.9, -695.9], [-1381.5, -683.4], [-1374.4, -671.3], [-1363.0, -655.0], [-1348.8, -643.6], [-1331.1, -637.0], [-1315.4, -637.3], [-1287.5, -639.3], [-1273.5, -639.8], [-1250.2, -640.0], [-1237.9, -640.0], [-1210.7, -636.9], [-1196.9, -634.5], [-1183.1, -631.7], [-1169.7, -627.7], [-1142.7, -620.4], [-1129.1, -616.9], [-1115.6, -613.5], [-1102.0, -610.1], [-1074.8, -603.4], [-1061.1, -600.6], [-1047.3, -598.3], [-1033.5, -595.8], [-1008.9, -589.9], [-995.7, -585.1], [-982.7, -580.1], [-958.4, -569.5], [-949.6, -558.6], [-929.8, -539.6], [-925.4, -536.5], [-913.0, -529.9], [-887.9, -517.5], [-879.0, -514.4], [-867.6, -506.3], [-856.2, -498.2], [-834.6, -491.4], [-823.3, -496.0], [-804.1, -510.2], [-798.0, -516.7], [-789.4, -527.8], [-772.5, -550.1], [-764.1, -561.3], [-753.7, -575.0], [-737.7, -581.1], [-725.7, -588.4], [-700.9, -607.4], [-699.1, -625.7], [-707.2, -641.0], [-722.7, -650.7], [-732.6, -660.6]]}}, {"type": "Feature", "properties": {"op": "add"}, "geometry": {"type": "LineString", "coordinates": [[-533.0, 1254.5], [-539.2, 1258.6], [-555.3, 1271.1], [-568.7, 1275.3], [-595.4, 1283.7], [-608.7, 1287.9], [-636.0, 1294.0], [-649.7, 1297.0], [-663.5, 1299.7], [-679.3, 1301.5], [-693.3, 1300.6], [-707.2, 1299.0], [-727.0, 1295.3], [-738.4, 1287.2], [-759.7, 1274.7], [-772.7, 1269.5], [-786.0, 1265.1], [-799.3, 1260.7], [-815.6, 1254.1], [-824.2, 1245.3], [-828.6, 1233.4], [-834.8, 1223.7], [-846.1, 1210.3], [-856.6, 1201.0], [-870.8, 1189.4], [-881.4, 1185.5], [-909.2, 1183.2], [-922.6, 1182.2], [-944.9, 1176.4], [-949.2, 1174.2], [-957.3, 1169.4], [-965.7, 1166.3], [-985.6, 1160.9], [-994.5, 1154.8], [-1002.6, 1152.2], [-1010.4, 1151.4], [-1029.5, 1147.7], [-1038.3, 1143.0], [-1044.1, 1136.2], [-1045.1, 1130.8], [-1042.2, 1122.8], [-1027.7, 1101.8], [-1017.0, 1093.1], [-1009.3, 1095.1], [-995.3, 1114.2], [-975.1, 1127.1], [-955.3, 1121.3], [-947.5, 1106.2], [-926.0, 1094.9], [-909.4, 1095.1], [-879.9, 1094.7], [-867.3, 1096.1], [-860.6, 1096.9], [-846.9, 1099.5], [-816.3, 1108.8], [-811.8, 1112.3], [-797.5, 1130.9], [-791.4, 1143.4], [-788.3, 1148.7], [-771.3, 1166.1], [-762.3, 1176.8], [-742.8, 1194.8], [-721.6, 1207.3], [-709.4, 1210.7], [-695.5, 1212.0], [-681.5, 1213.1], [-653.6, 1215.6], [-637.5, 1218.5], [-619.4, 1225.5], [-608.0, 1233.5], [-585.2, 1248.7], [-569.3, 1253.7], [-563.7, 1253.6], [-554.1, 1243.5], [-535.0, 1226.2], [-522.3, 1220.4], [-504.0, 1212.3], [-485.2, 1211.0], [-472.0, 1216.7], [-461.8, 1226.3], [-458.6, 1229.7], [-454.2, 1235.2], [-447.8, 1247.6], [-435.9, 1273.0], [-425.8, 1295.7], [-430.1, 1292.7], [-440.1, 1282.9], [-450.6, 1273.7], [-464.1, 1263.8], [-475.4, 1260.2], [-489.3, 1258.1], [-511.1, 1257.4], [-522.8, 1255.0]]}}, {"type": "Feature", "properties": {"op": "add"}, "geometry": {"type": "LineString", "coordinates": [[-286.8, 2792.1], [-289.1, 2783.6], [-294.8, 2769.7], [-296.8, 2762.8], [-297.7, 2754.9], [-300.6, 2738.4], [-304.0, 2728.4], [-313.1, 2716.9], [-322.1, 2712.9], [-329.4, 2710.5], [-337.1, 2707.5], [-348.8, 2699.0], [-357.4, 2689.0], [-361.4, 2680.0], [-364.2, 2667.6], [-365.5, 2658.4], [-365.1, 2646.4], [-360.3, 2637.1], [-353.3, 2632.6], [-338.1, 2623.0], [-327.3, 2618.4], [-311.9, 2616.1], [-299.2, 2613.9], [-291.7, 2610.4], [-284.6, 2604.5], [-270.5, 2593.0], [-260.9, 2585.8], [-249.9, 2581.6], [-240.7, 2584.6], [-235.4, 2588.4], [-226.9, 2591.3], [-220.0, 2589.4], [-207.3, 2588.8], [-200.8, 2597.2], [-200.4, 2600.2], [-201.4, 2614.8], [-204.4, 2626.3], [-207.1, 2632.8], [-213.1, 2644.7], [-217.7, 2650.2], [-223.4, 2656.6], [-236.0, 2669.6], [-242.5, 2675.9], [-248.8, 2682.0], [-258.3, 2691.7], [-262.8, 2697.7], [-272.4, 2711.8], [-278.8, 2722.7], [-280.0, 2729.1], [-280.5, 2740.4], [-278.3, 2747.5], [-279.7, 2759.4], [-278.6, 2769.4], [-274.1, 2786.3], [-268.0, 2803.1], [-258.8, 2818.9], [-247.3, 2831.1], [-236.1, 2834.5], [-220.2, 2831.7], [-212.4, 2829.9], [-196.7, 2828.0], [-189.3, 2828.4], [-173.6, 2829.6], [-157.3, 2830.1], [-148.9, 2831.9], [-136.2, 2833.7], [-119.9, 2836.7], [-110.3, 2851.8], [-105.2, 2868.0], [-101.3, 2882.4], [-100.0, 2900.4], [-100.5, 2906.9], [-104.8, 2926.7], [-108.1, 2933.2], [-121.3, 2943.4], [-129.5, 2938.9], [-130.9, 2932.2], [-130.5, 2917.1], [-132.6, 2903.0], [-133.3, 2896.0], [-135.6, 2876.9], [-139.0, 2865.6], [-143.9, 2851.9], [-152.8, 2841.8], [-157.6, 2838.6], [-168.4, 2833.2], [-178.2, 2830.3], [-189.7, 2827.4], [-200.1, 2825.3], [-212.3, 2824.8], [-222.3, 2823.7], [-233.3, 2823.7], [-240.2, 2823.2], [-256.7, 2818.2], [-273.5, 2805.6], [-279.5, 2799.1]]}}, {"type": "Feature", "properties": {"op": "add"}, "geometry": {"type": "LineString", "coordinates": [[-6822.6, -2215.7], [-6847.1, -2220.2], [-6877.8, -2212.8], [-6917.1, -2191.3], [-6922.8, -2212.6], [-6952.2, -2221.5], [-6980.1, -2250.2], [-7015.7, -2253.8], [-7049.0, -2249.8], [-7081.3, -2254.5], [-7113.1, -2225.7], [-7144.1, -2205.1], [-7181.4, -2201.9], [-7190.6, -2175.7], [-7192.8, -2146.2], [-7210.8, -2118.7], [-7229.1, -2106.5], [-7251.4, -2095.1], [-7280.8, -2085.6], [-7313.0, -2071.2], [-7335.3, -2062.2], [-7359.1, -2049.8], [-7381.6, -2046.3], [-7389.8, -2024.9], [-7392.7, -2007.0], [-7396.0, -1981.8], [-7404.4, -1951.8], [-7419.3, -1921.9], [-7431.0, -1890.2], [-7456.5, -1865.0], [-7448.4, -1831.5], [-7429.1, -1811.6], [-7423.4, -1777.7], [-7429.1, -1811.6], [-7448.4, -1831.5], [-7456.5, -1865.0], [-7431.0, -1890.2], [-7419.3, -1921.9], [-7404.4, -1951.8], [-7396.0, -1981.8], [-7392.7, -2007.0], [-7389.8, -2024.9], [-7381.6, -2046.3], [-7359.1, -2049.8], [-7335.3, -2062.2], [-7313.0, -2071.2], [-7280.8, -2085.6], [-7251.4, -2095.1], [-7229.1, -2106.5], [-7210.8, -2118.7], [-7192.8, -2146.2], [-7190.6, -2175.7], [-7181.4, -2201.9], [-7144.1, -2205.1], [-7113.1, -2225.7], [-7081.3, -2254.5], [-7049.0, -2249.8], [-7015.7, -2253.8], [-6980.1, -2250.2], [-6952.2, -2221.5], [-6922.8, -2212.6], [-6917.1, -2191.3], [-6877.8, -2212.8], [-6847.1, -2220.2], [-6822.6, -2215.7], [-6782.6, -2216.2]]}}, {"type": "Feature", "properties": {"op": "add"}, "geometry": {"type": "LineString", "coordinates": [[2179.5, -970.6], [2161.5, -960.2], [2172.5, -939.0], [2171.3, -915.3], [2162.1, -897.5], [2147.4, -881.6], [2131.6, -874.8], [2111.1, -871.1], [2090.6, -869.8], [2078.1, -867.9], [2047.7, -858.1], [2035.3, -851.5], [2023.5, -844.0], [2024.0, -823.5], [2040.3, -803.4], [2043.8, -782.2], [2043.2, -768.8], [2043.1, -755.0], [2043.1, -731.1], [2047.6, -714.6], [2057.9, -704.9], [2082.7, -691.9], [2095.1, -685.4], [2118.0, -673.2], [2132.9, -653.8], [2140.1, -641.8], [2154.3, -617.7], [2162.9, -605.1], [2183.9, -586.7], [2206.4, -570.0], [2225.6, -552.4], [2233.5, -540.9], [2248.5, -517.3], [2284.5, -475.6], [2298.3, -460.5], [2320.2, -458.2], [2335.4, -453.1], [2343.4, -448.4], [2383.6, -448.1], [2378.2, -455.4], [2359.5, -438.4], [2341.9, -448.2], [2334.2, -452.7], [2322.0, -459.6], [2309.9, -466.6], [2297.9, -473.8], [2273.6, -487.8], [2269.4, -490.5], [2253.5, -507.3], [2246.6, -519.4], [2234.8, -540.8], [2216.9, -555.0], [2206.2, -563.9], [2185.4, -582.6], [2165.6, -602.4], [2145.4, -624.6], [2137.1, -652.1], [2140.1, -676.1], [2145.2, -685.7], [2160.3, -709.2], [2175.9, -732.5], [2191.8, -757.3], [2197.8, -769.9], [2203.4, -782.8], [2213.1, -810.6], [2214.4, -816.0], [2213.5, -826.0], [2209.0, -836.7], [2202.6, -849.1], [2197.0, -861.9], [2186.6, -887.0], [2176.9, -911.3], [2173.8, -924.9], [2166.9, -958.8], [2163.5, -983.5], [2160.0, -1003.0], [2158.2, -1017.4], [2155.5, -1034.0], [2145.9, -1055.5], [2141.4, -1076.7], [2142.4, -1101.6], [2146.2, -1121.4], [2150.8, -1145.6], [2151.9, -1165.7], [2157.1, -1188.2], [2169.7, -1202.5], [2179.8, -1212.2], [2190.1, -1221.7], [2200.2, -1231.3], [2230.9, -1263.1], [2238.5, -1269.0], [2253.8, -1266.3], [2282.1, -1256.6], [2298.4, -1252.8], [2307.3, -1252.4], [2316.1, -1270.5], [2323.6, -1287.2], [2332.7, -1301.6], [2340.7, -1315.4], [2340.8, -1340.4], [2346.1, -1353.3], [2357.5, -1360.2], [2374.9, -1367.8], [2396.4, -1382.6], [2380.9, -1371.0], [2367.9, -1362.2], [2351.7, -1356.5], [2341.7, -1339.9], [2339.7, -1329.3], [2338.5, -1301.3], [2329.8, -1290.2], [2328.4, -1287.6], [2315.3, -1263.0], [2307.1, -1250.5], [2294.6, -1249.8], [2281.5, -1254.6], [2268.4, -1259.7], [2244.1, -1266.5], [2232.8, -1263.8], [2215.1, -1244.7], [2201.7, -1229.6], [2187.9, -1218.8], [2172.9, -1205.4], [2157.9, -1187.5], [2152.5, -1162.7], [2150.6, -1142.6], [2148.2, -1126.0], [2142.7, -1097.4], [2143.2, -1064.6], [2143.9, -1050.7], [2146.7, -1016.3], [2156.8, -1002.4], [2170.3, -988.0], [2176.6, -981.6]]}}, {"type": "Feature", "properties": {"op": "add"}, "geometry": {"type": "LineString", "coordinates": [[5549.7, -840.5], [5542.7, -836.2], [5532.8, -831.7], [5520.5, -838.3], [5508.3, -845.2], [5489.7, -856.1], [5478.4, -866.8], [5481.9, -880.3], [5484.6, -900.0], [5485.3, -913.9], [5488.0, -933.9], [5496.2, -947.7], [5504.6, -958.9], [5510.0, -965.8], [5533.1, -979.7], [5550.6, -980.4], [5560.0, -977.3], [5562.1, -969.8], [5560.5, -962.1], [5555.9, -947.5], [5564.7, -931.9], [5569.4, -920.6], [5571.7, -912.0], [5572.1, -901.9], [5572.8, -894.0], [5580.3, -877.3], [5586.9, -869.3], [5592.7, -863.5], [5603.4, -852.4], [5610.4, -843.7], [5625.3, -841.9], [5640.9, -840.8], [5654.6, -839.3], [5665.1, -836.6], [5668.6, -820.6], [5678.6, -814.0], [5688.6, -807.6], [5700.8, -796.7], [5703.9, -789.5], [5706.6, -781.3], [5707.7, -773.2], [5706.6, -766.6], [5709.4, -757.4], [5706.9, -743.8], [5712.9, -732.1], [5720.9, -714.7], [5714.3, -693.6], [5708.8, -679.4], [5701.1, -669.3], [5693.6, -659.5], [5685.1, -645.8], [5676.2, -649.6], [5669.6, -651.0], [5663.0, -652.3], [5658.8, -654.5], [5654.7, -657.1], [5643.3, -664.3], [5634.1, -670.6], [5625.1, -681.6], [5612.5, -693.3], [5597.4, -701.3], [5587.1, -706.6], [5574.1, -710.6], [5567.5, -714.7], [5555.3, -723.2], [5553.5, -738.1], [5553.0, -757.8], [5551.2, -773.8], [5550.1, -787.5], [5548.9, -802.7], [5545.9, -813.5], [5542.2, -821.2], [5543.6, -829.7], [5547.4, -834.7]]}}, {"type": "Feature", "properties": {"op": "add"}, "geometry": {"type": "LineString", "coordinates": [[-3030.6, -4244.2], [-3055.6, -4254.0], [-3074.3, -4263.3], [-3089.3, -4261.8], [-3108.2, -4257.4], [-3131.2, -4264.9], [-3138.6, -4279.6], [-3142.4, -4298.2], [-3136.9, -4332.6], [-3123.3, -4363.7], [-3119.0, -4379.8], [-3110.2, -4401.1], [-3090.6, -4419.0], [-3063.3, -4428.8], [-3042.3, -4435.5], [-3028.1, -4446.7], [-3013.4, -4453.0], [-2982.8, -4462.2], [-2958.4, -4472.7], [-2926.1, -4479.4], [-2897.4, -4475.6], [-2860.9, -4466.9], [-2826.5, -4457.9], [-2800.7, -4437.9], [-2802.7, -4411.0], [-2812.6, -4389.9], [-2832.9, -4364.6], [-2862.6, -4326.1], [-2881.0, -4302.4], [-2906.1, -4272.7], [-2940.9, -4260.4], [-2972.8, -4253.8], [-3005.3, -4247.8]]}}, {"type": "Feature", "properties": {"op": "add"}, "geometry": {"type": "LineString", "coordinates": [[7468.2, -2791.5], [7468.8, -2796.7], [7469.9, -2807.0], [7464.7, -2808.9], [7459.5, -2808.1], [7447.6, -2806.9], [7471.4, -2808.9], [7468.8, -2794.6], [7468.8, -2780.7], [7468.9, -2776.8], [7469.8, -2748.8], [7470.5, -2724.1], [7471.6, -2695.8], [7472.1, -2685.7], [7473.0, -2672.9], [7473.4, -2667.4], [7474.4, -2660.4], [7475.6, -2653.8], [7477.1, -2644.8], [7478.1, -2635.8], [7480.3, -2612.1], [7482.4, -2592.8], [7487.7, -2572.2], [7492.0, -2561.0], [7498.6, -2543.2], [7508.2, -2521.4], [7517.5, -2499.8], [7522.9, -2483.5], [7526.3, -2474.1], [7529.2, -2467.3], [7532.6, -2459.0], [7537.5, -2446.9], [7543.3, -2427.2], [7547.9, -2409.6], [7550.0, -2402.4], [7553.3, -2393.0], [7557.2, -2382.5], [7562.7, -2371.9], [7570.8, -2357.2], [7577.6, -2345.1], [7584.4, -2332.8], [7595.4, -2313.0], [7599.8, -2305.6], [7605.0, -2297.4], [7612.0, -2286.8], [7607.8, -2282.1], [7602.7, -2282.8], [7603.6, -2296.6], [7597.5, -2309.4], [7593.7, -2316.7], [7584.7, -2333.5], [7576.3, -2348.4], [7565.7, -2366.9], [7558.5, -2379.8], [7553.2, -2393.4], [7551.1, -2399.7], [7548.4, -2408.3], [7543.2, -2423.4], [7539.5, -2436.9], [7533.1, -2458.1], [7529.9, -2465.2], [7526.6, -2473.1], [7521.7, -2485.9], [7517.4, -2499.1], [7509.7, -2517.3], [7502.7, -2532.2], [7495.4, -2550.1], [7488.6, -2568.3], [7483.4, -2583.5], [7481.4, -2604.3], [7479.9, -2619.5], [7477.3, -2641.8], [7475.9, -2650.2], [7474.4, -2660.0], [7472.4, -2673.3], [7472.2, -2687.3], [7471.8, -2712.1], [7471.2, -2726.0], [7469.3, -2760.5], [7468.8, -2769.1], [7468.1, -2787.7], [7468.1, -2802.6], [7473.2, -2810.5], [7482.1, -2819.5], [7492.9, -2829.9], [7505.5, -2839.9], [7522.9, -2853.3], [7532.2, -2860.1], [7543.2, -2867.9], [7559.4, -2879.2], [7562.6, -2885.0], [7566.2, -2892.0], [7563.0, -2883.7], [7556.8, -2876.7], [7543.6, -2867.6], [7532.1, -2860.0], [7519.6, -2849.9], [7502.2, -2837.9], [7493.6, -2831.8], [7484.1, -2821.5], [7470.3, -2806.1]]}}, {"type": "Feature", "properties": {"op": "add"}, "geometry": {"type": "LineString", "coordinates": [[-7549.5, 1733.9], [-7556.3, 1716.1], [-7569.1, 1700.2], [-7573.8, 1690.5], [-7587.9, 1663.4], [-7604.5, 1641.4], [-7617.3, 1597.3], [-7642.9, 1584.6], [-7681.4, 1586.5], [-7706.4, 1616.3], [-7718.9, 1641.7], [-7746.6, 1658.4], [-7759.5, 1688.8], [-7779.9, 1727.3], [-7794.4, 1772.4], [-7828.8, 1804.5], [-7863.2, 1825.0], [-7895.8, 1843.0], [-7863.2, 1825.0], [-7828.8, 1804.5], [-7794.4, 1772.4], [-7779.9, 1727.3], [-7759.5, 1688.9], [-7746.6, 1658.4], [-7718.9, 1641.7], [-7706.6, 1616.6], [-7681.4, 1586.5], [-7642.9, 1584.6], [-7617.3, 1597.3], [-7604.5, 1641.4], [-7587.9, 1663.4], [-7573.8, 1690.5], [-7569.1, 1700.2], [-7556.3, 1716.1]]}}, {"type": "Feature", "properties": {"op": "add"}, "geometry": {"type": "LineString", "coordinates": [[-6132.6, 1194.4], [-6148.3, 1190.8], [-6164.1, 1187.3], [-6181.2, 1179.7], [-6202.7, 1172.0], [-6229.8, 1168.3], [-6263.2, 1166.6], [-6290.2, 1166.5], [-6327.2, 1160.1], [-6365.3, 1153.6], [-6402.7, 1145.4], [-6436.5, 1126.7], [-6454.3, 1100.3], [-6475.0, 1072.5], [-6471.5, 1038.5], [-6485.9, 1007.7], [-6483.4, 969.7], [-6479.1, 928.5], [-6504.6, 907.1], [-6530.1, 882.3], [-6546.8, 843.2], [-6582.2, 821.0], [-6630.2, 809.3], [-6643.1, 825.1], [-6666.3, 844.6], [-6699.4, 870.6], [-6739.9, 892.5], [-6772.3, 898.8], [-6799.1, 906.1], [-6824.0, 909.8], [-6868.8, 916.2], [-6898.5, 901.3], [-6927.8, 870.1], [-6929.2, 838.0], [-6919.7, 807.3], [-6922.2, 775.3], [-6923.1, 742.1], [-6937.0, 706.1], [-6946.0, 685.3], [-6961.7, 661.7], [-6961.5, 646.3], [-6984.7, 619.0], [-7015.6, 596.5], [-7056.5, 593.2], [-7094.1, 608.8], [-7123.3, 624.0], [-7160.4, 652.1], [-7182.2, 684.5], [-7198.2, 714.7], [-7191.9, 741.4], [-7193.4, 748.4], [-7184.9, 770.5], [-7169.6, 792.3], [-7149.7, 818.2], [-7119.2, 842.4], [-7083.8, 860.2], [-7049.6, 868.5], [-7014.3, 859.9], [-6975.0, 851.8], [-6943.6, 828.7], [-6923.8, 802.5], [-6907.1, 780.1], [-6897.6, 755.0], [-6879.4, 728.6], [-6861.8, 717.9], [-6842.9, 713.5], [-6816.4, 709.9], [-6791.1, 709.9], [-6754.5, 723.9], [-6730.1, 739.7], [-6688.2, 763.3], [-6675.4, 772.9], [-6673.2, 786.3], [-6677.7, 798.9], [-6689.3, 818.3], [-6700.2, 835.3], [-6717.1, 837.3], [-6750.5, 824.9], [-6770.2, 814.6], [-6785.5, 798.5], [-6793.4, 773.5], [-6783.2, 732.9], [-6745.8, 711.2], [-6700.3, 725.1], [-6668.3, 741.3], [-6637.2, 756.8], [-6616.6, 770.3], [-6590.6, 788.1], [-6550.6, 812.5], [-6551.3, 827.3], [-6547.5, 848.7], [-6544.7, 872.1], [-6548.2, 894.4], [-6555.6, 921.1], [-6559.9, 951.2], [-6562.2, 995.1], [-6551.0, 1016.8], [-6536.7, 1042.5], [-6515.4, 1071.7], [-6504.1, 1097.5], [-6501.5, 1125.1], [-6483.6, 1138.0], [-6455.7, 1149.1], [-6421.1, 1146.8], [-6394.1, 1130.7], [-6362.8, 1113.9], [-6343.1, 1102.3], [-6318.2, 1088.1], [-6304.5, 1073.3], [-6287.2, 1073.5], [-6258.2, 1079.4], [-6227.4, 1097.1], [-6203.5, 1107.3], [-6182.0, 1115.2], [-6159.2, 1117.2], [-6137.2, 1130.4], [-6119.2, 1148.3], [-6112.4, 1173.7], [-6108.9, 1209.8], [-6121.0, 1215.5], [-6134.0, 1215.9], [-6148.3, 1190.8]]}}, {"type": "Feature", "properties": {"op": "add"}, "geometry": {"type": "LineString", "coordinates": [[9659.0, 2432.3], [9679.9, 2455.3], [9708.3, 2490.8], [9717.5, 2518.7], [9727.4, 2524.2], [9771.4, 2526.8], [9816.1, 2527.7], [9845.8, 2528.8], [9886.1, 2530.4], [9899.0, 2530.9], [9906.1, 2531.3], [9919.6, 2544.9], [9931.8, 2551.5], [9943.8, 2553.7], [9960.0, 2547.4], [9975.2, 2536.2], [9984.0, 2523.6], [9998.8, 2513.3], [10005.7, 2510.8], [10013.2, 2507.6], [10032.8, 2499.2], [10051.7, 2509.0], [10067.8, 2517.6], [10082.1, 2525.8], [10094.5, 2534.3], [10108.9, 2539.6], [10127.8, 2544.8], [10140.4, 2549.9], [10142.1, 2557.3], [10136.5, 2568.6], [10125.1, 2583.2], [10141.3, 2561.3], [10139.0, 2549.2], [10119.6, 2541.2], [10096.8, 2537.2], [10082.8, 2527.5], [10068.3, 2518.3], [10047.9, 2503.5], [10028.6, 2498.5], [10012.8, 2505.9], [9998.7, 2512.2], [9983.9, 2518.3], [9974.2, 2514.3], [9963.2, 2498.5], [9952.9, 2486.6], [9948.2, 2475.4], [9949.2, 2439.0], [9949.6, 2406.2], [9950.1, 2373.6], [9951.0, 2340.0], [9951.2, 2319.1], [9952.6, 2303.4], [9952.2, 2291.6], [9952.2, 2281.8], [9938.0, 2280.1], [9894.9, 2281.3], [9870.1, 2280.4], [9851.9, 2279.5], [9849.1, 2255.5], [9839.9, 2231.0], [9832.5, 2220.4], [9811.7, 2217.6], [9793.2, 2225.2], [9775.7, 2237.8], [9753.2, 2249.3], [9722.6, 2262.3], [9705.8, 2276.5], [9694.1, 2289.5], [9675.9, 2312.6], [9658.6, 2328.8], [9659.8, 2337.8], [9672.1, 2346.3], [9685.1, 2353.6], [9708.5, 2355.2], [9716.0, 2359.6], [9706.5, 2379.0], [9701.3, 2404.4], [9691.6, 2408.1], [9684.3, 2408.2], [9668.9, 2409.1], [9662.0, 2422.5]]}}, {"type": "Feature", "properties": {"op": "add"}, "geometry": {"type": "LineString", "coordinates": [[2608.3, -3008.8], [2594.0, -2993.4], [2573.2, -2965.4], [2559.6, -2940.9], [2546.3, -2910.6], [2545.7, -2883.0], [2544.2, -2868.5], [2543.4, -2860.5], [2542.3, -2851.1], [2537.2, -2833.8], [2541.9, -2847.5], [2543.4, -2857.8], [2544.3, -2868.3], [2544.7, -2889.3], [2547.4, -2910.5], [2558.3, -2939.4], [2577.1, -2972.9], [2606.3, -3007.7], [2636.3, -3041.5], [2663.7, -3075.1], [2681.3, -3100.5], [2698.2, -3135.0], [2707.8, -3157.5], [2716.8, -3180.3], [2724.5, -3208.0], [2729.4, -3233.7], [2735.0, -3263.5], [2743.2, -3312.2], [2754.8, -3344.7], [2768.7, -3377.9], [2781.1, -3402.1], [2795.2, -3421.9], [2811.6, -3443.6], [2831.5, -3471.9], [2847.9, -3494.2], [2865.3, -3519.6], [2881.4, -3553.4], [2888.0, -3586.3], [2887.6, -3621.4], [2882.2, -3655.0], [2875.9, -3679.9], [2865.3, -3705.4], [2859.8, -3719.2], [2852.8, -3736.0], [2842.3, -3753.5], [2850.6, -3738.1], [2856.8, -3725.6], [2863.0, -3713.1], [2869.9, -3696.9], [2877.3, -3677.3], [2886.7, -3636.5], [2888.3, -3607.8], [2888.1, -3564.7], [2867.9, -3523.9], [2847.5, -3492.5], [2826.6, -3464.0], [2815.9, -3448.3], [2801.9, -3429.6], [2785.5, -3407.8], [2772.3, -3383.2], [2761.8, -3360.5], [2752.5, -3337.8], [2744.1, -3307.5], [2736.8, -3264.6], [2731.5, -3240.6], [2727.7, -3216.5], [2720.4, -3185.8], [2707.6, -3155.8], [2695.1, -3127.0], [2656.5, -3063.2], [2638.6, -3040.5]]}}, {"type": "Feature", "properties": {"op": "add"}, "geometry": {"type": "LineString", "coordinates": [[-6552.8, -751.1], [-6588.3, -751.3], [-6622.2, -749.5], [-6649.6, -747.9], [-6663.8, -772.0], [-6689.9, -783.4], [-6724.7, -788.2], [-6755.7, -792.1], [-6779.4, -812.9], [-6818.7, -818.3], [-6846.5, -813.2], [-6877.0, -787.4], [-6890.8, -746.3], [-6910.0, -722.2], [-6941.4, -693.1], [-6980.1, -685.0], [-7015.2, -679.4], [-7051.7, -674.4], [-7083.5, -646.9], [-7085.6, -615.8], [-7083.5, -646.9], [-7051.7, -674.4], [-7015.2, -679.4], [-6980.1, -685.0], [-6941.4, -693.1], [-6910.0, -722.2], [-6890.8, -746.3], [-6877.0, -787.4], [-6846.5, -813.2], [-6818.9, -818.3], [-6779.4, -812.9], [-6755.7, -792.1], [-6724.7, -788.2], [-6689.9, -783.4], [-6663.8, -772.0], [-6649.6, -747.9], [-6622.7, -749.5], [-6588.3, -751.3], [-6552.8, -751.1], [-6513.5, -749.1]]}}, {"type": "Feature", "properties": {"op": "add"}, "geometry": {"type": "LineString", "coordinates": [[-6581.5, -1593.3], [-6620.0, -1615.3], [-6642.9, -1614.7], [-6665.9, -1636.5], [-6657.2, -1672.8], [-6644.0, -1715.7], [-6628.4, -1751.0], [-6609.3, -1783.6], [-6611.4, -1820.0], [-6615.0, -1855.3], [-6618.8, -1885.8], [-6627.1, -1913.8], [-6617.9, -1941.0], [-6587.1, -1960.6], [-6581.6, -1981.4], [-6583.6, -2012.9], [-6591.3, -2045.0], [-6622.1, -2060.5], [-6658.8, -2080.3], [-6689.5, -2078.7], [-6726.2, -2053.7], [-6737.1, -2017.7], [-6759.5, -1988.4], [-6741.3, -1956.0], [-6741.6, -1927.4], [-6750.1, -1889.5], [-6784.8, -1854.7], [-6816.7, -1859.2], [-6830.7, -1875.5], [-6816.7, -1859.2], [-6785.4, -1854.2], [-6750.1, -1889.5], [-6741.6, -1927.4], [-6741.3, -1956.0], [-6759.4, -1987.5], [-6737.1, -2017.7], [-6726.2, -2053.7], [-6689.5, -2078.7], [-6658.8, -2080.3], [-6622.1, -2060.5], [-6591.3, -2045.0], [-6583.6, -2012.9], [-6581.6, -1981.4], [-6587.1, -1960.6], [-6617.9, -1941.0], [-6627.1, -1913.8], [-6618.8, -1885.8], [-6615.0, -1855.3], [-6611.4, -1820.0], [-6609.3, -1783.6], [-6628.4, -1751.0], [-6644.0, -1715.7], [-6657.2, -1672.8], [-6665.9, -1636.5], [-6642.9, -1614.7], [-6620.0, -1615.3], [-6581.5, -1593.3], [-6556.0, -1586.0]]}}, {"type": "Feature", "properties": {"op": "add"}, "geometry": {"type": "LineString", "coordinates": [[-6851.9, -1482.3], [-6817.8, -1485.8], [-6783.6, -1513.6], [-6750.1, -1516.2], [-6715.9, -1549.7], [-6687.3, -1552.3], [-6679.9, -1578.1], [-6652.9, -1586.6], [-6624.5, -1596.2], [-6607.2, -1579.6], [-6584.5, -1583.0], [-6552.3, -1581.7], [-6518.7, -1552.2], [-6482.6, -1584.3], [-6450.6, -1615.6], [-6419.4, -1613.6], [-6385.4, -1615.8], [-6356.0, -1586.9], [-6351.2, -1550.0], [-6325.3, -1518.4], [-6308.4, -1484.7], [-6325.3, -1518.4], [-6351.2, -1550.0], [-6356.0, -1586.9], [-6385.4, -1615.8], [-6419.4, -1613.6], [-6450.6, -1615.6], [-6482.6, -1584.3], [-6518.7, -1552.2], [-6552.3, -1581.7], [-6584.5, -1583.0], [-6607.2, -1579.6], [-6624.5, -1596.2], [-6652.9, -1586.6], [-6679.9, -1578.1], [-6687.3, -1552.3], [-6715.9, -1549.7], [-6750.1, -1516.2], [-6783.6, -1513.6], [-6817.8, -1485.8], [-6851.9, -1482.3], [-6876.2, -1457.6]]}}, {"type": "Feature", "properties": {"op": "add"}, "geometry": {"type": "LineString", "coordinates": [[-6886.2, -1385.5], [-6913.8, -1382.6], [-6943.4, -1353.5], [-6919.8, -1314.2], [-6945.7, -1285.2], [-6950.6, -1251.4], [-6949.9, -1221.4], [-6969.8, -1220.1], [-6986.2, -1187.5], [-7021.3, -1156.1], [-7001.5, -1134.2], [-6979.7, -1116.0], [-6951.8, -1085.1], [-6916.2, -1084.1], [-6882.9, -1084.2], [-6851.5, -1082.1], [-6817.1, -1084.3], [-6788.6, -1081.9], [-6755.5, -1086.1], [-6722.5, -1111.4], [-6755.5, -1086.1], [-6788.6, -1081.9], [-6817.1, -1084.3], [-6851.5, -1082.1], [-6882.9, -1084.2], [-6916.2, -1084.1], [-6951.8, -1085.1], [-6979.7, -1116.0], [-7001.5, -1134.2], [-7021.3, -1156.1], [-6986.2, -1187.5], [-6969.8, -1220.1], [-6949.9, -1221.4], [-6950.6, -1251.4], [-6945.7, -1285.2], [-6919.8, -1314.2], [-6943.4, -1353.5], [-6913.8, -1382.6], [-6886.2, -1385.5], [-6891.0, -1419.0]]}}, {"type": "Feature", "properties": {"op": "add"}, "geometry": {"type": "LineString", "coordinates": [[-6908.1, -2052.6], [-6909.5, -2016.6], [-6913.7, -1985.0], [-6911.0, -1952.3], [-6919.1, -1921.9], [-6918.0, -1886.4], [-6921.4, -1857.1], [-6891.1, -1825.6], [-6908.1, -1794.7], [-6914.0, -1757.3], [-6940.1, -1722.7], [-6951.7, -1688.5], [-6950.8, -1653.6], [-6977.6, -1620.3], [-6978.9, -1579.4], [-6982.2, -1544.7], [-6946.7, -1517.0], [-6914.2, -1484.3], [-6888.0, -1450.3], [-6895.1, -1417.0], [-6888.0, -1450.3], [-6914.2, -1484.3], [-6946.7, -1516.9], [-6982.2, -1544.7], [-6978.9, -1579.4], [-6977.6, -1620.3], [-6950.8, -1653.6], [-6951.7, -1688.5], [-6940.1, -1722.7], [-6914.0, -1757.3], [-6908.1, -1794.7], [-6891.1, -1825.6], [-6921.4, -1857.1], [-6918.0, -1886.4], [-6919.1, -1921.9], [-6911.0, -1952.3], [-6913.7, -1985.0], [-6909.5, -2016.6], [-6908.1, -2052.6], [-6922.6, -2080.4]]}}, {"type": "Feature", "properties": {"op": "add"}, "geometry": {"type": "LineString", "coordinates": [[-7690.3, -2158.3], [-7683.6, -2171.2], [-7671.8, -2187.0], [-7653.8, -2202.2], [-7627.6, -2221.5], [-7596.8, -2220.9], [-7570.8, -2222.1], [-7530.6, -2222.7], [-7514.9, -2230.5], [-7500.9, -2237.0], [-7478.7, -2249.2], [-7458.3, -2262.4], [-7440.2, -2270.7], [-7415.0, -2275.5], [-7389.2, -2278.1], [-7365.1, -2280.7], [-7323.9, -2293.5], [-7365.1, -2280.7], [-7389.2, -2278.1], [-7415.0, -2275.5], [-7440.2, -2270.7], [-7458.3, -2262.4], [-7478.7, -2249.2], [-7500.9, -2237.0], [-7514.9, -2230.5], [-7530.6, -2222.7], [-7570.8, -2222.1], [-7596.8, -2220.9], [-7627.6, -2221.5], [-7653.8, -2202.2], [-7671.8, -2187.0], [-7683.6, -2171.2], [-7690.3, -2158.3], [-7705.9, -2141.8]]}}, {"type": "Feature", "properties": {"op": "add"}, "geometry": {"type": "LineString", "coordinates": [[-4312.8, -3211.3], [-4304.4, -3232.5], [-4290.8, -3248.8], [-4300.3, -3255.2], [-4291.8, -3276.5], [-4271.1, -3296.8], [-4280.6, -3335.2], [-4292.1, -3347.1], [-4313.4, -3351.4], [-4321.8, -3363.5], [-4321.4, -3383.2], [-4333.1, -3410.8], [-4347.3, -3433.2], [-4352.9, -3465.5], [-4372.6, -3494.4], [-4390.8, -3523.1], [-4390.3, -3545.4], [-4422.5, -3554.1], [-4442.7, -3566.8], [-4468.7, -3547.2], [-4442.7, -3566.8], [-4422.5, -3554.1], [-4390.3, -3545.4], [-4390.8, -3523.1], [-4372.7, -3494.6], [-4352.9, -3465.5], [-4347.3, -3433.2], [-4333.1, -3410.8], [-4321.4, -3383.2], [-4321.8, -3363.5], [-4313.4, -3351.4], [-4292.1, -3347.1], [-4280.6, -3335.2], [-4271.1, -3296.8], [-4291.8, -3276.5], [-4300.3, -3255.2], [-4290.8, -3248.8], [-4304.4, -3232.5], [-4312.8, -3211.3], [-4328.1, -3194.1]]}}, {"type": "Feature", "properties": {"op": "add"}, "geometry": {"type": "LineString", "coordinates": [[9953.2, 2253.2], [9952.9, 2275.4], [9952.4, 2292.4], [9952.4, 2302.6], [9951.3, 2318.5], [9951.0, 2337.6], [9950.3, 2405.2], [9950.0, 2433.8], [9949.5, 2453.6], [9949.0, 2475.8], [9948.9, 2482.9], [9960.6, 2494.2], [9969.2, 2510.8], [9986.0, 2520.0], [9975.0, 2539.7], [9948.8, 2554.9], [9947.1, 2572.0], [9947.0, 2605.6], [9946.6, 2585.8], [9946.4, 2573.5], [9946.2, 2560.2], [9945.8, 2556.0], [9931.1, 2551.7], [9916.0, 2541.3], [9907.0, 2530.0], [9899.4, 2529.9], [9887.0, 2529.8], [9849.8, 2529.4], [9776.9, 2527.8], [9724.6, 2526.0], [9709.6, 2525.3], [9724.6, 2526.0], [9776.9, 2527.8], [9849.8, 2529.4], [9887.0, 2529.8], [9899.4, 2529.9], [9907.0, 2530.0], [9916.0, 2541.3], [9931.1, 2551.7], [9945.8, 2556.0], [9946.2, 2560.2], [9946.4, 2573.5], [9946.6, 2585.8], [9947.0, 2605.6], [9947.1, 2572.0], [9948.8, 2554.9], [9975.0, 2539.7], [9986.0, 2520.0], [9969.2, 2510.8], [9960.6, 2494.2], [9948.9, 2482.9], [9949.0, 2475.8], [9949.5, 2453.6], [9950.0, 2433.8], [9950.3, 2405.2], [9951.0, 2337.6], [9951.3, 2318.5], [9952.4, 2302.6], [9952.4, 2292.4], [9952.9, 2275.4], [9953.2, 2253.2]]}}, {"type": "Feature", "properties": {"op": "add"}, "geometry": {"type": "LineString", "coordinates": [[1954.5, -4722.6], [1951.1, -4714.8], [1949.0, -4697.2], [1945.4, -4681.9], [1937.4, -4669.2], [1909.9, -4631.4], [1907.8, -4627.9], [1894.6, -4605.9], [1925.4, -4584.8], [1910.0, -4559.8], [1904.4, -4549.8], [1893.0, -4531.7], [1893.5, -4526.1], [1899.8, -4517.3], [1906.7, -4505.2], [1907.9, -4490.9], [1900.9, -4482.6], [1893.2, -4474.8], [1891.7, -4462.7], [1895.0, -4448.4], [1897.0, -4437.6], [1894.0, -4426.1], [1885.5, -4418.8], [1876.4, -4416.8], [1856.3, -4416.1], [1843.8, -4407.8], [1840.1, -4400.5], [1817.8, -4365.1], [1799.6, -4327.3], [1782.7, -4294.7], [1776.2, -4294.0], [1766.7, -4298.9], [1761.7, -4304.2], [1745.2, -4297.1], [1740.2, -4292.3], [1735.9, -4277.6], [1742.5, -4263.4], [1750.9, -4255.9], [1769.2, -4248.4], [1780.2, -4240.3], [1784.9, -4228.9], [1777.1, -4221.4], [1754.5, -4213.5], [1743.0, -4213.6], [1729.0, -4220.9], [1707.1, -4232.0], [1684.0, -4245.4], [1664.5, -4256.2], [1651.2, -4264.8], [1638.0, -4271.1], [1623.9, -4262.4], [1603.3, -4237.1], [1589.3, -4219.1], [1581.1, -4198.7], [1579.6, -4173.0], [1585.8, -4153.2], [1606.4, -4123.0], [1666.8, -4097.0], [1706.5, -4087.5], [1730.3, -4073.1], [1744.6, -4045.2], [1746.8, -4022.9], [1743.1, -4000.2], [1732.3, -3972.2], [1743.1, -4000.2], [1746.8, -4022.9], [1744.6, -4045.2], [1730.3, -4073.1], [1706.5, -4087.5], [1666.8, -4097.0], [1606.4, -4123.0], [1585.8, -4153.2], [1579.6, -4173.0], [1581.1, -4198.7], [1589.3, -4219.1], [1603.3, -4237.1], [1623.9, -4262.4], [1638.0, -4271.1], [1651.2, -4264.8], [1664.5, -4256.2], [1684.0, -4245.4], [1707.1, -4232.0], [1729.0, -4220.9], [1743.0, -4213.6], [1754.5, -4213.5], [1777.1, -4221.4], [1784.9, -4228.9], [1780.2, -4240.3], [1769.2, -4248.4], [1750.9, -4255.9], [1742.5, -4263.4], [1735.9, -4277.6], [1740.2, -4292.3], [1745.2, -4297.1], [1761.7, -4304.2], [1766.7, -4298.9], [1776.2, -4294.0], [1782.7, -4294.7], [1799.6, -4327.3], [1817.8, -4365.1], [1840.1, -4400.5], [1843.8, -4407.8], [1856.3, -4416.1], [1876.4, -4416.8], [1885.5, -4418.8], [1894.0, -4426.1], [1897.0, -4437.6], [1895.0, -4448.4], [1891.7, -4462.7], [1893.2, -4474.8], [1900.9, -4482.6], [1907.9, -4490.9], [1906.7, -4505.2], [1899.8, -4517.3], [1893.5, -4526.1], [1893.0, -4531.7], [1904.4, -4549.8], [1910.0, -4559.8], [1925.4, -4584.8], [1894.6, -4605.9], [1907.8, -4627.9], [1909.9, -4631.4], [1937.4, -4669.2], [1945.4, -4681.9], [1949.0, -4697.2], [1951.1, -4714.8], [1954.5, -4722.6]]}}, {"type": "Feature", "properties": {"op": "add"}, "geometry": {"type": "LineString", "coordinates": [[-1391.5, -86.0], [-1392.8, -70.6], [-1397.2, -63.3], [-1385.8, -48.6], [-1355.3, -12.8], [-1329.1, 16.7], [-1323.0, 27.9], [-1317.1, 29.0], [-1309.8, 26.1], [-1295.2, 33.1], [-1292.4, 39.3], [-1279.3, 46.9], [-1267.4, 56.5], [-1264.5, 73.6], [-1285.0, 98.3], [-1286.5, 107.8], [-1277.4, 119.4], [-1243.3, 133.6], [-1224.1, 134.8], [-1213.0, 128.9], [-1206.3, 117.2], [-1185.7, 119.2], [-1144.6, 116.9], [-1119.9, 119.1], [-1097.2, 112.5], [-1092.2, 101.5], [-1095.6, 77.6], [-1080.9, 54.2], [-1070.3, 43.4], [-1064.8, 33.7], [-1062.9, 20.1], [-1066.3, -6.0], [-1074.7, -15.8], [-1066.3, -6.0], [-1062.9, 20.1], [-1064.8, 33.7], [-1070.3, 43.4], [-1080.9, 54.2], [-1095.6, 77.6], [-1092.2, 101.5], [-1097.2, 112.5], [-1119.9, 119.1], [-1144.6, 116.9], [-1185.7, 119.2], [-1206.3, 117.2], [-1213.0, 128.9], [-1224.1, 134.8], [-1243.3, 133.6], [-1277.4, 119.4], [-1286.5, 107.8], [-1285.0, 98.3], [-1264.5, 73.6], [-1267.4, 56.5], [-1279.3, 46.9], [-1292.4, 39.3], [-1295.2, 33.1], [-1309.8, 26.1], [-1317.1, 29.0], [-1323.0, 27.9], [-1329.1, 16.7], [-1355.3, -12.8], [-1385.8, -48.6], [-1397.2, -63.3], [-1392.8, -70.6], [-1391.5, -86.0]]}}, {"type": "Feature", "properties": {"op": "add"}, "geometry": {"type": "LineString", "coordinates": [[9953.2, 2253.2], [9952.9, 2275.4], [9952.4, 2292.4], [9952.4, 2302.6], [9951.3, 2318.5], [9951.0, 2337.6], [9950.3, 2405.2], [9950.0, 2433.8], [9949.5, 2453.6], [9949.0, 2475.8], [9948.9, 2482.9], [9960.6, 2494.2], [9969.2, 2510.8], [9986.0, 2520.0], [9975.0, 2539.7], [9948.8, 2554.9], [9947.1, 2572.0], [9947.0, 2605.6], [9946.6, 2585.8], [9946.4, 2573.5], [9946.2, 2560.2], [9945.8, 2556.0], [9931.1, 2551.7], [9916.0, 2541.3], [9907.0, 2530.0], [9899.4, 2529.9], [9887.0, 2529.8], [9849.8, 2529.4], [9776.9, 2527.8], [9724.6, 2526.0], [9709.6, 2525.3], [9724.6, 2526.0], [9776.9, 2527.8], [9849.8, 2529.4], [9887.0, 2529.8], [9899.4, 2529.9], [9907.0, 2530.0], [9916.0, 2541.3], [9931.1, 2551.7], [9945.8, 2556.0], [9946.2, 2560.2], [9946.4, 2573.5], [9946.6, 2585.8], [9947.0, 2605.6], [9947.1, 2572.0], [9948.8, 2554.9], [9975.0, 2539.7], [9986.0, 2520.0], [9969.2, 2510.8], [9960.6, 2494.2], [9948.9, 2482.9], [9949.0, 2475.8], [9949.5, 2453.6], [9950.0, 2433.8], [9950.3, 2405.2], [9951.0, 2337.6], [9951.3, 2318.5], [9952.4, 2302.6], [9952.4, 2292.4], [9952.9, 2275.4], [9953.2, 2253.2]]}}, {"type": "Feature", "properties": {"op": "add"}, "geometry": {"type": "LineString", "coordinates": [[1954.5, -4722.6], [1951.1, -4714.8], [1949.0, -4697.2], [1945.4, -4681.9], [1937.4, -4669.2], [1909.9, -4631.4], [1907.8, -4627.9], [1894.6, -4605.9], [1925.4, -4584.8], [1910.0, -4559.8], [1904.4, -4549.8], [1893.0, -4531.7], [1893.5, -4526.1], [1899.8, -4517.3], [1906.7, -4505.2], [1907.9, -4490.9], [1900.9, -4482.6], [1893.2, -4474.8], [1891.7, -4462.7], [1895.0, -4448.4], [1897.0, -4437.6], [1894.0, -4426.1], [1885.5, -4418.8], [1876.4, -4416.8], [1856.3, -4416.1], [1843.8, -4407.8], [1840.1, -4400.5], [1817.8, -4365.1], [1799.6, -4327.3], [1782.7, -4294.7], [1776.2, -4294.0], [1766.7, -4298.9], [1761.7, -4304.2], [1745.2, -4297.1], [1740.2, -4292.3], [1735.9, -4277.6], [1742.5, -4263.4], [1750.9, -4255.9], [1769.2, -4248.4], [1780.2, -4240.3], [1784.9, -4228.9], [1777.1, -4221.4], [1754.5, -4213.5], [1743.0, -4213.6], [1729.0, -4220.9], [1707.1, -4232.0], [1684.0, -4245.4], [1664.5, -4256.2], [1651.2, -4264.8], [1638.0, -4271.1], [1623.9, -4262.4], [1603.3, -4237.1], [1589.3, -4219.1], [1581.1, -4198.7], [1579.6, -4173.0], [1585.8, -4153.2], [1606.4, -4123.0], [1666.8, -4097.0], [1706.5, -4087.5], [1730.3, -4073.1], [1744.6, -4045.2], [1746.8, -4022.9], [1743.1, -4000.2], [1732.3, -3972.2], [1743.1, -4000.2], [1746.8, -4022.9], [1744.6, -4045.2], [1730.3, -4073.1], [1706.5, -4087.5], [1666.8, -4097.0], [1606.4, -4123.0], [1585.8, -4153.2], [1579.6, -4173.0], [1581.1, -4198.7], [1589.3, -4219.1], [1603.3, -4237.1], [1623.9, -4262.4], [1638.0, -4271.1], [1651.2, -4264.8], [1664.5, -4256.2], [1684.0, -4245.4], [1707.1, -4232.0], [1729.0, -4220.9], [1743.0, -4213.6], [1754.5, -4213.5], [1777.1, -4221.4], [1784.9, -4228.9], [1780.2, -4240.3], [1769.2, -4248.4], [1750.9, -4255.9], [1742.5, -4263.4], [1735.9, -4277.6], [1740.2, -4292.3], [1745.2, -4297.1], [1761.7, -4304.2], [1766.7, -4298.9], [1776.2, -4294.0], [1782.7, -4294.7], [1799.6, -4327.3], [1817.8, -4365.1], [1840.1, -4400.5], [1843.8, -4407.8], [1856.3, -4416.1], [1876.4, -4416.8], [1885.5, -4418.8], [1894.0, -4426.1], [1897.0, -4437.6], [1895.0, -4448.4], [1891.7, -4462.7], [1893.2, -4474.8], [1900.9, -4482.6], [1907.9, -4490.9], [1906.7, -4505.2], [1899.8, -4517.3], [1893.5, -4526.1], [1893.0, -4531.7], [1904.4, -4549.8], [1910.0, -4559.8], [1925.4, -4584.8], [1894.6, -4605.9], [1907.8, -4627.9], [1909.9, -4631.4], [1937.4, -4669.2], [1945.4, -4681.9], [1949.0, -4697.2], [1951.1, -4714.8], [1954.5, -4722.6]]}}, {"type": "Feature", "properties": {"op": "add"}, "geometry": {"type": "LineString", "coordinates": [[-1391.5, -86.0], [-1392.8, -70.6], [-1397.2, -63.3], [-1385.8, -48.6], [-1355.3, -12.8], [-1329.1, 16.7], [-1323.0, 27.9], [-1317.1, 29.0], [-1309.8, 26.1], [-1295.2, 33.1], [-1292.4, 39.3], [-1279.3, 46.9], [-1267.4, 56.5], [-1264.5, 73.6], [-1285.0, 98.3], [-1286.5, 107.8], [-1277.4, 119.4], [-1243.3, 133.6], [-1224.1, 134.8], [-1213.0, 128.9], [-1206.3, 117.2], [-1185.7, 119.2], [-1144.6, 116.9], [-1119.9, 119.1], [-1097.2, 112.5], [-1092.2, 101.5], [-1095.6, 77.6], [-1080.9, 54.2], [-1070.3, 43.4], [-1064.8, 33.7], [-1062.9, 20.1], [-1066.3, -6.0], [-1074.7, -15.8], [-1066.3, -6.0], [-1062.9, 20.1], [-1064.8, 33.7], [-1070.3, 43.4], [-1080.9, 54.2], [-1095.6, 77.6], [-1092.2, 101.5], [-1097.2, 112.5], [-1119.9, 119.1], [-1144.6, 116.9], [-1185.7, 119.2], [-1206.3, 117.2], [-1213.0, 128.9], [-1224.1, 134.8], [-1243.3, 133.6], [-1277.4, 119.4], [-1286.5, 107.8], [-1285.0, 98.3], [-1264.5, 73.6], [-1267.4, 56.5], [-1279.3, 46.9], [-1292.4, 39.3], [-1295.2, 33.1], [-1309.8, 26.1], [-1317.1, 29.0], [-1323.0, 27.9], [-1329.1, 16.7], [-1355.3, -12.8], [-1385.8, -48.6], [-1397.2, -63.3], [-1392.8, -70.6], [-1391.5, -86.0]]}}, {"type": "Feature", "properties": {"op": "add"}, "geometry": {"type": "LineString", "coordinates": [[9953.2, 2253.2], [9952.9, 2275.4], [9952.4, 2292.4], [9952.4, 2302.6], [9951.3, 2318.5], [9951.0, 2337.6], [9950.3, 2405.2], [9950.0, 2433.8], [9949.5, 2453.6], [9949.0, 2475.8], [9948.9, 2482.9], [9960.6, 2494.2], [9969.2, 2510.8], [9986.0, 2520.0], [9975.0, 2539.7], [9948.8, 2554.9], [9947.1, 2572.0], [9947.0, 2605.6], [9946.6, 2585.8], [9946.4, 2573.5], [9946.2, 2560.2], [9945.8, 2556.0], [9931.1, 2551.7], [9916.0, 2541.3], [9907.0, 2530.0], [9899.4, 2529.9], [9887.0, 2529.8], [9849.8, 2529.4], [9776.9, 2527.8], [9724.6, 2526.0], [9709.6, 2525.3], [9724.6, 2526.0], [9776.9, 2527.8], [9849.8, 2529.4], [9887.0, 2529.8], [9899.4, 2529.9], [9907.0, 2530.0], [9916.0, 2541.3], [9931.1, 2551.7], [9945.8, 2556.0], [9946.2, 2560.2], [9946.4, 2573.5], [9946.6, 2585.8], [9947.0, 2605.6], [9947.1, 2572.0], [9948.8, 2554.9], [9975.0, 2539.7], [9986.0, 2520.0], [9969.2, 2510.8], [9960.6, 2494.2], [9948.9, 2482.9], [9949.0, 2475.8], [9949.5, 2453.6], [9950.0, 2433.8], [9950.3, 2405.2], [9951.0, 2337.6], [9951.3, 2318.5], [9952.4, 2302.6], [9952.4, 2292.4], [9952.9, 2275.4], [9953.2, 2253.2]]}}, {"type": "Feature", "properties": {"op": "add"}, "geometry": {"type": "LineString", "coordinates": [[1954.5, -4722.6], [1951.1, -4714.8], [1949.0, -4697.2], [1945.4, -4681.9], [1937.4, -4669.2], [1909.9, -4631.4], [1907.8, -4627.9], [1894.6, -4605.9], [1925.4, -4584.8], [1910.0, -4559.8], [1904.4, -4549.8], [1893.0, -4531.7], [1893.5, -4526.1], [1899.8, -4517.3], [1906.7, -4505.2], [1907.9, -4490.9], [1900.9, -4482.6], [1893.2, -4474.8], [1891.7, -4462.7], [1895.0, -4448.4], [1897.0, -4437.6], [1894.0, -4426.1], [1885.5, -4418.8], [1876.4, -4416.8], [1856.3, -4416.1], [1843.8, -4407.8], [1840.1, -4400.5], [1817.8, -4365.1], [1799.6, -4327.3], [1782.7, -4294.7], [1776.2, -4294.0], [1766.7, -4298.9], [1761.7, -4304.2], [1745.2, -4297.1], [1740.2, -4292.3], [1735.9, -4277.6], [1742.5, -4263.4], [1750.9, -4255.9], [1769.2, -4248.4], [1780.2, -4240.3], [1784.9, -4228.9], [1777.1, -4221.4], [1754.5, -4213.5], [1743.0, -4213.6], [1729.0, -4220.9], [1707.1, -4232.0], [1684.0, -4245.4], [1664.5, -4256.2], [1651.2, -4264.8], [1638.0, -4271.1], [1623.9, -4262.4], [1603.3, -4237.1], [1589.3, -4219.1], [1581.1, -4198.7], [1579.6, -4173.0], [1585.8, -4153.2], [1606.4, -4123.0], [1666.8, -4097.0], [1706.5, -4087.5], [1730.3, -4073.1], [1744.6, -4045.2], [1746.8, -4022.9], [1743.1, -4000.2], [1732.3, -3972.2], [1743.1, -4000.2], [1746.8, -4022.9], [1744.6, -4045.2], [1730.3, -4073.1], [1706.5, -4087.5], [1666.8, -4097.0], [1606.4, -4123.0], [1585.8, -4153.2], [1579.6, -4173.0], [1581.1, -4198.7], [1589.3, -4219.1], [1603.3, -4237.1], [1623.9, -4262.4], [1638.0, -4271.1], [1651.2, -4264.8], [1664.5, -4256.2], [1684.0, -4245.4], [1707.1, -4232.0], [1729.0, -4220.9], [1743.0, -4213.6], [1754.5, -4213.5], [1777.1, -4221.4], [1784.9, -4228.9], [1780.2, -4240.3], [1769.2, -4248.4], [1750.9, -4255.9], [1742.5, -4263.4], [1735.9, -4277.6], [1740.2, -4292.3], [1745.2, -4297.1], [1761.7, -4304.2], [1766.7, -4298.9], [1776.2, -4294.0], [1782.7, -4294.7], [1799.6, -4327.3], [1817.8, -4365.1], [1840.1, -4400.5], [1843.8, -4407.8], [1856.3, -4416.1], [1876.4, -4416.8], [1885.5, -4418.8], [1894.0, -4426.1], [1897.0, -4437.6], [1895.0, -4448.4], [1891.7, -4462.7], [1893.2, -4474.8], [1900.9, -4482.6], [1907.9, -4490.9], [1906.7, -4505.2], [1899.8, -4517.3], [1893.5, -4526.1], [1893.0, -4531.7], [1904.4, -4549.8], [1910.0, -4559.8], [1925.4, -4584.8], [1894.6, -4605.9], [1907.8, -4627.9], [1909.9, -4631.4], [1937.4, -4669.2], [1945.4, -4681.9], [1949.0, -4697.2], [1951.1, -4714.8]]}}, {"type": "Feature", "properties": {"op": "add"}, "geometry": {"type": "LineString", "coordinates": [[-1391.5, -86.0], [-1392.8, -70.6], [-1397.2, -63.3], [-1385.8, -48.6], [-1355.3, -12.8], [-1329.1, 16.7], [-1323.0, 27.9], [-1317.1, 29.0], [-1309.8, 26.1], [-1295.2, 33.1], [-1292.4, 39.3], [-1279.3, 46.9], [-1267.4, 56.5], [-1264.5, 73.6], [-1285.0, 98.3], [-1286.5, 107.8], [-1277.4, 119.4], [-1243.3, 133.6], [-1224.1, 134.8], [-1213.0, 128.9], [-1206.3, 117.2], [-1185.7, 119.2], [-1144.6, 116.9], [-1119.9, 119.1], [-1097.2, 112.5], [-1092.2, 101.5], [-1095.6, 77.6], [-1080.9, 54.2], [-1070.3, 43.4], [-1064.8, 33.7], [-1062.9, 20.1], [-1066.3, -6.0], [-1074.7, -15.8], [-1066.3, -6.0], [-1062.9, 20.1], [-1064.8, 33.7], [-1070.3, 43.4], [-1080.9, 54.2], [-1095.6, 77.6], [-1092.2, 101.5], [-1097.2, 112.5], [-1119.9, 119.1], [-1144.6, 116.9], [-1185.7, 119.2], [-1206.3, 117.2], [-1213.0, 128.9], [-1224.1, 134.8], [-1243.3, 133.6], [-1277.4, 119.4], [-1286.5, 107.8], [-1285.0, 98.3], [-1264.5, 73.6], [-1267.4, 56.5], [-1279.3, 46.9], [-1292.4, 39.3], [-1295.2, 33.1], [-1309.8, 26.1], [-1317.1, 29.0], [-1323.0, 27.9], [-1329.1, 16.7], [-1355.3, -12.8], [-1385.8, -48.6], [-1397.2, -63.3], [-1392.8, -70.6], [-1391.5, -86.0]]}}, {"type": "Feature", "properties": {"op": "add"}, "geometry": {"type": "LineString", "coordinates": [[-8022.6, 876.9], [-8006.4, 909.1], [-7987.6, 917.2], [-7951.8, 948.1], [-7921.5, 980.0], [-7910.3, 1015.6], [-7887.5, 1051.2], [-7884.9, 1079.0], [-7857.7, 1109.3], [-7859.6, 1143.7], [-7880.2, 1157.8], [-7919.8, 1186.2], [-7928.6, 1218.8], [-7929.4, 1246.1], [-7954.3, 1253.6], [-7968.5, 1283.8], [-7985.6, 1288.6], [-8010.8, 1320.6], [-8024.7, 1347.4], [-8042.0, 1377.4], [-8024.7, 1347.4], [-8010.8, 1320.6], [-7985.6, 1288.6], [-7968.5, 1283.8], [-7954.3, 1253.6], [-7929.4, 1246.1], [-7928.6, 1218.8], [-7919.8, 1186.2], [-7880.2, 1157.8], [-7859.6, 1143.7], [-7857.7, 1109.3], [-7884.9, 1079.0], [-7887.5, 1051.2], [-7910.3, 1015.6], [-7921.5, 980.0], [-7951.8, 948.1], [-7987.6, 917.2], [-8006.4, 909.1], [-8022.6, 876.9], [-8042.4, 851.9]]}}, {"type": "Feature", "properties": {"op": "add"}, "geometry": {"type": "LineString", "coordinates": [[-8010.5, 1689.7], [-7965.5, 1678.7], [-7916.7, 1669.9], [-7896.2, 1641.9], [-7892.1, 1596.9], [-7918.7, 1574.6], [-7882.7, 1556.0], [-7849.2, 1550.5], [-7817.0, 1547.1], [-7789.9, 1576.3], [-7753.6, 1558.4], [-7741.7, 1517.8], [-7723.9, 1490.0], [-7691.9, 1478.8], [-7649.4, 1475.6], [-7691.9, 1478.8], [-7723.9, 1489.9], [-7741.7, 1517.8], [-7753.6, 1558.4], [-7789.9, 1576.3], [-7817.0, 1547.1], [-7849.1, 1550.5], [-7882.7, 1556.0], [-7918.7, 1574.6], [-7892.1, 1596.9], [-7896.2, 1641.9], [-7916.7, 1669.9], [-7965.5, 1678.7], [-8010.5, 1689.7], [-8048.3, 1693.6]]}}, {"type": "Feature", "properties": {"op": "add"}, "geometry": {"type": "LineString", "coordinates": [[-6882.0, -654.3], [-6888.9, -689.1], [-6910.7, -718.1], [-6940.0, -749.9], [-6957.6, -776.3], [-6981.1, -809.3], [-7009.4, -833.7], [-7034.8, -858.3], [-7058.6, -880.9], [-7086.6, -887.9], [-7111.2, -891.1], [-7132.4, -916.4], [-7166.5, -913.6], [-7193.5, -913.2], [-7226.4, -915.2], [-7257.8, -919.6], [-7288.3, -938.0], [-7312.4, -936.0], [-7350.7, -908.0], [-7377.7, -907.5], [-7416.9, -919.7], [-7459.6, -929.6], [-7492.9, -942.2], [-7525.2, -975.9], [-7540.9, -1009.0], [-7525.2, -975.9], [-7492.9, -942.2], [-7459.6, -929.6], [-7416.9, -919.7], [-7377.7, -907.5], [-7350.7, -908.0], [-7312.4, -936.0], [-7288.3, -938.0], [-7257.8, -919.6], [-7226.4, -915.2], [-7193.5, -913.2], [-7166.5, -913.6], [-7132.4, -916.4], [-7111.2, -891.1], [-7086.6, -887.9], [-7058.6, -880.9], [-7034.8, -858.3], [-7009.4, -833.7], [-6981.1, -809.3], [-6957.6, -776.3], [-6940.0, -749.9], [-6910.7, -718.1], [-6888.9, -689.1], [-6882.0, -654.3], [-6864.7, -619.1]]}}, {"type": "Feature", "properties": {"op": "add"}, "geometry": {"type": "LineString", "coordinates": [[-1137.1, 343.7], [-1126.7, 344.8], [-1110.6, 347.6], [-1100.9, 349.5], [-1084.7, 355.9], [-1074.5, 361.6], [-1056.0, 375.7], [-1047.8, 382.3], [-1036.4, 391.4], [-1024.5, 400.9], [-1013.6, 408.5], [-1001.6, 412.5], [-990.0, 412.0], [-981.9, 410.7], [-972.4, 408.2], [-962.5, 403.3], [-950.7, 393.9], [-941.5, 384.9], [-933.3, 375.1], [-927.1, 363.3], [-921.9, 353.5], [-916.2, 342.6], [-911.4, 333.3], [-907.6, 326.8], [-898.7, 313.8], [-894.8, 305.3], [-889.0, 290.0], [-886.8, 280.4], [-880.2, 266.1], [-874.7, 254.5], [-871.9, 246.9], [-870.9, 238.8], [-870.8, 223.7], [-870.7, 211.5], [-870.7, 205.1], [-870.6, 187.5], [-870.5, 172.3], [-870.4, 160.1], [-868.6, 148.0], [-863.4, 134.6], [-846.2, 117.7], [-825.4, 105.9], [-808.0, 96.4], [-793.7, 88.6], [-780.5, 83.9], [-775.4, 82.5], [-757.1, 79.4], [-731.5, 72.2], [-720.3, 67.5], [-707.6, 61.3], [-695.1, 55.2], [-682.4, 54.2], [-673.1, 55.3], [-658.4, 58.6], [-647.6, 63.1], [-631.7, 71.6], [-622.9, 77.2], [-611.7, 84.7], [-625.1, 75.5], [-642.2, 66.8], [-653.5, 61.9], [-669.4, 56.3], [-686.7, 51.1], [-699.8, 48.8], [-705.1, 49.3], [-722.8, 52.8], [-734.6, 57.7], [-744.5, 64.8], [-755.8, 75.7], [-766.5, 86.5], [-773.5, 92.7], [-796.9, 103.0], [-810.5, 109.8], [-825.2, 119.1], [-839.5, 129.2], [-848.8, 137.9], [-857.5, 150.3], [-863.6, 162.8], [-865.1, 179.5], [-865.4, 189.4], [-867.2, 200.9], [-869.5, 213.4], [-870.0, 223.9], [-870.9, 240.2], [-871.8, 249.5], [-874.8, 257.7], [-879.9, 268.1], [-884.3, 276.4], [-886.8, 282.9], [-892.4, 301.4], [-896.2, 311.2], [-900.8, 321.3], [-905.1, 330.2], [-908.7, 336.8], [-913.5, 345.5], [-923.6, 361.2], [-929.4, 369.2], [-938.5, 382.0], [-945.5, 390.6], [-954.9, 401.0], [-965.0, 410.6], [-977.5, 416.4], [-986.7, 417.0], [-998.8, 415.5], [-1010.1, 411.0], [-1017.4, 405.2], [-1026.5, 400.1], [-1041.8, 391.6], [-1053.5, 385.0], [-1059.1, 381.9], [-1075.8, 367.5], [-1086.0, 357.9], [-1095.3, 350.9], [-1104.6, 346.1], [-1116.2, 345.0], [-1133.1, 344.2], [-1153.5, 344.9], [-1167.1, 348.4], [-1181.5, 354.6], [-1194.9, 361.8], [-1204.6, 367.1], [-1215.2, 372.7], [-1196.6, 361.8], [-1184.5, 356.1], [-1175.4, 352.1], [-1159.5, 346.6], [-1152.1, 344.7]]}}, {"type": "Feature", "properties": {"op": "add"}, "geometry": {"type": "LineString", "coordinates": [[-5156.0, -1199.8], [-5166.3, -1220.0], [-5170.6, -1226.3], [-5178.0, -1237.0], [-5190.3, -1239.2], [-5215.8, -1225.1], [-5221.5, -1209.4], [-5219.4, -1194.9], [-5209.9, -1187.2], [-5194.9, -1188.9], [-5181.1, -1199.3], [-5158.9, -1213.6], [-5122.1, -1222.3], [-5111.0, -1230.8], [-5084.7, -1227.6], [-5065.3, -1209.7], [-5052.5, -1181.3], [-5025.1, -1165.3], [-5004.3, -1140.4], [-4984.8, -1123.7], [-4971.5, -1109.8], [-4949.7, -1096.3], [-4927.9, -1090.3], [-4909.8, -1080.7], [-4914.7, -1066.6], [-4927.9, -1057.0], [-4942.7, -1055.2], [-4951.9, -1049.2], [-4960.2, -1028.9], [-4970.5, -1008.4], [-4981.0, -993.0], [-4993.7, -980.1], [-5012.8, -967.9], [-5032.9, -971.1], [-5052.1, -982.1], [-5060.7, -991.2], [-5072.3, -1009.0], [-5090.3, -1005.6], [-5106.0, -1004.3]]}}, {"type": "Feature", "properties": {"op": "add"}, "geometry": {"type": "LineString", "coordinates": [[-7674.1, 2036.0], [-7674.8, 2035.3], [-7679.2, 2031.4], [-7690.2, 2020.2], [-7717.4, 1985.6], [-7724.2, 1975.8], [-7740.5, 1956.6], [-7747.9, 1944.8], [-7758.8, 1931.2], [-7784.5, 1911.2], [-7809.5, 1896.8], [-7838.0, 1888.7], [-7855.2, 1885.6], [-7871.1, 1868.8], [-7876.9, 1847.8], [-7880.9, 1818.8], [-7890.4, 1791.6], [-7920.6, 1759.6], [-7933.5, 1725.0], [-7949.3, 1706.0], [-7955.0, 1683.4], [-7971.4, 1667.7], [-7990.9, 1635.7], [-7998.0, 1606.8], [-8010.6, 1581.0], [-8033.2, 1573.8], [-8060.1, 1569.5], [-8092.8, 1564.9], [-8096.4, 1541.7], [-8092.1, 1521.8], [-8072.1, 1500.6], [-8072.6, 1478.5], [-8041.0, 1463.0], [-8013.8, 1448.8], [-7996.2, 1426.3], [-7968.7, 1390.7], [-7927.6, 1397.5], [-7912.8, 1412.9], [-7899.1, 1427.0], [-7899.7, 1450.9], [-7914.7, 1490.1], [-7924.6, 1501.2], [-7936.9, 1514.7], [-7953.5, 1529.0], [-7968.8, 1536.2], [-7985.9, 1544.3], [-8017.9, 1557.9], [-8049.9, 1564.6], [-8072.1, 1578.8], [-8080.2, 1600.5], [-8076.5, 1618.5], [-8067.9, 1640.5], [-8051.1, 1654.4], [-8023.1, 1666.2], [-7998.9, 1670.5], [-7978.0, 1675.1], [-7960.3, 1689.3], [-7949.9, 1713.0], [-7932.6, 1730.6], [-7908.3, 1772.9], [-7907.1, 1787.8], [-7884.4, 1806.3], [-7845.3, 1814.0], [-7809.0, 1832.0], [-7786.8, 1846.7], [-7767.6, 1863.8], [-7746.6, 1878.4], [-7733.0, 1890.9], [-7720.9, 1907.0], [-7702.1, 1927.7], [-7689.2, 1933.1], [-7677.3, 1942.5], [-7657.1, 1966.3], [-7634.6, 1999.7], [-7637.9, 2018.3], [-7626.9, 2058.2], [-7639.5, 2070.9], [-7674.8, 2035.3]]}}, {"type": "Feature", "properties": {"op": "add"}, "geometry": {"type": "LineString", "coordinates": [[6185.1, -1343.8], [6200.3, -1366.8], [6213.6, -1397.4], [6238.8, -1411.7], [6282.9, -1406.5], [6308.9, -1406.5], [6357.8, -1402.5], [6384.8, -1391.9], [6400.0, -1363.8], [6408.9, -1339.6], [6412.4, -1313.6], [6401.0, -1279.1], [6423.1, -1268.2], [6434.9, -1250.8], [6442.6, -1225.7], [6436.4, -1204.1], [6417.1, -1190.1], [6398.5, -1175.4], [6371.4, -1160.4], [6341.4, -1165.9], [6309.8, -1170.1], [6292.2, -1151.8], [6275.6, -1129.3], [6268.6, -1107.8], [6255.6, -1078.3], [6236.0, -1054.8], [6208.5, -1035.8], [6181.6, -1042.8], [6160.7, -1056.1], [6151.5, -1069.3], [6137.6, -1090.0], [6124.5, -1103.0], [6101.4, -1113.1], [6079.8, -1119.2], [6047.4, -1141.6], [6022.5, -1147.5], [6000.3, -1154.7], [5998.6, -1180.6], [6012.4, -1203.9], [5998.6, -1180.6], [6000.3, -1154.7], [6022.5, -1147.5], [6047.4, -1141.6], [6079.8, -1119.2], [6101.4, -1113.1], [6124.5, -1103.0], [6137.6, -1090.0], [6151.5, -1069.3], [6160.6, -1056.2], [6181.6, -1042.8], [6208.5, -1035.8], [6236.0, -1054.8], [6255.6, -1078.3], [6268.6, -1107.8], [6275.6, -1129.3], [6292.2, -1151.8], [6309.8, -1170.1], [6341.4, -1165.9], [6371.3, -1160.4], [6398.5, -1175.4], [6417.1, -1190.1], [6436.4, -1204.1], [6442.6, -1225.7], [6435.0, -1250.7], [6423.1, -1268.2], [6401.0, -1279.1], [6412.4, -1313.6], [6408.9, -1339.6], [6400.0, -1363.8], [6384.8, -1391.9], [6357.8, -1402.5], [6308.9, -1406.5], [6282.9, -1406.5], [6238.8, -1411.7], [6213.6, -1397.4], [6200.3, -1366.8], [6185.1, -1343.8], [6178.7, -1323.6]]}}, {"type": "Feature", "properties": {"op": "add"}, "geometry": {"type": "LineString", "coordinates": [[-1678.6, -377.3], [-1688.4, -342.5], [-1702.2, -307.9], [-1701.7, -266.9], [-1695.9, -241.8], [-1690.1, -193.6], [-1699.2, -152.9], [-1692.1, -117.2], [-1707.7, -80.2], [-1718.7, -55.2], [-1724.1, -28.8], [-1718.2, -10.0], [-1707.0, 21.1], [-1688.5, 45.6], [-1689.0, 84.0], [-1716.1, 113.8], [-1713.9, 155.7], [-1693.2, 170.7], [-1653.2, 188.1], [-1693.2, 170.7], [-1713.9, 155.7], [-1716.1, 113.8], [-1689.0, 84.0], [-1688.5, 45.6], [-1707.0, 21.1], [-1718.2, -10.0], [-1724.1, -28.8], [-1718.7, -55.2], [-1707.7, -80.2], [-1692.1, -117.2], [-1699.2, -152.9], [-1690.1, -193.6], [-1695.9, -241.8], [-1701.7, -266.9], [-1702.2, -307.9], [-1688.4, -342.5], [-1678.6, -377.2], [-1692.3, -420.4]]}}, {"type": "Feature", "properties": {"op": "add"}, "geometry": {"type": "LineString", "coordinates": [[-8100.2, 1826.9], [-8099.8, 1826.0], [-8099.7, 1823.7], [-8099.9, 1801.2], [-8100.0, 1769.6], [-8099.5, 1719.3], [-8099.2, 1691.0], [-8099.1, 1666.9], [-8099.5, 1635.9], [-8088.0, 1604.1], [-8067.2, 1586.3], [-8061.2, 1557.5], [-8083.5, 1536.6], [-8099.1, 1503.0], [-8100.2, 1478.1], [-8095.0, 1460.6], [-8079.6, 1447.5], [-8057.8, 1431.1], [-8039.2, 1411.0], [-8033.1, 1379.1], [-8008.1, 1359.9], [-8014.9, 1334.0], [-8027.0, 1296.1], [-7999.1, 1268.0], [-7972.3, 1256.3], [-7960.0, 1274.4], [-7954.6, 1288.3], [-7957.1, 1309.5], [-7964.0, 1334.1], [-7967.8, 1356.2], [-7979.6, 1375.0], [-7995.0, 1384.6], [-8014.8, 1389.9], [-8053.3, 1379.9], [-8068.5, 1399.2], [-8079.5, 1424.4], [-8082.9, 1452.8], [-8086.6, 1486.1], [-8075.4, 1512.3], [-8065.1, 1532.7], [-8051.3, 1562.5], [-8045.1, 1601.1], [-8049.9, 1635.2], [-8055.2, 1678.5], [-8054.1, 1710.3], [-8063.6, 1754.5], [-8082.1, 1764.5], [-8086.1, 1782.4], [-8088.2, 1801.8], [-8092.1, 1817.4], [-8092.9, 1833.9], [-8107.5, 1871.7], [-8114.4, 1856.5], [-8099.8, 1826.0]]}}, {"type": "Feature", "properties": {"op": "add"}, "geometry": {"type": "LineString", "coordinates": [[-6111.1, 202.7], [-6112.1, 202.7], [-6133.1, 205.5], [-6150.7, 206.3], [-6166.0, 205.2], [-6185.0, 200.8], [-6195.9, 198.7], [-6216.5, 199.9], [-6228.9, 199.9], [-6265.9, 200.6], [-6288.6, 210.4], [-6319.0, 224.0], [-6337.0, 234.5], [-6353.4, 241.5], [-6375.3, 245.2], [-6393.2, 244.1], [-6410.9, 252.9], [-6437.5, 266.8], [-6461.0, 264.9], [-6489.0, 261.4], [-6514.7, 259.0], [-6541.2, 243.0], [-6565.9, 234.4], [-6590.0, 238.5], [-6625.6, 223.6], [-6652.1, 203.0], [-6663.5, 185.6], [-6674.8, 159.9], [-6692.2, 135.5], [-6709.6, 108.1], [-6716.6, 77.4], [-6701.7, 56.3], [-6684.2, 38.4], [-6661.9, 21.6], [-6639.2, 5.8], [-6613.6, -5.4], [-6579.2, -8.9], [-6556.2, -4.7], [-6552.3, 1.4], [-6541.3, 7.5], [-6514.6, 11.5], [-6482.2, 14.7], [-6471.3, 26.1], [-6458.6, 38.8], [-6438.6, 48.7], [-6416.6, 59.5], [-6390.0, 72.0], [-6362.4, 81.1], [-6329.0, 90.8], [-6295.7, 91.5], [-6275.4, 88.9], [-6254.4, 92.9], [-6226.8, 104.7], [-6180.4, 121.0], [-6145.4, 151.3], [-6110.1, 155.8], [-6096.9, 163.3], [-6080.2, 177.4], [-6066.8, 201.6], [-6092.8, 201.6], [-6112.1, 202.7]]}}, {"type": "Feature", "properties": {"op": "add"}, "geometry": {"type": "LineString", "coordinates": [[-8147.4, 1110.3], [-8125.8, 1123.1], [-8104.6, 1135.4], [-8081.4, 1151.9], [-8046.5, 1175.4], [-8028.1, 1192.4], [-8006.2, 1202.8], [-7995.4, 1208.6], [-7986.9, 1223.2], [-7973.5, 1242.3], [-7967.6, 1262.5], [-7954.1, 1292.9], [-7951.3, 1311.9], [-7949.0, 1323.1], [-7940.6, 1356.1], [-7943.7, 1377.1], [-7945.4, 1398.9], [-7947.1, 1422.8], [-7946.4, 1451.0], [-7938.3, 1474.0], [-7943.1, 1503.9], [-7926.7, 1530.7], [-7920.1, 1572.3], [-7929.4, 1601.5], [-7932.9, 1648.5], [-7945.9, 1667.0], [-7939.4, 1691.4], [-7919.9, 1722.4], [-7923.8, 1761.7], [-7944.8, 1781.0], [-7961.6, 1791.0], [-7978.4, 1786.2], [-7986.0, 1772.1], [-7997.4, 1746.6], [-8013.4, 1737.0], [-8037.5, 1725.2], [-8044.5, 1702.9], [-8042.4, 1684.7], [-8029.9, 1662.2], [-8039.1, 1641.3], [-8056.3, 1624.6], [-8080.2, 1613.3], [-8090.1, 1598.2], [-8096.7, 1572.9], [-8099.7, 1549.0], [-8093.5, 1527.8], [-8081.7, 1509.1], [-8068.8, 1494.0], [-8075.6, 1470.5], [-8077.0, 1445.7], [-8078.2, 1426.4], [-8082.2, 1398.9], [-8076.2, 1371.6], [-8068.8, 1346.4], [-8065.9, 1320.7], [-8071.8, 1311.9], [-8069.7, 1292.7], [-8068.6, 1264.9], [-8066.9, 1244.6], [-8069.3, 1202.9], [-8081.8, 1185.2], [-8100.4, 1166.7], [-8115.2, 1151.1], [-8125.4, 1154.3], [-8138.5, 1150.6], [-8144.8, 1139.2], [-8164.8, 1122.4], [-8181.8, 1096.8], [-8169.6, 1088.0], [-8149.8, 1103.9]]}}, {"type": "Feature", "properties": {"op": "add"}, "geometry": {"type": "LineString", "coordinates": [[-2236.2, -410.9], [-2214.3, -428.9], [-2191.1, -440.2], [-2163.2, -446.5], [-2130.8, -454.1], [-2102.9, -424.1], [-2078.1, -390.2], [-2051.7, -355.2], [-2036.3, -321.6], [-2019.6, -284.2], [-2000.3, -241.2], [-1974.5, -195.5], [-1950.4, -159.0], [-1921.9, -120.8], [-1887.6, -82.9], [-1846.9, -42.3], [-1798.2, -15.0], [-1797.1, 37.4], [-1770.1, 67.7], [-1752.7, 114.7], [-1717.7, 151.3], [-1680.0, 192.3], [-1655.8, 207.3], [-1616.7, 236.2], [-1557.2, 258.0], [-1538.8, 296.4], [-1533.9, 324.3], [-1526.4, 332.7], [-1521.7, 338.9]]}}, {"type": "Feature", "properties": {"op": "add"}, "geometry": {"type": "LineString", "coordinates": [[-1145.9, -2025.8], [-1109.9, -1999.7], [-1068.5, -1962.0], [-1050.8, -1946.6], [-1028.0, -1936.1], [-1000.6, -1947.3], [-989.5, -1965.7], [-975.0, -1989.8], [-947.0, -2017.7], [-913.8, -2023.2], [-897.0, -2035.7], [-888.3, -2053.1], [-881.2, -2066.4], [-896.3, -2085.7], [-919.5, -2102.0], [-938.9, -2103.8], [-977.1, -2113.0], [-996.2, -2129.2], [-1028.0, -2167.4], [-1052.2, -2223.1], [-1061.3, -2265.3], [-1079.0, -2292.9], [-1117.5, -2298.2], [-1137.7, -2278.1], [-1155.5, -2237.7], [-1191.5, -2177.9], [-1217.3, -2140.7], [-1229.0, -2114.8], [-1218.9, -2087.1], [-1202.4, -2062.5], [-1166.9, -2042.0]]}}, {"type": "Feature", "properties": {"op": "add"}, "geometry": {"type": "LineString", "coordinates": [[-1067.2, -213.7], [-1062.6, -222.0], [-1054.6, -221.2], [-1037.0, -191.1], [-1053.1, -174.0], [-1064.5, -141.0], [-1079.2, -97.2], [-1085.4, -64.7], [-1083.9, -26.8], [-1084.4, -9.3], [-1109.7, 7.0], [-1132.1, 31.6], [-1129.0, 47.1], [-1095.2, 63.5], [-1086.8, 113.8], [-1113.2, 129.4], [-1146.3, 119.0], [-1169.8, 118.6], [-1206.8, 117.6], [-1211.5, 129.6], [-1192.5, 144.9], [-1175.4, 157.2], [-1155.7, 169.9], [-1127.0, 179.7], [-1096.0, 189.7], [-1061.5, 191.5], [-1056.6, 215.2], [-1046.9, 223.4], [-1035.3, 218.5], [-1027.9, 217.5], [-1023.4, 229.2], [-1016.3, 236.1], [-1013.1, 246.1], [-1006.9, 255.8], [-997.0, 275.2]]}}, {"type": "Feature", "properties": {"op": "add"}, "geometry": {"type": "LineString", "coordinates": [[2623.4, -5977.9], [2652.6, -6023.3], [2637.8, -6057.1], [2650.2, -6101.1], [2659.1, -6142.4], [2699.2, -6169.7], [2748.8, -6216.3], [2728.2, -6259.9], [2701.6, -6292.4], [2665.8, -6316.7], [2639.1, -6319.1], [2609.8, -6316.4], [2593.0, -6298.9], [2502.1, -6238.9], [2484.1, -6233.4], [2450.2, -6182.9], [2411.6, -6157.8], [2361.4, -6203.6], [2336.0, -6248.6], [2361.6, -6203.6], [2406.7, -6164.8], [2407.3, -6147.2], [2352.5, -6106.5], [2294.3, -6064.9], [2352.5, -6106.5], [2406.6, -6133.3], [2439.6, -6126.9], [2501.3, -6091.9], [2535.7, -6010.9], [2578.1, -5963.6]]}}, {"type": "Feature", "properties": {"op": "add"}, "geometry": {"type": "LineString", "coordinates": [[-3212.1, 2217.4], [-3191.4, 2219.2], [-3170.4, 2220.2], [-3114.9, 2216.2], [-3089.8, 2212.9], [-3060.3, 2216.1], [-3028.8, 2220.8], [-2988.3, 2236.4], [-2960.5, 2245.8], [-2939.3, 2251.4], [-2915.9, 2253.5], [-2884.1, 2253.5], [-2868.5, 2255.4], [-2852.5, 2263.5], [-2820.8, 2289.7], [-2787.6, 2313.0], [-2774.3, 2320.1], [-2759.4, 2321.8], [-2725.7, 2321.0], [-2696.0, 2320.0], [-2686.3, 2315.5], [-2655.3, 2291.3], [-2624.5, 2268.6], [-2607.7, 2259.9], [-2591.9, 2254.7], [-2566.0, 2253.7], [-2551.0, 2257.1], [-2520.9, 2271.9], [-2507.7, 2276.3], [-2496.9, 2284.2], [-2483.8, 2305.6], [-2476.6, 2315.0], [-2457.3, 2325.2], [-2440.6, 2333.1], [-2428.5, 2348.0], [-2414.7, 2358.0], [-2393.3, 2361.8], [-2367.2, 2364.8], [-2355.7, 2369.4], [-2347.3, 2377.3], [-2319.6, 2378.8], [-2298.1, 2382.3], [-2285.6, 2392.6], [-2270.7, 2395.1], [-2247.1, 2399.7], [-2230.8, 2406.6], [-2221.6, 2404.9], [-2199.8, 2394.7], [-2179.5, 2382.0], [-2164.6, 2373.1], [-2145.3, 2363.9], [-2122.7, 2354.1], [-2111.1, 2352.3], [-2100.2, 2356.0], [-2089.5, 2370.1], [-2071.6, 2387.1], [-2039.2, 2415.1], [-2014.8, 2436.8], [-2004.3, 2446.5], [-1988.8, 2448.2], [-1967.3, 2447.7], [-1941.1, 2450.2], [-1922.9, 2448.3], [-1905.8, 2441.3], [-1897.8, 2433.1], [-1896.2, 2423.2], [-1901.2, 2408.2], [-1901.5, 2395.4], [-1890.6, 2372.9], [-1886.5, 2354.3], [-1878.7, 2336.6], [-1851.5, 2301.0], [-1844.5, 2282.1], [-1843.3, 2253.3], [-1839.7, 2240.0], [-1829.6, 2226.7], [-1811.3, 2210.8], [-1802.1, 2193.0], [-1800.1, 2172.9], [-1800.0, 2123.8], [-1800.6, 2110.7], [-1808.8, 2087.1], [-1810.7, 2068.9], [-1819.9, 2046.3], [-1822.8, 2030.2], [-1815.4, 2008.9], [-1813.7, 1993.8], [-1814.0, 1979.0], [-1807.5, 1961.0], [-1797.0, 1947.3], [-1780.1, 1932.0], [-1758.0, 1920.3], [-1725.1, 1917.0], [-1710.2, 1914.7], [-1696.3, 1908.7], [-1674.0, 1901.8], [-1660.8, 1902.5], [-1643.6, 1908.9], [-1598.6, 1933.0], [-1556.8, 1957.6], [-1546.2, 1968.7], [-1517.8, 2001.4], [-1501.6, 2024.3], [-1486.4, 2035.4], [-1465.1, 2051.1], [-1447.7, 2059.9], [-1398.4, 2055.4], [-1387.2, 2053.3], [-1370.1, 2055.2], [-1354.4, 2059.6], [-1330.2, 2067.8], [-1312.6, 2065.8], [-1295.1, 2060.1], [-1283.3, 2060.4], [-1271.9, 2063.2], [-1258.1, 2059.3], [-1232.1, 2044.3], [-1202.6, 2025.7], [-1189.7, 2020.1], [-1160.6, 2030.5], [-1138.2, 2032.8], [-1105.0, 2031.9], [-1062.0, 2027.1], [-1023.8, 2016.1], [-997.4, 2005.3], [-978.0, 2002.1], [-947.0, 1999.4], [-910.7, 1998.2], [-893.3, 1995.4], [-873.1, 1989.6], [-852.5, 1979.8], [-805.8, 1957.1], [-788.5, 1946.0], [-764.5, 1922.6], [-731.2, 1896.1], [-706.1, 1877.5], [-685.1, 1857.2], [-673.2, 1841.8], [-665.6, 1824.2], [-662.3, 1806.2], [-661.8, 1772.4], [-666.2, 1732.7], [-677.1, 1700.9], [-691.1, 1668.1], [-695.3, 1647.6], [-694.3, 1625.7], [-691.8, 1602.8], [-684.5, 1568.1], [-675.4, 1539.8], [-666.3, 1522.4], [-650.7, 1504.9], [-629.5, 1491.8], [-604.0, 1484.2], [-568.6, 1477.0], [-545.9, 1464.2], [-516.3, 1441.0], [-498.5, 1430.3], [-472.8, 1420.9], [-434.3, 1412.9], [-404.5, 1404.7], [-382.1, 1394.2], [-361.2, 1385.7], [-338.9, 1383.3], [-320.3, 1386.3], [-291.9, 1399.2], [-268.3, 1400.5], [-238.5, 1404.0], [-211.2, 1414.2], [-183.8, 1418.3], [-155.3, 1422.1], [-131.5, 1427.4], [-114.3, 1437.0], [-100.7, 1457.1], [-89.7, 1475.8], [-76.8, 1486.0], [-47.3, 1500.9], [-29.4, 1516.0], [-18.3, 1532.6], [4.2, 1574.7], [14.7, 1594.6], [30.2, 1618.1], [41.3, 1635.1], [45.4, 1653.7], [48.8, 1684.7], [52.9, 1701.7], [66.3, 1718.6], [85.8, 1740.0], [104.5, 1762.6], [121.3, 1777.5], [149.6, 1795.2], [182.4, 1805.1], [204.3, 1812.0], [221.8, 1823.7], [239.3, 1831.4], [266.5, 1834.3], [282.4, 1834.0], [297.6, 1829.2], [313.0, 1821.8], [354.5, 1804.3], [377.0, 1794.6], [390.1, 1785.4], [401.6, 1774.5], [413.2, 1771.2], [425.9, 1770.9], [442.9, 1771.8], [458.3, 1772.2], [471.1, 1770.2], [458.3, 1772.2], [442.9, 1771.8], [425.9, 1770.9], [413.2, 1771.2], [401.6, 1774.5], [390.1, 1785.4], [377.0, 1794.6], [354.5, 1804.3], [313.0, 1821.8], [297.6, 1829.2], [282.4, 1834.0], [266.5, 1834.3], [239.3, 1831.4], [221.8, 1823.7], [204.3, 1812.0], [182.4, 1805.1], [149.6, 1795.2], [121.3, 1777.5], [104.5, 1762.6], [85.8, 1740.0], [66.3, 1718.6], [52.9, 1701.7], [48.8, 1684.7], [45.4, 1653.7], [41.3, 1635.1], [30.2, 1618.1], [14.7, 1594.6], [4.2, 1574.7], [-18.3, 1532.6], [-29.4, 1516.0], [-47.3, 1500.9], [-76.8, 1486.0], [-89.7, 1475.8], [-100.7, 1457.1], [-114.3, 1437.0], [-131.5, 1427.4], [-155.3, 1422.1], [-183.8, 1418.3], [-211.2, 1414.2], [-238.5, 1404.0], [-268.3, 1400.5], [-291.9, 1399.2], [-320.3, 1386.3], [-338.9, 1383.3], [-361.2, 1385.7], [-382.1, 1394.2], [-404.5, 1404.7], [-434.3, 1412.9], [-472.8, 1420.9], [-498.5, 1430.3], [-516.3, 1441.0], [-545.9, 1464.2], [-568.6, 1477.0], [-604.0, 1484.2], [-629.5, 1491.8], [-650.7, 1504.9], [-666.3, 1522.4], [-675.4, 1539.8], [-684.5, 1568.1], [-691.8, 1602.8], [-694.3, 1625.7], [-695.3, 1647.6], [-691.1, 1668.1], [-677.1, 1700.9], [-666.2, 1732.7], [-661.8, 1772.4], [-662.3, 1806.2], [-665.6, 1824.2], [-673.2, 1841.8], [-685.1, 1857.2], [-706.1, 1877.5], [-731.2, 1896.1], [-764.5, 1922.6], [-788.5, 1946.0], [-805.8, 1957.1], [-852.5, 1979.8], [-873.1, 1989.6], [-893.3, 1995.4], [-910.7, 1998.2], [-947.0, 1999.4], [-978.0, 2002.1], [-997.4, 2005.3], [-1023.8, 2016.1], [-1062.0, 2027.1], [-1105.0, 2031.9], [-1138.2, 2032.8], [-1160.6, 2030.5], [-1189.7, 2020.1], [-1202.6, 2025.7], [-1232.1, 2044.3], [-1258.1, 2059.3], [-1271.9, 2063.2], [-1283.3, 2060.4], [-1295.1, 2060.1], [-1312.6, 2065.8], [-1330.2, 2067.8], [-1354.4, 2059.6], [-1370.1, 2055.2], [-1387.2, 2053.3], [-1398.4, 2055.4], [-1447.7, 2059.9], [-1465.1, 2051.1], [-1486.4, 2035.4], [-1501.6, 2024.3], [-1517.8, 2001.4], [-1546.2, 1968.7], [-1556.8, 1957.6], [-1598.6, 1933.0], [-1643.6, 1908.9], [-1660.8, 1902.5], [-1674.0, 1901.8], [-1696.3, 1908.7], [-1710.2, 1914.7], [-1725.1, 1917.0], [-1758.0, 1920.3], [-1780.1, 1932.0], [-1797.0, 1947.3], [-1807.5, 1961.0], [-1814.0, 1979.0], [-1813.7, 1993.8], [-1815.4, 2008.9], [-1822.8, 2030.2], [-1819.9, 2046.3], [-1810.7, 2068.9], [-1808.8, 2087.1], [-1800.6, 2110.7], [-1800.0, 2123.8], [-1800.1, 2172.9], [-1802.1, 2193.0], [-1811.3, 2210.8], [-1829.6, 2226.7], [-1839.7, 2240.0], [-1843.3, 2253.3], [-1844.5, 2282.1], [-1851.5, 2301.0], [-1878.7, 2336.6], [-1886.5, 2354.3], [-1890.6, 2372.9], [-1901.5, 2395.4], [-1901.2, 2408.2], [-1896.2, 2423.2], [-1897.8, 2433.1], [-1905.8, 2441.3], [-1922.9, 2448.3], [-1941.1, 2450.2], [-1967.3, 2447.7], [-1988.8, 2448.2], [-2004.3, 2446.5], [-2014.8, 2436.8], [-2039.2, 2415.1], [-2071.6, 2387.1], [-2089.5, 2370.1], [-2100.2, 2356.0], [-2111.1, 2352.3], [-2122.7, 2354.1], [-2145.3, 2363.9], [-2164.6, 2373.1], [-2179.5, 2382.0], [-2199.8, 2394.7], [-2221.6, 2404.9], [-2230.8, 2406.6], [-2247.1, 2399.7], [-2270.7, 2395.1], [-2285.6, 2392.6], [-2298.1, 2382.3], [-2319.6, 2378.8], [-2347.3, 2377.3], [-2355.7, 2369.4], [-2367.2, 2364.8], [-2393.3, 2361.8], [-2414.7, 2358.0], [-2428.5, 2348.0], [-2440.6, 2333.1], [-2457.3, 2325.2], [-2476.6, 2315.0], [-2483.8, 2305.6], [-2496.9, 2284.2], [-2507.7, 2276.3], [-2520.9, 2271.9], [-2551.0, 2257.1], [-2566.0, 2253.7], [-2591.9, 2254.7], [-2607.7, 2259.9], [-2624.5, 2268.6], [-2655.3, 2291.3], [-2686.3, 2315.5], [-2696.0, 2320.0], [-2725.7, 2321.0], [-2759.4, 2321.8], [-2774.3, 2320.1], [-2787.6, 2313.0], [-2820.8, 2289.7], [-2852.5, 2263.5], [-2868.5, 2255.4], [-2884.1, 2253.5], [-2915.9, 2253.5], [-2939.3, 2251.4], [-2960.5, 2245.8], [-2988.3, 2236.4], [-3028.8, 2220.8], [-3060.3, 2216.1], [-3089.8, 2212.9], [-3114.9, 2216.2], [-3170.4, 2220.2], [-3191.4, 2219.2]]}}, {"type": "Feature", "properties": {"op": "add"}, "geometry": {"type": "LineString", "coordinates": [[6019.5, -5041.0], [6064.6, -5021.4], [6110.5, -5029.4], [6143.8, -5048.5], [6182.4, -5064.9], [6224.2, -5048.1], [6255.7, -5044.6], [6295.1, -5045.9], [6333.1, -5046.2], [6378.6, -5046.0], [6408.9, -5042.4], [6438.6, -5018.8], [6466.9, -4989.9], [6484.6, -4964.2], [6500.9, -4934.6], [6510.2, -4904.9], [6535.4, -4878.0], [6560.0, -4860.9], [6560.7, -4846.9], [6551.3, -4819.5], [6550.2, -4785.1], [6574.5, -4751.1], [6583.2, -4721.8], [6580.9, -4680.0], [6568.8, -4646.4], [6559.5, -4618.0], [6552.8, -4585.9], [6525.9, -4563.0], [6495.6, -4547.9], [6458.2, -4526.2], [6450.3, -4486.1], [6460.9, -4454.0], [6449.6, -4421.9], [6424.5, -4403.6], [6389.6, -4387.1], [6364.2, -4363.7], [6362.9, -4328.9], [6356.5, -4298.5], [6339.0, -4285.1], [6317.2, -4281.0], [6280.0, -4269.1], [6259.0, -4251.5], [6260.6, -4236.6], [6286.4, -4221.5], [6327.7, -4218.9], [6365.4, -4206.0], [6380.8, -4186.6], [6365.4, -4206.0], [6327.7, -4218.9], [6286.4, -4221.5], [6260.6, -4236.6], [6259.0, -4251.5], [6280.0, -4269.1], [6317.2, -4281.0], [6338.9, -4285.1], [6356.4, -4298.4], [6362.9, -4328.9], [6364.2, -4363.7], [6389.6, -4387.1], [6424.5, -4403.6], [6449.6, -4421.9], [6460.9, -4454.0], [6450.3, -4486.1], [6458.2, -4526.2], [6495.6, -4547.9], [6525.9, -4563.0], [6552.8, -4585.9], [6559.5, -4618.0], [6568.8, -4646.4], [6580.9, -4680.0], [6583.2, -4721.8], [6574.5, -4751.1], [6550.2, -4785.1], [6551.3, -4819.1], [6560.7, -4846.9], [6560.0, -4860.9], [6535.4, -4878.0], [6510.2, -4904.9], [6500.9, -4934.6], [6484.6, -4964.2], [6466.9, -4989.9], [6438.6, -5018.8], [6408.9, -5042.4], [6378.6, -5046.0], [6333.2, -5046.2], [6295.1, -5045.9], [6255.7, -5044.6], [6224.2, -5048.1], [6182.6, -5064.9], [6143.8, -5048.5], [6110.5, -5029.4], [6064.6, -5021.4], [6019.5, -5041.0], [5977.6, -5059.2]]}}, {"type": "Feature", "properties": {"op": "add"}, "geometry": {"type": "LineString", "coordinates": [[-4762.9, -1290.9], [-4754.6, -1277.6], [-4750.8, -1269.3], [-4741.6, -1258.5], [-4735.1, -1252.4], [-4721.6, -1252.9], [-4709.4, -1255.1], [-4690.4, -1256.7], [-4678.6, -1255.4], [-4667.2, -1254.0], [-4654.9, -1250.3], [-4643.6, -1247.0], [-4628.7, -1252.2], [-4616.5, -1241.3], [-4626.8, -1262.6], [-4637.0, -1273.2], [-4653.8, -1273.1], [-4658.2, -1272.9], [-4665.4, -1271.6], [-4671.3, -1267.4], [-4674.2, -1265.2], [-4680.8, -1261.7], [-4691.1, -1256.8], [-4709.3, -1255.0], [-4722.4, -1258.8], [-4734.6, -1265.8], [-4745.5, -1274.2], [-4752.0, -1280.6], [-4761.1, -1291.7], [-4766.7, -1303.4], [-4770.0, -1308.5], [-4777.4, -1322.7], [-4781.0, -1339.7], [-4784.1, -1354.8], [-4785.9, -1367.6], [-4781.0, -1372.9], [-4776.4, -1379.1], [-4773.6, -1383.3], [-4765.9, -1393.9], [-4754.0, -1402.5], [-4742.6, -1411.5], [-4735.1, -1420.9], [-4728.0, -1431.0], [-4730.4, -1442.8], [-4733.4, -1451.7], [-4736.8, -1458.3], [-4739.1, -1462.0], [-4745.1, -1474.7], [-4749.8, -1486.3], [-4754.8, -1493.1], [-4762.8, -1502.2], [-4769.7, -1509.7], [-4779.2, -1519.2], [-4787.5, -1527.5], [-4798.5, -1539.4], [-4800.7, -1550.2], [-4801.5, -1563.1], [-4801.5, -1577.2], [-4802.6, -1588.9], [-4803.9, -1602.2], [-4805.3, -1614.1], [-4805.8, -1629.1], [-4806.4, -1642.5], [-4807.4, -1655.9], [-4809.2, -1672.7], [-4810.5, -1690.9], [-4810.7, -1694.7], [-4809.5, -1706.2], [-4810.0, -1711.9], [-4809.2, -1725.9], [-4809.6, -1738.1], [-4809.8, -1745.0], [-4810.6, -1752.8], [-4812.4, -1762.0], [-4815.1, -1774.2], [-4816.4, -1779.5], [-4818.4, -1789.7], [-4820.4, -1797.0], [-4823.5, -1804.1], [-4831.1, -1813.6], [-4842.6, -1824.6], [-4851.7, -1833.3], [-4858.1, -1839.3], [-4861.8, -1859.1], [-4864.8, -1877.9], [-4870.8, -1896.7], [-4859.2, -1909.7], [-4852.1, -1914.6], [-4839.1, -1923.9], [-4832.6, -1939.6], [-4821.6, -1949.4], [-4810.5, -1959.2], [-4798.9, -1969.9], [-4804.4, -1989.9], [-4805.9, -2005.9], [-4812.8, -2016.7], [-4820.5, -2028.2], [-4826.5, -2036.4], [-4828.1, -2052.1], [-4828.5, -2062.2], [-4827.8, -2070.8], [-4826.9, -2077.3], [-4834.9, -2084.3], [-4842.2, -2090.4], [-4847.1, -2094.5], [-4858.8, -2105.1], [-4872.1, -2119.5], [-4890.2, -2133.8], [-4898.7, -2140.6], [-4903.9, -2149.3], [-4917.8, -2162.1], [-4925.2, -2168.7], [-4951.4, -2170.8], [-4934.4, -2163.7], [-4921.6, -2155.4], [-4912.5, -2149.1], [-4903.4, -2141.9], [-4889.8, -2134.0], [-4881.5, -2129.7], [-4871.5, -2118.2], [-4864.0, -2108.7], [-4853.9, -2095.1], [-4843.0, -2083.1], [-4834.7, -2072.3], [-4836.6, -2059.3], [-4831.3, -2045.0], [-4826.8, -2036.6], [-4816.9, -2022.7], [-4809.7, -2011.9], [-4803.1, -2003.4], [-4801.5, -1992.7], [-4799.8, -1979.3], [-4798.6, -1969.3], [-4809.3, -1958.9], [-4821.9, -1949.2], [-4832.7, -1939.3], [-4838.9, -1924.1], [-4851.1, -1921.5], [-4859.5, -1909.2], [-4870.7, -1897.2], [-4868.6, -1880.8], [-4863.0, -1861.2], [-4862.4, -1843.7], [-4862.0, -1823.2], [-4870.9, -1815.1], [-4876.9, -1810.2], [-4887.3, -1801.7], [-4894.4, -1796.4], [-4901.9, -1791.9], [-4909.3, -1787.8], [-4917.1, -1783.2], [-4930.0, -1769.3], [-4942.1, -1754.8], [-4953.4, -1742.4], [-4960.5, -1732.6], [-4963.6, -1720.3], [-4954.5, -1707.3], [-4948.6, -1695.9], [-4945.1, -1684.6], [-4945.6, -1675.2], [-4951.8, -1663.8], [-4956.6, -1654.7], [-4962.1, -1644.1], [-4964.9, -1634.8], [-4965.4, -1624.6], [-4964.8, -1614.3], [-4966.2, -1598.8], [-4968.2, -1585.5], [-4971.9, -1567.4], [-4971.9, -1555.1], [-4971.4, -1544.8], [-4961.8, -1539.2], [-4949.4, -1530.5], [-4938.2, -1521.6], [-4929.4, -1514.1], [-4921.0, -1502.9], [-4913.2, -1493.1], [-4905.5, -1483.3], [-4899.9, -1475.3], [-4890.6, -1459.1], [-4883.5, -1442.4], [-4880.1, -1434.5], [-4875.2, -1423.4], [-4869.7, -1413.8], [-4864.2, -1404.4], [-4852.4, -1394.2], [-4840.6, -1384.5], [-4828.1, -1375.0], [-4816.5, -1366.6], [-4807.2, -1359.8], [-4796.4, -1351.1], [-4788.2, -1339.6], [-4783.4, -1332.6], [-4781.0, -1326.9], [-4778.9, -1317.8], [-4776.6, -1309.0], [-4767.6, -1299.0]]}}, {"type": "Feature", "properties": {"op": "add"}, "geometry": {"type": "LineString", "coordinates": [[10141.2, 2565.2], [10142.4, 2562.3], [10143.8, 2553.9], [10140.7, 2548.9], [10120.1, 2539.6], [10107.5, 2537.9], [10098.9, 2536.3], [10090.9, 2530.0], [10090.3, 2526.4], [10099.5, 2510.2], [10108.5, 2492.2], [10109.9, 2483.7], [10104.2, 2465.0], [10105.3, 2454.7], [10106.1, 2442.9], [10104.3, 2411.6], [10098.8, 2392.4], [10099.9, 2389.5], [10107.3, 2385.0], [10115.7, 2379.9], [10127.5, 2374.6], [10133.7, 2372.9], [10142.2, 2372.3], [10152.8, 2371.8], [10164.0, 2367.4], [10169.9, 2361.3], [10172.5, 2350.9], [10174.8, 2346.6], [10182.5, 2339.7], [10185.9, 2333.1], [10186.5, 2328.6], [10181.4, 2314.4], [10170.9, 2294.7], [10155.1, 2273.7], [10140.4, 2259.7], [10131.0, 2249.3], [10126.2, 2246.8], [10120.1, 2248.0], [10114.0, 2253.1], [10099.0, 2271.4], [10088.5, 2287.2], [10081.6, 2295.7], [10075.9, 2295.8], [10067.8, 2290.9], [10055.8, 2285.4], [10035.5, 2280.1], [10019.1, 2281.6], [10009.5, 2282.6], [10001.9, 2282.8], [9974.5, 2279.7], [9958.8, 2279.6], [9954.9, 2282.5], [9950.6, 2289.6], [9948.6, 2298.7], [9948.2, 2316.3], [9947.9, 2327.0], [9946.0, 2352.7], [9944.6, 2386.3], [9942.5, 2429.4], [9943.6, 2456.7], [9945.9, 2478.3], [9945.5, 2483.7], [9941.5, 2488.4], [9934.6, 2492.6], [9931.8, 2496.8], [9923.8, 2505.3], [9918.9, 2507.7], [9915.4, 2512.4], [9914.6, 2520.9], [9910.3, 2527.9], [9909.6, 2533.3], [9912.6, 2537.8], [9924.2, 2546.5], [9941.2, 2553.1], [9949.1, 2553.8], [9955.2, 2548.7], [9961.8, 2545.1], [9968.6, 2541.9], [9987.7, 2520.8], [9993.5, 2514.2], [10002.2, 2510.4], [10012.2, 2506.2], [10031.3, 2500.3], [10036.8, 2500.6], [10051.1, 2508.2], [10062.5, 2514.8], [10074.4, 2521.6], [10084.5, 2527.6], [10089.4, 2533.5], [10095.5, 2538.9], [10101.1, 2539.8], [10117.0, 2542.5], [10124.5, 2544.2], [10131.5, 2546.8], [10136.5, 2550.1], [10139.3, 2553.6], [10139.5, 2557.9], [10138.1, 2563.8], [10135.0, 2566.4], [10132.2, 2571.3], [10131.5, 2574.6], [10134.0, 2573.5]]}}, {"type": "Feature", "properties": {"op": "add"}, "geometry": {"type": "LineString", "coordinates": [[9934.8, 2504.6], [9933.5, 2502.3], [9931.8, 2500.8], [9929.1, 2500.7], [9919.0, 2508.1], [9917.3, 2509.9], [9915.5, 2521.4], [9914.6, 2523.6], [9913.5, 2525.3], [9907.0, 2533.0], [9905.5, 2533.7], [9903.2, 2534.1], [9896.5, 2534.5], [9886.2, 2534.4], [9855.0, 2533.5], [9825.2, 2532.6], [9790.0, 2531.9], [9776.5, 2531.5], [9769.4, 2531.2], [9767.6, 2531.5], [9764.5, 2532.3], [9736.6, 2537.3], [9727.0, 2538.1], [9723.6, 2540.3], [9721.6, 2542.9], [9710.7, 2562.7], [9691.4, 2586.1], [9666.8, 2605.8], [9663.6, 2608.0], [9661.9, 2610.4], [9661.1, 2613.2], [9659.8, 2627.5], [9658.5, 2628.9], [9655.0, 2629.4], [9652.2, 2626.2], [9652.3, 2623.6], [9653.9, 2602.2], [9654.3, 2600.8], [9656.2, 2598.4], [9661.2, 2596.1], [9663.2, 2594.9], [9665.2, 2593.2], [9683.4, 2575.2], [9702.0, 2556.4], [9711.0, 2542.9], [9712.1, 2513.5], [9709.9, 2499.1], [9686.9, 2471.1], [9661.4, 2446.3], [9659.7, 2444.0], [9658.9, 2441.1], [9658.4, 2437.6], [9654.8, 2413.7], [9655.2, 2410.5], [9656.1, 2408.8], [9660.0, 2406.6], [9662.5, 2407.2], [9664.2, 2408.9], [9665.2, 2411.4], [9665.4, 2414.1], [9664.3, 2433.0], [9665.2, 2436.0], [9695.2, 2463.2], [9713.3, 2489.7], [9719.5, 2512.3], [9720.3, 2513.8], [9722.4, 2515.7], [9729.9, 2518.5], [9735.1, 2520.3], [9736.7, 2520.5], [9766.8, 2522.7], [9776.3, 2523.3], [9807.2, 2524.4], [9827.9, 2524.9], [9852.4, 2525.9], [9878.1, 2526.7], [9894.9, 2529.2], [9909.7, 2533.7], [9910.9, 2535.2], [9913.3, 2539.0], [9922.6, 2545.8], [9939.9, 2553.8], [9944.9, 2555.7], [9946.1, 2555.8], [9970.5, 2541.6], [9982.5, 2526.1], [9983.1, 2524.4], [9982.9, 2522.1], [9979.0, 2519.4], [9968.6, 2510.8], [9966.9, 2506.6], [9964.4, 2498.5], [9963.4, 2496.6], [9961.6, 2494.3], [9949.5, 2481.6], [9949.1, 2478.5], [9949.9, 2444.0], [9950.9, 2406.3], [9951.8, 2372.3], [9952.0, 2347.6], [9953.1, 2310.9], [9953.8, 2289.5], [9953.7, 2270.1], [9955.0, 2250.6], [9954.9, 2229.2], [9955.8, 2200.3], [9956.0, 2176.6], [9955.3, 2148.7], [9953.3, 2119.9], [9957.0, 2095.8], [9952.5, 2076.1], [9952.5, 2073.9], [9954.8, 2069.5], [9973.5, 2042.2], [9974.0, 2040.5], [9972.8, 2038.7], [9969.6, 2039.0], [9967.4, 2041.0], [9957.3, 2052.8], [9955.9, 2055.0], [9954.6, 2057.6], [9946.7, 2073.5], [9946.5, 2077.4], [9951.1, 2094.5], [9951.5, 2097.0], [9951.2, 2099.7], [9950.0, 2136.2], [9949.3, 2182.0], [9948.4, 2224.7], [9949.0, 2253.3], [9950.3, 2270.0], [9949.6, 2288.9], [9949.0, 2311.1], [9947.6, 2346.4], [9947.5, 2372.3], [9947.6, 2406.6], [9946.8, 2444.9], [9947.0, 2473.8], [9946.3, 2481.5], [9943.7, 2484.5], [9941.1, 2486.1], [9933.9, 2491.4], [9933.1, 2494.5], [9933.7, 2496.9], [9936.6, 2504.6], [9937.4, 2506.6], [9936.7, 2507.7]]}}, {"type": "Feature", "properties": {"op": "add"}, "geometry": {"type": "LineString", "coordinates": [[-7970.9, 1507.2], [-7943.0, 1493.8], [-7918.5, 1468.9], [-7894.9, 1446.9], [-7887.1, 1414.7], [-7879.7, 1375.5], [-7863.9, 1348.8], [-7839.5, 1331.2], [-7799.4, 1305.0], [-7775.2, 1267.4], [-7796.9, 1231.1], [-7814.8, 1204.9], [-7823.6, 1158.3], [-7818.5, 1123.7], [-7803.9, 1086.9], [-7770.0, 1061.3], [-7749.0, 1029.7], [-7725.6, 994.8], [-7700.4, 961.5], [-7660.7, 939.9], [-7629.0, 925.1], [-7594.5, 932.5], [-7550.4, 954.0], [-7519.0, 969.4], [-7476.1, 979.4], [-7428.6, 978.9], [-7390.7, 1013.5], [-7373.9, 1046.1], [-7364.9, 1093.1], [-7347.2, 1145.4], [-7364.3, 1159.8], [-7399.2, 1183.0], [-7429.5, 1202.9], [-7469.0, 1233.9], [-7511.8, 1250.5], [-7540.9, 1269.1], [-7555.7, 1299.8], [-7569.9, 1333.6], [-7598.2, 1373.5], [-7626.8, 1409.5], [-7655.3, 1460.8], [-7697.6, 1485.4], [-7728.6, 1513.8], [-7740.9, 1555.4], [-7763.3, 1582.2], [-7787.7, 1593.9], [-7832.1, 1601.2], [-7870.7, 1592.2], [-7908.9, 1561.9], [-7932.1, 1528.1], [-7946.9, 1508.1]]}}, {"type": "Feature", "properties": {"op": "add"}, "geometry": {"type": "LineString", "coordinates": [[2578.1, -5963.6], [2535.7, -6010.9], [2501.3, -6091.9], [2439.6, -6126.9], [2406.6, -6133.3], [2352.5, -6106.5], [2294.3, -6064.9], [2352.5, -6106.5], [2407.3, -6147.2], [2406.7, -6164.8], [2361.6, -6203.6], [2336.0, -6248.6], [2361.4, -6203.6], [2411.6, -6157.8], [2450.2, -6182.9], [2484.1, -6233.4], [2502.1, -6238.9], [2593.0, -6298.9], [2609.8, -6316.4], [2639.1, -6319.1], [2665.8, -6316.7], [2701.6, -6292.4], [2728.2, -6259.9], [2748.8, -6216.3], [2699.2, -6169.7], [2659.1, -6142.4], [2650.2, -6101.1], [2637.8, -6057.1], [2652.6, -6023.3], [2623.4, -5977.9]]}}, {"type": "Feature", "properties": {"op": "add"}, "geometry": {"type": "LineString", "coordinates": [[-6376.6, 532.6], [-6387.3, 525.8], [-6416.9, 509.2], [-6445.7, 492.7], [-6483.2, 472.7], [-6519.1, 453.5], [-6554.3, 434.7], [-6584.4, 429.9], [-6620.9, 428.3], [-6663.1, 406.4], [-6685.1, 378.5], [-6696.4, 344.4], [-6719.4, 291.3], [-6741.4, 252.3], [-6769.0, 245.0], [-6785.7, 253.1], [-6782.7, 284.5], [-6773.9, 329.0], [-6769.0, 370.6], [-6777.0, 417.5], [-6781.9, 458.9], [-6790.1, 494.4], [-6800.3, 532.1], [-6809.6, 553.5], [-6847.9, 559.1], [-6886.1, 547.4], [-6925.3, 532.4], [-6949.4, 513.4], [-6976.8, 506.3], [-7006.4, 501.6], [-7030.6, 488.4], [-7048.7, 469.0], [-7070.1, 435.8], [-7090.8, 406.9], [-7104.4, 437.1], [-7115.8, 466.0], [-7124.7, 484.2], [-7158.1, 517.6], [-7182.1, 552.7], [-7214.7, 603.1], [-7246.7, 668.8], [-7266.4, 749.7], [-7277.1, 781.8], [-7287.7, 812.3], [-7305.7, 864.3], [-7316.1, 928.4], [-7322.0, 970.5], [-7355.4, 996.1], [-7379.6, 994.3], [-7415.4, 999.7], [-7467.8, 1017.2], [-7511.6, 1027.2], [-7561.1, 1038.4], [-7606.0, 1040.7], [-7650.1, 1048.2], [-7687.4, 1083.5], [-7724.4, 1121.5], [-7750.9, 1156.7], [-7774.1, 1201.5], [-7791.5, 1236.7], [-7816.4, 1278.6], [-7788.7, 1235.3], [-7762.7, 1176.2], [-7734.3, 1133.0], [-7695.3, 1087.7], [-7664.0, 1052.9], [-7613.2, 1041.0], [-7571.7, 1037.3], [-7531.3, 1030.0], [-7487.0, 1020.2], [-7449.1, 1011.4], [-7403.8, 999.1], [-7354.9, 993.9], [-7317.9, 996.3], [-7282.3, 983.9], [-7281.7, 947.8], [-7304.6, 902.4], [-7304.5, 833.7], [-7297.7, 774.0], [-7300.4, 733.3], [-7283.4, 682.2], [-7263.4, 635.6], [-7241.4, 584.4], [-7212.0, 552.6], [-7158.3, 523.2], [-7109.6, 471.6], [-7086.5, 406.3], [-7064.7, 437.5], [-7035.9, 481.0], [-6994.3, 502.8], [-6946.4, 520.6], [-6904.3, 541.8], [-6855.3, 554.2], [-6809.4, 552.7], [-6796.4, 511.7], [-6782.5, 463.9], [-6774.9, 418.1], [-6769.2, 375.0], [-6767.4, 329.9], [-6779.8, 284.4], [-6765.0, 255.9], [-6734.4, 250.9], [-6685.5, 289.8], [-6645.9, 321.4], [-6628.9, 362.4], [-6592.8, 378.8], [-6527.5, 404.2], [-6481.1, 441.7], [-6450.1, 483.9], [-6408.0, 512.2], [-6379.0, 531.5], [-6357.9, 542.0], [-6379.0, 531.5], [-6408.0, 512.2], [-6450.1, 483.9], [-6481.1, 441.7], [-6527.5, 404.2], [-6592.8, 378.8], [-6628.9, 362.4], [-6645.9, 321.4], [-6685.5, 289.8], [-6734.4, 250.9], [-6765.0, 255.9], [-6779.8, 284.4], [-6767.4, 329.9], [-6769.2, 375.0], [-6774.9, 418.1], [-6782.5, 463.9], [-6796.4, 511.7], [-6809.4, 552.7], [-6855.3, 554.2], [-6904.3, 541.8], [-6946.4, 520.6], [-6994.3, 502.8], [-7035.9, 481.0], [-7064.7, 437.5], [-7086.5, 406.3], [-7109.6, 471.6], [-7158.3, 523.2], [-7212.0, 552.6], [-7241.4, 584.4], [-7263.4, 635.6], [-7283.4, 682.2], [-7300.4, 733.3], [-7297.7, 774.0], [-7304.5, 833.7], [-7304.6, 902.4], [-7281.7, 947.8], [-7282.3, 983.9], [-7317.9, 996.3], [-7354.9, 993.9], [-7403.8, 999.1], [-7449.1, 1011.4], [-7487.0, 1020.2], [-7531.3, 1030.0], [-7571.7, 1037.3], [-7613.2, 1041.0], [-7664.0, 1052.9], [-7695.3, 1087.7], [-7734.3, 1133.0], [-7762.7, 1176.2], [-7788.7, 1235.3], [-7816.4, 1278.6], [-7791.5, 1236.7], [-7774.1, 1201.5], [-7750.9, 1156.7], [-7724.4, 1121.5], [-7687.4, 1083.5], [-7650.1, 1048.2], [-7606.0, 1040.7], [-7561.1, 1038.4], [-7511.6, 1027.2], [-7467.8, 1017.2], [-7415.4, 999.7], [-7379.6, 994.3], [-7355.4, 996.1], [-7322.0, 970.5], [-7316.1, 928.4], [-7305.7, 864.3], [-7287.7, 812.3], [-7277.1, 781.8], [-7266.4, 749.7], [-7246.7, 668.8], [-7214.7, 603.1], [-7182.1, 552.7], [-7158.1, 517.6], [-7124.7, 484.2], [-7115.8, 466.0], [-7104.4, 437.1], [-7090.8, 406.9], [-7070.1, 435.8], [-7048.7, 469.0], [-7030.6, 488.4], [-7006.4, 501.6], [-6976.8, 506.3], [-6949.4, 513.4], [-6925.3, 532.4], [-6886.1, 547.4], [-6847.9, 559.1], [-6809.6, 553.5], [-6800.3, 532.1], [-6790.1, 494.4], [-6781.9, 458.9], [-6777.0, 417.5], [-6769.0, 370.6], [-6773.9, 329.0], [-6782.7, 284.5], [-6785.7, 253.1], [-6769.0, 245.0], [-6741.4, 252.3], [-6719.4, 291.3], [-6696.4, 344.4], [-6685.1, 378.5], [-6663.1, 406.4], [-6620.9, 428.3], [-6584.4, 429.9], [-6554.3, 434.7], [-6519.1, 453.5], [-6483.2, 472.7], [-6445.7, 492.7], [-6416.9, 509.2], [-6387.3, 525.8]]}}, {"type": "Feature", "properties": {"op": "add"}, "geometry": {"type": "LineString", "coordinates": [[5794.2, -4756.7], [5767.8, -4750.2], [5741.9, -4739.3], [5729.4, -4728.6], [5716.8, -4712.6], [5701.4, -4690.8], [5685.6, -4666.4], [5663.9, -4633.5], [5652.1, -4612.0], [5605.2, -4523.4], [5596.4, -4510.7], [5578.5, -4501.3], [5546.2, -4498.3], [5536.3, -4498.5], [5548.0, -4498.1], [5580.6, -4501.6], [5596.8, -4510.7], [5607.1, -4525.2], [5652.9, -4611.9], [5663.8, -4632.5], [5688.1, -4666.1], [5701.3, -4689.0], [5716.0, -4709.9], [5732.6, -4729.7], [5743.5, -4739.8], [5768.8, -4750.6], [5791.4, -4756.4], [5800.6, -4754.7], [5810.5, -4747.7], [5825.6, -4722.8], [5847.4, -4695.1], [5846.6, -4653.1], [5852.0, -4626.8], [5857.7, -4617.2], [5874.0, -4604.1], [5906.1, -4580.9], [5933.6, -4552.5], [5949.0, -4526.4], [5966.0, -4490.8], [5983.2, -4454.5], [6004.3, -4417.4], [6043.8, -4367.2], [6083.3, -4327.1], [6120.4, -4306.6], [6166.6, -4284.4], [6191.9, -4270.7], [6245.6, -4242.2], [6307.8, -4218.7], [6355.3, -4200.9], [6392.9, -4182.1], [6357.6, -4201.6], [6311.4, -4220.9], [6246.4, -4244.9], [6192.4, -4270.9], [6168.1, -4284.5], [6124.0, -4304.4], [6081.2, -4327.1], [6044.8, -4366.5], [6007.5, -4413.1], [5983.5, -4455.1], [5965.4, -4490.0], [5948.7, -4526.1], [5934.6, -4551.4], [5907.7, -4580.8], [5873.2, -4606.0], [5862.3, -4614.8], [5853.8, -4625.2], [5845.5, -4654.0], [5844.7, -4689.3], [5824.6, -4723.0], [5809.5, -4746.7], [5799.5, -4755.2]]}}, {"type": "Feature", "properties": {"op": "add"}, "geometry": {"type": "LineString", "coordinates": [[7392.5, -4863.8], [7387.0, -4854.9], [7382.2, -4849.1], [7377.9, -4843.1], [7374.2, -4833.3], [7367.6, -4826.2], [7356.6, -4819.1], [7346.6, -4817.3], [7338.9, -4814.4], [7332.9, -4808.8], [7324.2, -4803.0], [7313.4, -4808.0], [7305.0, -4811.1], [7294.7, -4812.6], [7280.0, -4809.8], [7267.7, -4804.6], [7256.0, -4799.5], [7246.9, -4792.9], [7233.7, -4783.6], [7227.5, -4781.1], [7222.6, -4779.3], [7214.6, -4774.5], [7207.0, -4768.6], [7197.6, -4766.0], [7187.2, -4766.9], [7176.0, -4767.9], [7158.4, -4772.7], [7146.1, -4776.0], [7130.1, -4779.5], [7119.0, -4778.1], [7107.8, -4778.1], [7093.4, -4773.0], [7080.2, -4769.1], [7063.1, -4761.7], [7048.8, -4751.6], [7040.2, -4731.7], [7033.5, -4721.0], [7022.2, -4709.1], [7013.9, -4698.6], [7009.1, -4688.4], [7010.9, -4675.9], [7017.9, -4665.3], [7020.0, -4651.6], [7012.1, -4647.6], [7002.2, -4644.1], [6993.5, -4640.8], [6980.0, -4632.0], [6976.1, -4642.1], [6994.9, -4644.7], [7004.9, -4647.7], [7013.3, -4650.7], [7025.5, -4660.5], [7025.9, -4674.7], [7025.0, -4684.3], [7017.8, -4686.1], [7010.3, -4689.6], [7012.1, -4702.1], [7016.5, -4714.8], [7020.5, -4724.0], [7027.7, -4739.6], [7034.5, -4752.0], [7046.0, -4764.8], [7058.2, -4774.5], [7068.0, -4778.2], [7078.8, -4779.6], [7092.9, -4779.6], [7105.6, -4776.5], [7115.3, -4775.7], [7130.9, -4776.7], [7153.6, -4774.4], [7164.2, -4770.8], [7175.0, -4761.6], [7184.6, -4760.7], [7198.7, -4761.5], [7212.3, -4758.1], [7224.8, -4755.8], [7228.5, -4758.9], [7223.5, -4769.2], [7220.5, -4775.6], [7216.8, -4782.1], [7213.8, -4789.8], [7217.4, -4793.8], [7220.0, -4797.1], [7229.3, -4799.9], [7247.3, -4804.9], [7270.1, -4806.0], [7286.6, -4803.1], [7291.7, -4815.0], [7297.2, -4814.1], [7305.3, -4812.8], [7313.9, -4810.6], [7316.1, -4815.4], [7312.7, -4823.6], [7314.2, -4831.7], [7318.6, -4832.6], [7325.2, -4833.7], [7332.3, -4830.2], [7342.5, -4825.6], [7347.3, -4823.6], [7356.0, -4821.5], [7367.4, -4826.9], [7372.7, -4835.9], [7378.4, -4843.7], [7382.3, -4850.0], [7386.3, -4856.2]]}}, {"type": "Feature", "properties": {"op": "add"}, "geometry": {"type": "LineString", "coordinates": [[-5771.8, 1554.0], [-5740.7, 1535.5], [-5705.1, 1546.2], [-5673.4, 1580.8], [-5646.9, 1594.5], [-5613.4, 1575.1], [-5576.2, 1568.9], [-5565.7, 1594.9], [-5560.1, 1629.6], [-5556.0, 1650.1], [-5526.4, 1648.4], [-5491.7, 1619.4], [-5455.8, 1596.3], [-5412.8, 1618.7], [-5378.4, 1646.1], [-5393.8, 1673.0], [-5417.4, 1697.6], [-5451.5, 1689.9], [-5485.4, 1705.9], [-5523.4, 1695.2], [-5549.2, 1714.1], [-5591.4, 1713.8], [-5631.3, 1708.6], [-5674.0, 1694.1], [-5704.5, 1686.8], [-5731.9, 1661.1], [-5762.2, 1647.8], [-5793.0, 1617.9], [-5802.4, 1577.4]]}}, {"type": "Feature", "properties": {"op": "add"}, "geometry": {"type": "LineString", "coordinates": [[-6513.0, 1813.9], [-6487.2, 1817.6], [-6463.7, 1788.0], [-6442.4, 1782.9], [-6413.6, 1788.2], [-6382.0, 1780.8], [-6345.3, 1774.6], [-6325.4, 1751.4], [-6316.7, 1718.2], [-6304.7, 1691.0], [-6279.8, 1689.3], [-6274.7, 1643.7], [-6275.5, 1612.7], [-6295.5, 1580.7], [-6310.8, 1549.3], [-6332.5, 1518.1], [-6355.3, 1514.5], [-6391.0, 1513.3], [-6421.5, 1502.6], [-6453.9, 1490.3], [-6487.0, 1501.0], [-6522.2, 1504.0], [-6552.0, 1512.5], [-6577.9, 1544.8], [-6579.3, 1580.1], [-6578.4, 1614.0], [-6598.9, 1645.9], [-6593.5, 1689.2], [-6587.8, 1725.8], [-6582.3, 1748.8], [-6554.3, 1776.1], [-6518.6, 1786.4]]}}, {"type": "Feature", "properties": {"op": "add"}, "geometry": {"type": "LineString", "coordinates": [[9638.4, 2346.3], [9642.4, 2345.3], [9646.6, 2338.5], [9651.5, 2331.6], [9657.7, 2327.2], [9666.3, 2319.4], [9675.0, 2310.9], [9683.0, 2301.9], [9690.5, 2290.4], [9696.1, 2281.5], [9703.7, 2272.6], [9713.6, 2265.1], [9722.5, 2259.8], [9728.7, 2257.9], [9732.5, 2259.5], [9739.3, 2264.8], [9744.6, 2271.5], [9753.0, 2281.1], [9761.2, 2288.4], [9766.6, 2293.8], [9768.3, 2297.8], [9767.6, 2303.7], [9763.5, 2310.9], [9758.5, 2320.2], [9752.7, 2329.3], [9746.1, 2335.5], [9740.7, 2340.2], [9733.5, 2342.2], [9728.3, 2347.0], [9724.5, 2351.8], [9719.8, 2357.4], [9716.2, 2359.5], [9713.9, 2358.9], [9713.4, 2357.5], [9715.1, 2355.2], [9722.5, 2348.7], [9731.4, 2339.1], [9738.9, 2335.8], [9742.6, 2333.9], [9748.3, 2329.6], [9752.2, 2325.6], [9755.5, 2319.3], [9756.3, 2314.4], [9760.5, 2310.1], [9762.6, 2305.8], [9771.1, 2298.1], [9779.7, 2289.9], [9784.0, 2287.1], [9791.2, 2283.9], [9798.1, 2283.4], [9804.9, 2283.0], [9814.3, 2278.8], [9822.9, 2276.2], [9832.8, 2277.0], [9843.3, 2278.1], [9858.1, 2278.8], [9869.7, 2278.3], [9880.8, 2278.4], [9890.2, 2279.6], [9899.4, 2279.8], [9912.7, 2278.9], [9924.0, 2278.3], [9936.1, 2278.2], [9943.6, 2279.4], [9947.9, 2282.4], [9949.2, 2285.0], [9949.3, 2287.9], [9949.2, 2293.4], [9948.5, 2304.3], [9948.4, 2313.2], [9948.2, 2323.5], [9947.3, 2336.5], [9946.2, 2354.3], [9945.5, 2375.0], [9944.1, 2409.8], [9943.0, 2428.5], [9942.9, 2447.7], [9945.0, 2470.1], [9946.2, 2480.1], [9945.3, 2483.7], [9938.0, 2490.0], [9932.4, 2496.3], [9923.4, 2503.7], [9919.2, 2505.5], [9915.7, 2505.9], [9907.5, 2505.2], [9899.1, 2503.2], [9888.5, 2501.8], [9882.4, 2498.6], [9879.0, 2494.4], [9876.6, 2488.4], [9876.2, 2481.5], [9877.9, 2476.7], [9880.8, 2470.3], [9883.1, 2465.3], [9886.3, 2458.9], [9886.7, 2453.6], [9883.7, 2439.9], [9879.0, 2428.1], [9864.0, 2399.9], [9850.0, 2376.2], [9843.1, 2368.8], [9840.7, 2365.6], [9837.7, 2360.2], [9838.5, 2348.6], [9839.3, 2340.4], [9839.9, 2333.7], [9839.6, 2321.7], [9839.2, 2310.7], [9840.3, 2308.2], [9843.7, 2303.4], [9846.7, 2298.5], [9849.7, 2289.0], [9850.8, 2280.2], [9851.7, 2269.1], [9851.0, 2260.5], [9849.5, 2250.5], [9846.2, 2241.2], [9843.0, 2233.0], [9838.7, 2226.5], [9835.2, 2221.2], [9830.4, 2218.2], [9824.4, 2216.9], [9816.7, 2216.2], [9806.7, 2217.3], [9798.7, 2220.2], [9791.4, 2224.9], [9781.2, 2231.7], [9769.5, 2238.8], [9759.6, 2244.8], [9748.0, 2250.4], [9739.3, 2255.2], [9727.2, 2261.6], [9719.5, 2265.1], [9712.6, 2270.8], [9704.0, 2278.2], [9699.0, 2283.6], [9696.4, 2289.9], [9690.6, 2298.1], [9681.9, 2308.4], [9673.4, 2317.4], [9667.4, 2324.2], [9662.5, 2327.0], [9658.8, 2330.2], [9650.3, 2339.0], [9647.6, 2342.8], [9644.0, 2347.3], [9640.7, 2349.4], [9636.6, 2349.8], [9632.4, 2350.5], [9630.3, 2349.6], [9632.7, 2347.2]]}}, {"type": "Feature", "properties": {"op": "add"}, "geometry": {"type": "LineString", "coordinates": [[1690.0, -4382.5], [1679.6, -4394.7], [1670.6, -4407.1], [1667.2, -4419.9], [1667.7, -4430.5], [1670.0, -4434.9], [1674.8, -4438.6], [1681.2, -4445.0], [1679.7, -4454.0], [1671.3, -4452.3], [1666.8, -4444.5], [1668.8, -4435.2], [1666.3, -4427.7], [1655.1, -4416.6], [1636.0, -4403.8], [1622.2, -4396.6], [1612.8, -4394.8], [1606.6, -4389.8], [1611.4, -4383.1], [1618.1, -4380.2], [1622.6, -4381.7], [1624.0, -4378.5], [1621.2, -4373.1], [1618.7, -4373.9], [1617.7, -4378.4], [1610.4, -4381.5], [1605.0, -4389.6], [1606.3, -4394.4], [1612.6, -4396.2], [1620.8, -4396.6], [1631.2, -4401.1], [1652.3, -4408.9], [1665.8, -4404.8], [1689.7, -4383.7], [1702.6, -4372.9], [1725.3, -4359.7], [1731.5, -4350.4], [1730.8, -4333.3], [1722.1, -4308.5], [1714.0, -4298.5], [1699.0, -4289.5], [1694.0, -4283.1], [1696.0, -4276.5], [1696.0, -4266.7], [1697.8, -4264.4], [1704.8, -4265.0], [1706.1, -4270.7], [1702.2, -4274.9], [1695.9, -4271.9], [1695.6, -4267.3], [1689.8, -4266.6], [1683.1, -4258.6], [1677.7, -4251.5], [1674.7, -4251.9], [1663.3, -4258.1], [1655.3, -4265.2], [1638.1, -4273.3], [1626.3, -4266.7], [1595.0, -4236.6], [1580.7, -4202.5], [1576.7, -4173.9], [1589.5, -4142.6], [1606.5, -4120.9], [1638.9, -4106.6], [1670.7, -4097.1], [1702.5, -4088.8], [1721.5, -4081.1], [1734.3, -4070.8], [1747.9, -4022.8], [1744.2, -3999.1], [1737.0, -3980.5], [1725.8, -3957.0], [1715.9, -3940.3], [1711.3, -3938.6], [1711.2, -3943.9], [1721.8, -3961.0], [1731.9, -3984.1], [1738.2, -4001.0], [1741.6, -4043.5], [1734.9, -4058.6], [1727.5, -4068.5], [1708.0, -4082.2], [1685.4, -4088.4], [1661.3, -4094.9], [1642.8, -4100.9], [1620.8, -4110.2], [1603.8, -4120.2], [1592.7, -4134.9], [1582.4, -4154.6], [1577.9, -4171.4], [1577.0, -4190.6], [1579.3, -4207.0], [1586.9, -4224.9], [1597.3, -4239.7], [1610.9, -4253.6], [1622.8, -4263.8], [1637.5, -4272.4], [1652.4, -4266.0], [1664.5, -4256.6], [1679.8, -4249.8], [1683.3, -4261.8], [1692.0, -4267.2], [1695.5, -4268.0], [1696.4, -4272.3], [1700.0, -4274.9], [1704.0, -4273.5], [1706.6, -4270.4], [1704.6, -4265.9], [1700.4, -4264.1], [1696.6, -4264.7], [1694.9, -4268.6], [1697.3, -4276.1], [1693.3, -4283.1], [1696.8, -4288.1], [1708.9, -4294.3], [1720.7, -4303.6], [1727.8, -4324.2], [1731.7, -4342.3], [1730.9, -4352.9], [1720.4, -4365.2], [1706.0, -4374.0], [1690.0, -4382.5]]}}, {"type": "Feature", "properties": {"op": "add"}, "geometry": {"type": "LineString", "coordinates": [[1655.5, -4356.4], [1659.0, -4374.6], [1672.8, -4390.6], [1680.2, -4394.8], [1696.3, -4377.2], [1718.2, -4368.0], [1731.2, -4350.1], [1730.5, -4331.1], [1723.1, -4308.9], [1712.1, -4294.8], [1693.7, -4284.2], [1673.3, -4272.9], [1652.4, -4270.3], [1631.4, -4279.9], [1615.2, -4293.1], [1586.6, -4308.5], [1568.6, -4320.6], [1547.1, -4332.2], [1537.0, -4339.0], [1533.7, -4360.3], [1526.4, -4390.5], [1538.2, -4417.0], [1561.9, -4419.4], [1578.1, -4410.3], [1594.5, -4398.6], [1605.5, -4392.4], [1629.4, -4398.0], [1647.3, -4412.9], [1673.1, -4404.7], [1691.6, -4381.0], [1710.7, -4374.7], [1726.4, -4396.9], [1742.7, -4424.8], [1739.7, -4444.8], [1730.4, -4472.2], [1737.9, -4501.4], [1766.6, -4532.6], [1804.6, -4528.5], [1827.7, -4531.1], [1857.9, -4533.0], [1880.4, -4528.0], [1902.1, -4551.3], [1891.6, -4522.3], [1909.1, -4501.7], [1928.1, -4467.7], [1942.6, -4427.7], [1934.5, -4387.9], [1931.6, -4338.6], [1932.2, -4299.7], [1915.0, -4283.8], [1890.1, -4284.4], [1867.8, -4259.0], [1851.2, -4245.9], [1808.5, -4234.5], [1782.1, -4226.3], [1771.6, -4245.0], [1749.7, -4255.7], [1734.3, -4269.8], [1735.4, -4283.4], [1742.1, -4296.6], [1764.2, -4309.6], [1775.9, -4295.2], [1785.3, -4302.5], [1801.0, -4337.8], [1815.4, -4363.1], [1829.0, -4385.0], [1840.8, -4404.8], [1858.4, -4417.6], [1878.2, -4418.9], [1892.9, -4424.8], [1896.9, -4441.3], [1890.5, -4458.0], [1886.1, -4478.9], [1915.2, -4488.1], [1928.7, -4468.2], [1943.1, -4428.3], [1935.2, -4387.9], [1932.1, -4338.6], [1932.7, -4300.3], [1915.5, -4283.7], [1890.1, -4283.9], [1867.9, -4258.8], [1851.2, -4245.9], [1808.5, -4234.5], [1781.8, -4225.8], [1757.0, -4215.2], [1738.4, -4217.4], [1694.7, -4238.8], [1679.3, -4250.9], [1665.7, -4256.3], [1638.5, -4272.2], [1623.8, -4266.2], [1596.9, -4236.1], [1581.1, -4209.5], [1542.8, -4209.9], [1549.2, -4180.5], [1577.7, -4179.3], [1580.5, -4209.8], [1596.4, -4237.3], [1624.4, -4265.4], [1658.3, -4262.2], [1672.9, -4254.3], [1671.9, -4273.8], [1670.5, -4298.9], [1669.8, -4316.5], [1669.7, -4324.7], [1666.5, -4333.4], [1672.1, -4340.0], [1678.8, -4340.2], [1680.6, -4334.4], [1671.0, -4329.2], [1668.7, -4334.9], [1670.4, -4340.6], [1677.9, -4337.8], [1677.2, -4332.0], [1672.7, -4331.0], [1668.8, -4333.9], [1670.1, -4339.7], [1674.1, -4341.2], [1679.5, -4336.3], [1676.5, -4330.2], [1670.3, -4330.4], [1667.0, -4336.5], [1668.0, -4342.5]]}}, {"type": "Feature", "properties": {"op": "add"}, "geometry": {"type": "LineString", "coordinates": [[1994.9, -4696.8], [1967.8, -4687.9], [1949.1, -4681.8], [1937.4, -4671.9], [1914.3, -4638.4], [1897.4, -4613.6], [1895.0, -4607.4], [1902.9, -4598.2], [1916.6, -4589.4], [1923.2, -4580.7], [1911.3, -4563.1], [1899.1, -4545.1], [1889.4, -4532.4], [1872.6, -4529.5], [1846.0, -4534.5], [1817.0, -4531.7], [1779.7, -4531.3], [1762.0, -4524.6], [1741.0, -4506.5], [1730.5, -4483.9], [1735.0, -4463.2], [1742.5, -4436.3], [1741.2, -4420.3], [1734.1, -4407.5], [1718.6, -4386.9], [1706.4, -4378.8], [1699.3, -4376.3], [1693.7, -4378.3], [1686.4, -4385.9], [1671.9, -4403.6], [1669.0, -4412.0], [1668.2, -4426.3], [1670.0, -4435.7], [1676.7, -4440.2], [1680.5, -4446.8], [1679.2, -4451.1], [1673.4, -4451.1], [1670.4, -4446.5], [1669.9, -4441.9], [1670.8, -4437.5], [1666.5, -4425.2], [1662.9, -4420.4], [1641.7, -4406.5], [1627.1, -4398.1], [1611.5, -4395.2], [1607.7, -4388.8], [1609.9, -4383.6], [1614.1, -4380.2], [1620.5, -4379.1], [1622.3, -4376.4], [1619.1, -4373.6], [1616.2, -4378.9], [1607.2, -4385.1], [1606.6, -4390.0], [1608.5, -4393.7], [1622.1, -4396.8], [1634.4, -4401.1], [1646.1, -4410.3], [1660.7, -4411.4], [1670.5, -4406.9], [1680.9, -4394.2], [1693.9, -4379.4], [1700.5, -4376.8], [1712.0, -4378.9], [1727.8, -4397.8], [1740.3, -4419.9], [1740.7, -4437.9], [1733.4, -4460.3], [1729.6, -4481.8], [1731.8, -4492.0], [1739.2, -4506.5], [1764.3, -4524.9], [1806.9, -4528.8], [1847.7, -4537.0], [1873.7, -4531.4], [1884.1, -4530.1], [1891.8, -4536.5], [1910.4, -4562.0], [1922.9, -4583.3], [1898.5, -4601.3], [1894.7, -4606.3], [1904.1, -4624.6], [1918.8, -4646.9], [1938.7, -4675.5], [1951.7, -4686.1], [1976.3, -4690.6], [1995.8, -4699.1], [2005.5, -4698.6], [2016.8, -4683.7], [2024.7, -4681.1], [2029.3, -4682.0], [2044.9, -4696.8], [2059.6, -4707.9], [2077.9, -4708.9], [2087.1, -4704.7], [2091.7, -4698.8], [2096.9, -4681.1], [2096.3, -4667.7], [2090.0, -4657.3], [2068.0, -4637.3], [2062.6, -4629.3], [2057.6, -4621.6], [2054.5, -4620.3], [2054.8, -4624.7], [2060.0, -4631.6], [2072.1, -4641.7], [2086.7, -4656.3], [2095.3, -4667.9], [2096.1, -4681.3], [2090.6, -4698.0], [2078.4, -4707.6], [2061.8, -4706.7], [2043.0, -4693.6], [2027.2, -4681.3], [2005.1, -4695.7], [2019.2, -4681.7]]}}, {"type": "Feature", "properties": {"op": "add"}, "geometry": {"type": "LineString", "coordinates": [[4516.8, 607.8], [4519.2, 571.2], [4506.0, 545.2], [4484.3, 524.4], [4475.5, 496.4], [4462.2, 486.5], [4448.0, 483.9], [4415.0, 478.8], [4375.3, 464.6], [4351.7, 441.1], [4346.2, 420.2], [4339.7, 403.9], [4322.4, 397.5], [4300.1, 404.1], [4283.8, 413.1], [4276.2, 431.5], [4278.0, 448.3], [4299.5, 482.0], [4369.6, 540.5], [4404.2, 564.7], [4425.8, 586.5], [4430.3, 606.6], [4437.4, 624.6], [4455.5, 639.8], [4474.9, 666.9], [4500.0, 694.4], [4513.7, 706.4], [4528.3, 704.5], [4535.2, 690.2], [4520.5, 660.6]]}}, {"type": "Feature", "properties": {"op": "add"}, "geometry": {"type": "LineString", "coordinates": [[1075.7, 109.5], [1079.7, 99.3], [1090.4, 94.7], [1098.3, 86.3], [1100.7, 72.0], [1091.8, 52.3], [1091.4, 41.9], [1084.6, 28.2], [1083.6, 14.0], [1086.1, 5.3], [1081.3, -10.1], [1088.7, -24.3], [1087.1, -39.7], [1089.0, -49.4], [1092.7, -62.5], [1095.3, -75.8], [1088.3, -90.7], [1086.6, -111.4], [1075.8, -136.0], [1075.7, -159.8], [1071.9, -176.9], [1073.8, -201.3], [1071.1, -211.8], [1076.1, -231.0], [1099.9, -244.2], [1121.7, -242.2], [1134.6, -236.0], [1142.6, -216.1], [1140.3, -201.1], [1133.5, -184.0], [1145.7, -170.8], [1153.9, -157.1], [1144.7, -142.5], [1122.7, -133.3], [1125.4, -110.5], [1122.4, -93.8], [1129.9, -74.1], [1134.6, -61.6], [1137.6, -48.6], [1128.8, -38.9], [1122.2, -27.7], [1121.0, -16.4], [1126.6, -1.9], [1116.2, 10.6], [1104.3, 16.4], [1101.3, 33.7], [1120.1, 44.5], [1132.6, 61.2], [1134.3, 76.8], [1139.0, 90.9], [1134.5, 111.6], [1125.5, 132.4], [1128.0, 157.1], [1121.2, 175.3], [1123.9, 193.0], [1142.0, 219.5], [1152.7, 241.0], [1156.9, 260.6], [1155.6, 275.1], [1155.8, 289.5], [1146.9, 297.3], [1132.5, 291.1], [1127.9, 271.7], [1122.5, 248.3], [1110.7, 232.7], [1090.5, 227.6], [1079.0, 217.1], [1080.8, 196.1], [1081.9, 182.8], [1078.1, 165.0], [1074.7, 146.7], [1068.9, 128.5], [1070.9, 117.8]]}}, {"type": "Feature", "properties": {"op": "add"}, "geometry": {"type": "LineString", "coordinates": [[-1722.1, -550.4], [-1705.6, -569.1], [-1682.0, -591.9], [-1662.6, -603.8], [-1640.0, -607.1], [-1616.2, -613.1], [-1595.9, -618.3], [-1574.9, -616.7], [-1551.0, -605.9], [-1537.5, -596.3], [-1532.9, -586.3], [-1532.3, -566.6], [-1536.3, -539.6], [-1533.1, -523.0], [-1522.7, -506.3], [-1519.6, -488.1], [-1524.1, -467.3], [-1527.0, -424.4], [-1531.1, -398.7], [-1538.9, -374.7], [-1545.5, -354.2], [-1552.8, -335.9], [-1566.6, -312.6], [-1584.3, -296.2], [-1597.3, -278.4], [-1610.6, -257.9], [-1621.0, -236.8], [-1636.8, -206.6], [-1648.0, -178.3], [-1656.2, -153.2], [-1657.8, -126.8], [-1668.5, -97.9], [-1682.0, -76.6], [-1700.5, -57.3], [-1719.5, -47.7], [-1747.7, -46.3], [-1772.8, -50.1], [-1798.4, -58.4], [-1811.9, -70.5], [-1820.7, -93.7], [-1822.1, -112.2], [-1834.3, -123.4], [-1851.2, -129.7], [-1867.9, -137.0], [-1878.3, -151.0], [-1887.6, -173.2], [-1889.4, -196.5], [-1884.0, -217.9], [-1876.5, -244.3], [-1864.5, -266.2], [-1851.0, -284.6], [-1830.6, -303.8], [-1815.1, -318.2], [-1800.9, -336.3], [-1782.6, -356.1], [-1757.0, -378.2], [-1745.2, -402.3], [-1740.7, -423.9], [-1723.8, -452.5], [-1706.6, -462.0], [-1701.4, -480.4], [-1709.8, -507.9], [-1729.4, -528.7], [-1731.7, -542.2]]}}, {"type": "Feature", "properties": {"op": "add"}, "geometry": {"type": "LineString", "coordinates": [[-5204.9, -1566.0], [-5214.6, -1555.9], [-5230.7, -1546.7], [-5241.4, -1540.7], [-5257.2, -1534.3], [-5269.8, -1530.0], [-5282.4, -1525.8], [-5288.3, -1523.0], [-5286.8, -1503.9], [-5270.1, -1482.0], [-5254.3, -1461.2], [-5241.2, -1442.8], [-5221.5, -1416.0], [-5198.9, -1395.5], [-5181.7, -1374.6], [-5169.7, -1349.4], [-5154.1, -1328.3], [-5133.4, -1309.6], [-5128.8, -1305.5], [-5116.9, -1280.3], [-5102.6, -1250.3], [-5092.1, -1228.2], [-5069.6, -1197.1], [-5063.0, -1184.8], [-5040.0, -1166.0], [-5016.6, -1158.9], [-5006.2, -1139.7], [-4991.9, -1125.6], [-4960.9, -1102.8], [-4946.8, -1092.5], [-4928.1, -1088.0], [-4911.6, -1088.8], [-4892.7, -1085.2], [-4862.6, -1069.2], [-4841.8, -1058.2], [-4832.8, -1055.0], [-4810.2, -1040.0], [-4781.0, -1020.7], [-4763.6, -1010.9], [-4745.8, -1003.4], [-4731.8, -989.1], [-4718.2, -969.8], [-4702.2, -952.6], [-4687.4, -943.5], [-4676.1, -938.7], [-4664.3, -929.7], [-4638.6, -916.6], [-4626.0, -902.2], [-4617.1, -882.2], [-4597.4, -850.4], [-4579.9, -855.9], [-4590.0, -868.0], [-4601.7, -889.4], [-4605.2, -901.7], [-4610.4, -918.3], [-4606.6, -931.7], [-4596.9, -945.1], [-4581.9, -955.5], [-4572.1, -966.7], [-4560.3, -987.1], [-4541.7, -1003.0], [-4552.6, -1011.7], [-4553.9, -1015.8], [-4551.7, -1033.2], [-4554.7, -1051.2], [-4576.4, -1062.4], [-4595.8, -1072.3], [-4614.1, -1084.2], [-4635.2, -1096.6], [-4655.1, -1116.1], [-4670.1, -1111.4], [-4696.8, -1098.5], [-4709.0, -1097.2], [-4727.3, -1112.0], [-4730.2, -1135.7], [-4734.1, -1146.4], [-4742.6, -1154.0], [-4748.5, -1163.7], [-4753.2, -1182.4], [-4755.0, -1212.0], [-4746.0, -1249.3], [-4746.9, -1265.9], [-4754.5, -1290.0], [-4764.3, -1304.5], [-4769.1, -1327.5], [-4775.0, -1341.2], [-4778.2, -1369.8], [-4786.3, -1377.8], [-4804.3, -1371.1], [-4830.1, -1376.0], [-4863.9, -1412.5], [-4876.3, -1423.6], [-4883.9, -1453.2], [-4875.1, -1489.7], [-4868.9, -1500.2], [-4864.0, -1520.6], [-4840.6, -1540.3], [-4813.2, -1563.4], [-4798.4, -1586.0], [-4797.3, -1611.3], [-4802.8, -1637.8], [-4811.3, -1665.4], [-4829.8, -1672.4], [-4850.2, -1677.4], [-4868.0, -1681.8], [-4885.9, -1686.2], [-4907.9, -1691.5], [-4922.8, -1704.9], [-4937.5, -1726.6], [-4969.2, -1749.9], [-4994.7, -1763.3], [-5028.8, -1764.9], [-5065.9, -1759.6], [-5093.5, -1770.4], [-5105.6, -1775.3], [-5123.9, -1792.8], [-5149.6, -1806.0], [-5173.4, -1831.6], [-5186.0, -1870.6], [-5197.3, -1905.5], [-5211.9, -1929.8], [-5217.6, -1963.4], [-5213.5, -1995.5], [-5224.9, -2025.7], [-5267.7, -2047.6], [-5298.3, -2054.8], [-5335.1, -2041.1], [-5370.9, -2042.4], [-5404.0, -2043.6], [-5428.0, -2038.6], [-5443.8, -2022.4], [-5460.1, -1994.5], [-5478.2, -1979.4], [-5501.7, -1950.1], [-5524.7, -1937.5], [-5533.8, -1917.7], [-5530.9, -1890.7], [-5520.3, -1865.8], [-5516.7, -1848.8], [-5506.6, -1830.4], [-5491.7, -1830.6], [-5470.0, -1839.8], [-5457.1, -1829.5], [-5463.5, -1817.0], [-5481.3, -1806.0], [-5483.3, -1791.3], [-5480.4, -1769.6], [-5475.2, -1759.5], [-5471.3, -1748.0], [-5469.0, -1741.4], [-5466.0, -1728.9], [-5452.9, -1712.5], [-5438.7, -1694.7], [-5415.0, -1665.2], [-5404.2, -1650.4], [-5382.1, -1620.0], [-5359.2, -1581.9], [-5335.2, -1551.9], [-5307.4, -1526.7], [-5277.2, -1490.3], [-5254.5, -1467.4], [-5234.6, -1435.6], [-5208.8, -1408.3], [-5186.9, -1376.8], [-5161.9, -1341.0], [-5111.7, -1355.7], [-5094.4, -1381.0], [-5073.9, -1397.2], [-5064.5, -1427.1], [-5052.5, -1465.4], [-5033.8, -1492.8], [-5044.6, -1524.2], [-5066.1, -1540.7], [-5084.7, -1555.0], [-5105.1, -1565.0], [-5129.7, -1571.5], [-5155.0, -1578.2], [-5181.1, -1576.1]]}}, {"type": "Feature", "properties": {"op": "add"}, "geometry": {"type": "LineString", "coordinates": [[7913.4, -4596.4], [7919.9, -4592.4], [7924.6, -4589.5], [7929.2, -4586.6], [7936.6, -4582.0], [7944.1, -4577.4], [7957.0, -4567.5], [7960.3, -4561.8], [7964.7, -4554.2], [7963.9, -4542.4], [7956.4, -4538.0], [7948.8, -4533.6], [7942.2, -4529.8], [7932.8, -4524.3], [7922.3, -4518.3], [7923.7, -4510.8], [7926.5, -4495.7], [7928.5, -4485.0], [7925.5, -4472.3], [7919.6, -4461.9], [7909.2, -4450.8], [7903.2, -4446.1], [7897.3, -4439.6], [7890.6, -4432.4], [7884.6, -4426.0], [7870.6, -4427.6], [7862.0, -4429.4], [7853.4, -4431.2], [7844.7, -4430.8], [7818.0, -4434.6], [7809.6, -4436.8], [7799.0, -4439.6], [7782.1, -4444.1], [7773.6, -4446.4], [7765.2, -4448.6], [7749.6, -4453.6], [7740.4, -4457.0], [7731.2, -4460.5], [7717.9, -4465.5], [7705.7, -4470.1], [7694.4, -4474.3], [7682.7, -4468.5], [7666.9, -4461.6], [7657.2, -4459.4], [7647.6, -4457.1], [7626.4, -4452.2], [7614.7, -4449.5], [7595.5, -4445.1], [7587.0, -4443.1], [7570.7, -4437.2], [7559.9, -4431.7], [7553.2, -4428.2], [7535.8, -4421.9], [7529.2, -4427.6], [7519.0, -4441.8], [7514.0, -4448.9], [7504.1, -4459.1], [7497.3, -4467.6], [7488.4, -4478.8], [7479.8, -4480.2], [7470.1, -4481.8], [7461.9, -4484.9], [7451.7, -4488.8], [7435.3, -4494.9], [7421.0, -4502.3], [7415.1, -4511.5], [7408.6, -4521.6], [7404.4, -4528.1], [7398.5, -4537.2], [7390.1, -4553.7], [7397.4, -4568.1], [7402.4, -4575.3], [7415.2, -4588.1], [7425.6, -4594.1], [7434.1, -4599.0], [7451.4, -4605.1], [7457.8, -4600.8], [7464.9, -4595.8], [7475.2, -4591.9], [7477.3, -4591.2], [7487.5, -4587.4], [7498.5, -4587.7], [7511.2, -4598.0], [7511.6, -4604.6], [7512.1, -4612.2], [7512.6, -4619.8], [7515.9, -4624.1], [7524.6, -4635.4], [7531.1, -4631.3], [7539.5, -4626.1], [7550.0, -4615.1], [7563.5, -4604.1], [7586.6, -4591.9], [7592.6, -4589.2], [7600.6, -4585.7], [7611.7, -4580.9], [7630.2, -4574.4], [7639.9, -4572.2], [7644.9, -4570.0], [7665.3, -4562.1], [7684.4, -4557.9], [7705.1, -4556.4], [7724.7, -4555.1], [7730.7, -4559.8], [7738.4, -4565.9], [7746.2, -4572.1], [7754.8, -4578.8], [7762.5, -4584.9], [7769.3, -4590.3], [7778.8, -4597.7], [7785.7, -4603.1], [7793.4, -4609.2], [7807.4, -4619.7], [7815.4, -4625.3], [7823.4, -4631.0], [7831.4, -4634.6], [7841.3, -4639.1], [7850.1, -4638.9], [7868.3, -4633.7], [7875.5, -4628.8], [7883.6, -4623.2], [7891.8, -4617.6], [7898.7, -4610.6], [7904.8, -4604.3], [7909.4, -4599.6]]}}, {"type": "Feature", "properties": {"op": "add"}, "geometry": {"type": "LineString", "coordinates": [[-6980.0, -743.9], [-6986.3, -765.5], [-7007.8, -786.3], [-7039.7, -799.7], [-7065.8, -819.6], [-7083.0, -845.9], [-7110.5, -848.8], [-7122.3, -848.4], [-7157.4, -844.4], [-7189.7, -825.4], [-7190.9, -822.5], [-7214.0, -834.3], [-7229.8, -847.0], [-7233.8, -880.8], [-7278.6, -915.4], [-7321.0, -902.7], [-7352.5, -886.7], [-7386.1, -878.5], [-7447.9, -875.0], [-7495.2, -882.6], [-7557.1, -892.1], [-7574.3, -900.9], [-7578.5, -899.8], [-7607.9, -928.5], [-7658.2, -916.8], [-7685.0, -934.0], [-7719.8, -958.7], [-7771.9, -978.8], [-7786.4, -1007.9], [-7795.4, -1009.0], [-7818.7, -1027.6], [-7862.1, -1037.3], [-7887.0, -1021.9], [-7900.6, -1002.8], [-7903.3, -978.6], [-7910.0, -968.6], [-7925.4, -964.5], [-7934.6, -970.0], [-7939.1, -954.0], [-7950.3, -947.6], [-7958.4, -935.5], [-7983.1, -932.5], [-7997.5, -928.3], [-8019.0, -938.8], [-8028.9, -971.5], [-8030.8, -1000.5], [-8036.0, -1038.6], [-8042.4, -1069.0], [-8054.7, -1100.9], [-8053.4, -1102.2], [-8062.5, -1119.2], [-8045.9, -1162.1], [-8026.0, -1203.3], [-8020.6, -1243.6], [-8010.6, -1258.0], [-8010.4, -1289.7], [-8004.8, -1296.6], [-8004.7, -1330.9], [-8001.3, -1353.8], [-8006.7, -1384.5], [-8010.4, -1415.7], [-8001.1, -1444.2], [-7982.1, -1451.0], [-7968.2, -1465.4], [-7953.0, -1481.0], [-7939.6, -1462.1], [-7900.5, -1457.2], [-7879.0, -1441.8], [-7856.1, -1437.3], [-7822.6, -1423.6], [-7772.0, -1428.5], [-7738.4, -1425.5], [-7737.9, -1419.4], [-7704.9, -1406.0], [-7707.4, -1398.4], [-7705.7, -1390.0], [-7696.1, -1366.5], [-7675.6, -1361.3], [-7653.3, -1351.9], [-7640.9, -1341.2], [-7640.4, -1333.6], [-7663.0, -1293.4], [-7660.5, -1270.1], [-7652.0, -1239.6], [-7636.6, -1206.1], [-7603.8, -1173.9], [-7594.2, -1151.3], [-7584.9, -1142.8], [-7578.1, -1134.8], [-7563.9, -1131.5], [-7537.2, -1119.8], [-7526.1, -1089.7], [-7520.5, -1071.2], [-7515.3, -1040.0], [-7508.1, -1017.2], [-7509.5, -996.5], [-7517.3, -985.5], [-7501.0, -970.0], [-7481.2, -960.0], [-7454.1, -939.2], [-7412.9, -931.7], [-7379.9, -936.5], [-7345.7, -956.7], [-7334.0, -948.5], [-7310.4, -939.4], [-7267.4, -938.6], [-7231.0, -930.0], [-7184.6, -927.3], [-7150.1, -913.5], [-7128.6, -907.3], [-7113.8, -895.8], [-7072.4, -882.4], [-7046.1, -866.4], [-7009.9, -869.7], [-7002.1, -873.8], [-6990.2, -869.0], [-6970.4, -839.9], [-6946.5, -801.0], [-6914.4, -775.3], [-6896.4, -732.7], [-6893.1, -697.0], [-6904.2, -683.9], [-6927.6, -675.4], [-6963.4, -669.2], [-7011.8, -644.8], [-7039.0, -622.9], [-7074.1, -634.7], [-7075.3, -660.7], [-7051.2, -692.6], [-7052.6, -697.0], [-7034.4, -695.4], [-7021.2, -705.6], [-7015.6, -706.2], [-6989.8, -719.2]]}}, {"type": "Feature", "properties": {"op": "add"}, "geometry": {"type": "LineString", "coordinates": [[-7153.5, -1085.1], [-7196.5, -1102.6], [-7273.0, -1099.1], [-7325.2, -1155.2], [-7354.1, -1186.2], [-7359.8, -1226.8], [-7363.1, -1249.2], [-7378.2, -1334.8], [-7378.4, -1352.0], [-7357.4, -1410.0], [-7353.9, -1418.0], [-7352.0, -1441.7], [-7376.1, -1461.9], [-7394.4, -1488.8], [-7378.4, -1515.1], [-7326.9, -1520.1], [-7252.5, -1539.9], [-7223.7, -1527.9], [-7191.6, -1530.2], [-7163.9, -1497.7], [-7138.8, -1505.1], [-7127.5, -1507.1], [-7112.2, -1512.0], [-7095.8, -1524.0], [-7082.3, -1529.7], [-7077.2, -1531.9], [-7071.4, -1533.4], [-7062.6, -1536.8], [-7031.8, -1519.8], [-7007.0, -1485.7], [-6993.5, -1475.9], [-6976.9, -1412.7], [-6985.3, -1398.5], [-6986.5, -1365.6], [-7007.8, -1318.0], [-7015.9, -1290.3], [-7024.7, -1256.2], [-7029.4, -1212.3], [-7065.2, -1166.6], [-7096.7, -1126.9], [-7105.4, -1116.8], [-7117.6, -1101.2], [-7135.1, -1085.1]]}}, {"type": "Feature", "properties": {"op": "add"}, "geometry": {"type": "LineString", "coordinates": [[-6582.0, 1539.1], [-6578.2, 1497.2], [-6572.6, 1448.5], [-6550.9, 1405.3], [-6520.5, 1392.7], [-6480.7, 1395.4], [-6447.9, 1421.2], [-6414.5, 1434.0], [-6396.4, 1408.7], [-6344.8, 1377.0], [-6267.1, 1352.1], [-6277.0, 1387.0], [-6294.3, 1462.3], [-6308.7, 1485.7], [-6363.7, 1500.3], [-6483.2, 1506.3], [-6531.3, 1509.0], [-6582.0, 1539.0], [-6586.2, 1624.4], [-6594.4, 1686.2], [-6559.0, 1775.5], [-6495.7, 1816.3], [-6451.0, 1844.1], [-6486.7, 1902.9], [-6530.6, 1927.9], [-6572.6, 1947.6], [-6594.4, 1932.9], [-6626.8, 1903.5], [-6629.7, 1866.3], [-6652.0, 1809.5], [-6626.5, 1757.6], [-6605.0, 1709.1], [-6605.0, 1662.2], [-6580.6, 1583.7]]}}, {"type": "Feature", "properties": {"op": "add"}, "geometry": {"type": "LineString", "coordinates": [[4487.2, -7316.0], [4505.8, -7297.8], [4502.7, -7273.7], [4490.4, -7226.2], [4494.6, -7182.1], [4511.2, -7156.4], [4560.3, -7138.3], [4611.2, -7132.2], [4656.1, -7110.9], [4692.4, -7099.1], [4710.3, -7109.1], [4736.3, -7146.9], [4760.1, -7177.7], [4763.2, -7199.1], [4742.0, -7255.2], [4722.9, -7303.9], [4711.0, -7369.7], [4715.3, -7415.3], [4692.8, -7433.5], [4658.7, -7440.4], [4622.4, -7441.6], [4581.9, -7428.8], [4545.2, -7415.1], [4527.1, -7399.4], [4500.8, -7364.4], [4487.4, -7341.5]]}}, {"type": "Feature", "properties": {"op": "add"}, "geometry": {"type": "LineString", "coordinates": [[-5022.2, 629.7], [-5043.1, 619.9], [-5054.0, 613.6], [-5071.4, 601.9], [-5089.6, 591.4], [-5105.1, 579.9], [-5116.4, 576.7], [-5136.2, 566.9], [-5150.3, 553.1], [-5158.9, 542.1], [-5167.2, 522.3], [-5166.3, 510.9], [-5158.1, 492.4], [-5147.3, 474.4], [-5134.9, 457.5], [-5122.4, 440.6], [-5109.2, 424.3], [-5094.2, 409.6], [-5080.2, 394.0], [-5070.8, 379.5], [-5063.3, 359.3], [-5063.4, 338.5], [-5059.1, 312.6], [-5054.9, 292.8], [-5054.4, 273.8], [-5071.0, 257.0], [-5087.9, 264.2], [-5090.1, 281.7], [-5081.8, 296.3], [-5068.4, 313.5], [-5063.6, 332.8], [-5060.0, 353.4], [-5056.8, 373.2], [-5051.2, 389.0], [-5053.8, 410.6], [-5053.4, 435.0], [-5047.6, 449.8], [-5041.6, 466.0], [-5031.1, 492.4], [-5017.9, 502.3], [-5016.6, 521.6], [-5014.0, 548.4], [-5006.9, 566.6], [-5006.0, 584.3], [-5006.5, 605.2]]}}, {"type": "Feature", "properties": {"op": "add"}, "geometry": {"type": "LineString", "coordinates": [[-2369.6, -890.8], [-2373.0, -908.8], [-2380.8, -931.6], [-2386.7, -948.0], [-2392.7, -964.5], [-2398.6, -980.9], [-2404.6, -997.4], [-2410.6, -1013.8], [-2416.5, -1030.3], [-2422.5, -1046.7], [-2428.4, -1063.2], [-2436.4, -1085.4], [-2442.3, -1107.3], [-2445.3, -1129.3], [-2443.9, -1169.3], [-2443.4, -1179.2], [-2440.8, -1200.1], [-2430.8, -1238.4], [-2419.8, -1271.6], [-2416.5, -1281.6], [-2406.9, -1315.2], [-2402.1, -1332.0], [-2397.2, -1348.8], [-2393.1, -1363.2], [-2385.7, -1382.5], [-2378.2, -1398.3], [-2370.7, -1414.1], [-2363.6, -1429.0], [-2357.1, -1447.8], [-2350.0, -1475.6], [-2345.8, -1500.9], [-2345.2, -1518.8], [-2345.1, -1491.3], [-2349.7, -1468.5], [-2352.7, -1456.7], [-2365.2, -1420.9], [-2375.8, -1400.1], [-2380.6, -1390.8], [-2390.5, -1367.1], [-2396.4, -1347.0], [-2401.3, -1330.2], [-2406.2, -1313.3], [-2411.0, -1296.5], [-2415.9, -1279.7], [-2420.8, -1262.9], [-2425.7, -1246.1], [-2430.6, -1229.3], [-2435.5, -1212.5], [-2442.1, -1189.5], [-2445.6, -1167.7], [-2446.5, -1145.5], [-2444.6, -1128.2], [-2441.9, -1105.0], [-2437.3, -1086.3], [-2430.8, -1070.1], [-2424.2, -1053.8], [-2417.7, -1037.6], [-2411.2, -1021.4], [-2404.6, -1005.2], [-2389.1, -962.4], [-2385.0, -952.1], [-2379.8, -935.5], [-2372.2, -911.0], [-2369.0, -893.8], [-2365.6, -874.8], [-2364.4, -857.4], [-2363.0, -838.2], [-2359.0, -818.2], [-2351.5, -796.7], [-2346.5, -774.5], [-2343.4, -752.5], [-2343.3, -724.6], [-2341.7, -701.9], [-2337.4, -679.6], [-2325.9, -646.6], [-2318.4, -625.1], [-2311.2, -614.4], [-2322.1, -636.3], [-2331.1, -655.9], [-2336.6, -674.9], [-2339.4, -685.1], [-2342.8, -707.6], [-2344.2, -725.0], [-2345.5, -742.5], [-2346.9, -759.9], [-2348.4, -778.5], [-2352.8, -799.6], [-2361.1, -822.7], [-2365.3, -845.6], [-2366.8, -877.6]]}}, {"type": "Feature", "properties": {"op": "add"}, "geometry": {"type": "LineString", "coordinates": [[-7632.1, -4484.8], [-7631.1, -4493.7], [-7630.0, -4504.8], [-7624.5, -4514.6], [-7614.6, -4524.5], [-7604.0, -4531.8], [-7594.8, -4544.9], [-7600.6, -4559.5], [-7600.7, -4570.7], [-7599.1, -4581.7], [-7604.5, -4594.7], [-7594.6, -4589.5], [-7584.5, -4586.3], [-7572.9, -4584.2], [-7560.7, -4583.1], [-7544.0, -4581.0], [-7517.7, -4579.1], [-7496.8, -4577.6], [-7477.2, -4574.1], [-7463.0, -4577.0], [-7443.8, -4585.4], [-7411.4, -4599.9], [-7398.6, -4601.2], [-7376.3, -4601.2], [-7348.4, -4607.6], [-7364.1, -4598.9], [-7384.0, -4590.5], [-7390.7, -4573.4], [-7384.8, -4553.4], [-7384.1, -4551.0], [-7401.9, -4539.8], [-7419.3, -4528.1], [-7436.2, -4515.6], [-7453.0, -4503.0], [-7467.9, -4488.7], [-7486.2, -4478.9], [-7503.7, -4473.4], [-7510.6, -4463.8], [-7526.3, -4425.0], [-7528.7, -4419.3], [-7547.5, -4409.9], [-7563.1, -4401.6], [-7572.4, -4383.2], [-7577.5, -4357.4], [-7581.4, -4355.1], [-7609.8, -4343.1], [-7640.7, -4314.7], [-7649.2, -4306.6], [-7667.9, -4280.4], [-7681.0, -4282.8], [-7693.8, -4286.9], [-7708.1, -4289.2], [-7722.5, -4291.6], [-7734.4, -4298.8], [-7749.9, -4306.6], [-7764.1, -4314.5], [-7773.9, -4320.0], [-7784.4, -4332.3], [-7773.7, -4349.4], [-7757.5, -4365.6], [-7731.4, -4389.4], [-7703.0, -4413.7], [-7689.3, -4426.9], [-7664.6, -4448.0], [-7633.9, -4468.6]]}}, {"type": "Feature", "properties": {"op": "add"}, "geometry": {"type": "LineString", "coordinates": [[-971.0, -3637.8], [-947.6, -3615.8], [-948.3, -3601.8], [-951.1, -3576.3], [-960.1, -3559.8], [-977.6, -3539.1], [-981.6, -3505.1], [-990.3, -3489.9], [-1009.2, -3476.6], [-1011.7, -3445.7], [-1015.5, -3418.9], [-1013.6, -3398.0], [-1005.9, -3357.5], [-994.6, -3339.8], [-977.4, -3300.6], [-956.8, -3260.9], [-942.8, -3231.1], [-914.2, -3207.6], [-890.8, -3173.9], [-881.6, -3136.7], [-880.0, -3095.6], [-861.7, -3081.2], [-826.7, -3073.5], [-794.0, -3049.4], [-780.4, -3032.5], [-750.0, -2997.2], [-717.7, -2978.2], [-705.7, -2956.1], [-660.9, -2941.8], [-638.1, -2918.3], [-609.9, -2887.2], [-585.1, -2863.9], [-538.1, -2822.0], [-502.9, -2787.9], [-487.1, -2769.2], [-482.7, -2734.5], [-476.7, -2696.7], [-458.5, -2694.8], [-460.5, -2692.7], [-473.1, -2687.0], [-481.3, -2703.7], [-483.8, -2744.1], [-494.6, -2777.4], [-543.0, -2827.4], [-578.1, -2858.6], [-604.7, -2881.4], [-664.1, -2943.2], [-704.7, -2955.2], [-715.8, -2976.4], [-748.2, -2992.9], [-775.6, -3024.7], [-797.9, -3051.7], [-826.0, -3073.2], [-870.3, -3085.3], [-881.0, -3101.5], [-884.4, -3148.3], [-908.1, -3199.3], [-922.6, -3217.0], [-940.5, -3228.1], [-955.6, -3257.0], [-974.5, -3294.6], [-986.3, -3326.1], [-1004.6, -3355.4], [-1012.8, -3389.3], [-1016.8, -3425.2], [-1011.4, -3456.7], [-1013.0, -3469.6], [-987.5, -3493.9], [-979.0, -3519.3], [-975.9, -3541.7], [-952.4, -3570.3], [-946.5, -3611.8], [-962.6, -3629.4], [-972.6, -3639.5], [-977.1, -3633.1], [-974.0, -3634.9]]}}, {"type": "Feature", "properties": {"op": "add"}, "geometry": {"type": "LineString", "coordinates": [[3722.4, 913.8], [3732.0, 904.3], [3739.7, 895.5], [3750.8, 880.1], [3758.8, 867.5], [3767.2, 856.3], [3782.5, 843.8], [3795.7, 840.7], [3808.1, 839.0], [3829.0, 840.0], [3843.0, 840.8], [3868.5, 844.5], [3876.2, 850.3], [3881.1, 864.1], [3888.7, 865.3], [3906.9, 866.1], [3953.1, 864.3], [3983.3, 857.6], [4000.2, 860.7], [4014.4, 868.5], [4027.7, 883.2], [4040.6, 896.3], [4053.6, 909.0], [4065.4, 911.4], [4077.3, 909.2], [4089.1, 903.2], [4097.4, 901.2], [4113.5, 897.7], [4117.1, 886.6], [4117.5, 870.7], [4126.5, 866.4], [4133.7, 864.3], [4146.9, 861.2], [4150.8, 864.0], [4155.4, 871.4], [4157.4, 877.8], [4159.6, 886.4], [4157.6, 893.8], [4152.8, 898.9], [4147.6, 901.0], [4141.2, 902.8], [4135.1, 904.2], [4126.2, 900.4], [4123.5, 895.4], [4121.0, 888.4], [4118.9, 881.7], [4118.7, 874.4], [4124.1, 869.0], [4131.3, 865.7], [4127.2, 866.9], [4122.5, 869.7], [4118.0, 876.8], [4119.5, 886.5], [4121.2, 893.3], [4124.2, 900.1], [4130.0, 902.3], [4137.8, 903.7], [4143.8, 902.8], [4148.4, 901.2], [4155.4, 896.5], [4159.4, 886.2], [4158.7, 882.0], [4156.9, 875.2], [4153.6, 865.1], [4149.3, 863.3], [4142.3, 863.4], [4135.5, 863.8], [4128.3, 866.2], [4124.1, 869.5], [4117.5, 877.2], [4113.1, 883.2], [4108.9, 885.5], [4101.4, 894.0], [4099.2, 901.3], [4094.0, 900.0], [4080.3, 902.5], [4066.6, 905.2], [4052.0, 900.4], [4036.9, 889.3], [4015.9, 874.0], [3996.3, 866.9], [3960.3, 860.8], [3952.9, 863.0], [3940.3, 866.0], [3919.4, 868.0], [3898.7, 867.6], [3881.7, 862.0], [3878.0, 857.9], [3874.6, 851.8], [3867.7, 841.9], [3851.1, 838.4], [3809.3, 842.4], [3781.5, 845.1], [3770.6, 851.7], [3759.6, 863.3], [3739.7, 892.1], [3729.5, 910.4], [3716.3, 916.8], [3705.5, 923.5], [3693.3, 935.2], [3682.4, 953.1], [3675.4, 967.5], [3677.2, 984.4]]}}, {"type": "Feature", "properties": {"op": "add"}, "geometry": {"type": "LineString", "coordinates": [[2230.6, 222.5], [2224.8, 204.4], [2224.4, 186.2], [2224.8, 165.3], [2228.5, 144.6], [2234.3, 129.0], [2247.0, 104.1], [2259.2, 85.3], [2272.2, 73.9], [2289.5, 65.2], [2303.8, 63.2], [2324.8, 62.3], [2315.0, 61.6], [2294.3, 64.4], [2274.9, 73.6], [2262.3, 85.8], [2251.1, 95.9], [2236.6, 110.1], [2227.6, 124.7], [2222.8, 143.5], [2220.0, 164.3], [2218.4, 184.5], [2219.2, 198.5], [2220.3, 219.5], [2222.1, 244.7], [2224.5, 261.3], [2229.9, 281.5], [2236.3, 301.6], [2240.8, 314.8], [2246.9, 334.9], [2252.3, 347.8], [2261.6, 366.6], [2270.8, 385.5], [2280.3, 399.5], [2293.5, 412.1], [2304.3, 421.1], [2321.5, 433.1], [2336.4, 441.4], [2355.4, 450.3], [2365.6, 455.1], [2353.2, 449.2], [2340.3, 443.7], [2327.5, 438.1], [2310.1, 428.2], [2299.1, 419.5], [2288.8, 410.1], [2274.9, 394.4], [2267.1, 382.7], [2257.4, 364.6], [2251.9, 351.8], [2244.7, 332.1], [2240.7, 318.7], [2236.6, 305.3], [2231.7, 284.9], [2230.5, 271.3], [2229.8, 252.6], [2228.2, 238.2]]}}, {"type": "Feature", "properties": {"op": "add"}, "geometry": {"type": "LineString", "coordinates": [[-7484.1, -3945.1], [-7455.1, -3985.5], [-7389.9, -3990.9], [-7364.4, -3887.9], [-7406.4, -3828.8]]}}, {"type": "Feature", "properties": {"op": "add"}, "geometry": {"type": "LineString", "coordinates": [[-7120.0, -3516.7], [-7086.0, -3521.5]]}}, {"type": "Feature", "properties": {"op": "add"}, "geometry": {"type": "LineString", "coordinates": [[-2095.8, -3650.0], [-2100.2, -3613.9], [-2098.6, -3601.6], [-2093.8, -3595.2], [-2072.6, -3578.8], [-2023.9, -3568.2], [-2013.6, -3571.5], [-2009.8, -3580.6], [-2015.3, -3597.4], [-2020.7, -3610.3], [-2020.0, -3640.2], [-2016.1, -3664.1], [-1999.4, -3679.4], [-1987.5, -3688.3], [-1974.0, -3687.7], [-1949.2, -3678.1], [-1934.1, -3682.9], [-1935.4, -3682.3], [-1879.0, -3699.5], [-1852.7, -3703.8], [-1813.0, -3718.5], [-1788.2, -3722.9], [-1767.2, -3739.9], [-1750.2, -3747.4], [-1729.3, -3776.7], [-1716.0, -3802.4], [-1690.7, -3829.3], [-1674.7, -3842.4], [-1632.7, -3846.1], [-1592.7, -3842.2], [-1561.6, -3839.3], [-1544.6, -3834.4], [-1512.5, -3831.7], [-1486.9, -3836.6], [-1434.2, -3852.7], [-1405.8, -3854.5], [-1366.6, -3852.4], [-1337.4, -3837.8], [-1299.7, -3810.7], [-1277.1, -3782.8], [-1263.7, -3781.2], [-1243.7, -3786.3], [-1221.9, -3784.1], [-1204.0, -3775.9], [-1181.7, -3768.9], [-1156.9, -3751.6], [-1138.8, -3741.8], [-1080.1, -3738.8], [-1069.1, -3735.0], [-1061.9, -3724.1], [-1053.6, -3697.6], [-1044.1, -3690.1], [-1040.3, -3690.7], [-1028.2, -3688.7]]}}, {"type": "Feature", "properties": {"op": "add"}, "geometry": {"type": "LineString", "coordinates": [[3178.6, 188.5], [3189.8, 198.6], [3215.2, 185.8], [3224.1, 183.1], [3228.1, 195.0], [3225.3, 201.8], [3233.3, 226.9], [3274.1, 225.8], [3321.6, 209.8], [3369.7, 226.2], [3402.3, 227.2], [3441.9, 224.8], [3453.9, 220.3], [3472.5, 213.7], [3515.5, 213.0], [3516.2, 212.8], [3548.2, 217.1], [3567.6, 219.4], [3659.8, 209.7], [3734.9, 177.6], [3760.2, 162.5], [3761.6, 161.1], [3801.2, 129.9], [3815.5, 118.5], [3894.6, 44.9], [3972.8, 0.4], [4026.4, -7.6], [4086.2, 12.3], [4158.8, 50.7], [4223.5, 99.5], [4224.3, 100.0], [4243.4, 117.4], [4264.2, 134.2]]}}, {"type": "Feature", "properties": {"op": "add"}, "geometry": {"type": "LineString", "coordinates": [[-8845.6, -4374.0], [-8840.8, -4373.7], [-8837.4, -4373.6], [-8832.7, -4373.3], [-8829.4, -4373.1], [-8817.4, -4372.4], [-8803.5, -4371.6], [-8795.1, -4365.6], [-8766.8, -4367.1], [-8755.6, -4367.5], [-8754.4, -4365.6], [-8728.8, -4353.1], [-8706.6, -4356.6], [-8679.0, -4380.2], [-8643.0, -4393.8], [-8611.2, -4399.1], [-8554.9, -4409.3], [-8531.6, -4412.0], [-8510.4, -4414.4], [-8476.9, -4418.3], [-8435.9, -4426.7], [-8381.9, -4446.4], [-8351.1, -4447.8], [-8324.2, -4445.1]]}}, {"type": "Feature", "properties": {"op": "add"}, "geometry": {"type": "LineString", "coordinates": [[-8138.9, -4384.8], [-8036.9, -4443.4]]}}, {"type": "Feature", "properties": {"op": "add"}, "geometry": {"type": "LineString", "coordinates": [[-7587.7, -4765.0], [-7497.6, -4792.9], [-7391.5, -4774.3], [-7308.4, -4739.9]]}}, {"type": "Feature", "properties": {"op": "add"}, "geometry": {"type": "LineString", "coordinates": [[-7016.1, -4751.1], [-6985.5, -4777.4], [-6953.0, -4786.0], [-6940.4, -4831.0]]}}, {"type": "Feature", "properties": {"op": "add"}, "geometry": {"type": "LineString", "coordinates": [[-4943.7, 1715.7], [-4944.9, 1706.7], [-4942.8, 1690.2], [-4946.5, 1669.6], [-4955.9, 1651.9], [-4967.6, 1643.9], [-4978.1, 1607.9], [-4975.4, 1596.2], [-4972.8, 1581.9], [-4958.6, 1581.0], [-4936.7, 1594.9], [-4885.7, 1598.1], [-4874.2, 1601.7], [-4816.6, 1594.5], [-4802.2, 1571.9], [-4746.4, 1576.1], [-4739.7, 1707.2], [-4674.0, 1840.4], [-4667.9, 1864.1], [-4668.1, 1886.4], [-4679.4, 1932.3], [-4674.2, 1946.7], [-4643.9, 1967.5], [-4595.6, 2010.8], [-4562.6, 2029.3], [-4538.6, 2032.7], [-4532.0, 2034.2], [-4507.8, 2039.3], [-4482.7, 2045.7], [-4460.9, 2051.5], [-4450.0, 2060.0], [-4449.0, 2079.1], [-4436.6, 2134.5], [-4429.2, 2170.2], [-4424.8, 2186.1], [-4416.7, 2209.8], [-4405.2, 2231.8], [-4377.6, 2265.4]]}}, {"type": "Feature", "properties": {"op": "add"}, "geometry": {"type": "LineString", "coordinates": [[6004.3, -1180.5], [6002.5, -1157.3], [6029.2, -1139.7], [6042.5, -1129.0], [6062.8, -1115.5], [6089.2, -1111.9], [6104.4, -1114.6], [6115.1, -1128.6], [6119.4, -1147.3], [6119.0, -1176.1], [6121.0, -1198.4], [6123.5, -1226.6], [6127.7, -1246.0], [6133.4, -1253.6], [6150.8, -1269.2], [6155.8, -1275.0], [6163.5, -1307.1], [6174.8, -1340.9], [6191.1, -1371.3], [6215.6, -1397.5], [6243.8, -1407.7], [6280.8, -1408.3], [6325.4, -1406.7], [6355.0, -1404.3], [6374.7, -1399.2], [6395.8, -1367.1], [6408.6, -1333.5], [6409.1, -1312.2], [6418.7, -1277.7], [6441.7, -1247.3], [6462.1, -1226.3], [6478.0, -1216.3], [6499.6, -1217.1], [6523.2, -1220.8], [6542.7, -1217.0], [6557.3, -1211.1], [6574.6, -1204.6]]}}, {"type": "Feature", "properties": {"op": "add"}, "geometry": {"type": "LineString", "coordinates": [[-6383.1, -1964.4], [-6393.6, -1949.6], [-6397.9, -1931.1], [-6397.5, -1921.5], [-6389.6, -1910.0], [-6380.1, -1905.5], [-6373.4, -1900.3], [-6372.9, -1893.5], [-6379.7, -1877.6], [-6380.3, -1871.1], [-6373.8, -1855.6], [-6368.8, -1847.8], [-6370.9, -1835.0], [-6376.6, -1821.6], [-6381.9, -1810.4], [-6396.7, -1807.1], [-6400.3, -1795.0], [-6402.7, -1747.5], [-6397.0, -1710.0], [-6388.1, -1676.3], [-6370.7, -1638.6], [-6366.7, -1592.7], [-6333.9, -1534.6], [-6305.4, -1477.9], [-6311.6, -1419.0], [-6330.0, -1400.1], [-6356.0, -1392.6], [-6370.9, -1386.2], [-6381.5, -1369.8], [-6405.4, -1321.5], [-6406.6, -1307.6], [-6386.3, -1286.8], [-6364.2, -1264.7], [-6343.6, -1239.8], [-6335.6, -1202.5], [-6325.6, -1184.5], [-6317.8, -1177.7], [-6303.0, -1180.2], [-6302.0, -1184.8], [-6297.6, -1186.4]]}}, {"type": "Feature", "properties": {"op": "add"}, "geometry": {"type": "LineString", "coordinates": [[-4792.4, -2137.8], [-4813.5, -2141.5], [-4828.6, -2154.3], [-4833.8, -2149.2], [-4846.4, -2136.1], [-4865.1, -2116.6], [-4888.4, -2090.7], [-4893.1, -2085.5], [-4907.3, -2074.9], [-4899.9, -2062.1], [-4897.8, -2056.5], [-4888.3, -2033.2], [-4876.3, -2003.9], [-4872.2, -1994.2], [-4879.6, -1977.0], [-4879.1, -1964.3], [-4874.7, -1956.9], [-4869.5, -1952.6], [-4842.5, -1929.0], [-4804.4, -1897.3], [-4798.1, -1892.4], [-4779.4, -1882.8], [-4762.1, -1866.5], [-4766.3, -1861.9], [-4782.9, -1852.2], [-4793.6, -1851.0], [-4803.3, -1855.1], [-4808.0, -1854.5], [-4837.2, -1848.5], [-4884.6, -1840.4], [-4889.7, -1839.6], [-4893.9, -1843.7], [-4903.1, -1872.4], [-4910.9, -1879.9], [-4920.1, -1880.9], [-4924.5, -1881.5], [-4966.1, -1886.0], [-4999.4, -1890.8], [-5007.3, -1891.7], [-5013.3, -1879.6], [-5023.3, -1856.0], [-5038.5, -1826.0], [-5048.7, -1809.8], [-5053.2, -1791.7], [-5062.1, -1794.4], [-5052.7, -1797.0]]}}, {"type": "Feature", "properties": {"op": "add"}, "geometry": {"type": "LineString", "coordinates": [[7848.4, -2216.4], [7829.8, -2244.8], [7819.0, -2304.3], [7931.1, -2314.3], [7943.6, -2324.7], [7952.0, -2351.1], [7963.7, -2413.0], [7975.2, -2551.6], [7948.1, -2570.8], [7947.2, -2583.4], [7951.1, -2596.2], [7948.3, -2610.1], [7928.5, -2625.9], [7948.3, -2610.1], [7952.3, -2594.1], [7914.0, -2567.0], [7835.4, -2571.1], [7897.3, -2560.7]]}}, {"type": "Feature", "properties": {"op": "add"}, "geometry": {"type": "LineString", "coordinates": [[-1154.9, 2708.2], [-1162.6, 2712.9], [-1183.4, 2709.4], [-1245.1, 2676.4], [-1260.5, 2672.5], [-1272.7, 2666.4], [-1343.0, 2580.8], [-1362.2, 2561.7], [-1376.6, 2514.1], [-1379.1, 2510.9], [-1383.1, 2489.2], [-1395.3, 2426.2], [-1366.2, 2317.2], [-1353.8, 2213.5], [-1354.2, 2208.3], [-1354.6, 2193.8], [-1367.6, 2160.6], [-1379.4, 2132.8], [-1404.8, 2088.7], [-1417.2, 2082.7], [-1423.3, 2074.2], [-1433.0, 2070.6], [-1469.3, 2078.7], [-1507.2, 2115.1]]}}, {"type": "Feature", "properties": {"op": "add"}, "geometry": {"type": "LineString", "coordinates": [[3347.2, -694.7], [3341.5, -694.7], [3338.3, -686.1], [3352.7, -677.7], [3370.3, -669.4], [3381.5, -659.4], [3389.6, -648.5], [3396.7, -641.5], [3410.5, -634.3], [3418.5, -631.8], [3429.5, -631.6], [3434.9, -629.2], [3438.9, -618.5], [3444.2, -609.3], [3460.5, -593.8], [3480.3, -578.2], [3492.9, -562.3], [3495.2, -551.0], [3496.2, -529.2], [3497.6, -510.4], [3498.5, -497.8], [3484.2, -489.7], [3469.4, -481.9], [3449.2, -471.3], [3426.7, -456.3], [3406.5, -446.6], [3386.2, -437.8], [3349.6, -439.3], [3310.3, -467.3], [3290.6, -507.6], [3272.9, -525.0], [3231.2, -524.4], [3176.0, -494.5], [3168.2, -480.4]]}}, {"type": "Feature", "properties": {"op": "add"}, "geometry": {"type": "LineString", "coordinates": [[-599.2, -4291.7], [-599.7, -4335.9], [-601.3, -4384.7], [-598.1, -4419.4], [-584.5, -4447.3], [-570.7, -4472.1], [-570.7, -4501.3], [-585.6, -4518.7], [-576.6, -4541.9], [-561.2, -4549.6], [-550.4, -4557.4], [-549.0, -4570.2], [-556.1, -4582.0], [-580.9, -4576.5], [-595.3, -4577.6], [-603.5, -4601.4], [-603.5, -4638.1], [-603.6, -4681.4], [-587.6, -4717.4], [-562.9, -4734.5], [-522.4, -4753.3], [-483.8, -4771.4], [-442.0, -4778.6], [-400.2, -4799.7], [-362.9, -4817.1], [-316.8, -4809.2], [-281.2, -4800.6], [-235.3, -4791.4], [-196.4, -4776.9], [-164.1, -4760.9], [-116.4, -4749.2], [-90.2, -4744.4], [-50.6, -4747.0], [-27.3, -4752.6], [21.4, -4745.8], [63.5, -4743.2], [92.1, -4742.2], [131.7, -4765.5], [152.1, -4766.5], [184.8, -4748.7], [224.2, -4741.7], [248.5, -4737.6], [268.5, -4748.6], [292.9, -4739.6], [315.0, -4721.6], [330.3, -4717.4], [300.9, -4734.5], [259.1, -4745.5], [242.2, -4735.7], [211.7, -4744.5], [165.8, -4756.9], [137.9, -4768.7], [101.2, -4747.2], [65.2, -4739.1], [46.5, -4745.2], [6.3, -4750.5], [-35.6, -4752.0], [-69.9, -4744.8], [-108.9, -4746.9], [-153.3, -4758.8], [-195.4, -4773.2], [-242.3, -4789.3], [-282.1, -4800.2], [-325.8, -4810.0], [-360.7, -4814.1], [-385.4, -4807.9], [-421.0, -4788.1], [-461.6, -4771.8], [-503.0, -4765.2], [-545.5, -4742.6], [-585.5, -4722.4], [-603.3, -4688.0], [-604.6, -4646.8], [-605.5, -4617.6], [-604.0, -4601.9], [-599.4, -4580.0], [-605.0, -4570.4], [-629.7, -4561.1], [-635.0, -4551.8], [-630.2, -4537.6], [-618.5, -4532.7], [-588.9, -4523.6], [-570.4, -4500.9], [-571.0, -4475.0], [-591.2, -4436.4], [-602.0, -4403.7], [-599.8, -4357.4], [-600.5, -4327.6], [-601.6, -4288.5], [-612.8, -4276.9], [-625.6, -4261.9], [-628.1, -4246.0], [-622.0, -4229.9], [-607.5, -4224.2], [-591.1, -4229.6], [-579.4, -4238.1], [-576.7, -4251.9], [-580.8, -4268.7]]}}, {"type": "Feature", "properties": {"op": "add"}, "geometry": {"type": "LineString", "coordinates": [[-1641.4, 206.8], [-1662.3, 180.5], [-1683.0, 180.1], [-1705.1, 159.8], [-1742.1, 144.0], [-1773.7, 114.1], [-1784.5, 85.2], [-1786.1, 46.5], [-1783.8, 16.1], [-1813.7, -6.8], [-1850.3, -38.5], [-1876.8, -38.7], [-1911.3, -20.8], [-1948.6, -14.5], [-1992.2, -17.5], [-2014.3, -31.1], [-2015.6, -52.7], [-2020.6, -88.2], [-2047.6, -88.8], [-2081.5, -91.5], [-2085.2, -112.5], [-2111.1, -141.5], [-2113.3, -178.5], [-2111.4, -215.4], [-2082.1, -239.7], [-2049.7, -241.7], [-2012.2, -249.8], [-1985.9, -282.9], [-1972.4, -316.2], [-1977.5, -348.4], [-1953.9, -389.9], [-1948.0, -416.8], [-1946.0, -451.1], [-1915.4, -485.0], [-1887.1, -482.4], [-1847.0, -458.7], [-1821.4, -448.8], [-1785.1, -449.3], [-1753.6, -452.8], [-1722.2, -448.6], [-1680.3, -445.7], [-1651.8, -418.8], [-1615.0, -390.3], [-1586.9, -410.3], [-1551.8, -421.7], [-1514.5, -452.2], [-1483.5, -456.3], [-1453.9, -455.8], [-1415.3, -480.3], [-1377.1, -473.7], [-1335.4, -485.1]]}}, {"type": "Feature", "properties": {"op": "add"}, "geometry": {"type": "LineString", "coordinates": [[-2729.9, 198.0], [-2710.7, 163.3], [-2673.6, 159.4], [-2666.4, 130.5], [-2652.2, 106.5], [-2644.1, 80.5], [-2647.6, 47.9], [-2674.7, 19.1], [-2654.1, -13.8], [-2623.8, -50.0], [-2625.0, -82.2], [-2640.1, -114.8], [-2630.9, -155.9], [-2648.4, -189.7], [-2653.1, -216.5], [-2653.3, -253.8], [-2653.7, -284.7], [-2678.1, -318.1], [-2678.7, -356.4], [-2682.2, -385.5], [-2675.5, -418.9], [-2651.6, -446.2], [-2650.0, -485.9], [-2654.0, -523.7], [-2648.3, -550.1], [-2643.8, -583.0], [-2651.5, -615.3], [-2656.2, -662.2], [-2646.3, -674.1], [-2626.5, -706.5], [-2623.7, -749.3], [-2640.4, -780.5], [-2654.1, -814.0], [-2658.0, -849.3], [-2643.6, -886.5], [-2620.5, -916.7], [-2584.2, -916.4], [-2552.4, -923.7], [-2547.4, -952.7], [-2552.7, -980.1], [-2584.2, -994.7], [-2619.3, -1011.6], [-2649.3, -1026.3], [-2656.4, -1053.2], [-2650.2, -1085.0], [-2645.8, -1113.3], [-2622.3, -1140.4], [-2583.1, -1156.3], [-2545.0, -1182.2], [-2518.6, -1219.8], [-2521.7, -1246.9], [-2543.6, -1288.5], [-2552.3, -1316.4]]}}, {"type": "Feature", "properties": {"op": "add"}, "geometry": {"type": "LineString", "coordinates": [[-884.7, -182.7], [-905.3, -218.5], [-894.8, -258.7], [-888.4, -290.0], [-888.7, -329.3], [-888.9, -360.4], [-870.1, -398.7], [-852.6, -426.0], [-846.0, -460.0], [-818.2, -482.5], [-814.7, -522.2], [-798.1, -558.2], [-812.4, -586.4], [-846.5, -607.3], [-853.5, -644.2], [-886.0, -653.4], [-918.4, -649.0], [-955.6, -621.8], [-978.7, -611.8], [-1014.9, -618.3], [-1054.7, -620.9], [-1088.6, -627.3], [-1109.4, -644.6], [-1129.8, -685.3], [-1147.4, -719.2], [-1178.5, -753.0], [-1221.6, -753.9], [-1250.3, -749.1], [-1278.0, -715.4], [-1276.4, -671.6], [-1257.0, -647.4], [-1278.3, -619.3], [-1284.9, -585.4], [-1310.0, -573.9], [-1342.5, -551.5], [-1356.4, -507.8], [-1356.4, -487.6], [-1389.2, -458.5], [-1415.5, -450.4], [-1453.9, -432.5], [-1475.4, -412.8], [-1481.2, -383.0], [-1522.2, -378.7], [-1555.2, -384.1], [-1589.2, -383.1], [-1626.8, -388.0], [-1651.8, -413.5], [-1678.1, -449.1], [-1723.3, -443.7], [-1754.0, -419.0], [-1791.2, -387.4], [-1840.5, -387.6], [-1855.8, -356.9], [-1875.5, -312.3], [-1912.8, -283.7], [-1926.3, -253.3], [-1938.2, -218.8], [-1950.8, -189.2], [-1974.2, -159.5], [-2013.0, -149.9], [-2040.7, -125.1], [-2079.0, -111.8], [-2110.2, -88.9], [-2120.7, -46.1], [-2084.2, -21.4], [-2057.7, 1.8], [-2018.1, 5.5], [-1988.1, 18.5], [-1958.6, 53.3], [-1953.4, 95.4], [-1970.6, 118.4], [-1979.2, 148.0], [-2019.0, 146.7], [-2055.3, 146.0], [-2086.7, 156.0], [-2117.5, 178.9], [-2159.5, 179.8], [-2178.9, 155.6], [-2217.7, 142.8], [-2249.1, 117.1], [-2287.7, 109.0], [-2321.2, 89.3], [-2356.8, 109.5], [-2390.1, 80.7], [-2413.2, 39.2], [-2453.4, 25.4], [-2498.6, 32.9], [-2520.8, 56.8], [-2542.2, 47.7], [-2554.3, 17.9], [-2554.8, -23.7], [-2558.1, -45.4], [-2578.8, -71.7], [-2594.2, -111.5], [-2609.3, -138.0]]}}, {"type": "Feature", "properties": {"op": "add"}, "geometry": {"type": "LineString", "coordinates": [[-1203.3, 368.0], [-1223.4, 339.9], [-1244.1, 318.3], [-1289.4, 314.4], [-1305.8, 288.3], [-1354.8, 281.0], [-1395.8, 285.8], [-1442.9, 271.9], [-1478.1, 239.2], [-1484.3, 190.1], [-1484.8, 142.3], [-1484.4, 112.9], [-1480.0, 83.8], [-1483.2, 98.5], [-1511.9, 57.8], [-1547.1, 23.1], [-1577.5, -15.2], [-1585.9, -49.7], [-1613.0, -88.4], [-1625.2, -115.5], [-1624.9, -156.7], [-1616.6, -176.8], [-1592.3, -215.9], [-1583.4, -245.1], [-1560.4, -283.7], [-1546.8, -318.0], [-1548.6, -339.5], [-1520.6, -379.8], [-1510.5, -417.0], [-1490.7, -450.1], [-1484.8, -493.2], [-1486.8, -524.8], [-1490.0, -552.6], [-1478.2, -591.9], [-1450.5, -606.3], [-1429.9, -637.4], [-1404.9, -672.2], [-1390.5, -687.5], [-1354.2, -710.2], [-1319.7, -723.2], [-1317.2, -755.0], [-1343.9, -791.7], [-1354.1, -828.1], [-1357.2, -858.5], [-1357.2, -889.6], [-1345.3, -909.6], [-1321.0, -924.8], [-1279.0, -947.2], [-1249.8, -951.6], [-1211.7, -983.6], [-1180.3, -1015.5], [-1175.7, -1051.2], [-1172.4, -1081.6], [-1154.0, -1122.7], [-1113.8, -1123.6], [-1086.6, -1096.5], [-1086.8, -1063.5], [-1093.8, -1022.7], [-1092.3, -982.1]]}}, {"type": "Feature", "properties": {"op": "add"}, "geometry": {"type": "LineString", "coordinates": [[-4609.3, -1198.9], [-4590.7, -1209.9], [-4578.2, -1218.7], [-4560.9, -1224.7], [-4536.4, -1209.8], [-4522.3, -1194.0], [-4512.3, -1165.9], [-4510.0, -1149.7], [-4514.4, -1124.4], [-4524.1, -1110.4], [-4543.5, -1082.7], [-4555.8, -1074.1], [-4555.5, -1061.2], [-4553.2, -1019.6], [-4551.1, -1002.5], [-4563.3, -985.4], [-4579.2, -957.6], [-4600.3, -939.9], [-4622.5, -925.6], [-4646.0, -923.7], [-4663.4, -930.3], [-4671.1, -937.4], [-4676.3, -939.8], [-4683.6, -940.2], [-4703.9, -961.2], [-4720.0, -981.0], [-4740.5, -1006.7], [-4761.5, -1021.9], [-4784.2, -1030.8], [-4806.9, -1040.0], [-4824.6, -1050.7], [-4831.7, -1054.3], [-4838.3, -1056.9], [-4844.7, -1060.9], [-4853.8, -1066.6], [-4866.6, -1073.5], [-4879.0, -1084.3], [-4894.1, -1097.4], [-4896.3, -1115.0], [-4890.8, -1125.8], [-4869.1, -1147.4], [-4852.8, -1168.4], [-4836.0, -1189.2], [-4814.9, -1199.2], [-4790.8, -1208.4], [-4773.7, -1217.5], [-4761.1, -1234.0], [-4751.2, -1245.7], [-4731.8, -1253.6], [-4695.5, -1255.8], [-4672.7, -1251.6], [-4661.3, -1233.9], [-4651.6, -1224.3], [-4644.6, -1219.6], [-4635.8, -1209.4], [-4627.9, -1198.8], [-4622.2, -1191.5]]}}, {"type": "Feature", "properties": {"op": "add"}, "geometry": {"type": "LineString", "coordinates": [[-6695.0, 1890.6], [-6703.9, 1879.9], [-6710.2, 1866.9], [-6715.4, 1847.4], [-6709.9, 1829.4], [-6711.3, 1817.1], [-6713.3, 1797.1], [-6720.2, 1777.5], [-6726.7, 1758.9], [-6740.1, 1737.3], [-6749.1, 1723.1], [-6761.8, 1713.5], [-6775.7, 1708.8], [-6798.2, 1702.5], [-6812.1, 1702.0], [-6836.4, 1693.1], [-6853.4, 1688.5], [-6881.8, 1671.0], [-6886.5, 1652.9], [-6887.7, 1627.9], [-6881.0, 1587.3], [-6871.5, 1559.4], [-6873.6, 1522.2], [-6878.2, 1492.3], [-6887.3, 1445.4], [-6903.1, 1401.5], [-6907.1, 1386.4], [-6920.0, 1352.9], [-6912.8, 1326.2], [-6914.6, 1281.6], [-6914.2, 1261.2], [-6918.6, 1226.4], [-6935.5, 1195.9], [-6947.0, 1168.3]]}}, {"type": "Feature", "properties": {"op": "add"}, "geometry": {"type": "LineString", "coordinates": [[-1801.9, 2119.0], [-1810.8, 2078.4], [-1817.0, 2054.5], [-1822.9, 2030.7], [-1816.4, 2008.0], [-1814.1, 1975.7], [-1799.5, 1949.5], [-1790.5, 1934.6], [-1764.6, 1920.6], [-1741.3, 1917.0], [-1716.7, 1914.8], [-1692.4, 1897.6], [-1683.7, 1865.2], [-1670.1, 1838.2], [-1653.0, 1814.3], [-1638.2, 1791.7], [-1626.2, 1772.4], [-1612.4, 1756.7], [-1594.5, 1738.6], [-1578.3, 1728.3]]}}, {"type": "Feature", "properties": {"op": "add"}, "geometry": {"type": "LineString", "coordinates": [[6883.4, -2307.3], [6860.5, -2308.4], [6840.4, -2308.0], [6818.5, -2307.6], [6804.6, -2309.2], [6784.8, -2323.5], [6754.6, -2334.1], [6725.5, -2338.1], [6687.6, -2338.2], [6666.6, -2343.6], [6656.4, -2360.3], [6625.6, -2374.3], [6606.4, -2393.6], [6589.2, -2401.6], [6564.6, -2419.2], [6538.9, -2436.5], [6517.2, -2450.7], [6516.9, -2476.7], [6519.8, -2506.8], [6523.8, -2538.2], [6525.3, -2571.3], [6532.3, -2610.0], [6536.7, -2647.0], [6542.3, -2683.8], [6548.3, -2722.5], [6550.4, -2764.0], [6547.6, -2788.2], [6544.6, -2815.3], [6541.1, -2847.7], [6537.8, -2888.2], [6537.9, -2926.9], [6539.9, -2964.1], [6545.7, -3002.6], [6547.9, -3035.5], [6562.4, -3070.2], [6575.8, -3105.9], [6593.9, -3146.2], [6606.1, -3187.2], [6617.8, -3231.1], [6628.3, -3271.5], [6637.6, -3311.9], [6642.4, -3359.4], [6645.8, -3407.4], [6644.3, -3450.0], [6645.0, -3495.0], [6646.3, -3538.2], [6652.6, -3586.2], [6656.6, -3627.0], [6661.3, -3652.7], [6670.5, -3677.6], [6684.9, -3720.9], [6697.4, -3761.7], [6714.6, -3803.6], [6731.6, -3812.8], [6754.2, -3846.0], [6778.6, -3877.2], [6797.7, -3913.8], [6809.8, -3958.9], [6821.5, -3988.9], [6837.9, -4017.0], [6854.2, -4058.3], [6889.2, -4093.1], [6928.8, -4123.3], [6964.8, -4138.5], [7011.4, -4147.3], [7047.4, -4149.7], [7064.7, -4188.4], [7087.3, -4223.4], [7109.2, -4258.8], [7114.2, -4297.3], [7114.6, -4334.8], [7122.7, -4371.7], [7138.6, -4402.0], [7155.2, -4433.6], [7176.9, -4459.9], [7207.7, -4488.7], [7247.3, -4505.7], [7278.1, -4525.3], [7308.1, -4559.3], [7338.3, -4594.9], [7353.3, -4610.6], [7369.1, -4639.7], [7375.6, -4663.6], [7389.5, -4684.4], [7403.3, -4716.0], [7402.7, -4714.7], [7399.3, -4740.4], [7353.5, -4742.8], [7335.6, -4731.4], [7305.1, -4754.5], [7284.9, -4782.4], [7247.8, -4807.5], [7216.4, -4822.1], [7188.5, -4856.7], [7163.0, -4866.7], [7130.9, -4863.4], [7082.9, -4862.4], [7052.3, -4870.6], [7022.1, -4886.9], [7004.5, -4899.9], [6965.5, -4927.6], [6945.8, -4962.3], [6940.6, -4999.4], [6934.7, -5032.6], [6926.4, -5044.0], [6901.1, -5056.7], [6880.2, -5061.4], [6857.1, -5075.5], [6813.9, -5095.2], [6787.3, -5105.6], [6777.7, -5111.5], [6772.0, -5123.9], [6761.6, -5137.5], [6741.0, -5155.3], [6728.5, -5177.6], [6722.0, -5189.7], [6725.9, -5199.3], [6739.2, -5203.9], [6737.1, -5214.2], [6727.2, -5223.8], [6715.5, -5239.6], [6720.4, -5261.2]]}}, {"type": "Feature", "properties": {"op": "add"}, "geometry": {"type": "LineString", "coordinates": [[-1453.9, -2798.3], [-1433.4, -2792.4], [-1419.9, -2780.1], [-1404.7, -2775.2], [-1393.0, -2769.1], [-1370.5, -2760.0], [-1355.3, -2754.3], [-1340.6, -2747.5], [-1325.3, -2741.7], [-1314.8, -2739.7], [-1307.0, -2741.4], [-1295.8, -2748.6], [-1284.5, -2756.3], [-1271.8, -2770.2], [-1267.0, -2785.7], [-1264.9, -2798.8], [-1262.7, -2812.1], [-1249.8, -2833.1], [-1239.8, -2836.5], [-1212.8, -2836.7], [-1183.1, -2834.2], [-1161.9, -2829.9], [-1144.0, -2824.3], [-1127.3, -2821.1], [-1108.6, -2822.6], [-1085.7, -2829.9], [-1069.4, -2843.9], [-1051.4, -2855.5], [-1032.2, -2865.6], [-1009.1, -2873.1], [-987.4, -2888.6], [-968.0, -2903.3], [-953.7, -2925.9], [-946.6, -2946.2], [-956.2, -2970.8], [-971.5, -2993.0], [-1007.2, -3017.1], [-1036.3, -3036.8], [-1067.6, -3070.3], [-1087.2, -3089.0], [-1114.0, -3111.8], [-1139.1, -3127.4], [-1155.1, -3127.3], [-1179.2, -3124.3], [-1203.3, -3120.6], [-1224.7, -3109.2], [-1245.7, -3104.9], [-1267.3, -3094.1], [-1284.0, -3085.1], [-1303.4, -3076.1], [-1318.9, -3076.3], [-1326.2, -3073.9], [-1334.7, -3067.3], [-1343.3, -3060.7], [-1357.6, -3053.0], [-1374.2, -3044.5], [-1388.7, -3037.5], [-1410.9, -3027.5], [-1426.7, -3022.6], [-1440.7, -3014.6], [-1454.5, -3006.1], [-1467.0, -2995.9], [-1476.8, -2983.2], [-1491.8, -2963.6], [-1501.1, -2943.9], [-1511.3, -2922.1], [-1512.8, -2900.7], [-1510.9, -2881.9], [-1506.1, -2863.7], [-1497.0, -2844.2], [-1484.3, -2823.4], [-1466.0, -2807.7]]}}, {"type": "Feature", "properties": {"op": "add"}, "geometry": {"type": "LineString", "coordinates": [[-919.0, -2178.8], [-926.9, -2193.7], [-946.5, -2218.3], [-1003.9, -2269.3], [-1006.9, -2302.4], [-1016.6, -2312.6], [-1027.7, -2306.8], [-1036.0, -2315.4], [-1048.9, -2316.1], [-1074.6, -2317.3], [-1087.6, -2317.3], [-1113.7, -2317.5], [-1126.7, -2322.4], [-1152.4, -2326.3], [-1179.7, -2315.4], [-1210.0, -2318.0], [-1211.4, -2304.8], [-1213.9, -2279.2], [-1218.5, -2246.7], [-1222.2, -2222.6], [-1221.4, -2201.4], [-1236.8, -2191.4], [-1250.1, -2173.6], [-1250.2, -2146.8], [-1244.2, -2117.4], [-1238.7, -2084.2], [-1229.9, -2060.7], [-1204.1, -2057.5], [-1175.5, -2037.5], [-1178.6, -2016.4], [-1165.0, -1997.8], [-1147.9, -1975.7], [-1128.6, -1955.5], [-1099.1, -1933.0], [-1068.2, -1929.0]]}}, {"type": "Feature", "properties": {"op": "add"}, "geometry": {"type": "LineString", "coordinates": [[-957.8, -1944.0], [-957.5, -1962.2], [-981.0, -1965.9], [-1001.1, -1938.8], [-1026.4, -1935.5], [-1054.4, -1930.9], [-1084.8, -1933.5], [-1116.1, -1921.0], [-1148.2, -1905.7], [-1190.0, -1910.5], [-1195.2, -1929.9], [-1222.5, -1949.6], [-1254.8, -1958.4], [-1278.3, -1981.5], [-1290.1, -2019.1], [-1318.9, -2018.9], [-1348.1, -2045.6], [-1359.0, -2082.9], [-1350.3, -2119.6], [-1350.6, -2149.8], [-1380.0, -2151.7], [-1422.2, -2157.1], [-1443.9, -2182.2], [-1481.9, -2205.3], [-1516.2, -2218.1], [-1546.7, -2251.2], [-1551.4, -2283.7], [-1549.7, -2316.1], [-1540.5, -2352.1], [-1545.5, -2390.4], [-1550.9, -2424.2], [-1524.4, -2455.7], [-1525.8, -2485.4], [-1527.7, -2527.5], [-1527.8, -2563.8], [-1519.2, -2599.7], [-1513.7, -2632.9], [-1505.6, -2657.4], [-1492.3, -2676.8], [-1477.7, -2713.9], [-1488.6, -2757.9], [-1489.2, -2787.1], [-1484.0, -2819.4], [-1487.9, -2850.4], [-1452.8, -2883.7], [-1412.5, -2912.7], [-1417.4, -2872.2], [-1419.9, -2843.9], [-1435.5, -2816.8], [-1453.3, -2776.3], [-1451.2, -2749.1], [-1451.0, -2711.4], [-1456.7, -2680.4], [-1441.3, -2644.9], [-1411.3, -2643.2], [-1379.8, -2639.1], [-1352.2, -2618.9], [-1322.3, -2582.2], [-1309.1, -2550.2], [-1286.8, -2524.4], [-1284.4, -2495.3], [-1282.9, -2451.6], [-1249.5, -2423.5], [-1246.8, -2379.5], [-1248.8, -2346.9], [-1257.9, -2300.3], [-1248.2, -2275.4], [-1218.8, -2254.8], [-1246.9, -2213.6], [-1253.8, -2183.8], [-1274.4, -2157.2], [-1291.6, -2124.6], [-1312.2, -2086.9], [-1310.6, -2046.1], [-1316.1, -2014.5], [-1308.6, -1981.5], [-1276.7, -1981.2], [-1250.5, -1999.4], [-1220.0, -1993.1], [-1193.9, -1974.9], [-1158.4, -1976.4], [-1136.1, -1943.5], [-1116.8, -1914.4], [-1093.1, -1893.2], [-1052.9, -1884.5], [-1028.5, -1884.3], [-993.4, -1903.0], [-977.4, -1915.7], [-966.0, -1927.9]]}}, {"type": "Feature", "properties": {"op": "add"}, "geometry": {"type": "LineString", "coordinates": [[-1556.9, -1962.8], [-1643.9, -1978.0], [-1655.7, -2012.6], [-1688.6, -2019.1], [-1714.9, -2045.6], [-1743.0, -2077.3], [-1758.6, -2119.3], [-1795.0, -2180.9], [-1792.8, -2213.4], [-1822.1, -2212.8], [-1849.7, -2205.6], [-1876.3, -2185.6], [-1900.6, -2146.6], [-1912.8, -2110.3], [-1920.6, -2077.2], [-1949.4, -2051.6], [-1992.3, -2051.5], [-2011.6, -2048.6], [-2045.9, -2043.7], [-2083.4, -2046.8], [-2118.0, -2042.3], [-2153.1, -2014.6], [-2181.0, -2042.9], [-2176.7, -2077.9], [-2174.7, -2122.9], [-2177.4, -2160.2], [-2155.1, -2192.2], [-2154.5, -2217.7], [-2153.1, -2259.0], [-2148.0, -2284.8], [-2133.8, -2318.7], [-2118.2, -2345.2], [-2110.1, -2385.8], [-2046.0, -2415.9], [-2021.2, -2445.5], [-2014.1, -2488.8], [-2017.5, -2516.7], [-1985.4, -2522.6]]}}, {"type": "Feature", "properties": {"op": "add"}, "geometry": {"type": "LineString", "coordinates": [[610.8, -1910.2], [605.5, -1872.1], [611.4, -1848.5], [606.3, -1818.6], [579.5, -1809.3], [553.5, -1787.3], [516.5, -1773.6], [491.9, -1796.6], [463.1, -1830.8], [436.6, -1843.8], [405.8, -1846.6], [379.8, -1848.5], [353.8, -1840.5], [312.5, -1850.3], [293.1, -1875.4], [278.5, -1850.7], [249.9, -1848.8], [218.7, -1858.8], [186.8, -1853.9], [146.7, -1862.3], [110.8, -1859.1], [84.7, -1849.8], [46.8, -1821.2], [16.8, -1813.1], [-19.8, -1794.3], [-59.1, -1802.5], [-97.3, -1827.2], [-122.4, -1869.8], [-151.4, -1890.6], [-159.1, -1917.6], [-145.7, -1945.4], [-115.7, -1957.1], [-77.9, -1984.4], [-58.2, -2025.0], [-45.9, -2047.7], [-12.6, -2068.6], [17.6, -2082.3], [57.3, -2059.3], [81.7, -2028.3], [128.6, -2027.8], [153.0, -2014.3], [185.5, -1984.2], [214.4, -1956.4], [229.2, -1923.6], [237.3, -1898.0], [265.7, -1899.4], [312.6, -1909.4], [346.1, -1917.3], [386.8, -1921.8], [413.0, -1939.4], [446.4, -1951.4], [481.7, -1956.0], [520.1, -1958.3], [549.4, -1950.8], [578.7, -1950.6], [614.8, -1983.8], [628.1, -2027.9], [642.2, -2049.2], [660.6, -2089.5], [652.5, -2123.9], [650.9, -2150.2], [657.0, -2173.8], [678.2, -2182.2], [725.1, -2184.5], [710.5, -2152.5], [680.6, -2123.7], [652.0, -2101.9], [658.4, -2073.8], [655.2, -2033.7], [654.3, -2009.6], [645.9, -1972.1], [617.9, -1950.7], [610.8, -1910.2]]}}, {"type": "Feature", "properties": {"op": "add"}, "geometry": {"type": "LineString", "coordinates": [[-951.8, -2714.6], [-949.5, -2753.0], [-950.9, -2775.5], [-910.1, -2784.5], [-886.7, -2813.6], [-852.7, -2814.5], [-826.0, -2819.1], [-799.4, -2792.0], [-778.0, -2776.9], [-748.5, -2786.3], [-725.8, -2815.7], [-687.7, -2818.1], [-702.5, -2816.3], [-644.9, -2826.0], [-615.2, -2848.5], [-579.2, -2882.5], [-545.8, -2877.3], [-518.0, -2852.9], [-479.6, -2851.2], [-447.8, -2852.1], [-419.4, -2816.7], [-375.8, -2817.2], [-342.8, -2826.2], [-332.3, -2834.8], [-396.4, -2820.5], [-417.1, -2848.5], [-452.6, -2843.5], [-485.7, -2849.6], [-527.7, -2844.8], [-562.8, -2815.5], [-577.9, -2792.6], [-612.9, -2764.6], [-647.7, -2746.0], [-640.5, -2723.5], [-625.5, -2696.1], [-620.3, -2653.8], [-615.4, -2614.3], [-595.6, -2585.8], [-575.9, -2562.1], [-555.6, -2536.8], [-552.3, -2505.2], [-564.3, -2486.4], [-588.7, -2469.9], [-600.6, -2445.8], [-603.5, -2460.4], [-621.4, -2513.5], [-654.2, -2523.0], [-685.0, -2534.2], [-721.0, -2522.1], [-756.7, -2510.8], [-792.2, -2506.5], [-817.0, -2479.1], [-815.8, -2430.1], [-842.6, -2400.3], [-861.9, -2370.8], [-886.2, -2345.3], [-912.1, -2382.6], [-909.9, -2414.8], [-938.9, -2443.0], [-939.9, -2477.1], [-949.3, -2521.3], [-945.7, -2549.7], [-920.5, -2579.2], [-914.0, -2613.1], [-942.9, -2649.5], [-950.5, -2685.4], [-951.8, -2714.6]]}}, {"type": "Feature", "properties": {"op": "add"}, "geometry": {"type": "LineString", "coordinates": [[-1016.7, -1844.9], [-983.8, -1875.5], [-953.1, -1883.2], [-906.8, -1872.8], [-881.7, -1878.8], [-880.1, -1851.1], [-871.3, -1821.6], [-854.5, -1789.0], [-849.7, -1757.6], [-845.1, -1721.2], [-817.8, -1714.2], [-798.7, -1734.3], [-815.5, -1740.8], [-798.2, -1773.1], [-780.4, -1807.4], [-752.2, -1815.2], [-728.6, -1845.3], [-715.9, -1892.3], [-710.0, -1910.7], [-673.7, -1930.5], [-636.2, -1905.8], [-613.8, -1892.0], [-579.7, -1873.3], [-556.2, -1849.0], [-512.4, -1858.8], [-514.4, -1875.2], [-538.1, -1893.7], [-547.7, -1916.4], [-545.3, -1946.5], [-540.5, -1980.4], [-521.7, -1994.1], [-493.1, -2015.5], [-459.9, -2021.0], [-425.3, -2015.2], [-400.4, -2044.3], [-401.3, -2079.2], [-425.6, -2094.8], [-433.7, -2123.3], [-418.6, -2102.5], [-399.9, -2061.0], [-418.6, -2044.9], [-448.4, -2029.7], [-481.8, -2020.8], [-509.3, -1988.4], [-516.9, -1953.7], [-525.9, -1914.8], [-547.4, -1875.3], [-552.2, -1885.2], [-574.8, -1857.9], [-599.6, -1873.1], [-622.9, -1881.4], [-641.7, -1851.1], [-678.1, -1853.0], [-718.9, -1853.5], [-746.7, -1877.2], [-780.9, -1875.0], [-784.3, -1851.4], [-815.4, -1839.3], [-817.8, -1817.8], [-845.7, -1793.0], [-887.4, -1812.9], [-890.2, -1843.4], [-923.8, -1846.3], [-956.1, -1844.7], [-986.1, -1829.2], [-1010.5, -1841.4], [-1016.7, -1844.9]]}}, {"type": "Feature", "properties": {"op": "add"}, "geometry": {"type": "LineString", "coordinates": [[-2109.7, -2392.1], [-2068.2, -2379.6], [-2039.8, -2365.6], [-2000.3, -2365.7], [-1973.1, -2334.7], [-1949.6, -2300.8], [-1938.3, -2266.1], [-1910.5, -2264.2], [-1889.7, -2249.2], [-1870.0, -2219.4], [-1834.0, -2212.2], [-1818.1, -2172.9], [-1809.2, -2148.1], [-1784.8, -2146.5], [-1755.6, -2112.0], [-1744.6, -2085.9], [-1719.4, -2085.9], [-1677.7, -2082.4], [-1674.8, -2052.6], [-1680.7, -2012.9], [-1657.4, -1986.3], [-1653.6, -1942.2], [-1614.3, -1944.6], [-1598.7, -1917.5], [-1576.8, -1889.4], [-1538.7, -1881.6], [-1516.3, -1878.9], [-1486.2, -1849.2], [-1485.5, -1816.2], [-1484.6, -1783.2], [-1482.0, -1751.5], [-1484.3, -1716.3], [-1508.8, -1811.8], [-1516.2, -1848.2], [-1544.4, -1876.9], [-1584.7, -1882.0], [-1614.8, -1908.5], [-1626.6, -1950.6], [-1667.6, -1962.0], [-1679.8, -1984.6], [-1691.6, -2026.5], [-1722.9, -2052.4], [-1746.2, -2095.4], [-1752.0, -2132.5], [-1782.5, -2150.4], [-1794.6, -2190.5], [-1817.7, -2217.8], [-1843.3, -2249.9], [-1851.1, -2277.9], [-1850.2, -2319.7], [-1824.6, -2351.9], [-1849.7, -2380.3], [-1882.2, -2394.7], [-1909.2, -2421.5], [-1923.0, -2451.9], [-1947.0, -2477.0], [-1949.5, -2507.7], [-1978.5, -2514.4], [-1984.8, -2520.2], [-1989.4, -2478.7], [-2027.9, -2473.7], [-2023.6, -2447.3], [-2027.5, -2409.8], [-2053.1, -2385.0], [-2082.4, -2377.7], [-2109.7, -2392.1]]}}, {"type": "Feature", "properties": {"op": "add"}, "geometry": {"type": "LineString", "coordinates": [[-2232.1, -1814.0], [-2223.7, -1841.5], [-2224.3, -1886.6], [-2221.4, -1912.5], [-2216.3, -1950.6], [-2218.1, -1982.0], [-2193.5, -2016.2], [-2208.7, -2051.2], [-2206.5, -2089.9], [-2210.7, -2117.8], [-2225.1, -2156.1], [-2221.3, -2188.2], [-2221.9, -2221.2], [-2252.8, -2248.4], [-2267.0, -2268.9], [-2283.1, -2279.0], [-2314.3, -2283.0], [-2346.3, -2311.7], [-2355.4, -2315.6], [-2383.7, -2312.0], [-2391.7, -2284.0], [-2420.3, -2275.9], [-2424.0, -2250.2], [-2451.6, -2225.7], [-2449.8, -2186.7], [-2454.5, -2150.1], [-2471.7, -2114.9], [-2481.7, -2078.7], [-2516.8, -2032.8], [-2538.7, -2015.2], [-2577.2, -2010.8], [-2592.6, -1973.3], [-2583.1, -1933.0], [-2554.8, -1906.2], [-2520.2, -1878.0], [-2527.9, -1854.0], [-2549.8, -1848.9], [-2584.2, -1843.3], [-2623.3, -1853.5], [-2641.2, -1890.2], [-2651.2, -1896.0], [-2617.2, -1879.6], [-2582.4, -1880.9], [-2578.8, -1855.7], [-2572.4, -1833.4], [-2539.4, -1826.4], [-2514.4, -1819.3], [-2483.9, -1790.8], [-2453.8, -1799.0], [-2421.3, -1791.7], [-2384.2, -1790.3], [-2348.1, -1789.9], [-2314.4, -1791.0], [-2286.5, -1793.1], [-2276.4, -1813.2], [-2239.2, -1809.8], [-2216.6, -1779.4], [-2216.5, -1803.4]]}}, {"type": "Feature", "properties": {"op": "add"}, "geometry": {"type": "LineString", "coordinates": [[-2548.3, -1823.4], [-2549.9, -1856.7], [-2550.6, -1886.7], [-2528.2, -1913.4], [-2514.9, -1944.0], [-2525.7, -1972.7], [-2519.4, -2015.2], [-2539.7, -2043.0], [-2579.9, -2051.9], [-2619.6, -2038.3], [-2625.2, -2010.3], [-2649.7, -1987.7], [-2687.8, -1958.8], [-2731.6, -1948.9], [-2765.4, -1949.5], [-2799.7, -1956.7], [-2821.3, -1979.8], [-2858.4, -1977.6], [-2893.0, -1985.3], [-2924.9, -2012.8], [-2973.1, -2018.6], [-3019.9, -2009.6], [-3059.9, -2014.0], [-3105.4, -2015.0], [-3140.9, -2008.2], [-3185.2, -2018.1], [-3234.4, -2015.5], [-3278.2, -2012.0], [-3314.2, -1990.9], [-3347.5, -1954.1], [-3357.8, -1922.3], [-3384.4, -1912.7], [-3418.6, -1918.8], [-3440.8, -1951.5], [-3420.3, -1985.9], [-3414.5, -2022.2], [-3413.9, -2043.6], [-3392.6, -2081.2], [-3380.8, -2125.6], [-3408.2, -2158.7], [-3461.5, -2223.2], [-3492.0, -2259.0], [-3496.3, -2299.2], [-3527.4, -2326.3], [-3576.4, -2325.0], [-3611.6, -2345.0], [-3658.0, -2348.2], [-3684.3, -2346.7], [-3718.3, -2324.1], [-3742.4, -2290.0], [-3730.7, -2247.1], [-3718.4, -2216.6], [-3756.3, -2184.9], [-3799.9, -2179.8], [-3828.0, -2195.0], [-3850.6, -2208.7], [-3883.1, -2204.8], [-3913.9, -2188.7], [-3945.7, -2189.1], [-3985.6, -2210.2]]}}, {"type": "Feature", "properties": {"op": "add"}, "geometry": {"type": "LineString", "coordinates": [[-3803.0, -1847.3], [-3780.7, -1880.0], [-3765.3, -1912.3], [-3743.8, -1944.3], [-3719.0, -1949.9], [-3674.8, -1972.1], [-3633.5, -1962.8], [-3604.3, -1934.9], [-3574.1, -1917.9], [-3543.6, -1922.9], [-3514.4, -1891.9], [-3482.7, -1879.5], [-3447.4, -1879.3], [-3419.5, -1883.7], [-3401.7, -1915.8], [-3377.2, -1947.0], [-3359.4, -1988.0], [-3351.8, -2020.0], [-3347.3, -2061.4], [-3337.6, -2084.6], [-3305.3, -2097.3], [-3264.6, -2110.6], [-3221.7, -2091.5], [-3175.7, -2081.9], [-3131.3, -2093.5], [-3093.5, -2117.3], [-3050.1, -2119.9], [-3005.5, -2110.0], [-2967.4, -2095.7], [-2937.0, -2117.2], [-2908.2, -2144.8], [-2871.2, -2160.0], [-2853.1, -2161.5], [-2835.1, -2182.7], [-2796.0, -2209.9], [-2758.6, -2238.8], [-2721.4, -2257.8], [-2681.0, -2258.6], [-2673.6, -2282.2], [-2647.5, -2312.2], [-2624.1, -2319.1], [-2583.4, -2317.8], [-2553.0, -2291.6], [-2522.4, -2288.3], [-2480.3, -2292.0], [-2440.1, -2314.4], [-2414.9, -2342.6], [-2396.2, -2380.4], [-2380.4, -2413.0], [-2353.3, -2423.8], [-2310.5, -2422.8], [-2293.4, -2402.1], [-2295.3, -2370.9], [-2286.9, -2341.9], [-2253.0, -2320.2], [-2207.7, -2319.8], [-2185.6, -2344.3]]}}, {"type": "Feature", "properties": {"op": "add"}, "geometry": {"type": "LineString", "coordinates": [[1580.5, -4206.0], [1587.2, -4222.9], [1605.2, -4246.5], [1622.5, -4265.1], [1638.8, -4272.9], [1654.1, -4265.0], [1667.8, -4255.4], [1686.0, -4246.7], [1701.5, -4235.4], [1721.0, -4227.4], [1744.4, -4214.9], [1761.6, -4216.1], [1777.7, -4223.3], [1801.7, -4232.6], [1823.0, -4239.4], [1852.2, -4248.1], [1860.9, -4254.2], [1868.9, -4261.2], [1892.0, -4284.1], [1913.0, -4284.6], [1930.0, -4295.2], [1932.6, -4321.8], [1933.9, -4358.7], [1934.6, -4367.6], [1935.3, -4378.5], [1934.5, -4409.6], [1939.0, -4443.9], [1921.5, -4480.0], [1904.0, -4508.4], [1888.5, -4525.1], [1866.3, -4530.9], [1833.0, -4536.7], [1813.3, -4534.1], [1776.9, -4527.9], [1752.6, -4516.5], [1735.0, -4497.4], [1729.3, -4474.8], [1736.4, -4454.2], [1742.9, -4433.7], [1739.0, -4418.4], [1732.6, -4408.2], [1727.6, -4400.4], [1715.3, -4381.8], [1700.3, -4374.2], [1684.5, -4387.6], [1676.6, -4398.1], [1657.1, -4417.2], [1640.8, -4421.7], [1637.3, -4404.7], [1654.3, -4410.0], [1674.0, -4401.4], [1682.7, -4391.6], [1694.9, -4376.2], [1710.7, -4377.6], [1727.6, -4398.5], [1734.1, -4407.9], [1741.0, -4422.0], [1741.5, -4441.1], [1736.9, -4453.6], [1727.2, -4475.4], [1736.6, -4497.4], [1751.6, -4516.5], [1775.5, -4530.8], [1803.8, -4528.1], [1823.5, -4519.1], [1841.0, -4506.0], [1862.8, -4484.4], [1889.9, -4477.5], [1889.9, -4462.2], [1894.7, -4447.3], [1896.8, -4431.8], [1888.6, -4420.6], [1877.2, -4417.8], [1851.7, -4417.6], [1840.3, -4404.6], [1837.0, -4398.1], [1831.0, -4388.4], [1821.2, -4371.4], [1809.2, -4353.9], [1800.2, -4333.4], [1794.1, -4320.8], [1788.0, -4308.2], [1779.2, -4294.9], [1768.5, -4299.6], [1760.2, -4307.5], [1755.4, -4306.4], [1747.1, -4301.1], [1741.0, -4296.6], [1736.5, -4285.8], [1732.7, -4271.2], [1739.0, -4263.3], [1748.9, -4255.6], [1761.0, -4251.2], [1773.7, -4242.7], [1782.3, -4230.9], [1770.2, -4219.4], [1757.3, -4215.5], [1740.5, -4215.6], [1729.5, -4224.9], [1715.2, -4227.8], [1703.5, -4233.7], [1682.5, -4249.1], [1665.3, -4255.1], [1647.6, -4270.5], [1633.6, -4273.0], [1617.6, -4258.6], [1598.4, -4234.2], [1581.5, -4213.4]]}}, {"type": "Feature", "properties": {"op": "add"}, "geometry": {"type": "LineString", "coordinates": [[1645.2, -4416.4], [1661.1, -4413.3], [1674.6, -4399.5], [1681.6, -4391.7], [1698.4, -4375.0], [1713.1, -4378.4], [1730.4, -4402.7], [1732.0, -4405.3], [1737.2, -4414.5], [1742.3, -4433.6], [1737.7, -4451.1], [1728.4, -4474.3], [1734.1, -4497.9], [1755.5, -4517.6], [1771.4, -4531.3], [1805.1, -4527.1], [1825.5, -4528.1], [1845.0, -4535.5], [1865.5, -4531.4], [1889.4, -4528.7], [1901.0, -4548.2], [1906.5, -4557.1], [1921.9, -4580.6], [1909.4, -4594.1], [1892.3, -4605.9], [1898.4, -4613.9], [1908.6, -4629.0], [1910.7, -4632.3], [1916.5, -4641.1], [1930.1, -4661.4], [1950.0, -4683.6], [1965.0, -4687.4], [1984.4, -4693.3], [2000.9, -4703.3], [2009.2, -4692.7], [2017.6, -4683.8], [2022.2, -4678.9], [2021.1, -4666.4], [2017.9, -4659.3], [2006.8, -4648.3], [2013.7, -4656.2], [2021.4, -4667.0], [2021.1, -4672.8], [2008.6, -4692.3], [2000.3, -4700.1], [1987.0, -4693.8], [1974.9, -4689.5], [1953.0, -4684.8], [1937.0, -4671.8], [1930.9, -4663.3], [1918.8, -4646.1], [1912.8, -4637.5], [1907.1, -4628.7], [1892.6, -4605.2], [1924.1, -4582.5], [1912.5, -4565.1], [1903.6, -4552.5], [1897.7, -4543.8], [1885.2, -4527.5], [1866.4, -4530.3], [1854.7, -4534.3], [1834.3, -4536.8], [1804.4, -4528.7], [1775.1, -4530.5], [1756.5, -4522.1], [1736.2, -4500.4], [1730.0, -4474.2], [1734.2, -4460.1], [1742.2, -4436.8], [1739.6, -4419.4], [1734.4, -4410.3], [1728.3, -4400.4], [1721.7, -4390.2], [1702.3, -4375.4], [1691.6, -4380.8], [1683.5, -4388.8], [1670.7, -4404.9], [1648.0, -4418.4]]}}, {"type": "Feature", "properties": {"op": "add"}, "geometry": {"type": "LineString", "coordinates": [[1701.5, -3928.6], [1704.0, -3933.0], [1719.7, -3960.2], [1736.4, -3995.5], [1744.2, -4018.7], [1742.3, -4039.5], [1731.5, -4069.0], [1710.6, -4083.9], [1680.1, -4091.8], [1631.7, -4108.8], [1606.5, -4122.3], [1585.1, -4150.6], [1579.7, -4173.2], [1586.5, -4217.0], [1603.3, -4243.6], [1629.1, -4269.5], [1642.2, -4274.1], [1666.8, -4255.5], [1672.4, -4252.9], [1672.8, -4256.6], [1671.7, -4275.8], [1670.6, -4296.0], [1669.5, -4319.5], [1669.4, -4318.1], [1670.1, -4306.1], [1671.1, -4285.1], [1672.8, -4260.0], [1672.3, -4253.8], [1664.4, -4257.2], [1651.1, -4266.6], [1637.0, -4272.6], [1621.3, -4263.4], [1593.2, -4229.4], [1579.9, -4200.2], [1578.8, -4173.6], [1586.7, -4146.8], [1604.3, -4123.7], [1622.2, -4112.7], [1662.7, -4097.2], [1708.4, -4086.8], [1732.9, -4069.2], [1743.6, -4044.1], [1746.4, -4019.5], [1740.5, -3992.3], [1729.1, -3966.7], [1710.3, -3936.8], [1705.5, -3929.6]]}}, {"type": "Feature", "properties": {"op": "add"}, "geometry": {"type": "LineString", "coordinates": [[-3591.8, -2027.5], [-3578.8, -2032.7], [-3557.1, -2043.9], [-3551.1, -2045.2], [-3523.2, -2046.9], [-3509.2, -2047.5], [-3496.7, -2049.3], [-3479.9, -2053.1], [-3501.2, -2048.8], [-3515.1, -2048.2], [-3529.1, -2047.5], [-3548.5, -2045.9], [-3563.9, -2041.5], [-3586.6, -2028.7], [-3606.2, -2022.2], [-3644.3, -2018.2], [-3672.3, -2018.5], [-3691.6, -2020.1], [-3709.0, -2024.3], [-3724.3, -2035.2], [-3735.8, -2043.3], [-3750.1, -2051.9], [-3763.7, -2053.7], [-3789.9, -2051.4], [-3803.8, -2049.7], [-3817.8, -2049.0], [-3845.7, -2050.2], [-3859.7, -2050.5], [-3873.7, -2050.1], [-3887.7, -2049.8], [-3901.6, -2050.5], [-3929.6, -2049.6], [-3953.5, -2047.9], [-3967.5, -2048.8], [-3981.4, -2049.8], [-4009.4, -2050.7], [-4023.4, -2050.6], [-4037.4, -2050.3], [-4075.4, -2045.7], [-4088.2, -2036.3], [-4099.3, -2027.8], [-4122.5, -2012.1], [-4128.7, -2005.8], [-4117.1, -2013.6], [-4095.1, -2030.9], [-4079.0, -2042.8], [-4062.6, -2048.7], [-4036.4, -2050.3], [-4015.0, -2050.4], [-4001.0, -2050.1], [-3973.0, -2048.9], [-3959.8, -2048.6], [-3945.8, -2049.4], [-3919.2, -2051.6], [-3905.2, -2051.3], [-3891.2, -2050.9], [-3863.2, -2050.4], [-3828.9, -2049.5], [-3814.9, -2049.9], [-3801.0, -2050.9], [-3771.2, -2053.0], [-3757.2, -2053.0], [-3737.5, -2046.7], [-3726.0, -2038.7], [-3714.8, -2030.3], [-3698.7, -2020.5], [-3668.3, -2017.5], [-3654.3, -2017.6], [-3620.9, -2018.2], [-3604.4, -2020.8]]}}, {"type": "Feature", "properties": {"op": "add"}, "geometry": {"type": "LineString", "coordinates": [[-1163.8, -2039.6], [-1155.3, -2030.9], [-1146.8, -2025.6], [-1139.0, -2020.7], [-1127.7, -2012.3], [-1116.3, -2004.2], [-1104.7, -1996.4], [-1095.7, -1989.6], [-1085.5, -1980.1], [-1075.5, -1970.3], [-1065.6, -1960.4], [-1055.0, -1951.2], [-1037.6, -1936.9], [-1031.2, -1935.6], [-1018.7, -1937.2], [-1009.1, -1941.3], [-1000.5, -1948.7], [-990.9, -1958.9], [-983.6, -1964.3], [-971.5, -1971.4], [-963.5, -1976.7], [-949.9, -1985.9], [-942.1, -1986.3], [-934.5, -1983.2], [-927.7, -1976.5], [-917.0, -1962.4], [-912.5, -1961.0], [-901.2, -1962.2], [-884.3, -1971.2], [-873.3, -1981.7], [-870.2, -1989.0], [-868.6, -2000.6], [-869.8, -2009.6], [-874.1, -2022.9], [-875.5, -2029.8], [-875.9, -2035.9], [-874.4, -2054.1], [-875.2, -2058.4], [-878.8, -2074.6], [-878.9, -2078.5], [-879.1, -2094.2], [-882.5, -2107.8], [-885.8, -2121.4], [-890.0, -2134.7], [-891.7, -2148.6], [-893.0, -2158.9], [-896.9, -2184.4], [-898.9, -2190.6], [-908.6, -2206.6], [-919.8, -2216.2], [-926.9, -2220.5], [-939.2, -2227.3], [-951.5, -2234.0], [-964.3, -2239.6], [-970.1, -2241.3], [-983.6, -2244.9], [-1003.1, -2254.7], [-1014.4, -2263.0], [-1022.0, -2268.8], [-1027.5, -2271.5], [-1035.5, -2273.7], [-1042.0, -2274.7], [-1054.4, -2276.5], [-1059.0, -2279.0], [-1065.7, -2284.0], [-1078.1, -2294.2], [-1090.4, -2301.0], [-1103.8, -2306.9], [-1110.7, -2306.0], [-1120.2, -2300.8], [-1127.5, -2293.8], [-1133.7, -2283.9], [-1138.4, -2270.7], [-1143.6, -2257.7], [-1147.4, -2249.4], [-1155.0, -2237.6], [-1163.0, -2226.3], [-1168.7, -2215.4], [-1175.5, -2196.1], [-1177.9, -2191.4], [-1184.3, -2181.5], [-1190.2, -2174.5], [-1199.4, -2165.2], [-1207.4, -2153.7], [-1212.2, -2147.5], [-1219.4, -2138.8], [-1228.5, -2119.1], [-1227.9, -2112.2], [-1223.2, -2099.0], [-1213.0, -2075.9], [-1208.3, -2070.7], [-1197.4, -2062.0], [-1191.3, -2057.8], [-1179.4, -2050.5]]}}, {"type": "Feature", "properties": {"op": "add"}, "geometry": {"type": "LineString", "coordinates": [[-971.0, -3637.8], [-947.6, -3615.8], [-948.3, -3601.8], [-951.1, -3576.3], [-960.1, -3559.8], [-977.6, -3539.1], [-981.6, -3505.1], [-990.3, -3489.9], [-1009.2, -3476.6], [-1011.7, -3445.7], [-1015.5, -3418.9], [-1013.6, -3398.0], [-1005.9, -3357.5], [-994.6, -3339.8], [-977.4, -3300.6], [-956.8, -3260.9], [-942.8, -3231.1], [-914.2, -3207.6], [-890.8, -3173.9], [-881.6, -3136.7], [-880.0, -3095.6], [-861.7, -3081.2], [-826.7, -3073.5], [-794.0, -3049.4], [-780.4, -3032.5], [-750.0, -2997.2], [-717.7, -2978.2], [-705.7, -2956.1], [-660.9, -2941.8], [-638.1, -2918.3], [-609.9, -2887.2], [-585.1, -2863.9], [-538.1, -2822.0], [-502.9, -2787.9], [-487.1, -2769.2], [-482.7, -2734.5], [-476.7, -2696.7], [-458.5, -2694.8], [-460.5, -2694.4], [-460.5, -2692.7], [-473.1, -2687.0], [-481.3, -2703.7], [-483.8, -2744.1], [-494.6, -2777.4], [-543.0, -2827.4], [-578.1, -2858.6], [-604.7, -2881.4], [-664.1, -2943.2], [-704.7, -2955.2], [-715.8, -2976.4], [-748.2, -2992.9], [-775.6, -3024.7], [-797.9, -3051.7], [-826.0, -3073.2], [-870.3, -3085.3], [-881.0, -3101.5], [-884.4, -3148.3], [-908.1, -3199.3], [-922.6, -3217.0], [-940.5, -3228.1], [-955.6, -3257.0], [-974.5, -3294.6], [-986.3, -3326.1], [-1004.6, -3355.4], [-1012.8, -3389.3], [-1016.8, -3425.2], [-1011.4, -3456.7], [-1013.0, -3469.6], [-987.5, -3493.9], [-979.0, -3519.3], [-975.9, -3541.7], [-952.4, -3570.3], [-946.5, -3611.8], [-962.6, -3629.4], [-972.6, -3639.5], [-977.1, -3633.1], [-974.0, -3634.9]]}}, {"type": "Feature", "properties": {"op": "add"}, "geometry": {"type": "LineString", "coordinates": [[-2998.1, -2012.5], [-3048.2, -1999.6], [-3106.7, -2003.4], [-3143.7, -2005.0], [-3268.0, -2026.3]]}}, {"type": "Feature", "properties": {"op": "add"}, "geometry": {"type": "LineString", "coordinates": [[-3583.2, -1921.6], [-3645.1, -1956.1], [-3702.8, -2056.8], [-3724.3, -2202.7], [-3696.8, -2312.4], [-3667.8, -2352.6], [-3657.8, -2356.7], [-3648.6, -2356.1], [-3639.4, -2353.2], [-3630.6, -2346.3], [-3597.4, -2300.3], [-3563.1, -2268.8], [-3520.4, -2253.3], [-3489.0, -2234.9], [-3387.1, -2196.9], [-3292.9, -2185.5], [-3206.9, -2075.9], [-3154.2, -2065.1], [-3144.1, -2075.1], [-3125.9, -2101.7], [-3105.7, -2123.7], [-3082.9, -2132.5], [-2983.8, -2114.5], [-2974.8, -2087.4], [-2958.3, -2057.4], [-2973.3, -2017.2]]}}, {"type": "Feature", "properties": {"op": "add"}, "geometry": {"type": "LineString", "coordinates": [[-2891.0, -2150.0], [-2903.9, -2136.4], [-2921.7, -2112.8], [-2928.0, -2071.3], [-2928.9, -2050.8], [-2926.8, -2041.0], [-2923.6, -2034.2], [-2915.7, -2026.9], [-2905.6, -2021.3], [-2896.0, -2017.1], [-2881.8, -2010.8], [-2872.8, -2008.7], [-2860.2, -2009.6], [-2850.7, -2007.5], [-2837.9, -2001.7], [-2798.1, -1973.7], [-2775.6, -1955.8], [-2770.0, -1954.5], [-2737.4, -1955.2], [-2710.8, -1959.7], [-2667.9, -1973.9], [-2649.1, -1983.1], [-2640.2, -1988.7], [-2613.4, -2005.2], [-2554.6, -2041.3], [-2525.5, -2064.5], [-2520.2, -2075.4], [-2518.6, -2091.8], [-2521.2, -2119.2], [-2523.4, -2133.0], [-2524.0, -2157.7], [-2513.8, -2189.2], [-2511.8, -2202.4], [-2511.2, -2208.1], [-2513.0, -2220.9], [-2517.0, -2236.1], [-2526.6, -2255.2], [-2532.4, -2268.1], [-2541.8, -2277.3], [-2564.6, -2288.9], [-2598.3, -2299.1], [-2623.5, -2294.4], [-2652.5, -2282.1], [-2707.8, -2258.6], [-2712.8, -2253.5], [-2719.9, -2249.2], [-2722.9, -2247.6], [-2727.5, -2243.9], [-2742.7, -2228.3], [-2753.0, -2206.2], [-2786.3, -2184.3], [-2826.4, -2175.9], [-2833.2, -2174.2], [-2840.0, -2172.5], [-2850.2, -2170.1], [-2874.6, -2162.6]]}}, {"type": "Feature", "properties": {"op": "add"}, "geometry": {"type": "LineString", "coordinates": [[-3714.6, -2178.9], [-3707.5, -2166.9], [-3701.4, -2157.7], [-3692.5, -2146.9], [-3673.3, -2126.6], [-3663.2, -2116.9], [-3652.1, -2108.4], [-3640.8, -2100.1], [-3625.4, -2090.9], [-3599.2, -2081.1], [-3586.0, -2076.8], [-3572.9, -2071.8], [-3560.1, -2066.2], [-3541.5, -2058.9], [-3528.0, -2055.2], [-3509.1, -2051.7], [-3485.2, -2051.7], [-3454.0, -2051.7], [-3426.0, -2052.7], [-3398.0, -2053.2], [-3370.1, -2054.1], [-3342.1, -2056.2], [-3328.2, -2057.7], [-3300.4, -2061.2], [-3286.7, -2063.9], [-3272.9, -2066.5], [-3259.2, -2069.0], [-3231.6, -2073.7], [-3217.7, -2075.7], [-3203.9, -2077.6], [-3189.9, -2078.9], [-3162.3, -2080.8], [-3149.2, -2085.6], [-3124.5, -2093.5], [-3101.2, -2090.3], [-3088.3, -2090.8], [-3061.9, -2081.7], [-3048.5, -2077.6], [-3034.9, -2074.3], [-3007.2, -2070.2], [-2993.4, -2068.1], [-2980.6, -2066.4], [-2964.9, -2066.1], [-2939.5, -2073.5], [-2930.6, -2084.3], [-2912.5, -2105.6], [-2897.2, -2117.5], [-2888.3, -2123.2], [-2862.7, -2134.6], [-2845.2, -2142.1], [-2833.2, -2149.2], [-2820.5, -2155.2], [-2794.7, -2166.0], [-2768.0, -2174.3], [-2754.4, -2177.7], [-2727.0, -2183.7], [-2699.3, -2187.7], [-2671.5, -2190.2], [-2657.5, -2190.9], [-2629.5, -2191.7], [-2601.6, -2193.4], [-2587.6, -2193.8], [-2559.6, -2194.8], [-2550.9, -2194.9], [-2526.0, -2197.3], [-2509.8, -2202.8], [-2497.4, -2209.4], [-2485.5, -2216.6], [-2474.0, -2224.6], [-2461.9, -2231.7], [-2449.7, -2238.5], [-2437.4, -2245.3], [-2413.0, -2258.9], [-2400.9, -2265.9], [-2388.9, -2273.2], [-2365.4, -2288.4], [-2353.6, -2295.9], [-2337.2, -2303.3], [-2307.3, -2306.4], [-2296.7, -2304.7], [-2271.3, -2297.4], [-2257.8, -2293.8], [-2244.2, -2290.4], [-2230.6, -2287.4], [-2216.8, -2285.3], [-2199.5, -2284.1], [-2185.5, -2284.4], [-2171.5, -2284.8], [-2157.6, -2286.1], [-2143.7, -2288.4], [-2130.0, -2291.0], [-2102.9, -2298.2], [-2089.7, -2302.7], [-2071.6, -2309.6], [-2059.2, -2316.2], [-2036.4, -2329.2], [-2025.5, -2333.0], [-2016.3, -2334.5], [-2002.3, -2335.0], [-1990.5, -2336.7], [-1982.7, -2341.8], [-1972.6, -2350.6], [-1953.8, -2371.3], [-1944.9, -2382.2], [-1936.4, -2393.3], [-1919.9, -2415.9], [-1911.6, -2427.2], [-1898.6, -2443.8], [-1890.9, -2450.8], [-1868.8, -2468.0], [-1859.6, -2474.3], [-1836.6, -2483.6], [-1820.4, -2488.2], [-1808.9, -2489.4], [-1787.9, -2486.4], [-1764.6, -2471.6], [-1753.2, -2482.6], [-1752.8, -2471.8], [-1749.3, -2451.2], [-1744.5, -2438.0], [-1735.9, -2419.2], [-1728.6, -2407.3], [-1720.9, -2395.6], [-1707.0, -2377.1], [-1703.1, -2373.1], [-1692.4, -2364.4], [-1685.5, -2358.7], [-1681.7, -2357.2], [-1677.0, -2356.3], [-1663.0, -2355.7], [-1647.8, -2351.6], [-1642.1, -2346.5], [-1639.9, -2338.2], [-1640.9, -2324.3], [-1642.9, -2296.3], [-1642.9, -2282.4], [-1639.8, -2257.6], [-1630.9, -2236.0], [-1615.5, -2216.6], [-1606.4, -2206.1], [-1586.3, -2186.8], [-1565.7, -2167.9], [-1542.9, -2141.4], [-1519.4, -2106.6], [-1493.5, -2078.6], [-1460.8, -2052.3], [-1438.5, -2035.3], [-1427.6, -2026.5], [-1399.1, -1995.7], [-1389.5, -1985.6], [-1368.6, -1966.9], [-1334.2, -1943.0], [-1322.3, -1935.5], [-1287.5, -1912.0], [-1265.8, -1894.5], [-1253.1, -1879.7], [-1234.8, -1873.2], [-1228.2, -1884.8], [-1232.7, -1896.5], [-1242.5, -1902.7], [-1260.0, -1902.5], [-1281.2, -1907.9], [-1305.2, -1922.3], [-1329.1, -1936.8], [-1353.1, -1951.3], [-1385.1, -1978.0], [-1403.6, -1999.0], [-1412.3, -2010.0], [-1425.9, -2026.0], [-1444.0, -2040.2], [-1466.7, -2056.4], [-1488.4, -2074.2], [-1513.2, -2100.9], [-1529.7, -2123.5], [-1546.7, -2145.7], [-1565.8, -2166.1], [-1586.5, -2185.0], [-1606.1, -2205.0], [-1625.2, -2225.2], [-1635.5, -2231.8], [-1648.8, -2236.3], [-1662.2, -2240.1], [-1680.6, -2247.8], [-1690.1, -2258.0], [-1693.7, -2262.1], [-1697.0, -2275.7], [-1700.9, -2289.1], [-1705.7, -2302.3], [-1710.2, -2315.5], [-1714.9, -2328.7], [-1719.5, -2341.9], [-1726.8, -2359.1], [-1734.2, -2370.9], [-1741.9, -2382.6], [-1749.6, -2394.3], [-1760.3, -2407.9], [-1772.6, -2433.0], [-1776.9, -2442.5], [-1781.7, -2455.6], [-1789.0, -2472.2], [-1798.5, -2485.6], [-1811.5, -2494.2], [-1820.6, -2495.2], [-1842.9, -2488.9], [-1847.0, -2486.4], [-1863.3, -2472.2], [-1872.5, -2461.7], [-1889.5, -2439.5], [-1897.6, -2428.1], [-1913.8, -2405.3], [-1922.2, -2394.0], [-1931.0, -2383.2], [-1940.1, -2372.5], [-1949.3, -2362.0], [-1967.7, -2340.8], [-1976.6, -2330.1], [-1989.0, -2316.4], [-1990.9, -2315.3], [-2010.5, -2319.0], [-2024.5, -2318.6], [-2038.5, -2318.2], [-2052.5, -2317.8], [-2066.5, -2317.4], [-2094.4, -2314.8], [-2108.2, -2312.8], [-2122.1, -2310.7], [-2135.9, -2308.2], [-2149.5, -2304.9], [-2163.1, -2301.5], [-2176.6, -2298.1], [-2190.2, -2294.7], [-2203.8, -2291.4], [-2231.1, -2285.3], [-2235.8, -2284.2], [-2248.7, -2278.8], [-2263.9, -2270.4], [-2275.3, -2262.4], [-2296.9, -2244.5], [-2302.8, -2239.6], [-2312.8, -2229.8], [-2331.0, -2213.6], [-2336.6, -2208.0], [-2353.3, -2198.4], [-2361.8, -2191.1], [-2371.8, -2181.3], [-2386.6, -2170.3], [-2399.3, -2164.2], [-2412.6, -2162.3], [-2426.5, -2163.3], [-2440.5, -2164.4], [-2468.4, -2163.8], [-2479.3, -2163.5], [-2492.6, -2165.1], [-2501.3, -2168.4], [-2521.7, -2179.0], [-2549.4, -2186.3], [-2577.4, -2185.8], [-2595.1, -2184.8], [-2609.1, -2183.9], [-2637.1, -2184.4], [-2670.1, -2187.5], [-2698.1, -2186.4], [-2712.1, -2187.0], [-2740.0, -2187.3], [-2774.9, -2188.1], [-2785.7, -2181.9], [-2799.8, -2166.1], [-2821.8, -2148.8], [-2833.1, -2140.4], [-2856.6, -2125.2], [-2879.0, -2108.5], [-2889.2, -2098.9], [-2909.0, -2079.1], [-2932.0, -2059.6], [-2957.5, -2051.2], [-2985.5, -2051.4], [-3013.5, -2051.6], [-3027.5, -2051.7], [-3055.4, -2054.1], [-3069.3, -2055.6], [-3083.2, -2057.0], [-3097.2, -2057.3], [-3125.2, -2057.8], [-3153.2, -2059.0], [-3167.1, -2059.8], [-3181.1, -2060.0], [-3201.6, -2060.2], [-3229.6, -2059.6], [-3243.6, -2058.9], [-3271.5, -2057.5], [-3285.5, -2057.1], [-3299.5, -2056.7], [-3313.5, -2056.6], [-3327.5, -2056.6], [-3355.5, -2056.7], [-3369.4, -2056.9], [-3397.4, -2057.3], [-3411.4, -2057.0], [-3439.3, -2054.8], [-3468.0, -2057.4], [-3475.4, -2060.1], [-3485.0, -2060.0], [-3507.8, -2054.3], [-3518.2, -2052.9], [-3531.6, -2052.5], [-3547.2, -2054.5], [-3574.1, -2061.9], [-3587.5, -2066.1], [-3598.7, -2070.8], [-3620.6, -2084.2], [-3644.2, -2099.3], [-3669.4, -2113.1], [-3675.0, -2125.9], [-3687.7, -2150.8], [-3692.8, -2159.7], [-3705.5, -2179.0], [-3735.0, -2217.9]]}}, {"type": "Feature", "properties": {"op": "add"}, "geometry": {"type": "LineString", "coordinates": [[-3714.6, -2178.9], [-3707.5, -2166.9], [-3701.4, -2157.7], [-3692.5, -2146.9], [-3673.3, -2126.6], [-3663.2, -2116.9], [-3652.1, -2108.4], [-3640.8, -2100.1], [-3625.4, -2090.9], [-3599.2, -2081.1], [-3586.0, -2076.8], [-3572.9, -2071.8], [-3560.1, -2066.2], [-3541.5, -2058.9], [-3528.0, -2055.2], [-3509.1, -2051.7], [-3485.2, -2051.7], [-3454.0, -2051.7], [-3426.0, -2052.7], [-3398.0, -2053.2], [-3370.1, -2054.1], [-3342.1, -2056.2], [-3328.2, -2057.7], [-3300.4, -2061.2], [-3286.7, -2063.9], [-3272.9, -2066.5], [-3259.2, -2069.0], [-3231.6, -2073.7], [-3217.7, -2075.7], [-3203.9, -2077.6], [-3189.9, -2078.9], [-3162.3, -2080.8], [-3149.2, -2085.6], [-3124.5, -2093.5], [-3101.2, -2090.3], [-3088.3, -2090.8], [-3061.9, -2081.7], [-3048.5, -2077.6], [-3034.9, -2074.3], [-3007.2, -2070.2], [-2993.4, -2068.1], [-2980.6, -2066.4], [-2964.9, -2066.1], [-2939.5, -2073.5], [-2930.6, -2084.3], [-2912.5, -2105.6], [-2897.2, -2117.5], [-2888.3, -2123.2], [-2862.7, -2134.6], [-2845.2, -2142.1], [-2833.2, -2149.2], [-2820.5, -2155.2], [-2794.7, -2166.0], [-2768.0, -2174.3], [-2754.4, -2177.7], [-2727.0, -2183.7], [-2699.3, -2187.7], [-2671.5, -2190.2], [-2657.5, -2190.9], [-2629.5, -2191.7], [-2601.6, -2193.4], [-2587.6, -2193.8], [-2559.6, -2194.8], [-2550.9, -2194.9], [-2526.0, -2197.3], [-2509.8, -2202.8], [-2497.4, -2209.4], [-2485.5, -2216.6], [-2474.0, -2224.6], [-2461.9, -2231.7], [-2449.7, -2238.5], [-2437.4, -2245.3], [-2413.0, -2258.9], [-2400.9, -2265.9], [-2388.9, -2273.2], [-2365.4, -2288.4], [-2353.6, -2295.9], [-2337.2, -2303.3], [-2307.3, -2306.4], [-2296.7, -2304.7], [-2271.3, -2297.4], [-2257.8, -2293.8], [-2244.2, -2290.4], [-2230.6, -2287.4], [-2216.8, -2285.3], [-2199.5, -2284.1], [-2185.5, -2284.4], [-2171.5, -2284.8], [-2157.6, -2286.1], [-2143.7, -2288.4], [-2130.0, -2291.0], [-2102.9, -2298.2], [-2089.7, -2302.7], [-2071.6, -2309.6], [-2059.2, -2316.2], [-2036.4, -2329.2], [-2025.5, -2333.0], [-2016.3, -2334.5], [-2002.3, -2335.0], [-1990.5, -2336.7], [-1982.7, -2341.8], [-1972.6, -2350.6], [-1953.8, -2371.3], [-1944.9, -2382.2], [-1936.4, -2393.3], [-1919.9, -2415.9], [-1911.6, -2427.2], [-1898.6, -2443.8], [-1890.9, -2450.8], [-1868.8, -2468.0], [-1859.6, -2474.3], [-1836.6, -2483.6], [-1820.4, -2488.2], [-1808.9, -2489.4], [-1787.9, -2486.4], [-1764.6, -2471.6], [-1753.2, -2482.6], [-1752.8, -2471.8], [-1749.3, -2451.2], [-1744.5, -2438.0], [-1735.9, -2419.2], [-1728.6, -2407.3], [-1720.9, -2395.6], [-1707.0, -2377.1], [-1703.1, -2373.1], [-1692.4, -2364.4], [-1685.5, -2358.7], [-1681.7, -2357.2], [-1677.0, -2356.3], [-1663.0, -2355.7], [-1647.8, -2351.6], [-1642.1, -2346.5], [-1639.9, -2338.2], [-1640.9, -2324.3], [-1642.9, -2296.3], [-1642.9, -2282.4], [-1639.8, -2257.6], [-1630.9, -2236.0], [-1615.5, -2216.6], [-1606.4, -2206.1], [-1586.3, -2186.8], [-1565.7, -2167.9], [-1542.9, -2141.4], [-1519.4, -2106.6], [-1493.5, -2078.6], [-1460.8, -2052.3], [-1438.5, -2035.3], [-1427.6, -2026.5], [-1399.1, -1995.7], [-1389.5, -1985.6], [-1368.6, -1966.9], [-1334.2, -1943.0], [-1322.3, -1935.5], [-1287.5, -1912.0], [-1265.8, -1894.5], [-1253.1, -1879.7], [-1234.8, -1873.2], [-1228.2, -1884.8], [-1232.7, -1896.5], [-1242.5, -1902.7], [-1260.0, -1902.5], [-1281.2, -1907.9], [-1305.2, -1922.3], [-1329.1, -1936.8], [-1353.1, -1951.3], [-1385.1, -1978.0], [-1403.6, -1999.0], [-1412.3, -2010.0], [-1425.9, -2026.0], [-1444.0, -2040.2], [-1466.7, -2056.4], [-1488.4, -2074.2], [-1513.2, -2100.9], [-1529.7, -2123.5], [-1546.7, -2145.7], [-1565.8, -2166.1], [-1586.5, -2185.0], [-1606.1, -2205.0], [-1625.2, -2225.2], [-1635.5, -2231.8], [-1648.8, -2236.3], [-1662.2, -2240.1], [-1680.6, -2247.8], [-1690.1, -2258.0], [-1693.7, -2262.1], [-1697.0, -2275.7], [-1700.9, -2289.1], [-1705.7, -2302.3], [-1710.2, -2315.5], [-1714.9, -2328.7], [-1719.5, -2341.9], [-1726.8, -2359.1], [-1734.2, -2370.9], [-1741.9, -2382.6], [-1749.6, -2394.3], [-1760.3, -2407.9], [-1772.6, -2433.0], [-1776.9, -2442.5], [-1781.7, -2455.6], [-1789.0, -2472.2], [-1798.5, -2485.6], [-1811.5, -2494.2], [-1820.6, -2495.2], [-1842.9, -2488.9], [-1847.0, -2486.4], [-1863.3, -2472.2], [-1872.5, -2461.7], [-1889.5, -2439.5], [-1897.6, -2428.1], [-1913.8, -2405.3], [-1922.2, -2394.0], [-1931.0, -2383.2], [-1940.1, -2372.5], [-1949.3, -2362.0], [-1967.7, -2340.8], [-1976.6, -2330.1], [-1989.0, -2316.4], [-1990.9, -2315.3], [-2010.5, -2319.0], [-2024.5, -2318.6], [-2038.5, -2318.2], [-2052.5, -2317.8], [-2066.5, -2317.4], [-2094.4, -2314.8], [-2108.2, -2312.8], [-2122.1, -2310.7], [-2135.9, -2308.2], [-2149.5, -2304.9], [-2163.1, -2301.5], [-2176.6, -2298.1], [-2190.2, -2294.7], [-2203.8, -2291.4], [-2231.1, -2285.3], [-2235.8, -2284.2], [-2248.7, -2278.8], [-2263.9, -2270.4], [-2275.3, -2262.4], [-2296.9, -2244.5], [-2302.8, -2239.6], [-2312.8, -2229.8], [-2331.0, -2213.6], [-2336.6, -2208.0], [-2353.3, -2198.4], [-2361.8, -2191.1], [-2371.8, -2181.3], [-2386.6, -2170.3], [-2399.3, -2164.2], [-2412.6, -2162.3], [-2426.5, -2163.3], [-2440.5, -2164.4], [-2468.4, -2163.8], [-2479.3, -2163.5], [-2492.6, -2165.1], [-2501.3, -2168.4], [-2521.7, -2179.0], [-2549.4, -2186.3], [-2577.4, -2185.8], [-2595.1, -2184.8], [-2609.1, -2183.9], [-2637.1, -2184.4], [-2670.1, -2187.5], [-2698.1, -2186.4], [-2712.1, -2187.0], [-2740.0, -2187.3], [-2774.9, -2188.1], [-2785.7, -2181.9], [-2799.8, -2166.1], [-2821.8, -2148.8], [-2833.1, -2140.4], [-2856.6, -2125.2], [-2879.0, -2108.5], [-2889.2, -2098.9], [-2909.0, -2079.1], [-2932.0, -2059.6], [-2957.5, -2051.2], [-2985.5, -2051.4], [-3013.5, -2051.6], [-3027.5, -2051.7], [-3055.4, -2054.1], [-3069.3, -2055.6], [-3083.2, -2057.0], [-3097.2, -2057.3], [-3125.2, -2057.8], [-3153.2, -2059.0], [-3167.1, -2059.8], [-3181.1, -2060.0], [-3201.6, -2060.2], [-3229.6, -2059.6], [-3243.6, -2058.9], [-3271.5, -2057.5], [-3285.5, -2057.1], [-3299.5, -2056.7], [-3313.5, -2056.6], [-3327.5, -2056.6], [-3355.5, -2056.7], [-3369.4, -2056.9], [-3397.4, -2057.3], [-3411.4, -2057.0], [-3439.3, -2054.8], [-3468.0, -2057.4], [-3475.4, -2060.1], [-3485.0, -2060.0], [-3507.8, -2054.3], [-3518.2, -2052.9], [-3531.6, -2052.5], [-3547.2, -2054.5], [-3574.1, -2061.9], [-3587.5, -2066.1], [-3598.7, -2070.8], [-3620.6, -2084.2], [-3644.2, -2099.3], [-3669.4, -2113.1], [-3675.0, -2125.9], [-3687.7, -2150.8], [-3692.8, -2159.7], [-3705.5, -2179.0], [-3735.0, -2217.9]]}}, {"type": "Feature", "properties": {"op": "add"}, "geometry": {"type": "LineString", "coordinates": [[-3714.6, -2178.9], [-3707.5, -2166.9], [-3701.4, -2157.7], [-3692.5, -2146.9], [-3673.3, -2126.6], [-3663.2, -2116.9], [-3652.1, -2108.4], [-3640.8, -2100.1], [-3625.4, -2090.9], [-3599.2, -2081.1], [-3586.0, -2076.8], [-3572.9, -2071.8], [-3560.1, -2066.2], [-3541.5, -2058.9], [-3528.0, -2055.2], [-3509.1, -2051.7], [-3485.2, -2051.7], [-3454.0, -2051.7], [-3426.0, -2052.7], [-3398.0, -2053.2], [-3370.1, -2054.1], [-3342.1, -2056.2], [-3328.2, -2057.7], [-3300.4, -2061.2], [-3286.7, -2063.9], [-3272.9, -2066.5], [-3259.2, -2069.0], [-3231.6, -2073.7], [-3217.7, -2075.7], [-3203.9, -2077.6], [-3189.9, -2078.9], [-3162.3, -2080.8], [-3149.2, -2085.6], [-3124.5, -2093.5], [-3101.2, -2090.3], [-3088.3, -2090.8], [-3061.9, -2081.7], [-3048.5, -2077.6], [-3034.9, -2074.3], [-3007.2, -2070.2], [-2993.4, -2068.1], [-2980.6, -2066.4], [-2964.9, -2066.1], [-2939.5, -2073.5], [-2930.6, -2084.3], [-2912.5, -2105.6], [-2897.2, -2117.5], [-2888.3, -2123.2], [-2862.7, -2134.6], [-2845.2, -2142.1], [-2833.2, -2149.2], [-2820.5, -2155.2], [-2794.7, -2166.0], [-2768.0, -2174.3], [-2754.4, -2177.7], [-2727.0, -2183.7], [-2699.3, -2187.7], [-2671.5, -2190.2], [-2657.5, -2190.9], [-2629.5, -2191.7], [-2601.6, -2193.4], [-2587.6, -2193.8], [-2559.6, -2194.8], [-2550.9, -2194.9], [-2526.0, -2197.3], [-2509.8, -2202.8], [-2497.4, -2209.4], [-2485.5, -2216.6], [-2474.0, -2224.6], [-2461.9, -2231.7], [-2449.7, -2238.5], [-2437.4, -2245.3], [-2413.0, -2258.9], [-2400.9, -2265.9], [-2388.9, -2273.2], [-2365.4, -2288.4], [-2353.6, -2295.9], [-2337.2, -2303.3], [-2307.3, -2306.4], [-2296.7, -2304.7], [-2271.3, -2297.4], [-2257.8, -2293.8], [-2244.2, -2290.4], [-2230.6, -2287.4], [-2216.8, -2285.3], [-2199.5, -2284.1], [-2185.5, -2284.4], [-2171.5, -2284.8], [-2157.6, -2286.1], [-2143.7, -2288.4], [-2130.0, -2291.0], [-2102.9, -2298.2], [-2089.7, -2302.7], [-2071.6, -2309.6], [-2059.2, -2316.2], [-2036.4, -2329.2], [-2025.5, -2333.0], [-2016.3, -2334.5], [-2002.3, -2335.0], [-1990.5, -2336.7], [-1982.7, -2341.8], [-1972.6, -2350.6], [-1953.8, -2371.3], [-1944.9, -2382.2], [-1936.4, -2393.3], [-1919.9, -2415.9], [-1911.6, -2427.2], [-1898.6, -2443.8], [-1890.9, -2450.8], [-1868.8, -2468.0], [-1859.6, -2474.3], [-1836.6, -2483.6], [-1820.4, -2488.2], [-1808.9, -2489.4], [-1787.9, -2486.4], [-1764.6, -2471.6], [-1753.2, -2482.6], [-1752.8, -2471.8], [-1749.3, -2451.2], [-1744.5, -2438.0], [-1735.9, -2419.2], [-1728.6, -2407.3], [-1720.9, -2395.6], [-1707.0, -2377.1], [-1703.1, -2373.1], [-1692.4, -2364.4], [-1685.5, -2358.7], [-1681.7, -2357.2], [-1677.0, -2356.3], [-1663.0, -2355.7], [-1647.8, -2351.6], [-1642.1, -2346.5], [-1639.9, -2338.2], [-1640.9, -2324.3], [-1642.9, -2296.3], [-1642.9, -2282.4], [-1639.8, -2257.6], [-1630.9, -2236.0], [-1615.5, -2216.6], [-1606.4, -2206.1], [-1586.3, -2186.8], [-1565.7, -2167.9], [-1542.9, -2141.4], [-1519.4, -2106.6], [-1493.5, -2078.6], [-1460.8, -2052.3], [-1438.5, -2035.3], [-1427.6, -2026.5], [-1399.1, -1995.7], [-1389.5, -1985.6], [-1368.6, -1966.9], [-1334.2, -1943.0], [-1322.3, -1935.5], [-1287.5, -1912.0], [-1265.8, -1894.5], [-1253.1, -1879.7], [-1234.8, -1873.2], [-1228.2, -1884.8], [-1232.7, -1896.5], [-1242.5, -1902.7], [-1260.0, -1902.5], [-1281.2, -1907.9], [-1305.2, -1922.3], [-1329.1, -1936.8], [-1353.1, -1951.3], [-1385.1, -1978.0], [-1403.6, -1999.0], [-1412.3, -2010.0], [-1425.9, -2026.0], [-1444.0, -2040.2], [-1466.7, -2056.4], [-1488.4, -2074.2], [-1513.2, -2100.9], [-1529.7, -2123.5], [-1546.7, -2145.7], [-1565.8, -2166.1], [-1586.5, -2185.0], [-1606.1, -2205.0], [-1625.2, -2225.2], [-1635.5, -2231.8], [-1648.8, -2236.3], [-1662.2, -2240.1], [-1680.6, -2247.8], [-1690.1, -2258.0], [-1693.7, -2262.1], [-1697.0, -2275.7], [-1700.9, -2289.1], [-1705.7, -2302.3], [-1710.2, -2315.5], [-1714.9, -2328.7], [-1719.5, -2341.9], [-1726.8, -2359.1], [-1734.2, -2370.9], [-1741.9, -2382.6], [-1749.6, -2394.3], [-1760.3, -2407.9], [-1772.6, -2433.0], [-1776.9, -2442.5], [-1781.7, -2455.6], [-1789.0, -2472.2], [-1798.5, -2485.6], [-1811.5, -2494.2], [-1820.6, -2495.2], [-1842.9, -2488.9], [-1847.0, -2486.4], [-1863.3, -2472.2], [-1872.5, -2461.7], [-1889.5, -2439.5], [-1897.6, -2428.1], [-1913.8, -2405.3], [-1922.2, -2394.0], [-1931.0, -2383.2], [-1940.1, -2372.5], [-1949.3, -2362.0], [-1967.7, -2340.8], [-1976.6, -2330.1], [-1989.0, -2316.4], [-1990.9, -2315.3], [-2010.5, -2319.0], [-2024.5, -2318.6], [-2038.5, -2318.2], [-2052.5, -2317.8], [-2066.5, -2317.4], [-2094.4, -2314.8], [-2108.2, -2312.8], [-2122.1, -2310.7], [-2135.9, -2308.2], [-2149.5, -2304.9], [-2163.1, -2301.5], [-2176.6, -2298.1], [-2190.2, -2294.7], [-2203.8, -2291.4], [-2231.1, -2285.3], [-2235.8, -2284.2], [-2248.7, -2278.8], [-2263.9, -2270.4], [-2275.3, -2262.4], [-2296.9, -2244.5], [-2302.8, -2239.6], [-2312.8, -2229.8], [-2331.0, -2213.6], [-2336.6, -2208.0], [-2353.3, -2198.4], [-2361.8, -2191.1], [-2371.8, -2181.3], [-2386.6, -2170.3], [-2399.3, -2164.2], [-2412.6, -2162.3], [-2426.5, -2163.3], [-2440.5, -2164.4], [-2468.4, -2163.8], [-2479.3, -2163.5], [-2492.6, -2165.1], [-2501.3, -2168.4], [-2521.7, -2179.0], [-2549.4, -2186.3], [-2577.4, -2185.8], [-2595.1, -2184.8], [-2609.1, -2183.9], [-2637.1, -2184.4], [-2670.1, -2187.5], [-2698.1, -2186.4], [-2712.1, -2187.0], [-2740.0, -2187.3], [-2774.9, -2188.1], [-2785.7, -2181.9], [-2799.8, -2166.1], [-2821.8, -2148.8], [-2833.1, -2140.4], [-2856.6, -2125.2], [-2879.0, -2108.5], [-2889.2, -2098.9], [-2909.0, -2079.1], [-2932.0, -2059.6], [-2957.5, -2051.2], [-2985.5, -2051.4], [-3013.5, -2051.6], [-3027.5, -2051.7], [-3055.4, -2054.1], [-3069.3, -2055.6], [-3083.2, -2057.0], [-3097.2, -2057.3], [-3125.2, -2057.8], [-3153.2, -2059.0], [-3167.1, -2059.8], [-3181.1, -2060.0], [-3201.6, -2060.2], [-3229.6, -2059.6], [-3243.6, -2058.9], [-3271.5, -2057.5], [-3285.5, -2057.1], [-3299.5, -2056.7], [-3313.5, -2056.6], [-3327.5, -2056.6], [-3355.5, -2056.7], [-3369.4, -2056.9], [-3397.4, -2057.3], [-3411.4, -2057.0], [-3439.3, -2054.8], [-3468.0, -2057.4], [-3475.4, -2060.1], [-3485.0, -2060.0], [-3507.8, -2054.3], [-3518.2, -2052.9], [-3531.6, -2052.5], [-3547.2, -2054.5], [-3574.1, -2061.9], [-3587.5, -2066.1], [-3598.7, -2070.8], [-3620.6, -2084.2], [-3644.2, -2099.3], [-3669.4, -2113.1], [-3675.0, -2125.9], [-3687.7, -2150.8], [-3692.8, -2159.7], [-3705.5, -2179.0], [-3735.0, -2217.9]]}}, {"type": "Feature", "properties": {"op": "add"}, "geometry": {"type": "LineString", "coordinates": [[-3714.6, -2178.9], [-3707.5, -2166.9], [-3701.4, -2157.7], [-3692.5, -2146.9], [-3673.3, -2126.6], [-3663.2, -2116.9], [-3652.1, -2108.4], [-3640.8, -2100.1], [-3625.4, -2090.9], [-3599.2, -2081.1], [-3586.0, -2076.8], [-3572.9, -2071.8], [-3560.1, -2066.2], [-3541.5, -2058.9], [-3528.0, -2055.2], [-3509.1, -2051.7], [-3485.2, -2051.7], [-3454.0, -2051.7], [-3426.0, -2052.7], [-3398.0, -2053.2], [-3370.1, -2054.1], [-3342.1, -2056.2], [-3328.2, -2057.7], [-3300.4, -2061.2], [-3286.7, -2063.9], [-3272.9, -2066.5], [-3259.2, -2069.0], [-3231.6, -2073.7], [-3217.7, -2075.7], [-3203.9, -2077.6], [-3189.9, -2078.9], [-3162.3, -2080.8], [-3149.2, -2085.6], [-3124.5, -2093.5], [-3101.2, -2090.3], [-3088.3, -2090.8], [-3061.9, -2081.7], [-3048.5, -2077.6], [-3034.9, -2074.3], [-3007.2, -2070.2], [-2993.4, -2068.1], [-2980.6, -2066.4], [-2964.9, -2066.1], [-2939.5, -2073.5], [-2930.6, -2084.3], [-2912.5, -2105.6], [-2897.2, -2117.5], [-2888.3, -2123.2], [-2862.7, -2134.6], [-2845.2, -2142.1], [-2833.2, -2149.2], [-2820.5, -2155.2], [-2794.7, -2166.0], [-2768.0, -2174.3], [-2754.4, -2177.7], [-2727.0, -2183.7], [-2699.3, -2187.7], [-2671.5, -2190.2], [-2657.5, -2190.9], [-2629.5, -2191.7], [-2601.6, -2193.4], [-2587.6, -2193.8], [-2559.6, -2194.8], [-2550.9, -2194.9], [-2526.0, -2197.3], [-2509.8, -2202.8], [-2497.4, -2209.4], [-2485.5, -2216.6], [-2474.0, -2224.6], [-2461.9, -2231.7], [-2449.7, -2238.5], [-2437.4, -2245.3], [-2413.0, -2258.9], [-2400.9, -2265.9], [-2388.9, -2273.2], [-2365.4, -2288.4], [-2353.6, -2295.9], [-2337.2, -2303.3], [-2307.3, -2306.4], [-2296.7, -2304.7], [-2271.3, -2297.4], [-2257.8, -2293.8], [-2244.2, -2290.4], [-2230.6, -2287.4], [-2216.8, -2285.3], [-2199.5, -2284.1], [-2185.5, -2284.4], [-2171.5, -2284.8], [-2157.6, -2286.1], [-2143.7, -2288.4], [-2130.0, -2291.0], [-2102.9, -2298.2], [-2089.7, -2302.7], [-2071.6, -2309.6], [-2059.2, -2316.2], [-2036.4, -2329.2], [-2025.5, -2333.0], [-2016.3, -2334.5], [-2002.3, -2335.0], [-1990.5, -2336.7], [-1982.7, -2341.8], [-1972.6, -2350.6], [-1953.8, -2371.3], [-1944.9, -2382.2], [-1936.4, -2393.3], [-1919.9, -2415.9], [-1911.6, -2427.2], [-1898.6, -2443.8], [-1890.9, -2450.8], [-1868.8, -2468.0], [-1859.6, -2474.3], [-1836.6, -2483.6], [-1820.4, -2488.2], [-1808.9, -2489.4], [-1787.9, -2486.4], [-1764.6, -2471.6], [-1753.2, -2482.6], [-1752.8, -2471.8], [-1749.3, -2451.2], [-1744.5, -2438.0], [-1735.9, -2419.2], [-1728.6, -2407.3], [-1720.9, -2395.6], [-1707.0, -2377.1], [-1703.1, -2373.1], [-1692.4, -2364.4], [-1685.5, -2358.7], [-1681.7, -2357.2], [-1677.0, -2356.3], [-1663.0, -2355.7], [-1647.8, -2351.6], [-1642.1, -2346.5], [-1639.9, -2338.2], [-1640.9, -2324.3], [-1642.9, -2296.3], [-1642.9, -2282.4], [-1639.8, -2257.6], [-1630.9, -2236.0], [-1615.5, -2216.6], [-1606.4, -2206.1], [-1586.3, -2186.8], [-1565.7, -2167.9], [-1542.9, -2141.4], [-1519.4, -2106.6], [-1493.5, -2078.6], [-1460.8, -2052.3], [-1438.5, -2035.3], [-1427.6, -2026.5], [-1399.1, -1995.7], [-1389.5, -1985.6], [-1368.6, -1966.9], [-1334.2, -1943.0], [-1322.3, -1935.5], [-1287.5, -1912.0], [-1265.8, -1894.5], [-1253.1, -1879.7], [-1234.8, -1873.2], [-1228.2, -1884.8], [-1232.7, -1896.5], [-1242.5, -1902.7], [-1260.0, -1902.5], [-1281.2, -1907.9], [-1305.2, -1922.3], [-1329.1, -1936.8], [-1353.1, -1951.3], [-1385.1, -1978.0], [-1403.6, -1999.0], [-1412.3, -2010.0], [-1425.9, -2026.0], [-1444.0, -2040.2], [-1466.7, -2056.4], [-1488.4, -2074.2], [-1513.2, -2100.9], [-1529.7, -2123.5], [-1546.7, -2145.7], [-1565.8, -2166.1], [-1586.5, -2185.0], [-1606.1, -2205.0], [-1625.2, -2225.2], [-1635.5, -2231.8], [-1648.8, -2236.3], [-1662.2, -2240.1], [-1680.6, -2247.8], [-1690.1, -2258.0], [-1693.7, -2262.1], [-1697.0, -2275.7], [-1700.9, -2289.1], [-1705.7, -2302.3], [-1710.2, -2315.5], [-1714.9, -2328.7], [-1719.5, -2341.9], [-1726.8, -2359.1], [-1734.2, -2370.9], [-1741.9, -2382.6], [-1749.6, -2394.3], [-1760.3, -2407.9], [-1772.6, -2433.0], [-1776.9, -2442.5], [-1781.7, -2455.6], [-1789.0, -2472.2], [-1798.5, -2485.6], [-1811.5, -2494.2], [-1820.6, -2495.2], [-1842.9, -2488.9], [-1847.0, -2486.4], [-1863.3, -2472.2], [-1872.5, -2461.7], [-1889.5, -2439.5], [-1897.6, -2428.1], [-1913.8, -2405.3], [-1922.2, -2394.0], [-1931.0, -2383.2], [-1940.1, -2372.5], [-1949.3, -2362.0], [-1967.7, -2340.8], [-1976.6, -2330.1], [-1989.0, -2316.4], [-1990.9, -2315.3], [-2010.5, -2319.0], [-2024.5, -2318.6], [-2038.5, -2318.2], [-2052.5, -2317.8], [-2066.5, -2317.4], [-2094.4, -2314.8], [-2108.2, -2312.8], [-2122.1, -2310.7], [-2135.9, -2308.2], [-2149.5, -2304.9], [-2163.1, -2301.5], [-2176.6, -2298.1], [-2190.2, -2294.7], [-2203.8, -2291.4], [-2231.1, -2285.3], [-2235.8, -2284.2], [-2248.7, -2278.8], [-2263.9, -2270.4], [-2275.3, -2262.4], [-2296.9, -2244.5], [-2302.8, -2239.6], [-2312.8, -2229.8], [-2331.0, -2213.6], [-2336.6, -2208.0], [-2353.3, -2198.4], [-2361.8, -2191.1], [-2371.8, -2181.3], [-2386.6, -2170.3], [-2399.3, -2164.2], [-2412.6, -2162.3], [-2426.5, -2163.3], [-2440.5, -2164.4], [-2468.4, -2163.8], [-2479.3, -2163.5], [-2492.6, -2165.1], [-2501.3, -2168.4], [-2521.7, -2179.0], [-2549.4, -2186.3], [-2577.4, -2185.8], [-2595.1, -2184.8], [-2609.1, -2183.9], [-2637.1, -2184.4], [-2670.1, -2187.5], [-2698.1, -2186.4], [-2712.1, -2187.0], [-2740.0, -2187.3], [-2774.9, -2188.1], [-2785.7, -2181.9], [-2799.8, -2166.1], [-2821.8, -2148.8], [-2833.1, -2140.4], [-2856.6, -2125.2], [-2879.0, -2108.5], [-2889.2, -2098.9], [-2909.0, -2079.1], [-2932.0, -2059.6], [-2957.5, -2051.2], [-2985.5, -2051.4], [-3013.5, -2051.6], [-3027.5, -2051.7], [-3055.4, -2054.1], [-3069.3, -2055.6], [-3083.2, -2057.0], [-3097.2, -2057.3], [-3125.2, -2057.8], [-3153.2, -2059.0], [-3167.1, -2059.8], [-3181.1, -2060.0], [-3201.6, -2060.2], [-3229.6, -2059.6], [-3243.6, -2058.9], [-3271.5, -2057.5], [-3285.5, -2057.1], [-3299.5, -2056.7], [-3313.5, -2056.6], [-3327.5, -2056.6], [-3355.5, -2056.7], [-3369.4, -2056.9], [-3397.4, -2057.3], [-3411.4, -2057.0], [-3439.3, -2054.8], [-3468.0, -2057.4], [-3475.4, -2060.1], [-3485.0, -2060.0], [-3507.8, -2054.3], [-3518.2, -2052.9], [-3531.6, -2052.5], [-3547.2, -2054.5], [-3574.1, -2061.9], [-3587.5, -2066.1], [-3598.7, -2070.8], [-3620.6, -2084.2], [-3644.2, -2099.3], [-3669.4, -2113.1], [-3675.0, -2125.9], [-3687.7, -2150.8], [-3692.8, -2159.7], [-3705.5, -2179.0], [-3735.0, -2217.9]]}}, {"type": "Feature", "properties": {"op": "add"}, "geometry": {"type": "LineString", "coordinates": [[108.1, -1546.0], [86.9, -1542.8], [73.0, -1541.1], [59.1, -1539.6], [17.1, -1537.0], [3.2, -1536.5], [-24.8, -1536.5], [-52.7, -1538.3], [-75.4, -1542.7], [-103.0, -1553.7], [-140.5, -1572.6], [-178.7, -1586.3], [-204.0, -1592.3], [-216.1, -1588.8], [-224.4, -1575.1], [-215.2, -1567.4], [-202.0, -1562.9], [-175.4, -1554.1], [-148.4, -1546.8], [-121.4, -1539.2], [-81.1, -1527.7], [-67.8, -1523.3], [-54.4, -1519.2], [-40.8, -1515.8], [-14.5, -1511.7], [7.3, -1511.6], [21.3, -1511.8], [54.8, -1517.1], [81.2, -1526.4], [107.6, -1535.7], [152.5, -1550.4], [183.5, -1555.0], [219.9, -1549.5], [246.0, -1528.7], [241.8, -1554.3], [218.0, -1568.6], [180.3, -1564.1], [155.6, -1555.3], [111.9, -1545.0]]}}, {"type": "Feature", "properties": {"op": "add"}, "geometry": {"type": "LineString", "coordinates": [[-1201.6, -3099.2], [-1219.2, -3099.8], [-1272.8, -3089.5], [-1315.1, -3106.5], [-1330.5, -3095.6], [-1341.5, -3060.6], [-1354.4, -3030.3], [-1386.3, -3005.9], [-1430.2, -2974.1], [-1436.5, -2943.5], [-1436.8, -2920.3], [-1410.0, -2893.5], [-1388.5, -2866.7], [-1360.3, -2850.8], [-1332.8, -2857.8], [-1288.3, -2870.4], [-1265.3, -2850.8], [-1239.9, -2834.2], [-1219.1, -2834.0], [-1194.7, -2865.1], [-1170.2, -2886.2], [-1146.4, -2925.7], [-1123.6, -2957.3], [-1114.2, -2966.5], [-1111.5, -3018.1], [-1101.7, -3047.3], [-1123.7, -3070.3], [-1147.4, -3076.8], [-1178.0, -3082.9]]}}, {"type": "Feature", "properties": {"op": "add"}, "geometry": {"type": "LineString", "coordinates": [[-5128.1, -2080.7], [-5144.8, -2055.7], [-5160.8, -2041.7], [-5184.2, -2033.3], [-5201.1, -2008.9], [-5213.6, -1976.8], [-5217.5, -1953.1], [-5222.4, -1918.4], [-5227.4, -1890.9], [-5237.3, -1857.4], [-5240.2, -1831.0], [-5232.8, -1803.3], [-5220.5, -1781.2], [-5207.7, -1765.5], [-5183.2, -1750.0], [-5155.2, -1748.1], [-5127.4, -1751.3], [-5099.6, -1754.6], [-5077.8, -1756.7], [-5035.9, -1759.3], [-5003.5, -1755.7], [-4983.3, -1736.5], [-4964.1, -1716.2], [-4951.0, -1689.9], [-4951.8, -1666.3], [-4960.9, -1639.8], [-4966.8, -1612.7], [-4969.7, -1589.2], [-4970.3, -1554.2], [-4965.6, -1536.5], [-4947.9, -1518.8], [-4921.6, -1495.8], [-4904.0, -1476.2], [-4890.4, -1454.3], [-4879.9, -1428.4], [-4861.1, -1406.4], [-4840.4, -1387.6], [-4816.1, -1368.7], [-4803.6, -1359.7], [-4785.9, -1338.2], [-4773.8, -1313.7], [-4758.4, -1290.4], [-4738.0, -1266.4], [-4711.3, -1256.7], [-4679.2, -1252.8], [-4651.7, -1247.9], [-4623.8, -1245.7], [-4607.1, -1243.6], [-4587.4, -1247.9], [-4585.4, -1249.5], [-4598.8, -1245.3], [-4614.5, -1243.2], [-4629.0, -1251.5], [-4645.4, -1247.7], [-4661.3, -1248.2], [-4681.6, -1253.3], [-4715.1, -1257.4], [-4747.5, -1264.1], [-4759.0, -1286.7], [-4774.1, -1310.7], [-4784.4, -1342.4], [-4809.4, -1363.0], [-4837.9, -1383.3], [-4867.0, -1404.4], [-4887.8, -1414.7], [-4895.4, -1429.2], [-4896.2, -1457.2], [-4904.7, -1480.1], [-4919.1, -1495.0], [-4966.2, -1533.2], [-4976.1, -1543.9], [-4977.5, -1557.0], [-4969.2, -1596.9], [-4965.6, -1625.0], [-4960.3, -1644.9], [-4949.8, -1671.0], [-4947.9, -1689.2], [-4956.7, -1709.6], [-4963.6, -1728.0], [-4951.2, -1744.9], [-4937.4, -1760.7], [-4914.5, -1782.9], [-4896.9, -1794.5], [-4880.4, -1807.5], [-4863.4, -1822.4], [-4862.4, -1836.3], [-4861.7, -1862.1], [-4872.8, -1883.3], [-4870.8, -1892.2], [-4849.8, -1919.0], [-4830.5, -1939.2], [-4811.5, -1962.7], [-4803.7, -1987.8], [-4807.7, -2007.7], [-4818.9, -2033.3], [-4830.5, -2059.5], [-4830.7, -2073.5], [-4836.3, -2090.6], [-4849.2, -2105.1], [-4861.0, -2112.7], [-4887.6, -2130.2], [-4903.9, -2142.9], [-4925.9, -2157.6], [-4951.9, -2172.7], [-4968.6, -2184.3], [-4986.2, -2202.2], [-5006.9, -2230.4], [-5027.8, -2247.9], [-5042.6, -2243.5], [-5049.0, -2230.2], [-5047.4, -2223.7], [-5039.6, -2203.8], [-5042.7, -2213.8], [-5049.9, -2230.0], [-5062.3, -2216.3], [-5066.0, -2193.3], [-5068.2, -2158.4], [-5074.1, -2135.7]]}}, {"type": "Feature", "properties": {"op": "add"}, "geometry": {"type": "LineString", "coordinates": [[-4542.4, -1211.2], [-4535.1, -1204.8], [-4528.5, -1198.6], [-4522.5, -1191.1], [-4517.1, -1183.0], [-4513.3, -1172.4], [-4511.9, -1158.7], [-4509.5, -1144.7], [-4509.8, -1130.6], [-4511.4, -1121.8], [-4520.9, -1114.6], [-4526.7, -1107.8], [-4531.2, -1100.1], [-4536.1, -1090.9], [-4543.2, -1084.3], [-4546.0, -1077.4], [-4547.4, -1069.3], [-4545.1, -1060.6], [-4545.4, -1053.6], [-4548.1, -1051.0], [-4550.9, -1046.1], [-4550.7, -1037.2], [-4547.0, -1024.2], [-4544.2, -1018.1], [-4536.7, -1008.9], [-4533.4, -1000.0], [-4535.6, -987.5], [-4543.2, -985.5], [-4554.7, -986.6], [-4563.3, -984.1], [-4569.2, -977.9], [-4573.0, -969.0], [-4578.7, -961.2], [-4584.8, -955.7], [-4591.8, -949.6], [-4599.1, -943.2], [-4604.9, -937.4], [-4612.5, -930.2], [-4622.3, -923.3], [-4633.0, -921.7], [-4646.9, -924.6], [-4658.1, -928.6], [-4666.7, -934.5], [-4673.0, -938.4], [-4682.6, -939.6], [-4689.1, -945.7], [-4700.1, -956.8], [-4710.0, -969.0], [-4716.7, -977.1], [-4734.0, -999.0], [-4736.1, -1002.1], [-4745.1, -1010.5], [-4756.8, -1018.2], [-4768.7, -1024.8], [-4781.4, -1030.8], [-4794.2, -1036.3], [-4819.7, -1047.9], [-4832.1, -1054.4], [-4839.3, -1057.8], [-4851.2, -1065.2], [-4862.9, -1072.8], [-4884.0, -1085.5], [-4894.1, -1094.4], [-4895.9, -1102.4], [-4896.8, -1107.4], [-4897.7, -1109.4], [-4897.5, -1112.4], [-4894.1, -1119.0], [-4876.6, -1140.8], [-4867.8, -1151.7], [-4858.6, -1162.3], [-4844.8, -1175.8], [-4836.0, -1186.7], [-4819.4, -1199.7], [-4808.3, -1201.2], [-4794.1, -1202.2], [-4781.3, -1204.3], [-4765.3, -1214.6], [-4753.5, -1222.1], [-4742.2, -1230.4], [-4723.6, -1243.0], [-4711.3, -1249.5], [-4691.7, -1257.0], [-4686.1, -1257.8], [-4669.3, -1255.2], [-4657.1, -1248.2], [-4644.3, -1242.6], [-4622.8, -1232.4], [-4607.8, -1229.4], [-4596.2, -1229.5], [-4568.1, -1226.3], [-4556.6, -1222.0]]}}, {"type": "Feature", "properties": {"op": "add"}, "geometry": {"type": "LineString", "coordinates": [[-4542.4, -1211.2], [-4535.1, -1204.8], [-4528.5, -1198.6], [-4522.5, -1191.1], [-4517.1, -1183.0], [-4513.3, -1172.4], [-4511.9, -1158.7], [-4509.5, -1144.7], [-4509.8, -1130.6], [-4511.4, -1121.8], [-4520.9, -1114.6], [-4526.7, -1107.8], [-4531.2, -1100.1], [-4536.1, -1090.9], [-4543.2, -1084.3], [-4546.0, -1077.4], [-4547.4, -1069.3], [-4545.1, -1060.6], [-4545.4, -1053.6], [-4548.1, -1051.0], [-4550.9, -1046.1], [-4550.7, -1037.2], [-4547.0, -1024.2], [-4544.2, -1018.1], [-4536.7, -1008.9], [-4533.4, -1000.0], [-4535.6, -987.5], [-4543.2, -985.5], [-4554.7, -986.6], [-4563.3, -984.1], [-4569.2, -977.9], [-4573.0, -969.0], [-4578.7, -961.2], [-4584.8, -955.7], [-4591.8, -949.6], [-4599.1, -943.2], [-4604.9, -937.4], [-4612.5, -930.2], [-4622.3, -923.3], [-4633.0, -921.7], [-4646.9, -924.6], [-4658.1, -928.6], [-4666.7, -934.5], [-4673.0, -938.4], [-4682.6, -939.6], [-4689.1, -945.7], [-4700.1, -956.8], [-4710.0, -969.0], [-4716.7, -977.1], [-4734.0, -999.0], [-4736.1, -1002.1], [-4745.1, -1010.5], [-4756.8, -1018.2], [-4768.7, -1024.8], [-4781.4, -1030.8], [-4794.2, -1036.3], [-4819.7, -1047.9], [-4832.1, -1054.4], [-4839.3, -1057.8], [-4851.2, -1065.2], [-4862.9, -1072.8], [-4884.0, -1085.5], [-4894.1, -1094.4], [-4895.9, -1102.4], [-4896.8, -1107.4], [-4897.7, -1109.4], [-4897.5, -1112.4], [-4894.1, -1119.0], [-4876.6, -1140.8], [-4867.8, -1151.7], [-4858.6, -1162.3], [-4844.8, -1175.8], [-4836.0, -1186.7], [-4819.4, -1199.7], [-4808.3, -1201.2], [-4794.1, -1202.2], [-4781.3, -1204.3], [-4765.3, -1214.6], [-4753.5, -1222.1], [-4742.2, -1230.4], [-4723.6, -1243.0], [-4711.3, -1249.5], [-4691.7, -1257.0], [-4686.1, -1257.8], [-4669.3, -1255.2], [-4657.1, -1248.2], [-4644.3, -1242.6], [-4622.8, -1232.4], [-4607.8, -1229.4], [-4596.2, -1229.5], [-4568.1, -1226.3], [-4556.6, -1222.0]]}}, {"type": "Feature", "properties": {"op": "add"}, "geometry": {"type": "LineString", "coordinates": [[-4542.4, -1211.2], [-4535.1, -1204.8], [-4528.5, -1198.6], [-4522.5, -1191.1], [-4517.1, -1183.0], [-4513.3, -1172.4], [-4511.9, -1158.7], [-4509.5, -1144.7], [-4509.8, -1130.6], [-4511.4, -1121.8], [-4520.9, -1114.6], [-4526.7, -1107.8], [-4531.2, -1100.1], [-4536.1, -1090.9], [-4543.2, -1084.3], [-4546.0, -1077.4], [-4547.4, -1069.3], [-4545.1, -1060.6], [-4545.4, -1053.6], [-4548.1, -1051.0], [-4550.9, -1046.1], [-4550.7, -1037.2], [-4547.0, -1024.2], [-4544.2, -1018.1], [-4536.7, -1008.9], [-4533.4, -1000.0], [-4535.6, -987.5], [-4543.2, -985.5], [-4554.7, -986.6], [-4563.3, -984.1], [-4569.2, -977.9], [-4573.0, -969.0], [-4578.7, -961.2], [-4584.8, -955.7], [-4591.8, -949.6], [-4599.1, -943.2], [-4604.9, -937.4], [-4612.5, -930.2], [-4622.3, -923.3], [-4633.0, -921.7], [-4646.9, -924.6], [-4658.1, -928.6], [-4666.7, -934.5], [-4673.0, -938.4], [-4682.6, -939.6], [-4689.1, -945.7], [-4700.1, -956.8], [-4710.0, -969.0], [-4716.7, -977.1], [-4734.0, -999.0], [-4736.1, -1002.1], [-4745.1, -1010.5], [-4756.8, -1018.2], [-4768.7, -1024.8], [-4781.4, -1030.8], [-4794.2, -1036.3], [-4819.7, -1047.9], [-4832.1, -1054.4], [-4839.3, -1057.8], [-4851.2, -1065.2], [-4862.9, -1072.8], [-4884.0, -1085.5], [-4894.1, -1094.4], [-4895.9, -1102.4], [-4896.8, -1107.4], [-4897.7, -1109.4], [-4897.5, -1112.4], [-4894.1, -1119.0], [-4876.6, -1140.8], [-4867.8, -1151.7], [-4858.6, -1162.3], [-4844.8, -1175.8], [-4836.0, -1186.7], [-4819.4, -1199.7], [-4808.3, -1201.2], [-4794.1, -1202.2], [-4781.3, -1204.3], [-4765.3, -1214.6], [-4753.5, -1222.1], [-4742.2, -1230.4], [-4723.6, -1243.0], [-4711.3, -1249.5], [-4691.7, -1257.0], [-4686.1, -1257.8], [-4669.3, -1255.2], [-4657.1, -1248.2], [-4644.3, -1242.6], [-4622.8, -1232.4], [-4607.8, -1229.4], [-4596.2, -1229.5], [-4568.1, -1226.3], [-4556.6, -1222.0]]}}, {"type": "Feature", "properties": {"op": "add"}, "geometry": {"type": "LineString", "coordinates": [[-5155.5, -1195.8], [-5155.1, -1194.9], [-5156.0, -1199.8], [-5166.3, -1220.0], [-5170.6, -1226.3], [-5178.0, -1237.0], [-5190.3, -1239.2], [-5215.8, -1225.1], [-5221.5, -1209.4], [-5219.4, -1194.9], [-5209.9, -1187.2], [-5194.9, -1188.9], [-5181.1, -1199.3], [-5158.9, -1213.6], [-5122.1, -1222.3], [-5111.0, -1230.8], [-5084.7, -1227.6], [-5065.3, -1209.7], [-5052.5, -1181.3], [-5025.1, -1165.3], [-5004.3, -1140.4], [-4984.8, -1123.7], [-4971.5, -1109.8], [-4949.7, -1096.3], [-4927.9, -1090.3], [-4909.8, -1080.7], [-4914.7, -1066.6], [-4927.9, -1057.0], [-4942.7, -1055.2], [-4951.9, -1049.2], [-4960.2, -1028.9], [-4970.5, -1008.4], [-4981.0, -993.0], [-4993.7, -980.1], [-5012.8, -967.9], [-5032.9, -971.1], [-5052.1, -982.1], [-5060.7, -991.2], [-5072.3, -1009.0], [-5090.3, -1005.6], [-5106.0, -1004.3], [-5132.4, -1102.9], [-5200.3, -1166.4]]}}, {"type": "Feature", "properties": {"op": "add"}, "geometry": {"type": "LineString", "coordinates": [[-7632.1, -4484.8], [-7631.1, -4493.7], [-7630.0, -4504.8], [-7624.5, -4514.6], [-7614.6, -4524.5], [-7604.0, -4531.8], [-7594.8, -4544.9], [-7600.6, -4559.5], [-7600.7, -4570.7], [-7599.1, -4581.7], [-7604.5, -4594.7], [-7594.6, -4589.5], [-7584.5, -4586.3], [-7572.9, -4584.2], [-7560.7, -4583.1], [-7544.0, -4581.0], [-7517.7, -4579.1], [-7496.8, -4577.6], [-7477.2, -4574.1], [-7463.0, -4577.0], [-7443.8, -4585.4], [-7411.4, -4599.9], [-7398.6, -4601.2], [-7376.3, -4601.2], [-7348.4, -4607.6], [-7364.1, -4598.9], [-7384.0, -4590.5], [-7390.7, -4573.4], [-7384.8, -4553.4], [-7384.1, -4551.0], [-7401.9, -4539.8], [-7419.3, -4528.1], [-7436.2, -4515.6], [-7453.0, -4503.0], [-7467.9, -4488.7], [-7486.2, -4478.9], [-7503.7, -4473.4], [-7510.6, -4463.8], [-7526.3, -4425.0], [-7528.7, -4419.3], [-7547.5, -4409.9], [-7563.1, -4401.6], [-7572.4, -4383.2], [-7577.5, -4357.4], [-7581.4, -4355.1], [-7609.8, -4343.1], [-7640.7, -4314.7], [-7649.2, -4306.6], [-7667.9, -4280.4], [-7681.0, -4282.8], [-7693.8, -4286.9], [-7708.1, -4289.2], [-7722.5, -4291.6], [-7734.4, -4298.8], [-7749.9, -4306.6], [-7764.1, -4314.5], [-7773.9, -4320.0], [-7784.4, -4332.3], [-7773.7, -4349.4], [-7757.5, -4365.6], [-7731.4, -4389.4], [-7703.0, -4413.7], [-7689.3, -4426.9], [-7664.6, -4448.0], [-7633.9, -4468.6]]}}, {"type": "Feature", "properties": {"op": "add"}, "geometry": {"type": "LineString", "coordinates": [[-5094.4, 632.8], [-5099.9, 639.9], [-5098.8, 659.3], [-5089.8, 664.9], [-5077.4, 664.5], [-5070.1, 664.1], [-5058.1, 664.5], [-5053.5, 664.4], [-5038.6, 663.9], [-5019.7, 677.1], [-5005.5, 696.1], [-5003.5, 736.4], [-5015.0, 758.3], [-5049.9, 776.4], [-5088.1, 764.2], [-5109.3, 751.0], [-5139.7, 725.5], [-5155.8, 699.2], [-5168.6, 673.1], [-5170.6, 645.9], [-5169.9, 609.9], [-5166.9, 572.2], [-5166.4, 546.2], [-5149.1, 514.9], [-5117.4, 493.8], [-5071.8, 485.5], [-5049.2, 487.6], [-5016.2, 497.7], [-4997.9, 513.5], [-4969.0, 530.7], [-4928.2, 535.1], [-4888.2, 519.6], [-4861.2, 501.2], [-4851.0, 486.3], [-4846.4, 450.8], [-4860.0, 421.5], [-4884.1, 398.2], [-4918.6, 387.2], [-4957.9, 395.1], [-4977.4, 423.3], [-4999.4, 454.0], [-5015.1, 480.2], [-4997.8, 519.8], [-4969.7, 535.1], [-4927.7, 545.7], [-4910.2, 580.6], [-4923.1, 609.6], [-4940.0, 638.0], [-4966.5, 654.3], [-4993.8, 664.5], [-5009.6, 664.4], [-5070.1, 664.1], [-5077.4, 664.5], [-5089.8, 664.9], [-5098.8, 659.3], [-5100.6, 656.4], [-5100.6, 640.1], [-5082.9, 631.0], [-5081.6, 640.9]]}}, {"type": "Feature", "properties": {"op": "add"}, "geometry": {"type": "LineString", "coordinates": [[-5084.9, 633.8], [-5099.0, 634.8], [-5101.4, 649.0], [-5098.8, 663.6], [-5079.3, 664.7], [-5070.4, 664.4], [-5058.8, 663.9], [-5037.9, 660.0], [-5024.2, 636.5], [-5005.4, 618.8], [-4966.6, 600.3], [-4966.0, 571.1], [-4991.4, 536.4], [-5020.6, 520.3], [-5055.5, 518.8], [-5102.8, 514.1], [-5149.5, 502.0], [-5181.6, 487.4], [-5203.6, 463.6], [-5222.1, 438.5], [-5234.0, 425.8], [-5246.5, 408.2], [-5263.9, 380.6], [-5281.1, 345.6], [-5284.6, 312.4], [-5263.0, 275.3], [-5245.2, 265.1], [-5215.8, 265.5], [-5205.0, 235.2], [-5209.6, 197.8], [-5208.3, 150.2], [-5191.6, 109.2], [-5182.6, 85.7], [-5168.6, 57.2], [-5135.7, 47.0], [-5105.8, 50.7], [-5071.6, 45.8], [-5034.7, 35.1], [-5005.9, 1.4], [-5000.3, -36.8], [-5008.5, -64.1], [-5035.1, -104.2], [-5072.1, -126.9], [-5107.3, -132.0], [-5147.9, -120.2], [-5172.3, -102.6], [-5189.6, -65.0], [-5192.6, -46.9], [-5207.2, -8.0], [-5208.9, 16.2], [-5210.0, 47.7], [-5229.5, 71.0], [-5259.9, 84.2], [-5280.5, 98.1], [-5304.4, 119.3], [-5313.5, 160.8], [-5320.6, 207.8], [-5315.6, 246.9], [-5282.8, 257.4], [-5234.2, 264.5], [-5196.7, 279.3], [-5181.7, 301.3], [-5179.6, 316.7], [-5177.3, 343.5], [-5198.3, 388.5], [-5190.1, 423.9], [-5161.9, 456.3], [-5143.6, 482.0], [-5108.3, 497.8], [-5065.7, 502.8], [-5026.7, 514.4], [-4986.5, 536.5], [-4954.4, 567.9], [-4956.3, 597.6], [-4974.4, 635.6], [-4996.3, 664.3], [-5021.8, 664.0], [-5041.2, 664.1], [-5066.2, 663.7], [-5080.0, 661.7], [-5085.8, 660.9], [-5090.8, 660.2], [-5096.8, 659.4], [-5097.8, 659.2], [-5099.3, 643.6], [-5092.4, 632.2], [-5092.2, 632.5], [-5072.7, 632.1], [-5072.6, 632.4], [-5073.0, 640.0]]}}, {"type": "Feature", "properties": {"op": "add"}, "geometry": {"type": "LineString", "coordinates": [[-5091.5, 631.9], [-5099.3, 638.2], [-5098.5, 660.4], [-5078.8, 664.4], [-5070.0, 664.1], [-5046.0, 664.5], [-5020.9, 664.3], [-4988.7, 666.3], [-4951.7, 663.5], [-4922.1, 645.7], [-4914.6, 597.0], [-4939.9, 571.2], [-4969.1, 547.8], [-4994.0, 528.7], [-5002.9, 506.9], [-5005.0, 483.0], [-4994.2, 457.0], [-4982.8, 435.7], [-4969.0, 413.1], [-4952.0, 390.9], [-4918.8, 380.2], [-4891.8, 384.8], [-4870.9, 388.6], [-4839.1, 373.7], [-4835.8, 344.1], [-4847.1, 297.3], [-4873.6, 255.0], [-4912.1, 234.3], [-4948.9, 232.0], [-4985.9, 223.6], [-5005.9, 180.5], [-5002.7, 144.4], [-5000.4, 107.8], [-5001.4, 88.9], [-4992.6, 59.6], [-4973.1, 35.0], [-4950.3, 16.4], [-4919.7, -7.6], [-4895.1, -24.5], [-4873.8, -56.5], [-4878.9, -78.4], [-4901.0, -96.3], [-4938.9, -97.7], [-4947.5, -70.9], [-4962.1, -45.1], [-4985.6, -3.7], [-5007.2, 21.7], [-5035.3, 34.9], [-5077.7, 45.2], [-5122.0, 50.9], [-5163.3, 41.7], [-5185.5, 38.4], [-5215.4, 32.1], [-5251.4, 11.9], [-5270.7, 35.9], [-5269.6, 61.3], [-5229.2, 77.4], [-5199.3, 80.3], [-5162.1, 96.2], [-5116.3, 114.8], [-5104.9, 161.9], [-5106.1, 210.7], [-5100.4, 255.0], [-5094.8, 294.7], [-5072.3, 323.1], [-5042.4, 354.9], [-5031.1, 402.8], [-5023.5, 437.6], [-5021.1, 461.7], [-5061.3, 480.6], [-5101.1, 489.6], [-5131.5, 478.6], [-5154.2, 459.8], [-5173.4, 425.0], [-5176.2, 388.6], [-5178.2, 359.6], [-5177.1, 334.1], [-5184.4, 290.9], [-5200.4, 273.4], [-5243.3, 262.8], [-5263.4, 272.4], [-5280.8, 295.0], [-5285.5, 322.8], [-5279.5, 359.6], [-5272.3, 382.0], [-5257.4, 401.6], [-5235.0, 422.2], [-5221.3, 434.7], [-5204.4, 446.8], [-5166.4, 467.2], [-5123.8, 489.7], [-5089.3, 501.9], [-5050.1, 500.8], [-5022.1, 515.1], [-5004.6, 526.3], [-4987.2, 539.7], [-4967.1, 557.4], [-4954.6, 576.6], [-4941.9, 597.0], [-4937.9, 622.1], [-4942.4, 647.0], [-4955.9, 657.9], [-4987.7, 666.6], [-5012.2, 663.8], [-5029.6, 664.1], [-5046.8, 664.2], [-5065.8, 664.1], [-5097.2, 643.8], [-5082.6, 631.6], [-5065.9, 639.8], [-5066.3, 640.2]]}}, {"type": "Feature", "properties": {"op": "add"}, "geometry": {"type": "LineString", "coordinates": [[-5078.1, 632.8], [-5096.2, 634.2], [-5099.6, 647.3], [-5096.4, 663.5], [-5078.9, 664.6], [-5047.6, 664.5], [-5029.1, 664.6], [-5001.7, 665.0], [-4980.5, 664.0], [-4951.8, 664.4], [-4913.1, 661.8], [-4887.9, 689.7], [-4885.2, 719.2], [-4905.2, 763.2], [-4948.7, 781.4], [-4977.9, 809.8], [-4988.9, 809.7], [-5011.9, 818.1], [-5051.2, 819.7], [-5083.6, 797.4], [-5114.2, 773.3], [-5143.5, 765.0], [-5185.3, 762.5], [-5213.9, 765.3], [-5257.5, 784.8], [-5278.2, 777.8], [-5294.2, 755.3], [-5296.9, 729.2], [-5289.1, 702.0], [-5273.8, 666.2], [-5267.9, 638.3], [-5260.3, 622.6], [-5245.0, 611.9], [-5200.1, 604.7], [-5181.2, 590.7], [-5185.5, 548.6], [-5167.7, 522.8], [-5137.5, 504.2], [-5102.6, 499.7], [-5064.5, 492.9], [-5035.1, 478.0], [-5001.8, 454.7], [-4978.7, 423.3], [-4968.2, 394.7], [-4970.7, 356.4], [-4981.9, 320.6], [-5000.3, 287.6], [-5024.3, 263.5], [-5033.6, 245.4], [-5043.8, 220.9], [-5055.7, 189.9], [-5065.0, 177.9], [-5093.5, 175.1], [-5104.9, 192.9], [-5108.3, 222.6], [-5096.2, 260.2], [-5092.7, 300.5], [-5064.8, 341.3], [-5046.7, 359.7], [-5017.9, 369.3], [-4990.1, 370.2], [-4946.6, 373.2], [-4904.0, 381.1], [-4873.3, 409.2], [-4858.2, 449.2], [-4860.1, 475.3], [-4874.0, 522.4], [-4907.7, 539.0], [-4938.0, 542.9], [-4984.8, 534.7], [-5016.4, 516.8], [-5045.8, 504.1], [-5067.0, 496.8], [-5092.5, 477.7], [-5113.3, 451.8], [-5145.3, 430.1], [-5159.4, 401.4], [-5177.6, 380.4], [-5177.6, 335.6], [-5183.7, 292.3], [-5214.6, 264.1], [-5238.5, 265.3], [-5270.4, 270.2], [-5295.3, 259.1], [-5311.0, 222.1], [-5342.2, 192.5], [-5347.2, 154.9], [-5320.4, 112.1], [-5278.6, 88.2], [-5258.2, 55.2], [-5251.7, 14.1], [-5249.8, -21.2], [-5257.3, -54.1], [-5277.0, -99.7], [-5297.2, -105.7], [-5340.3, -104.9], [-5367.8, -96.8], [-5383.3, -62.2], [-5365.7, -35.3], [-5340.4, -18.7], [-5309.3, 9.5], [-5289.2, 14.6], [-5263.4, 20.0], [-5232.5, 13.5], [-5204.2, -19.4], [-5182.8, -62.6], [-5174.8, -84.5], [-5162.6, -103.8], [-5132.0, -113.7], [-5096.8, -121.9], [-5065.5, -109.9], [-5042.3, -85.6], [-5019.1, -62.1], [-4997.6, -36.6], [-4968.9, -1.8], [-4934.7, 27.9], [-4902.9, 45.5], [-4884.5, 46.5], [-4867.7, 45.4], [-4854.8, 31.7], [-4852.8, -1.7], [-4861.8, -29.4], [-4882.4, -29.9], [-4910.1, -50.9], [-4922.3, -66.7], [-4949.1, -51.5], [-4952.4, -44.9], [-4964.5, -33.2], [-4983.4, 4.7], [-4966.2, 46.3], [-4946.9, 79.3], [-4927.3, 105.8], [-4903.6, 139.4], [-4908.8, 173.5], [-4899.3, 207.3], [-4894.8, 242.0], [-4876.0, 262.6], [-4851.9, 285.6], [-4845.7, 327.7], [-4845.2, 360.0], [-4847.7, 391.3], [-4859.1, 419.1], [-4856.9, 465.9], [-4876.2, 509.1], [-4916.6, 535.2], [-4941.5, 566.5], [-4956.1, 605.6], [-4968.0, 629.5], [-4992.9, 657.3], [-5020.0, 663.8], [-5049.4, 663.9], [-5085.4, 666.4], [-5114.1, 670.1], [-5129.3, 676.2], [-5134.6, 693.2], [-5124.8, 712.9], [-5091.6, 711.2], [-5069.8, 674.9], [-5061.4, 667.0], [-5019.7, 666.8], [-5000.7, 667.4], [-4993.3, 670.0], [-5002.2, 664.5], [-5017.1, 664.4], [-5040.2, 664.2], [-5090.2, 663.8], [-5101.2, 660.5], [-5102.1, 639.9], [-5092.0, 630.4], [-5078.2, 633.3], [-5062.3, 632.9], [-5060.5, 640.3]]}}, {"type": "Feature", "properties": {"op": "add"}, "geometry": {"type": "LineString", "coordinates": [[-5097.3, 638.2], [-5099.0, 662.4], [-5079.4, 664.3], [-5059.1, 664.4], [-5034.3, 664.2], [-5009.0, 664.2], [-4988.0, 664.8], [-4957.9, 667.1], [-4923.5, 679.0], [-4907.6, 683.5], [-4883.6, 694.9], [-4850.1, 676.8], [-4864.9, 632.6], [-4910.2, 633.5], [-4946.9, 659.1], [-4995.1, 667.1], [-5029.9, 666.0], [-5065.3, 667.0], [-5091.3, 666.2], [-5132.5, 678.9], [-5160.8, 695.7], [-5189.0, 715.4], [-5218.2, 743.7], [-5246.9, 753.9], [-5291.2, 736.6], [-5297.7, 704.0], [-5294.1, 669.9], [-5283.4, 645.7], [-5274.7, 617.4], [-5275.4, 576.7], [-5275.7, 532.8], [-5270.5, 488.2], [-5275.4, 443.8], [-5282.7, 395.9], [-5284.5, 357.5], [-5297.1, 321.8], [-5305.3, 287.9], [-5324.9, 244.9], [-5356.4, 222.9], [-5372.0, 179.2], [-5334.4, 149.0], [-5315.3, 119.5], [-5293.3, 83.6], [-5277.2, 50.7], [-5255.6, 8.4], [-5224.4, -18.2], [-5203.0, -50.3], [-5177.8, -81.8], [-5153.1, -109.2], [-5112.4, -124.0], [-5075.5, -120.1], [-5034.1, -103.7], [-4989.3, -84.0], [-4952.2, -82.1], [-4930.3, -71.9], [-4903.3, -47.0], [-4892.4, -14.4], [-4901.1, 29.5], [-4921.2, 50.9], [-4960.6, 51.2], [-5007.9, 44.3], [-5049.2, 46.3], [-5082.0, 51.2], [-5109.1, 52.7], [-5153.8, 53.4], [-5194.3, 78.2], [-5200.1, 113.0], [-5210.7, 155.0], [-5209.6, 202.7], [-5206.8, 249.8], [-5195.3, 281.6], [-5175.3, 312.9], [-5176.3, 350.5], [-5197.4, 384.5], [-5206.3, 401.4], [-5210.9, 427.6], [-5205.0, 464.9], [-5193.1, 501.4], [-5180.8, 540.3], [-5174.9, 567.8], [-5159.2, 594.9], [-5133.0, 612.1], [-5111.2, 618.5], [-5082.1, 643.5], [-5051.2, 666.2], [-5023.2, 672.1], [-4998.4, 675.9], [-4964.1, 667.4], [-4945.4, 649.3], [-4929.7, 618.0], [-4933.0, 597.6], [-4950.8, 560.4], [-4986.2, 534.7], [-5027.7, 507.0], [-5064.0, 482.6], [-5079.1, 444.7], [-5082.0, 401.0], [-5080.9, 379.7], [-5088.5, 350.9], [-5101.9, 322.3], [-5108.5, 280.2], [-5108.4, 250.0], [-5116.9, 217.0], [-5109.3, 175.0], [-5088.9, 150.7], [-5060.4, 142.9], [-5048.9, 136.9], [-5028.8, 136.1], [-5014.0, 134.4], [-4976.8, 133.1], [-4939.2, 144.5], [-4909.6, 167.5], [-4902.0, 203.9], [-4923.4, 237.5], [-4957.9, 242.4], [-4979.9, 241.2], [-5010.3, 221.4], [-5046.9, 191.9], [-5085.2, 182.3], [-5091.6, 219.2], [-5091.8, 256.5], [-5073.1, 285.0], [-5056.1, 305.9], [-5034.0, 340.7], [-5013.6, 366.7], [-4985.1, 398.6], [-4951.7, 419.8], [-4927.8, 437.4], [-4905.9, 452.9], [-4904.5, 474.8], [-4909.4, 491.2], [-4906.7, 508.8], [-4904.0, 524.8], [-4903.7, 545.8], [-4910.8, 565.4], [-4923.4, 594.0], [-4936.4, 624.8], [-4970.3, 650.2], [-4991.4, 664.6], [-5100.8, 656.9], [-5099.9, 642.5], [-5095.8, 633.7], [-5084.1, 627.7], [-5074.5, 625.2], [-5074.9, 625.4]]}}, {"type": "Feature", "properties": {"op": "add"}, "geometry": {"type": "LineString", "coordinates": [[-7632.1, -4484.8], [-7631.1, -4493.7], [-7630.0, -4504.8], [-7624.5, -4514.6], [-7614.6, -4524.5], [-7604.0, -4531.8], [-7594.8, -4544.9], [-7600.6, -4559.5], [-7600.7, -4570.7], [-7599.1, -4581.7], [-7604.5, -4594.7], [-7594.6, -4589.5], [-7584.5, -4586.3], [-7572.9, -4584.2], [-7560.7, -4583.1], [-7544.0, -4581.0], [-7517.7, -4579.1], [-7496.8, -4577.6], [-7477.2, -4574.1], [-7463.0, -4577.0], [-7443.8, -4585.4], [-7411.4, -4599.9], [-7398.6, -4601.2], [-7376.3, -4601.2], [-7348.4, -4607.6], [-7364.1, -4598.9], [-7384.0, -4590.5], [-7390.7, -4573.4], [-7384.8, -4553.4], [-7384.1, -4551.0], [-7401.9, -4539.8], [-7419.3, -4528.1], [-7436.2, -4515.6], [-7453.0, -4503.0], [-7467.9, -4488.7], [-7486.2, -4478.9], [-7503.7, -4473.4], [-7510.6, -4463.8], [-7526.3, -4425.0], [-7528.7, -4419.3], [-7547.5, -4409.9], [-7563.1, -4401.6], [-7572.4, -4383.2], [-7577.5, -4357.4], [-7581.4, -4355.1], [-7609.8, -4343.1], [-7640.7, -4314.7], [-7649.2, -4306.6], [-7667.9, -4280.4], [-7681.0, -4282.8], [-7693.8, -4286.9], [-7708.1, -4289.2], [-7722.5, -4291.6], [-7734.4, -4298.8], [-7749.9, -4306.6], [-7764.1, -4314.5], [-7773.9, -4320.0], [-7784.4, -4332.3], [-7773.7, -4349.4], [-7757.5, -4365.6], [-7731.4, -4389.4], [-7703.0, -4413.7], [-7689.3, -4426.9], [-7664.6, -4448.0], [-7633.9, -4468.6]]}}, {"type": "Feature", "properties": {"op": "add"}, "geometry": {"type": "LineString", "coordinates": [[-7632.1, -4484.8], [-7631.1, -4493.7], [-7630.0, -4504.8], [-7624.5, -4514.6], [-7614.6, -4524.5], [-7604.0, -4531.8], [-7594.8, -4544.9], [-7600.6, -4559.5], [-7600.7, -4570.7], [-7599.1, -4581.7], [-7604.5, -4594.7], [-7594.6, -4589.5], [-7584.5, -4586.3], [-7572.9, -4584.2], [-7560.7, -4583.1], [-7544.0, -4581.0], [-7517.7, -4579.1], [-7496.8, -4577.6], [-7477.2, -4574.1], [-7463.0, -4577.0], [-7443.8, -4585.4], [-7411.4, -4599.9], [-7398.6, -4601.2], [-7376.3, -4601.2], [-7348.4, -4607.6], [-7364.1, -4598.9], [-7384.0, -4590.5], [-7390.7, -4573.4], [-7384.8, -4553.4], [-7384.1, -4551.0], [-7401.9, -4539.8], [-7419.3, -4528.1], [-7436.2, -4515.6], [-7453.0, -4503.0], [-7467.9, -4488.7], [-7486.2, -4478.9], [-7503.7, -4473.4], [-7510.6, -4463.8], [-7526.3, -4425.0], [-7528.7, -4419.3], [-7547.5, -4409.9], [-7563.1, -4401.6], [-7572.4, -4383.2], [-7577.5, -4357.4], [-7581.4, -4355.1], [-7609.8, -4343.1], [-7640.7, -4314.7], [-7649.2, -4306.6], [-7667.9, -4280.4], [-7681.0, -4282.8], [-7693.8, -4286.9], [-7708.1, -4289.2], [-7722.5, -4291.6], [-7734.4, -4298.8], [-7749.9, -4306.6], [-7764.1, -4314.5], [-7773.9, -4320.0], [-7784.4, -4332.3], [-7773.7, -4349.4], [-7757.5, -4365.6], [-7731.4, -4389.4], [-7703.0, -4413.7], [-7689.3, -4426.9], [-7664.6, -4448.0], [-7633.9, -4468.6]]}}, {"type": "Feature", "properties": {"op": "add"}, "geometry": {"type": "LineString", "coordinates": [[-6782.6, -2216.2], [-6822.6, -2215.7], [-6847.1, -2220.2], [-6877.8, -2212.8], [-6917.1, -2191.3], [-6922.8, -2212.6], [-6952.2, -2221.5], [-6980.1, -2250.2], [-7015.7, -2253.8], [-7049.0, -2249.8], [-7081.3, -2254.5], [-7113.1, -2225.7], [-7144.1, -2205.1], [-7181.4, -2201.9], [-7190.6, -2175.7], [-7192.8, -2146.2], [-7210.8, -2118.7], [-7229.1, -2106.5], [-7251.4, -2095.1], [-7280.8, -2085.6], [-7313.0, -2071.2], [-7335.3, -2062.2], [-7359.1, -2049.8], [-7381.6, -2046.3], [-7389.8, -2024.9], [-7392.7, -2007.0], [-7396.0, -1981.8], [-7404.4, -1951.8], [-7419.3, -1921.9], [-7431.0, -1890.2], [-7456.5, -1865.0], [-7448.4, -1831.5], [-7429.2, -1811.6], [-7423.4, -1777.7], [-7429.2, -1811.6], [-7448.4, -1831.5], [-7456.5, -1865.0], [-7431.0, -1890.2], [-7419.3, -1921.9], [-7404.4, -1951.8], [-7396.0, -1981.8], [-7392.7, -2007.0], [-7389.8, -2024.9], [-7381.6, -2046.3], [-7359.1, -2049.8], [-7335.3, -2062.2], [-7313.0, -2071.2], [-7280.8, -2085.6], [-7251.4, -2095.1], [-7229.1, -2106.5], [-7210.8, -2118.7], [-7192.8, -2146.2], [-7190.6, -2175.7], [-7181.4, -2201.9], [-7144.1, -2205.1], [-7113.1, -2225.7], [-7081.3, -2254.5], [-7049.0, -2249.8], [-7015.7, -2253.8], [-6980.1, -2250.2], [-6952.2, -2221.5], [-6922.8, -2212.6], [-6917.1, -2191.3], [-6877.8, -2212.8], [-6847.1, -2220.2], [-6822.6, -2215.7]]}}, {"type": "Feature", "properties": {"op": "add"}, "geometry": {"type": "LineString", "coordinates": [[-6830.7, -1875.5], [-6816.7, -1859.2], [-6784.8, -1854.7], [-6750.1, -1889.5], [-6741.6, -1927.4], [-6741.3, -1956.0], [-6759.5, -1988.4], [-6737.1, -2017.7], [-6726.2, -2053.7], [-6689.5, -2078.7], [-6658.8, -2080.3], [-6622.1, -2060.5], [-6591.3, -2045.0], [-6583.6, -2012.9], [-6581.6, -1981.4], [-6587.1, -1960.6], [-6617.9, -1941.0], [-6627.1, -1913.8], [-6618.8, -1885.8], [-6615.0, -1855.3], [-6611.4, -1820.0], [-6609.3, -1783.6], [-6628.4, -1751.0], [-6644.0, -1715.7], [-6657.2, -1672.8], [-6665.9, -1636.5], [-6642.9, -1614.7], [-6620.0, -1615.3], [-6581.5, -1593.3], [-6556.0, -1586.0], [-6581.5, -1593.3], [-6620.0, -1615.3], [-6642.9, -1614.7], [-6665.9, -1636.5], [-6657.2, -1672.8], [-6644.0, -1715.7], [-6628.4, -1751.0], [-6609.3, -1783.6], [-6611.4, -1820.0], [-6615.0, -1855.3], [-6618.8, -1885.8], [-6627.1, -1913.8], [-6617.9, -1941.0], [-6587.1, -1960.6], [-6581.6, -1981.4], [-6583.6, -2012.9], [-6591.3, -2045.0], [-6622.1, -2060.5], [-6658.8, -2080.3], [-6689.5, -2078.7], [-6726.2, -2053.7], [-6737.1, -2017.7], [-6759.5, -1988.4], [-6741.3, -1956.0], [-6741.6, -1927.4], [-6750.1, -1889.5], [-6784.8, -1854.7], [-6816.7, -1859.2]]}}, {"type": "Feature", "properties": {"op": "add"}, "geometry": {"type": "LineString", "coordinates": [[-7823.7, -1615.0], [-7788.7, -1608.8], [-7756.2, -1594.5], [-7736.2, -1602.9], [-7727.6, -1637.0], [-7702.6, -1643.7], [-7667.4, -1637.0], [-7650.8, -1613.3], [-7617.4, -1604.9], [-7582.9, -1603.9], [-7554.4, -1603.8], [-7542.9, -1588.2], [-7518.6, -1584.5], [-7489.7, -1586.4], [-7473.3, -1605.2], [-7448.2, -1611.9], [-7421.0, -1611.8], [-7404.1, -1594.7], [-7369.2, -1587.4], [-7340.3, -1583.0], [-7313.6, -1570.7], [-7295.4, -1561.8], [-7246.9, -1564.7], [-7224.0, -1582.3], [-7201.0, -1582.8], [-7164.6, -1585.1], [-7135.3, -1574.0], [-7116.3, -1581.0], [-7090.5, -1590.8], [-7077.9, -1619.3], [-7052.1, -1624.3], [-7019.9, -1621.4], [-6977.7, -1621.3], [-6950.4, -1608.5], [-6934.3, -1590.9], [-6907.8, -1578.9], [-6877.0, -1573.6], [-6853.1, -1555.5], [-6819.5, -1552.9], [-6785.0, -1550.6], [-6819.5, -1552.9], [-6853.1, -1555.5], [-6877.0, -1573.6], [-6907.8, -1578.9], [-6934.3, -1590.9], [-6950.4, -1608.5], [-6977.7, -1621.3], [-7019.9, -1621.4], [-7052.1, -1624.3], [-7077.9, -1619.3], [-7090.5, -1590.8], [-7116.3, -1581.0], [-7135.3, -1574.0], [-7164.6, -1585.1], [-7200.9, -1582.8], [-7223.9, -1582.3], [-7246.9, -1564.7], [-7295.4, -1561.8], [-7313.6, -1570.7], [-7340.3, -1583.0], [-7369.2, -1587.4], [-7404.1, -1594.7], [-7420.9, -1611.7], [-7448.2, -1611.9], [-7473.3, -1605.2], [-7489.7, -1586.4], [-7518.6, -1584.5], [-7542.9, -1588.2], [-7554.4, -1603.8], [-7582.9, -1603.9], [-7617.4, -1604.9], [-7650.8, -1613.3], [-7667.4, -1637.0], [-7702.6, -1643.7], [-7727.6, -1637.0], [-7736.2, -1602.9], [-7756.2, -1594.5], [-7788.7, -1608.8]]}}, {"type": "Feature", "properties": {"op": "add"}, "geometry": {"type": "LineString", "coordinates": [[-7780.7, -1447.6], [-7755.8, -1446.5], [-7722.4, -1422.0], [-7685.9, -1406.7], [-7649.6, -1410.9], [-7621.2, -1411.9], [-7582.1, -1418.0], [-7554.5, -1451.9], [-7521.4, -1478.8], [-7491.8, -1485.9], [-7451.1, -1475.1], [-7422.4, -1448.4], [-7420.2, -1419.6], [-7438.7, -1380.0], [-7449.6, -1348.5], [-7463.9, -1321.9], [-7492.6, -1281.2], [-7504.8, -1246.4], [-7517.2, -1216.5], [-7551.1, -1196.7], [-7590.0, -1171.4], [-7618.9, -1170.6], [-7646.9, -1178.1], [-7677.6, -1191.7], [-7710.8, -1184.6], [-7738.1, -1187.7], [-7778.3, -1193.3], [-7792.7, -1163.5], [-7823.4, -1142.1], [-7853.6, -1120.7], [-7878.1, -1123.0], [-7907.4, -1115.1], [-7935.4, -1088.1], [-7907.4, -1115.1], [-7878.1, -1123.0], [-7853.7, -1120.7], [-7823.4, -1142.1], [-7792.7, -1163.5], [-7778.3, -1193.3], [-7738.1, -1187.7], [-7710.8, -1184.6], [-7677.6, -1191.7], [-7646.9, -1178.1], [-7618.9, -1170.6], [-7590.0, -1171.4], [-7551.1, -1196.7], [-7517.2, -1216.5], [-7504.8, -1246.4], [-7492.6, -1281.2], [-7463.9, -1321.9], [-7449.6, -1348.5], [-7438.7, -1380.0], [-7420.2, -1419.6], [-7422.4, -1448.4], [-7451.1, -1475.1], [-7491.8, -1485.9], [-7521.4, -1478.8], [-7554.5, -1451.9], [-7582.1, -1418.0], [-7621.2, -1411.9], [-7649.6, -1410.9], [-7685.9, -1406.7], [-7722.4, -1422.0], [-7755.8, -1446.5]]}}, {"type": "Feature", "properties": {"op": "add"}, "geometry": {"type": "LineString", "coordinates": [[-6864.7, -619.1], [-6882.0, -654.3], [-6888.9, -689.1], [-6910.7, -718.1], [-6940.0, -749.9], [-6957.6, -776.3], [-6981.1, -809.3], [-7009.4, -833.7], [-7034.8, -858.3], [-7058.6, -880.9], [-7086.6, -887.9], [-7111.2, -891.1], [-7132.4, -916.4], [-7166.5, -913.6], [-7193.5, -913.2], [-7226.4, -915.2], [-7257.8, -919.6], [-7288.3, -938.0], [-7312.4, -936.0], [-7350.7, -908.0], [-7377.7, -907.5], [-7416.9, -919.7], [-7459.6, -929.6], [-7492.9, -942.2], [-7525.2, -975.9], [-7540.9, -1009.0], [-7525.2, -975.9], [-7492.9, -942.2], [-7459.6, -929.6], [-7416.9, -919.7], [-7377.7, -907.5], [-7350.7, -908.0], [-7312.4, -936.0], [-7288.3, -938.0], [-7257.8, -919.6], [-7226.4, -915.2], [-7193.5, -913.2], [-7166.5, -913.6], [-7132.4, -916.4], [-7111.2, -891.1], [-7086.6, -887.9], [-7058.6, -880.9], [-7034.8, -858.3], [-7009.4, -833.7], [-6981.1, -809.3], [-6957.6, -776.3], [-6940.0, -749.9], [-6910.7, -718.1], [-6888.9, -689.1], [-6882.0, -654.3]]}}, {"type": "Feature", "properties": {"op": "add"}, "geometry": {"type": "LineString", "coordinates": [[-6513.5, -749.1], [-6552.8, -751.1], [-6588.3, -751.3], [-6622.5, -749.5], [-6649.6, -747.9], [-6663.8, -772.0], [-6689.9, -783.4], [-6724.7, -788.2], [-6755.7, -792.1], [-6779.4, -812.9], [-6818.7, -818.3], [-6846.5, -813.2], [-6877.0, -787.4], [-6890.8, -746.3], [-6910.0, -722.2], [-6941.4, -693.1], [-6980.1, -685.0], [-7015.2, -679.4], [-7051.7, -674.4], [-7083.5, -646.9], [-7085.6, -615.8], [-7115.3, -612.8], [-7146.1, -612.8], [-7180.0, -607.2], [-7204.0, -605.3], [-7225.3, -609.3], [-7247.8, -596.6], [-7282.6, -581.7], [-7247.8, -596.6], [-7225.3, -609.3], [-7204.0, -605.3], [-7180.0, -607.2], [-7146.1, -612.8], [-7115.3, -612.8], [-7085.6, -615.8], [-7083.5, -646.9], [-7051.7, -674.4], [-7015.2, -679.4], [-6980.1, -685.0], [-6941.4, -693.1], [-6910.0, -722.2], [-6890.8, -746.3], [-6877.0, -787.4], [-6846.5, -813.2], [-6818.7, -818.3], [-6779.4, -812.9], [-6755.7, -792.1], [-6724.7, -788.2], [-6689.9, -783.4], [-6663.8, -772.0], [-6649.6, -747.9], [-6622.5, -749.5], [-6588.3, -751.3], [-6552.8, -751.1]]}}, {"type": "Feature", "properties": {"op": "add"}, "geometry": {"type": "LineString", "coordinates": [[-6876.2, -1457.6], [-6851.9, -1482.3], [-6817.8, -1485.8], [-6783.6, -1513.6], [-6750.1, -1516.2], [-6715.8, -1549.7], [-6687.3, -1552.3], [-6679.9, -1578.1], [-6652.9, -1586.6], [-6624.5, -1596.2], [-6607.2, -1579.6], [-6584.5, -1583.0], [-6552.3, -1581.7], [-6518.7, -1552.2], [-6482.6, -1584.3], [-6450.6, -1615.6], [-6419.4, -1613.6], [-6385.4, -1615.8], [-6356.0, -1586.9], [-6351.2, -1550.0], [-6325.3, -1518.4], [-6308.4, -1484.7], [-6325.3, -1518.4], [-6351.2, -1550.0], [-6356.0, -1586.9], [-6385.4, -1615.8], [-6419.4, -1613.6], [-6450.6, -1615.6], [-6482.6, -1584.3], [-6518.7, -1552.2], [-6552.3, -1581.7], [-6584.5, -1583.0], [-6607.2, -1579.6], [-6624.5, -1596.2], [-6652.9, -1586.6], [-6679.9, -1578.1], [-6687.3, -1552.3], [-6715.8, -1549.7], [-6750.1, -1516.2], [-6783.6, -1513.6], [-6817.8, -1485.8], [-6851.9, -1482.3]]}}, {"type": "Feature", "properties": {"op": "add"}, "geometry": {"type": "LineString", "coordinates": [[-7309.6, -2276.6], [-7281.7, -2292.9], [-7249.5, -2290.8], [-7215.4, -2276.2], [-7178.4, -2276.5], [-7152.4, -2285.2], [-7109.1, -2285.2], [-7087.6, -2259.0], [-7056.7, -2252.1], [-7035.0, -2230.6], [-7000.5, -2212.2], [-6973.3, -2215.2], [-6957.4, -2187.9], [-6928.2, -2160.1], [-6913.9, -2141.9], [-6914.6, -2115.9], [-6908.0, -2088.4], [-6927.8, -2050.0], [-6908.0, -2088.4], [-6914.6, -2115.9], [-6913.9, -2141.9], [-6928.2, -2160.1], [-6957.4, -2187.9], [-6973.3, -2215.2], [-7000.5, -2212.2], [-7035.0, -2230.6], [-7056.7, -2252.1], [-7087.6, -2259.0], [-7109.1, -2285.2], [-7152.4, -2285.2], [-7178.4, -2276.5], [-7215.4, -2276.2], [-7249.5, -2290.8], [-7281.7, -2292.9]]}}, {"type": "Feature", "properties": {"op": "add"}, "geometry": {"type": "LineString", "coordinates": [[-6491.6, -581.8], [-6484.4, -612.2], [-6469.0, -634.2], [-6481.6, -653.4], [-6487.9, -684.0], [-6516.3, -720.3], [-6512.5, -750.6], [-6485.6, -782.9], [-6480.4, -814.0], [-6450.8, -853.0], [-6455.8, -888.4], [-6489.9, -917.8], [-6525.0, -926.4], [-6555.8, -957.0], [-6584.6, -986.2], [-6586.2, -1015.2], [-6588.5, -1053.2], [-6619.1, -1088.0], [-6651.7, -1113.2], [-6683.0, -1108.2], [-6711.7, -1108.7], [-6743.5, -1076.2], [-6711.7, -1108.7], [-6683.0, -1108.2], [-6651.7, -1113.2], [-6619.1, -1088.0], [-6588.5, -1053.2], [-6586.2, -1015.2], [-6584.6, -986.2], [-6555.8, -957.0], [-6525.0, -926.4], [-6489.9, -917.8], [-6455.8, -888.4], [-6450.8, -853.0], [-6480.4, -814.0], [-6485.6, -782.9], [-6512.5, -750.6], [-6516.3, -720.3], [-6487.9, -684.0], [-6481.6, -653.4], [-6469.0, -634.2], [-6484.4, -612.2]]}}, {"type": "Feature", "properties": {"op": "add"}, "geometry": {"type": "LineString", "coordinates": [[-7280.6, -2289.8], [-7301.9, -2300.2], [-7328.4, -2302.8], [-7351.9, -2285.2], [-7383.7, -2278.9], [-7420.8, -2274.2], [-7455.0, -2259.9], [-7482.9, -2237.1], [-7507.6, -2228.8], [-7533.8, -2218.8], [-7577.7, -2219.2], [-7605.2, -2234.6], [-7634.9, -2216.0], [-7652.0, -2195.9], [-7677.9, -2192.9], [-7687.5, -2184.4], [-7696.0, -2173.8], [-7702.1, -2155.5], [-7714.2, -2138.8], [-7702.1, -2155.5], [-7696.0, -2173.8], [-7687.5, -2184.4], [-7677.9, -2192.9], [-7652.0, -2195.9], [-7634.9, -2215.9], [-7605.3, -2234.5], [-7577.7, -2219.2], [-7533.8, -2218.8], [-7507.6, -2228.8], [-7482.9, -2237.1], [-7455.0, -2259.9], [-7420.8, -2274.2], [-7383.7, -2278.9], [-7351.9, -2285.2], [-7328.4, -2302.8], [-7301.9, -2300.2]]}}, {"type": "Feature", "properties": {"op": "add"}, "geometry": {"type": "LineString", "coordinates": [[-6891.0, -1419.0], [-6886.2, -1385.5], [-6913.8, -1382.6], [-6943.4, -1353.5], [-6919.8, -1314.2], [-6945.7, -1285.2], [-6950.6, -1251.4], [-6949.9, -1221.4], [-6969.8, -1220.1], [-6986.2, -1187.5], [-7021.3, -1156.1], [-7001.5, -1134.2], [-6979.7, -1116.0], [-6951.8, -1085.1], [-6916.2, -1084.1], [-6882.9, -1084.2], [-6851.5, -1082.1], [-6817.1, -1084.3], [-6788.6, -1081.9], [-6755.5, -1086.1], [-6722.5, -1111.4], [-6755.5, -1086.1], [-6788.6, -1081.9], [-6817.1, -1084.3], [-6851.5, -1082.1], [-6882.9, -1084.2], [-6916.2, -1084.1], [-6951.8, -1085.1], [-6979.7, -1116.0], [-7001.5, -1134.2], [-7021.3, -1156.1], [-6986.2, -1187.5], [-6969.8, -1220.1], [-6949.9, -1221.4], [-6950.6, -1251.4], [-6945.7, -1285.2], [-6919.8, -1314.2], [-6943.4, -1353.5], [-6913.8, -1382.6], [-6886.2, -1385.5]]}}, {"type": "Feature", "properties": {"op": "add"}, "geometry": {"type": "LineString", "coordinates": [[-6922.6, -2080.4], [-6908.1, -2052.6], [-6909.5, -2016.6], [-6913.7, -1985.0], [-6911.0, -1952.3], [-6919.1, -1921.9], [-6918.0, -1886.4], [-6921.4, -1857.1], [-6891.1, -1825.6], [-6908.1, -1794.7], [-6914.0, -1757.3], [-6940.1, -1722.7], [-6951.7, -1688.5], [-6950.8, -1653.6], [-6979.2, -1620.2], [-6981.1, -1578.2], [-6982.2, -1544.7], [-6951.1, -1521.8], [-6920.4, -1490.3], [-6889.8, -1452.8], [-6889.8, -1419.2], [-6889.8, -1452.8], [-6920.4, -1490.3], [-6951.1, -1521.8], [-6982.2, -1544.7], [-6981.1, -1578.2], [-6979.2, -1620.2], [-6950.8, -1653.6], [-6951.7, -1688.5], [-6940.1, -1722.7], [-6914.0, -1757.3], [-6908.1, -1794.7], [-6891.1, -1825.6], [-6921.4, -1857.1], [-6918.0, -1886.4], [-6919.1, -1921.9], [-6911.0, -1952.3], [-6913.7, -1985.0], [-6909.5, -2016.6], [-6908.1, -2052.6]]}}, {"type": "Feature", "properties": {"op": "add"}, "geometry": {"type": "LineString", "coordinates": [[-6857.0, -769.8], [-6852.9, -750.0], [-6850.7, -739.1], [-6847.7, -724.9], [-6841.4, -711.9], [-6824.1, -696.2], [-6807.6, -687.0], [-6775.7, -682.2], [-6752.3, -697.5], [-6744.9, -709.4], [-6731.2, -725.2], [-6713.5, -749.8], [-6713.9, -764.8], [-6730.5, -785.4], [-6748.9, -796.0], [-6761.6, -797.3], [-6782.6, -798.1], [-6808.0, -798.4], [-6828.6, -794.4], [-6856.6, -786.6], [-6872.9, -781.6], [-6891.7, -772.4], [-6911.0, -764.1], [-6937.3, -756.2], [-6955.0, -767.5], [-6974.8, -781.5], [-6983.8, -800.2], [-6992.6, -820.7], [-7005.9, -835.1], [-7021.6, -849.0], [-7040.7, -867.4], [-7051.7, -880.8], [-7064.9, -894.5], [-7076.3, -912.1], [-7090.5, -937.2], [-7106.2, -945.6], [-7119.4, -929.3], [-7131.2, -915.4], [-7143.1, -898.2], [-7149.6, -888.1], [-7158.4, -870.1], [-7166.2, -842.6], [-7166.5, -822.6], [-7161.2, -802.2], [-7155.4, -782.1], [-7149.8, -761.9], [-7142.5, -742.2], [-7134.9, -722.6], [-7127.6, -703.0], [-7122.2, -685.9], [-7119.7, -679.7], [-7113.5, -659.6], [-7105.8, -640.1], [-7099.7, -621.5], [-7097.4, -612.3], [-7089.1, -593.0], [-7084.8, -583.0], [-7077.2, -574.1], [-7056.7, -577.5], [-7041.2, -575.4], [-7027.7, -562.9], [-7018.8, -554.3], [-7007.4, -541.3], [-6993.9, -525.2], [-6987.1, -517.4], [-6964.6, -502.7], [-6956.6, -500.1], [-6945.1, -497.8], [-6933.7, -495.0], [-6932.0, -494.8], [-6908.6, -494.9], [-6887.6, -494.2], [-6866.7, -493.1], [-6845.7, -491.9], [-6824.3, -490.0], [-6818.1, -490.0], [-6791.8, -497.4], [-6784.1, -504.6], [-6774.9, -523.5], [-6765.8, -542.4], [-6756.6, -561.3], [-6746.1, -579.5], [-6731.0, -605.0], [-6724.2, -612.4], [-6696.5, -628.3], [-6677.5, -639.8], [-6666.9, -641.5], [-6683.7, -654.1], [-6705.5, -671.0], [-6731.0, -671.7], [-6733.9, -673.5], [-6758.6, -682.3], [-6753.8, -709.3], [-6742.4, -736.6], [-6739.3, -754.8], [-6742.6, -771.8], [-6770.7, -791.4], [-6780.2, -794.6], [-6805.8, -795.2], [-6809.5, -794.0], [-6826.4, -786.6]]}}, {"type": "Feature", "properties": {"op": "add"}, "geometry": {"type": "LineString", "coordinates": [[-7134.8, -630.7], [-7112.9, -631.4], [-7074.9, -605.4], [-7054.3, -620.2], [-7021.9, -642.6], [-7002.5, -673.6], [-6990.6, -697.4], [-6979.5, -745.5], [-6988.7, -773.3], [-7016.6, -807.9], [-7059.5, -813.7], [-7071.4, -846.7], [-7087.3, -863.1], [-7113.0, -884.4], [-7150.9, -892.5], [-7178.6, -886.8], [-7213.6, -880.8], [-7247.3, -904.3], [-7288.5, -923.5], [-7322.0, -926.8], [-7355.7, -955.1], [-7375.6, -987.6], [-7380.3, -1001.2], [-7385.1, -1031.2], [-7405.1, -1054.4], [-7440.0, -1089.5], [-7467.0, -1125.9], [-7495.2, -1158.5], [-7516.9, -1177.9], [-7513.5, -1215.8], [-7503.6, -1250.9], [-7514.7, -1283.8], [-7547.5, -1312.9], [-7567.8, -1341.8], [-7602.7, -1358.2], [-7645.7, -1381.3], [-7675.3, -1405.7], [-7708.1, -1419.9], [-7741.5, -1420.2], [-7787.7, -1425.8], [-7814.4, -1395.8], [-7831.8, -1374.3], [-7858.2, -1358.1], [-7863.5, -1334.1], [-7869.1, -1288.8], [-7876.1, -1254.9], [-7909.0, -1235.0], [-7941.7, -1239.0], [-7988.9, -1240.2], [-8010.9, -1227.1], [-8025.9, -1189.6], [-8015.2, -1152.6], [-8012.1, -1112.0], [-8028.7, -1079.1], [-8040.1, -1033.2], [-8028.7, -998.0], [-8024.6, -961.3], [-8023.3, -929.0], [-7997.3, -891.0], [-7963.0, -880.6], [-7929.9, -875.4], [-7893.1, -872.5], [-7858.7, -872.9], [-7825.4, -876.5], [-7792.9, -878.4], [-7756.1, -882.3], [-7721.1, -885.9], [-7687.3, -891.8], [-7659.6, -899.9], [-7624.9, -907.3], [-7659.6, -899.9], [-7687.3, -891.8], [-7721.1, -885.9], [-7756.1, -882.3], [-7792.8, -878.4], [-7825.4, -876.5], [-7858.7, -872.9], [-7893.1, -872.5], [-7929.9, -875.4], [-7963.0, -880.6], [-7997.3, -891.0], [-8023.3, -929.0], [-8024.6, -961.3], [-8028.7, -998.0], [-8040.1, -1033.2], [-8028.7, -1079.1], [-8012.1, -1112.0], [-8015.2, -1152.6], [-8025.9, -1189.6], [-8010.9, -1227.1], [-7988.9, -1240.2], [-7941.9, -1239.0], [-7909.0, -1235.0], [-7876.1, -1254.9], [-7869.1, -1288.8], [-7863.5, -1334.1], [-7858.2, -1358.1], [-7831.8, -1374.3], [-7814.4, -1395.8], [-7787.7, -1425.8], [-7741.5, -1420.2], [-7708.1, -1419.9], [-7675.3, -1405.7], [-7645.7, -1381.3], [-7602.7, -1358.2], [-7567.8, -1341.8], [-7547.5, -1312.9], [-7514.7, -1283.8], [-7503.6, -1250.9], [-7513.5, -1215.8], [-7517.0, -1177.9], [-7495.2, -1158.5], [-7467.0, -1125.9], [-7440.0, -1089.5], [-7405.1, -1054.4], [-7385.1, -1031.2], [-7380.3, -1001.2], [-7375.6, -987.6], [-7355.7, -955.1], [-7322.0, -926.8], [-7288.5, -923.5], [-7247.3, -904.3], [-7213.7, -880.9], [-7178.6, -886.8], [-7150.9, -892.5], [-7113.0, -884.4], [-7087.3, -863.1], [-7071.4, -846.7], [-7059.5, -813.7], [-7016.6, -807.9], [-6988.7, -773.3], [-6979.5, -745.5], [-6990.6, -697.4], [-7002.5, -673.6], [-7021.9, -642.6], [-7054.3, -620.2], [-7074.9, -605.4], [-7112.9, -631.4]]}}, {"type": "Feature", "properties": {"op": "add"}, "geometry": {"type": "LineString", "coordinates": [[-6492.9, -1991.9], [-6515.3, -2013.3], [-6542.3, -2002.0], [-6573.3, -2002.1], [-6600.7, -1990.1], [-6624.3, -1958.9], [-6647.6, -1940.0], [-6675.8, -1935.6], [-6701.2, -1903.7], [-6718.0, -1876.5], [-6743.7, -1862.3], [-6766.1, -1828.9], [-6796.7, -1817.6], [-6807.9, -1799.7], [-6825.0, -1773.4], [-6842.6, -1761.2], [-6825.0, -1773.4], [-6807.9, -1799.7], [-6796.7, -1817.6], [-6766.1, -1828.9], [-6743.7, -1862.3], [-6718.0, -1876.5], [-6701.2, -1903.7], [-6675.8, -1935.6], [-6647.6, -1940.0], [-6624.3, -1958.9], [-6600.7, -1990.1], [-6573.3, -2002.1], [-6542.3, -2002.0], [-6515.3, -2013.3]]}}, {"type": "Feature", "properties": {"op": "add"}, "geometry": {"type": "LineString", "coordinates": [[-1200.2, 13.9], [-1197.6, 19.8], [-1197.9, 24.3], [-1201.1, 26.2], [-1203.2, 29.3], [-1203.5, 32.2], [-1201.8, 35.6], [-1198.0, 38.0], [-1194.4, 37.1], [-1192.1, 34.2], [-1190.8, 29.6], [-1192.3, 26.6], [-1196.4, 24.1], [-1201.7, 24.2], [-1204.6, 27.5], [-1205.4, 32.7], [-1204.4, 35.5], [-1213.6, 42.4], [-1216.9, 45.0], [-1218.7, 46.3], [-1225.1, 51.4], [-1236.3, 59.8], [-1244.1, 63.8], [-1258.3, 55.7], [-1259.7, 44.6], [-1259.5, 38.0], [-1258.7, 29.8], [-1259.4, 35.7], [-1259.6, 39.8], [-1259.7, 44.3], [-1259.9, 53.6], [-1251.8, 58.9], [-1244.7, 68.5], [-1238.0, 75.5], [-1229.0, 84.5], [-1220.4, 93.3], [-1215.8, 98.1], [-1206.1, 113.2], [-1212.1, 103.8], [-1216.6, 96.5], [-1223.6, 88.7], [-1225.4, 86.8], [-1235.0, 76.7], [-1246.2, 67.0], [-1242.4, 62.9], [-1232.2, 56.8], [-1217.9, 45.4], [-1214.3, 42.7], [-1207.5, 36.9], [-1206.5, 32.6], [-1205.1, 27.2], [-1201.5, 23.4], [-1197.0, 23.0], [-1192.9, 24.7], [-1190.2, 28.3], [-1190.6, 31.6], [-1192.6, 36.4], [-1195.9, 38.1], [-1200.4, 38.2], [-1203.3, 35.9], [-1204.6, 31.6], [-1203.7, 27.9], [-1200.6, 24.7], [-1197.8, 23.7], [-1194.2, 24.6], [-1192.2, 26.7], [-1189.3, 30.6], [-1190.5, 35.3], [-1192.3, 36.5], [-1196.4, 38.5], [-1200.7, 37.2], [-1203.9, 31.3], [-1200.5, 28.0], [-1204.0, 31.3], [-1202.3, 34.6], [-1199.2, 37.3], [-1195.9, 37.4], [-1191.8, 35.5], [-1190.7, 31.9], [-1191.6, 27.5], [-1195.0, 24.6], [-1198.0, 24.1], [-1201.2, 26.0], [-1203.3, 29.9], [-1203.5, 33.6], [-1200.8, 36.2], [-1196.9, 37.6], [-1192.7, 36.3], [-1190.8, 32.7], [-1186.6, 30.4], [-1181.7, 30.1], [-1178.0, 30.1], [-1174.3, 30.1], [-1169.9, 31.0], [-1162.5, 33.5], [-1152.5, 31.7], [-1143.7, 30.3], [-1134.9, 28.5], [-1126.4, 24.7], [-1117.3, 17.0], [-1111.0, 9.2], [-1109.5, 0.0], [-1107.5, -11.3], [-1104.3, -21.9], [-1102.2, -28.6], [-1096.2, -33.6], [-1092.8, -45.0], [-1092.3, -49.4], [-1099.3, -56.3], [-1098.0, -59.5], [-1096.7, -62.6], [-1090.8, -63.8], [-1089.7, -66.5], [-1087.0, -74.7], [-1082.6, -87.9], [-1073.7, -114.5], [-1069.2, -127.8], [-1064.7, -141.0], [-1060.1, -154.2], [-1055.6, -167.5], [-1049.2, -186.8], [-1048.0, -190.9], [-1047.0, -197.5], [-1045.0, -205.9], [-1048.4, -215.0], [-1054.7, -226.4], [-1064.2, -230.7], [-1070.3, -225.7], [-1079.7, -217.2], [-1083.8, -212.9], [-1086.7, -208.5], [-1089.7, -203.1], [-1096.1, -190.7], [-1102.3, -178.2], [-1108.8, -165.7], [-1115.2, -153.3], [-1121.5, -140.8], [-1129.2, -125.3], [-1130.7, -123.1], [-1132.9, -121.6], [-1137.2, -125.1], [-1144.9, -120.5], [-1144.6, -111.1], [-1146.3, -109.5], [-1155.9, -102.6], [-1162.6, -103.7], [-1174.0, -97.3], [-1176.8, -95.5], [-1184.1, -91.0], [-1185.2, -87.8], [-1184.3, -82.0], [-1183.0, -74.2], [-1184.2, -66.1], [-1187.3, -56.5], [-1191.3, -47.3], [-1195.9, -39.6], [-1207.3, -31.9], [-1207.5, -24.4], [-1204.9, -13.5], [-1203.0, -1.4], [-1200.6, 10.7]]}}, {"type": "Feature", "properties": {"op": "add"}, "geometry": {"type": "LineString", "coordinates": [[-760.8, -681.1], [-773.5, -687.0], [-786.0, -693.3], [-798.4, -699.8], [-810.9, -706.0], [-823.5, -712.1], [-836.1, -718.2], [-848.5, -724.7], [-860.9, -731.2], [-873.4, -737.4], [-885.7, -742.2], [-899.1, -746.4], [-918.3, -751.6], [-922.0, -752.5], [-932.4, -753.5], [-938.3, -753.2], [-952.2, -751.3], [-965.9, -748.7], [-979.7, -746.2], [-993.5, -743.8], [-1007.3, -741.4], [-1021.1, -739.1], [-1035.0, -737.2], [-1048.8, -734.8], [-1062.5, -732.4], [-1076.3, -730.0], [-1090.1, -727.3], [-1103.8, -724.6], [-1117.5, -721.7], [-1144.8, -715.6], [-1158.2, -711.3], [-1171.5, -707.1], [-1188.7, -703.0], [-1201.6, -705.9], [-1214.7, -711.0], [-1227.1, -717.4], [-1239.0, -724.7], [-1261.9, -740.9], [-1273.4, -748.8], [-1291.0, -760.7], [-1308.3, -768.7], [-1320.9, -772.1], [-1344.1, -775.6], [-1354.2, -775.3], [-1367.6, -768.4], [-1381.9, -754.8], [-1389.9, -743.5], [-1393.8, -734.2], [-1393.9, -708.5], [-1387.9, -695.9], [-1381.5, -683.4], [-1374.4, -671.3], [-1363.0, -655.0], [-1348.8, -643.6], [-1331.1, -637.0], [-1315.4, -637.3], [-1287.5, -639.3], [-1273.5, -639.8], [-1250.2, -640.0], [-1237.9, -640.0], [-1210.7, -636.9], [-1196.9, -634.5], [-1183.1, -631.7], [-1169.7, -627.7], [-1142.7, -620.4], [-1129.1, -616.9], [-1115.6, -613.5], [-1102.0, -610.1], [-1074.8, -603.4], [-1061.1, -600.6], [-1047.3, -598.3], [-1033.5, -595.8], [-1008.9, -589.9], [-995.7, -585.1], [-982.7, -580.1], [-958.4, -569.5], [-949.6, -558.6], [-929.8, -539.6], [-925.4, -536.5], [-913.0, -529.9], [-887.9, -517.5], [-879.0, -514.4], [-867.6, -506.3], [-856.2, -498.2], [-834.6, -491.4], [-823.3, -496.0], [-804.1, -510.2], [-798.0, -516.7], [-789.4, -527.8], [-772.5, -550.1], [-764.1, -561.3], [-753.7, -575.0], [-737.7, -581.1], [-725.7, -588.4], [-700.9, -607.4], [-699.1, -625.7], [-707.2, -641.0], [-722.7, -650.7], [-732.6, -660.6]]}}, {"type": "Feature", "properties": {"op": "add"}, "geometry": {"type": "LineString", "coordinates": [[-6959.5, -1627.1], [-6991.0, -1661.2], [-6996.3, -1698.1], [-6994.5, -1737.7], [-6958.6, -1765.0], [-6921.9, -1776.3], [-6893.4, -1817.7], [-6897.9, -1840.6], [-6918.3, -1864.5], [-6966.0, -1870.8], [-6991.9, -1894.4], [-6986.6, -1931.2], [-6979.1, -1949.5], [-6950.2, -1952.3], [-6913.1, -1960.7], [-6879.5, -1967.1], [-6854.8, -1992.3], [-6843.3, -2025.8], [-6837.7, -2049.4], [-6843.3, -2025.8], [-6854.8, -1992.3], [-6879.5, -1967.1], [-6913.0, -1960.7], [-6950.2, -1952.3], [-6979.1, -1949.5], [-6986.6, -1931.2], [-6991.9, -1894.6], [-6966.0, -1870.8], [-6918.3, -1864.5], [-6897.9, -1840.6], [-6893.4, -1817.7], [-6921.9, -1776.3], [-6958.6, -1765.0], [-6994.5, -1737.7], [-6996.3, -1698.1], [-6991.0, -1661.2]]}}, {"type": "Feature", "properties": {"op": "add"}, "geometry": {"type": "LineString", "coordinates": [[611.7, -5049.7], [645.5, -5088.0], [712.8, -5091.9]]}}, {"type": "Feature", "properties": {"op": "add"}, "geometry": {"type": "LineString", "coordinates": [[943.2, -5001.2], [1043.2, -4975.6], [1106.0, -4981.4], [1168.7, -4956.1], [1188.3, -4949.1], [1224.7, -5034.3], [1284.0, -5064.9], [1299.9, -5124.0], [1268.9, -5172.3], [1204.6, -5202.0], [1264.2, -5293.1], [1250.9, -5318.6]]}}, {"type": "Feature", "properties": {"op": "add"}, "geometry": {"type": "LineString", "coordinates": [[-533.0, 1254.5], [-539.2, 1258.6], [-555.3, 1271.1], [-568.7, 1275.3], [-595.4, 1283.7], [-608.7, 1287.9], [-636.0, 1294.0], [-649.7, 1297.0], [-663.5, 1299.7], [-679.3, 1301.5], [-693.3, 1300.6], [-707.2, 1299.0], [-727.0, 1295.3], [-738.4, 1287.2], [-759.7, 1274.7], [-772.7, 1269.5], [-786.0, 1265.1], [-799.3, 1260.7], [-815.6, 1254.1], [-824.2, 1245.3], [-828.6, 1233.4], [-834.8, 1223.7], [-846.1, 1210.3], [-856.6, 1201.0], [-870.8, 1189.4], [-881.4, 1185.5], [-909.2, 1183.2], [-922.6, 1182.2], [-944.9, 1176.4], [-949.2, 1174.2], [-957.3, 1169.4], [-965.7, 1166.3], [-985.6, 1160.9], [-994.5, 1154.8], [-1002.6, 1152.2], [-1010.4, 1151.4], [-1029.5, 1147.7], [-1038.3, 1143.0], [-1044.1, 1136.2], [-1045.1, 1130.8], [-1042.2, 1122.8], [-1027.7, 1101.8], [-1017.0, 1093.1], [-1009.3, 1095.1], [-995.3, 1114.2], [-975.1, 1127.1], [-955.3, 1121.3], [-947.5, 1106.2], [-926.0, 1094.9], [-909.4, 1095.1], [-879.9, 1094.7], [-867.3, 1096.1], [-860.6, 1096.9], [-846.9, 1099.5], [-816.3, 1108.8], [-811.8, 1112.3], [-797.5, 1130.9], [-791.4, 1143.4], [-788.3, 1148.7], [-771.3, 1166.1], [-762.3, 1176.8], [-742.8, 1194.8], [-721.6, 1207.3], [-709.4, 1210.7], [-695.5, 1212.0], [-681.5, 1213.1], [-653.6, 1215.6], [-637.5, 1218.5], [-619.4, 1225.5], [-608.0, 1233.5], [-585.2, 1248.7], [-569.3, 1253.7], [-563.7, 1253.6], [-554.1, 1243.5], [-535.0, 1226.2], [-522.3, 1220.4], [-504.0, 1212.3], [-485.2, 1211.0], [-472.0, 1216.7], [-461.8, 1226.3], [-458.6, 1229.7], [-454.2, 1235.2], [-447.8, 1247.6], [-435.9, 1273.0], [-425.8, 1295.7], [-430.1, 1292.7], [-440.1, 1282.9], [-450.6, 1273.7], [-464.1, 1263.8], [-475.4, 1260.2], [-489.3, 1258.1], [-511.1, 1257.4], [-522.8, 1255.0]]}}, {"type": "Feature", "properties": {"op": "add"}, "geometry": {"type": "LineString", "coordinates": [[-286.8, 2792.1], [-289.1, 2783.6], [-294.8, 2769.7], [-296.8, 2762.8], [-297.7, 2754.9], [-300.6, 2738.4], [-304.0, 2728.4], [-313.1, 2716.9], [-322.1, 2712.9], [-329.4, 2710.5], [-337.1, 2707.5], [-348.8, 2699.0], [-357.4, 2689.0], [-361.4, 2680.0], [-364.2, 2667.6], [-365.5, 2658.4], [-365.1, 2646.4], [-360.3, 2637.1], [-353.3, 2632.6], [-338.1, 2623.0], [-327.3, 2618.4], [-311.9, 2616.1], [-299.2, 2613.9], [-291.7, 2610.4], [-284.6, 2604.5], [-270.5, 2593.0], [-260.9, 2585.8], [-249.9, 2581.6], [-240.7, 2584.6], [-235.4, 2588.4], [-226.9, 2591.3], [-220.0, 2589.4], [-207.3, 2588.8], [-200.8, 2597.2], [-200.4, 2600.2], [-201.4, 2614.8], [-204.4, 2626.3], [-207.1, 2632.8], [-213.1, 2644.7], [-217.7, 2650.2], [-223.4, 2656.6], [-236.0, 2669.6], [-242.5, 2675.9], [-248.8, 2682.0], [-258.3, 2691.7], [-262.8, 2697.7], [-272.4, 2711.8], [-278.8, 2722.7], [-280.0, 2729.1], [-280.5, 2740.4], [-278.3, 2747.5], [-279.7, 2759.4], [-278.6, 2769.4], [-274.1, 2786.3], [-268.0, 2803.1], [-258.8, 2818.9], [-247.3, 2831.1], [-236.1, 2834.5], [-220.2, 2831.7], [-212.4, 2829.9], [-196.7, 2828.0], [-189.3, 2828.4], [-173.6, 2829.6], [-157.3, 2830.1], [-148.9, 2831.9], [-136.2, 2833.7], [-119.9, 2836.7], [-110.3, 2851.8], [-105.2, 2868.0], [-101.3, 2882.4], [-100.0, 2900.4], [-100.5, 2906.9], [-104.8, 2926.7], [-108.1, 2933.2], [-121.3, 2943.4], [-129.5, 2938.9], [-130.9, 2932.2], [-130.5, 2917.1], [-132.6, 2903.0], [-133.3, 2896.0], [-135.6, 2876.9], [-139.0, 2865.6], [-143.9, 2851.9], [-152.8, 2841.8], [-157.6, 2838.6], [-168.4, 2833.2], [-178.2, 2830.3], [-189.7, 2827.4], [-200.1, 2825.3], [-212.3, 2824.8], [-222.3, 2823.7], [-233.3, 2823.7], [-240.2, 2823.2], [-256.7, 2818.2], [-273.5, 2805.6], [-279.5, 2799.1]]}}, {"type": "Feature", "properties": {"op": "add"}, "geometry": {"type": "LineString", "coordinates": [[-1290.3, 1231.4], [-1277.6, 1225.5], [-1264.9, 1219.7], [-1230.0, 1204.3], [-1216.2, 1206.2], [-1202.3, 1208.3], [-1188.0, 1207.7], [-1171.0, 1195.9], [-1155.5, 1192.2], [-1127.5, 1190.4], [-1113.6, 1189.1], [-1070.8, 1186.2], [-1037.3, 1183.2], [-995.6, 1177.9], [-981.8, 1180.5], [-952.6, 1182.0], [-935.4, 1182.2], [-921.4, 1182.5], [-879.5, 1183.7], [-859.0, 1184.2], [-828.3, 1180.2], [-799.8, 1176.0], [-757.1, 1191.5], [-731.9, 1208.1], [-719.1, 1213.9], [-706.4, 1219.7], [-689.9, 1228.4], [-679.1, 1237.3], [-661.4, 1247.3], [-635.7, 1258.2], [-614.5, 1269.6], [-600.1, 1274.8], [-586.3, 1277.2], [-546.3, 1287.2], [-541.3, 1300.2], [-536.0, 1313.2], [-525.1, 1339.0], [-518.9, 1356.1], [-516.9, 1395.6], [-518.9, 1436.2], [-525.6, 1446.5], [-543.5, 1462.9], [-557.6, 1471.2], [-584.7, 1478.1], [-598.5, 1480.7], [-632.1, 1491.0], [-644.2, 1498.0], [-660.5, 1507.6], [-666.5, 1504.7], [-673.8, 1499.5], [-692.2, 1480.4], [-710.8, 1470.1], [-697.0, 1484.8], [-676.6, 1497.4], [-665.2, 1505.8], [-657.9, 1510.9], [-647.4, 1501.7], [-630.6, 1491.2], [-603.8, 1483.3], [-576.6, 1476.5], [-556.9, 1470.9], [-547.5, 1464.9], [-529.3, 1450.0], [-517.7, 1433.8], [-518.1, 1405.8], [-518.1, 1377.8], [-521.3, 1350.8], [-531.6, 1324.7], [-537.4, 1312.0], [-551.8, 1284.1], [-578.1, 1278.6], [-592.0, 1276.9], [-611.8, 1271.0], [-623.9, 1264.1], [-653.4, 1249.7], [-666.4, 1244.5], [-684.6, 1232.1], [-694.0, 1225.7], [-706.6, 1219.6], [-732.2, 1208.2], [-738.5, 1204.8], [-754.2, 1193.9], [-766.6, 1187.6], [-792.5, 1177.1], [-802.5, 1175.6], [-821.8, 1178.8], [-835.4, 1181.9], [-849.0, 1184.7], [-861.3, 1185.3], [-889.2, 1183.3], [-903.2, 1182.6], [-931.1, 1182.2], [-945.1, 1182.0], [-959.1, 1181.9], [-973.1, 1182.0], [-1001.6, 1178.1], [-1011.8, 1177.4], [-1033.1, 1182.3], [-1073.6, 1186.3], [-1101.6, 1187.6], [-1129.5, 1190.0], [-1143.4, 1191.1], [-1166.8, 1194.3], [-1184.7, 1203.6], [-1201.5, 1208.2], [-1225.4, 1204.7], [-1235.5, 1206.8], [-1261.0, 1218.2], [-1286.6, 1229.6], [-1306.8, 1233.2], [-1331.2, 1233.5], [-1350.0, 1227.2], [-1389.4, 1212.5], [-1415.8, 1202.2], [-1424.3, 1196.8], [-1449.3, 1188.1], [-1474.5, 1186.4], [-1491.8, 1189.4], [-1503.0, 1198.1], [-1512.1, 1209.4], [-1520.2, 1226.7], [-1522.8, 1243.6], [-1520.9, 1257.5], [-1518.5, 1273.2], [-1516.2, 1290.9], [-1514.7, 1306.2], [-1511.5, 1328.7], [-1505.8, 1341.5], [-1494.4, 1367.1], [-1485.8, 1393.0], [-1485.5, 1407.0], [-1487.6, 1434.8], [-1489.5, 1448.7], [-1489.8, 1469.5], [-1483.8, 1482.2], [-1471.3, 1507.2], [-1464.9, 1519.7], [-1452.3, 1544.6], [-1442.9, 1584.8], [-1452.7, 1611.0], [-1464.1, 1641.7], [-1474.9, 1647.5], [-1500.8, 1657.9], [-1521.8, 1672.0], [-1541.4, 1691.9], [-1551.2, 1701.9], [-1571.4, 1721.3], [-1593.0, 1739.1], [-1613.3, 1758.1], [-1630.3, 1780.3], [-1645.9, 1803.5], [-1661.7, 1826.7], [-1681.4, 1858.3], [-1686.4, 1877.2], [-1692.1, 1899.0], [-1699.5, 1908.3], [-1717.0, 1915.9], [-1738.0, 1917.5], [-1757.2, 1918.9], [-1772.7, 1926.6], [-1791.8, 1939.6], [-1802.7, 1951.9], [-1809.8, 1964.0], [-1815.2, 1976.7], [-1817.5, 2008.7], [-1823.0, 2032.7], [-1821.9, 2042.2], [-1813.1, 2068.7], [-1810.5, 2082.4], [-1806.9, 2095.9], [-1802.0, 2111.6], [-1801.5, 2141.1], [-1802.2, 2155.1], [-1803.0, 2183.0], [-1808.4, 2207.2], [-1822.7, 2219.9], [-1836.8, 2232.9], [-1843.4, 2245.1], [-1844.8, 2266.9], [-1846.3, 2280.8], [-1849.9, 2294.1], [-1864.6, 2316.3], [-1872.7, 2327.7], [-1885.0, 2346.8], [-1887.2, 2354.3], [-1893.9, 2379.1], [-1900.1, 2391.7], [-1904.0, 2405.0], [-1895.7, 2431.8], [-1888.7, 2458.9], [-1895.4, 2432.5], [-1899.0, 2419.0], [-1899.7, 2393.3], [-1892.0, 2375.6], [-1885.3, 2346.9], [-1881.1, 2339.1], [-1864.4, 2316.6], [-1852.8, 2300.1], [-1847.1, 2288.0], [-1844.3, 2264.2], [-1842.4, 2243.2], [-1840.1, 2237.8], [-1830.6, 2226.2], [-1810.2, 2209.4], [-1802.8, 2194.0], [-1800.4, 2180.1], [-1800.3, 2166.1], [-1801.6, 2148.8], [-1801.2, 2134.9], [-1802.3, 2110.1], [-1805.9, 2096.6], [-1809.2, 2083.0], [-1812.6, 2069.4], [-1816.7, 2056.0], [-1822.9, 2032.2], [-1822.8, 2027.4], [-1815.6, 2003.5], [-1814.4, 1983.2], [-1811.8, 1967.0], [-1803.1, 1951.8], [-1793.2, 1941.9], [-1775.9, 1926.8], [-1759.9, 1918.9], [-1751.9, 1917.2], [-1737.9, 1917.0], [-1712.2, 1914.8], [-1701.7, 1911.0], [-1694.1, 1904.0], [-1687.1, 1886.3], [-1684.1, 1872.7], [-1673.1, 1845.3], [-1657.6, 1822.0], [-1649.8, 1810.3], [-1634.2, 1787.1], [-1626.5, 1775.5], [-1605.8, 1750.7], [-1594.9, 1741.8], [-1573.3, 1724.0], [-1553.4, 1704.3], [-1543.7, 1694.3], [-1523.4, 1675.0], [-1505.1, 1660.0], [-1489.9, 1652.5], [-1460.2, 1634.3], [-1453.2, 1621.3], [-1446.9, 1598.3], [-1440.8, 1573.3], [-1445.9, 1554.0], [-1451.9, 1541.3], [-1458.5, 1529.0], [-1471.6, 1504.3], [-1478.1, 1491.8], [-1490.1, 1466.5], [-1491.7, 1455.1], [-1488.2, 1427.4], [-1486.4, 1413.5], [-1487.6, 1388.4], [-1491.8, 1375.1], [-1502.7, 1349.3], [-1508.5, 1336.6], [-1511.7, 1327.4], [-1514.0, 1314.2], [-1514.8, 1300.3], [-1516.1, 1286.3], [-1518.5, 1272.5], [-1523.2, 1245.2], [-1522.5, 1234.8], [-1518.0, 1221.5], [-1511.8, 1208.2], [-1501.3, 1196.5], [-1490.8, 1189.0], [-1475.9, 1185.5], [-1452.6, 1188.0], [-1433.3, 1193.6], [-1414.5, 1203.6], [-1388.3, 1213.4], [-1375.1, 1218.0], [-1348.5, 1226.7], [-1319.4, 1232.3]]}}, {"type": "Feature", "properties": {"op": "add"}, "geometry": {"type": "LineString", "coordinates": [[2179.5, -970.6], [2161.5, -960.2], [2172.5, -939.0], [2171.3, -915.3], [2162.1, -897.5], [2147.4, -881.6], [2131.6, -874.8], [2111.1, -871.1], [2090.6, -869.8], [2078.1, -867.9], [2047.7, -858.1], [2035.3, -851.5], [2023.5, -844.0], [2024.0, -823.5], [2040.3, -803.4], [2043.8, -782.2], [2043.2, -768.8], [2043.1, -755.0], [2043.1, -731.1], [2047.6, -714.6], [2057.9, -704.9], [2082.7, -691.9], [2095.1, -685.4], [2118.0, -673.2], [2132.9, -653.8], [2140.1, -641.8], [2154.3, -617.7], [2162.9, -605.1], [2183.9, -586.7], [2206.4, -570.0], [2225.6, -552.4], [2233.5, -540.9], [2248.5, -517.3], [2284.5, -475.6], [2298.3, -460.5], [2320.2, -458.2], [2335.4, -453.1], [2343.4, -448.4], [2383.6, -448.1], [2378.2, -455.4], [2359.5, -438.4], [2341.9, -448.2], [2334.2, -452.7], [2322.0, -459.6], [2309.9, -466.6], [2297.9, -473.8], [2273.6, -487.8], [2269.4, -490.5], [2253.5, -507.3], [2246.6, -519.4], [2234.8, -540.8], [2216.9, -555.0], [2206.2, -563.9], [2185.4, -582.6], [2165.6, -602.4], [2145.4, -624.6], [2137.1, -652.1], [2140.1, -676.1], [2145.2, -685.7], [2160.3, -709.2], [2175.9, -732.5], [2191.8, -757.3], [2197.8, -769.9], [2203.4, -782.8], [2213.1, -810.6], [2214.4, -816.0], [2213.5, -826.0], [2209.0, -836.7], [2202.6, -849.1], [2197.0, -861.9], [2186.6, -887.0], [2176.9, -911.3], [2173.8, -924.9], [2166.9, -958.8], [2163.5, -983.5], [2160.0, -1003.0], [2158.2, -1017.4], [2155.5, -1034.0], [2145.9, -1055.5], [2141.4, -1076.7], [2142.4, -1101.6], [2146.2, -1121.4], [2150.8, -1145.6], [2151.9, -1165.7], [2157.1, -1188.2], [2169.7, -1202.5], [2179.8, -1212.2], [2190.1, -1221.7], [2200.2, -1231.3], [2230.9, -1263.1], [2238.5, -1269.0], [2253.8, -1266.3], [2282.1, -1256.6], [2298.4, -1252.8], [2307.3, -1252.4], [2316.1, -1270.5], [2323.6, -1287.2], [2332.7, -1301.6], [2340.7, -1315.4], [2340.8, -1340.4], [2346.1, -1353.3], [2357.5, -1360.2], [2374.9, -1367.8], [2396.4, -1382.6], [2380.9, -1371.0], [2367.9, -1362.2], [2351.7, -1356.5], [2341.7, -1339.9], [2339.7, -1329.3], [2338.5, -1301.3], [2329.8, -1290.2], [2328.4, -1287.6], [2315.3, -1263.0], [2307.1, -1250.5], [2294.6, -1249.8], [2281.5, -1254.6], [2268.4, -1259.7], [2244.1, -1266.5], [2232.8, -1263.8], [2215.1, -1244.7], [2201.7, -1229.6], [2187.9, -1218.8], [2172.9, -1205.4], [2157.9, -1187.5], [2152.5, -1162.7], [2150.6, -1142.6], [2148.2, -1126.0], [2142.7, -1097.4], [2143.2, -1064.6], [2143.9, -1050.7], [2146.7, -1016.3], [2156.8, -1002.4], [2170.3, -988.0], [2176.6, -981.6]]}}, {"type": "Feature", "properties": {"op": "add"}, "geometry": {"type": "LineString", "coordinates": [[3722.4, 913.8], [3732.0, 904.3], [3739.7, 895.5], [3750.8, 880.1], [3758.8, 867.5], [3767.2, 856.3], [3782.5, 843.8], [3795.7, 840.7], [3808.1, 839.0], [3829.0, 840.0], [3843.0, 840.8], [3868.5, 844.5], [3876.2, 850.3], [3881.1, 864.1], [3888.7, 865.3], [3906.9, 866.1], [3953.1, 864.3], [3983.3, 857.6], [4000.2, 860.7], [4014.4, 868.5], [4027.7, 883.2], [4040.6, 896.3], [4053.6, 909.0], [4065.4, 911.4], [4077.3, 909.2], [4089.1, 903.2], [4097.4, 901.2], [4113.5, 897.7], [4117.1, 886.6], [4117.5, 870.7], [4126.5, 866.4], [4133.7, 864.3], [4146.9, 861.2], [4150.8, 864.0], [4155.4, 871.4], [4157.4, 877.8], [4159.6, 886.4], [4157.6, 893.8], [4152.8, 898.9], [4147.6, 901.0], [4141.2, 902.8], [4135.1, 904.2], [4126.2, 900.4], [4123.5, 895.4], [4121.0, 888.4], [4118.9, 881.7], [4118.7, 874.4], [4124.1, 869.0], [4131.3, 865.7], [4127.2, 866.9], [4122.5, 869.7], [4118.0, 876.8], [4119.5, 886.5], [4121.2, 893.3], [4124.2, 900.1], [4130.0, 902.3], [4137.8, 903.7], [4143.8, 902.8], [4148.4, 901.2], [4155.4, 896.5], [4159.4, 886.2], [4158.7, 882.0], [4156.9, 875.2], [4153.6, 865.1], [4149.3, 863.3], [4142.3, 863.4], [4135.5, 863.8], [4128.3, 866.2], [4124.1, 869.5], [4117.5, 877.2], [4113.1, 883.2], [4108.9, 885.5], [4101.4, 894.0], [4099.2, 901.3], [4094.0, 900.0], [4080.3, 902.5], [4066.6, 905.2], [4052.0, 900.4], [4036.9, 889.3], [4015.9, 874.0], [3996.3, 866.9], [3960.3, 860.8], [3952.9, 863.0], [3940.3, 866.0], [3919.4, 868.0], [3898.7, 867.6], [3881.7, 862.0], [3878.0, 857.9], [3874.6, 851.8], [3867.7, 841.9], [3851.1, 838.4], [3809.3, 842.4], [3781.5, 845.1], [3770.6, 851.7], [3759.6, 863.3], [3739.7, 892.1], [3729.5, 910.4], [3716.3, 916.8], [3705.5, 923.5], [3693.3, 935.2], [3682.4, 953.1], [3675.4, 967.5], [3677.2, 984.4]]}}, {"type": "Feature", "properties": {"op": "add"}, "geometry": {"type": "LineString", "coordinates": [[2578.1, -5963.6], [2535.7, -6010.9], [2501.3, -6091.9], [2439.6, -6126.9], [2406.6, -6133.3], [2352.5, -6106.5], [2294.3, -6064.9], [2352.5, -6106.5], [2407.3, -6147.2], [2406.7, -6164.8], [2361.6, -6203.6], [2336.0, -6248.6], [2361.4, -6203.6], [2411.6, -6157.8], [2450.2, -6182.9], [2484.1, -6233.4], [2502.1, -6238.9], [2593.0, -6298.9], [2609.8, -6316.4], [2639.1, -6319.1], [2665.8, -6316.7], [2701.6, -6292.4], [2728.2, -6259.9], [2748.8, -6216.3], [2699.2, -6169.7], [2659.1, -6142.4], [2650.2, -6101.1], [2637.8, -6057.1], [2652.6, -6023.3], [2623.4, -5977.9]]}}, {"type": "Feature", "properties": {"op": "add"}, "geometry": {"type": "LineString", "coordinates": [[4516.8, 607.8], [4519.2, 571.2], [4506.0, 545.2], [4484.3, 524.4], [4475.5, 496.4], [4462.2, 486.5], [4448.0, 483.9], [4415.0, 478.8], [4375.3, 464.6], [4351.7, 441.1], [4346.2, 420.2], [4339.7, 403.9], [4322.4, 397.5], [4300.1, 404.1], [4283.8, 413.1], [4276.2, 431.5], [4278.0, 448.3], [4299.5, 482.0], [4369.6, 540.5], [4404.2, 564.7], [4425.8, 586.5], [4430.3, 606.6], [4437.4, 624.6], [4455.5, 639.8], [4474.9, 666.9], [4500.0, 694.4], [4513.7, 706.4], [4528.3, 704.5], [4535.2, 690.2], [4520.5, 660.6]]}}, {"type": "Feature", "properties": {"op": "add"}, "geometry": {"type": "LineString", "coordinates": [[5549.7, -840.5], [5542.7, -836.2], [5532.8, -831.7], [5520.5, -838.3], [5508.3, -845.2], [5489.7, -856.1], [5478.4, -866.8], [5481.9, -880.3], [5484.6, -900.0], [5485.3, -913.9], [5488.0, -933.9], [5496.2, -947.7], [5504.6, -958.9], [5510.0, -965.8], [5533.1, -979.7], [5550.6, -980.4], [5560.0, -977.3], [5562.1, -969.8], [5560.5, -962.1], [5555.9, -947.5], [5564.7, -931.9], [5569.4, -920.6], [5571.7, -912.0], [5572.1, -901.9], [5572.8, -894.0], [5580.3, -877.3], [5586.9, -869.3], [5592.7, -863.5], [5603.4, -852.4], [5610.4, -843.7], [5625.3, -841.9], [5640.9, -840.8], [5654.6, -839.3], [5665.1, -836.6], [5668.6, -820.6], [5678.6, -814.0], [5688.6, -807.6], [5700.8, -796.7], [5703.9, -789.5], [5706.6, -781.3], [5707.7, -773.2], [5706.6, -766.6], [5709.4, -757.4], [5706.9, -743.8], [5712.9, -732.1], [5720.9, -714.7], [5714.3, -693.6], [5708.8, -679.4], [5701.1, -669.3], [5693.6, -659.5], [5685.1, -645.8], [5676.2, -649.6], [5669.6, -651.0], [5663.0, -652.3], [5658.8, -654.5], [5654.7, -657.1], [5643.3, -664.3], [5634.1, -670.6], [5625.1, -681.6], [5612.5, -693.3], [5597.4, -701.3], [5587.1, -706.6], [5574.1, -710.6], [5567.5, -714.7], [5555.3, -723.2], [5553.5, -738.1], [5553.0, -757.8], [5551.2, -773.8], [5550.1, -787.5], [5548.9, -802.7], [5545.9, -813.5], [5542.2, -821.2], [5543.6, -829.7], [5547.4, -834.7]]}}, {"type": "Feature", "properties": {"op": "add"}, "geometry": {"type": "LineString", "coordinates": [[7392.5, -4863.8], [7387.0, -4854.9], [7382.2, -4849.1], [7377.9, -4843.1], [7374.2, -4833.3], [7367.6, -4826.2], [7356.6, -4819.1], [7346.6, -4817.3], [7338.9, -4814.4], [7332.9, -4808.8], [7324.2, -4803.0], [7313.4, -4808.0], [7305.0, -4811.1], [7294.7, -4812.6], [7280.0, -4809.8], [7267.7, -4804.6], [7256.0, -4799.5], [7246.9, -4792.9], [7233.7, -4783.6], [7227.5, -4781.1], [7222.6, -4779.3], [7214.6, -4774.5], [7207.0, -4768.6], [7197.6, -4766.0], [7187.2, -4766.9], [7176.0, -4767.9], [7158.4, -4772.7], [7146.1, -4776.0], [7130.1, -4779.5], [7119.0, -4778.1], [7107.8, -4778.1], [7093.4, -4773.0], [7080.2, -4769.1], [7063.1, -4761.7], [7048.8, -4751.6], [7040.2, -4731.7], [7033.5, -4721.0], [7022.2, -4709.1], [7013.9, -4698.6], [7009.1, -4688.4], [7010.9, -4675.9], [7017.9, -4665.3], [7020.0, -4651.6], [7012.1, -4647.6], [7002.2, -4644.1], [6993.5, -4640.8], [6980.0, -4632.0], [6976.1, -4642.1], [6994.9, -4644.7], [7004.9, -4647.7], [7013.3, -4650.7], [7025.5, -4660.5], [7025.9, -4674.7], [7025.0, -4684.3], [7017.8, -4686.1], [7010.3, -4689.6], [7012.1, -4702.1], [7016.5, -4714.8], [7020.5, -4724.0], [7027.7, -4739.6], [7034.5, -4752.0], [7046.0, -4764.8], [7058.2, -4774.5], [7068.0, -4778.2], [7078.8, -4779.6], [7092.9, -4779.6], [7105.6, -4776.5], [7115.3, -4775.7], [7130.9, -4776.7], [7153.6, -4774.4], [7164.2, -4770.8], [7175.0, -4761.6], [7184.6, -4760.7], [7198.7, -4761.5], [7212.3, -4758.1], [7224.8, -4755.8], [7228.5, -4758.9], [7223.5, -4769.2], [7220.5, -4775.6], [7216.8, -4782.1], [7213.8, -4789.8], [7217.4, -4793.8], [7220.0, -4797.1], [7229.3, -4799.9], [7247.3, -4804.9], [7270.1, -4806.0], [7286.6, -4803.1], [7291.7, -4815.0], [7297.2, -4814.1], [7305.3, -4812.8], [7313.9, -4810.6], [7316.1, -4815.4], [7312.7, -4823.6], [7314.2, -4831.7], [7318.6, -4832.6], [7325.2, -4833.7], [7332.3, -4830.2], [7342.5, -4825.6], [7347.3, -4823.6], [7356.0, -4821.5], [7367.4, -4826.9], [7372.7, -4835.9], [7378.4, -4843.7], [7382.3, -4850.0], [7386.3, -4856.2]]}}, {"type": "Feature", "properties": {"op": "add"}, "geometry": {"type": "LineString", "coordinates": [[5794.2, -4756.7], [5767.8, -4750.2], [5741.9, -4739.3], [5729.4, -4728.6], [5716.8, -4712.6], [5701.4, -4690.8], [5685.6, -4666.4], [5663.9, -4633.5], [5652.1, -4612.0], [5605.2, -4523.4], [5596.4, -4510.7], [5578.5, -4501.3], [5546.2, -4498.3], [5536.3, -4498.5], [5548.0, -4498.1], [5580.6, -4501.6], [5596.8, -4510.7], [5607.1, -4525.2], [5652.9, -4611.9], [5663.8, -4632.5], [5688.1, -4666.1], [5701.3, -4689.0], [5716.0, -4709.9], [5732.6, -4729.7], [5743.5, -4739.8], [5768.8, -4750.6], [5791.4, -4756.4], [5800.6, -4754.7], [5810.5, -4747.7], [5825.6, -4722.8], [5847.4, -4695.1], [5846.6, -4653.1], [5852.0, -4626.8], [5857.7, -4617.2], [5874.0, -4604.1], [5906.1, -4580.9], [5933.6, -4552.5], [5949.0, -4526.4], [5966.0, -4490.8], [5983.2, -4454.5], [6004.3, -4417.4], [6043.8, -4367.2], [6083.3, -4327.1], [6120.4, -4306.6], [6166.6, -4284.4], [6191.9, -4270.7], [6245.6, -4242.2], [6307.8, -4218.7], [6355.3, -4200.9], [6392.9, -4182.1], [6357.6, -4201.6], [6311.4, -4220.9], [6246.4, -4244.9], [6192.4, -4270.9], [6168.1, -4284.5], [6124.0, -4304.4], [6081.2, -4327.1], [6044.8, -4366.5], [6007.5, -4413.1], [5983.5, -4455.1], [5965.4, -4490.0], [5948.7, -4526.1], [5934.6, -4551.4], [5907.7, -4580.8], [5873.2, -4606.0], [5862.3, -4614.8], [5853.8, -4625.2], [5845.5, -4654.0], [5844.7, -4689.3], [5824.6, -4723.0], [5809.5, -4746.7], [5799.5, -4755.2]]}}, {"type": "Feature", "properties": {"op": "add"}, "geometry": {"type": "LineString", "coordinates": [[6901.6, -4099.0], [6911.5, -4109.0], [6925.3, -4120.4], [6944.3, -4129.2], [6965.2, -4136.0], [6993.6, -4142.6], [7017.1, -4147.1], [7040.5, -4151.4], [7057.2, -4161.2], [7062.8, -4173.4], [7070.0, -4187.3], [7078.2, -4202.8], [7084.4, -4213.9], [7092.8, -4228.0], [7101.4, -4242.0], [7107.9, -4254.6], [7114.8, -4268.3], [7122.4, -4290.1], [7125.0, -4298.3], [7130.2, -4316.6], [7134.3, -4334.0], [7135.2, -4348.2], [7137.4, -4367.5], [7142.2, -4387.5], [7146.7, -4401.7], [7151.9, -4416.9], [7158.5, -4430.7], [7167.8, -4437.6], [7183.3, -4448.6], [7200.1, -4460.5], [7216.7, -4472.0], [7231.4, -4482.2], [7243.7, -4491.8], [7252.3, -4499.1], [7259.7, -4505.8], [7268.0, -4513.4], [7279.7, -4523.8], [7296.4, -4538.7], [7307.0, -4547.6], [7316.1, -4555.3], [7330.0, -4568.3], [7347.9, -4588.8], [7359.4, -4602.1], [7367.9, -4615.7], [7370.4, -4631.9], [7374.3, -4647.5], [7381.0, -4659.5], [7391.3, -4674.6], [7403.5, -4686.1], [7421.2, -4698.4], [7431.7, -4706.9], [7434.6, -4721.1], [7427.5, -4733.2], [7417.1, -4748.9], [7400.5, -4753.1], [7381.1, -4751.8], [7362.2, -4750.4], [7346.9, -4749.4], [7323.8, -4749.3], [7311.5, -4756.4], [7298.7, -4768.9], [7286.8, -4781.8], [7276.0, -4792.1], [7259.5, -4803.5], [7237.7, -4817.3], [7224.5, -4826.5], [7212.5, -4834.7], [7200.6, -4845.5], [7191.3, -4859.5], [7178.9, -4874.4], [7165.2, -4890.7], [7149.1, -4909.8], [7135.9, -4925.5], [7126.8, -4935.3], [7118.6, -4944.6], [7109.2, -4955.2], [7098.3, -4972.6], [7088.9, -4986.6], [7072.4, -4996.0], [7058.4, -5011.0], [7046.8, -5024.7], [7032.0, -5035.3], [7014.0, -5041.4], [7003.0, -5028.1], [6993.0, -5014.2], [6983.1, -5003.0], [6973.0, -4990.5], [6960.1, -4988.8], [6946.6, -4988.8], [6942.8, -5004.7], [6939.6, -5020.8], [6931.8, -5036.9], [6917.3, -5050.4], [6899.3, -5055.4], [6878.5, -5062.5], [6860.3, -5072.0], [6839.9, -5073.3], [6830.8, -5084.1], [6819.9, -5093.3], [6810.2, -5096.9], [6790.9, -5103.0], [6782.6, -5106.3], [6777.8, -5113.9], [6772.5, -5122.9], [6767.9, -5128.7], [6759.8, -5137.0], [6748.8, -5148.2], [6741.1, -5156.2], [6734.0, -5164.9], [6728.6, -5178.0], [6721.9, -5189.7], [6725.6, -5198.3], [6734.2, -5208.6], [6734.9, -5216.8], [6728.3, -5221.5], [6722.3, -5225.9], [6719.0, -5234.2], [6721.7, -5228.1], [6729.5, -5221.7], [6737.3, -5213.2], [6736.3, -5207.3], [6727.2, -5199.6], [6724.8, -5189.4], [6729.0, -5178.2], [6735.5, -5165.2], [6743.1, -5155.5], [6754.9, -5143.1], [6767.1, -5131.0], [6771.1, -5124.7], [6777.5, -5115.6], [6783.3, -5107.8], [6791.2, -5102.9], [6804.6, -5098.2], [6817.3, -5093.6], [6826.7, -5089.1], [6839.3, -5075.9], [6869.0, -5070.0], [6886.1, -5059.4], [6906.0, -5054.4], [6926.3, -5047.0], [6940.3, -5025.9], [6943.0, -5007.1], [6944.9, -4982.2], [6952.7, -4954.5], [6964.7, -4933.9], [6986.3, -4918.9], [7002.1, -4907.5], [7026.6, -4889.8], [7051.7, -4871.7], [7065.8, -4865.9], [7091.2, -4859.8], [7110.9, -4864.1], [7135.8, -4869.3], [7155.9, -4871.0], [7178.7, -4867.4], [7192.1, -4860.8], [7205.1, -4844.9], [7216.8, -4832.4], [7229.7, -4824.0], [7254.1, -4808.2], [7272.8, -4795.9], [7284.3, -4779.8], [7296.3, -4765.5], [7308.7, -4750.1], [7320.4, -4735.1], [7326.6, -4726.6], [7335.8, -4713.9], [7354.8, -4725.8], [7378.8, -4740.9], [7398.1, -4744.8], [7416.4, -4748.4], [7427.3, -4737.7], [7437.0, -4724.4], [7438.8, -4709.2], [7428.9, -4695.1], [7408.4, -4688.3], [7395.7, -4674.6], [7385.0, -4661.6], [7372.0, -4641.6], [7367.0, -4623.3], [7364.3, -4597.3], [7348.8, -4582.2], [7331.7, -4565.4], [7317.7, -4550.9], [7296.6, -4533.1], [7279.8, -4524.0], [7261.5, -4519.1], [7250.6, -4512.6], [7243.2, -4498.9], [7235.2, -4483.7], [7229.5, -4465.6], [7226.9, -4450.1], [7223.0, -4426.9], [7219.1, -4411.9], [7209.4, -4392.1], [7202.6, -4379.3], [7191.6, -4361.1], [7178.9, -4346.0], [7169.4, -4330.8], [7157.9, -4312.5], [7148.1, -4296.2], [7144.4, -4278.3], [7135.2, -4262.5], [7115.8, -4247.3], [7104.0, -4238.2], [7088.9, -4225.5], [7077.0, -4212.0], [7071.1, -4201.6], [7062.7, -4183.7], [7057.8, -4169.2], [7052.4, -4154.9], [7039.5, -4150.0], [7025.8, -4147.2], [6998.2, -4142.6], [6957.4, -4132.8], [6932.9, -4123.6], [6913.5, -4113.3], [6897.8, -4098.9], [6879.2, -4078.5], [6861.6, -4059.7], [6849.3, -4053.9], [6844.4, -4038.2], [6835.4, -4010.2], [6821.0, -3988.9], [6812.5, -3965.0], [6809.4, -3951.4], [6798.7, -3904.6], [6785.5, -3886.6], [6773.1, -3867.1], [6757.0, -3841.9], [6738.8, -3816.5], [6720.0, -3801.3], [6705.1, -3770.4], [6690.4, -3738.2], [6675.9, -3697.0], [6664.3, -3658.4], [6662.4, -3642.4], [6658.5, -3621.5], [6652.5, -3593.0], [6649.7, -3568.2], [6646.3, -3544.9], [6646.1, -3522.9], [6645.6, -3497.5], [6645.6, -3465.1], [6645.8, -3435.9], [6645.3, -3415.8], [6644.6, -3396.4], [6643.5, -3366.9], [6641.3, -3337.9], [6637.4, -3309.0], [6633.8, -3293.0], [6629.9, -3273.9], [6624.4, -3250.7], [6616.5, -3219.6], [6607.5, -3186.0], [6600.5, -3160.5], [6595.1, -3147.6], [6579.1, -3108.7], [6568.6, -3082.8], [6551.9, -3044.3], [6545.3, -3027.4], [6541.8, -3000.7], [6540.0, -2958.7], [6539.0, -2930.7], [6539.4, -2902.7], [6541.0, -2860.8], [6541.6, -2853.9], [6544.4, -2826.1], [6548.4, -2791.9], [6549.8, -2778.0], [6551.8, -2750.1], [6549.7, -2722.3], [6547.6, -2708.4], [6541.9, -2668.9], [6539.8, -2655.1], [6533.4, -2613.6], [6526.0, -2568.7], [6524.6, -2540.8], [6522.0, -2515.6], [6517.9, -2496.2], [6514.8, -2477.4], [6517.8, -2459.4], [6532.6, -2443.7], [6547.2, -2432.0], [6576.2, -2412.4], [6617.5, -2386.3], [6637.8, -2371.1], [6653.5, -2358.4], [6675.8, -2344.7], [6704.0, -2341.8], [6732.1, -2338.4], [6755.1, -2335.6], [6776.1, -2327.9], [6794.3, -2314.9], [6807.9, -2305.9], [6822.2, -2306.1], [6848.8, -2309.4], [6869.3, -2310.1], [6887.0, -2307.6], [6897.1, -2302.6], [6903.2, -2297.6], [6886.7, -2307.1], [6854.8, -2309.2], [6827.0, -2307.3], [6811.8, -2306.2], [6798.9, -2312.1], [6783.7, -2322.3], [6762.6, -2329.8], [6742.6, -2336.0], [6716.3, -2338.4], [6685.6, -2343.6], [6665.8, -2347.5], [6649.8, -2361.5], [6636.2, -2370.1], [6620.2, -2383.5], [6604.6, -2395.6], [6584.1, -2406.3], [6563.5, -2420.4], [6543.4, -2434.0], [6526.0, -2447.5], [6515.8, -2467.4], [6516.6, -2484.9], [6519.0, -2505.7], [6521.3, -2529.1], [6522.6, -2548.8], [6524.3, -2562.7], [6526.5, -2576.6], [6528.8, -2590.4], [6533.3, -2618.0], [6535.4, -2631.8], [6537.2, -2645.7], [6540.8, -2673.5], [6543.0, -2687.3], [6545.3, -2701.2], [6549.0, -2728.9], [6550.4, -2742.8], [6549.2, -2780.9], [6547.5, -2794.8], [6546.0, -2808.7], [6543.1, -2836.6], [6541.6, -2850.5], [6539.5, -2878.4], [6539.0, -2906.4], [6539.4, -2920.4], [6540.3, -2948.3], [6541.2, -2962.3], [6544.2, -3004.2], [6546.4, -3026.2], [6552.7, -3047.2], [6563.6, -3073.0], [6579.4, -3111.9], [6590.7, -3137.5], [6600.5, -3163.7], [6604.8, -3177.0], [6612.1, -3204.0], [6619.0, -3231.1], [6625.8, -3258.2], [6632.4, -3285.4], [6635.6, -3299.1], [6639.8, -3326.7], [6642.6, -3354.6], [6644.6, -3382.5], [6645.7, -3424.4], [6645.7, -3438.4], [6645.4, -3466.4], [6645.5, -3494.4], [6646.2, -3522.4], [6647.1, -3550.3], [6649.9, -3578.2], [6655.1, -3613.7], [6658.7, -3639.3], [6662.8, -3652.7], [6670.4, -3679.6], [6683.0, -3719.6], [6702.9, -3772.0], [6720.7, -3807.0], [6739.1, -3820.9], [6747.6, -3832.0], [6771.8, -3866.3], [6800.9, -3915.8], [6807.0, -3943.1], [6813.7, -3970.3], [6820.7, -3988.3], [6833.2, -4013.4], [6854.7, -4054.3], [6870.6, -4071.1]]}}, {"type": "Feature", "properties": {"op": "add"}, "geometry": {"type": "LineString", "coordinates": [[6901.6, -4099.0], [6911.5, -4109.0], [6925.3, -4120.4], [6944.3, -4129.2], [6965.2, -4136.0], [6993.6, -4142.6], [7017.1, -4147.1], [7040.5, -4151.4], [7057.2, -4161.2], [7062.8, -4173.4], [7070.0, -4187.3], [7078.2, -4202.8], [7084.4, -4213.9], [7092.8, -4228.0], [7101.4, -4242.0], [7107.9, -4254.6], [7114.8, -4268.3], [7122.4, -4290.1], [7125.0, -4298.3], [7130.2, -4316.6], [7134.3, -4334.0], [7135.2, -4348.2], [7137.4, -4367.5], [7142.2, -4387.5], [7146.7, -4401.7], [7151.9, -4416.9], [7158.5, -4430.7], [7167.8, -4437.6], [7183.3, -4448.6], [7200.1, -4460.5], [7216.7, -4472.0], [7231.4, -4482.2], [7243.7, -4491.8], [7252.3, -4499.1], [7259.7, -4505.8], [7268.0, -4513.4], [7279.7, -4523.8], [7296.4, -4538.7], [7307.0, -4547.6], [7316.1, -4555.3], [7330.0, -4568.3], [7347.9, -4588.8], [7359.4, -4602.1], [7367.9, -4615.7], [7370.4, -4631.9], [7374.3, -4647.5], [7381.0, -4659.5], [7391.3, -4674.6], [7403.5, -4686.1], [7421.2, -4698.4], [7431.7, -4706.9], [7434.6, -4721.1], [7427.5, -4733.2], [7417.1, -4748.9], [7400.5, -4753.1], [7381.1, -4751.8], [7362.2, -4750.4], [7346.9, -4749.4], [7323.8, -4749.3], [7311.5, -4756.4], [7298.7, -4768.9], [7286.8, -4781.8], [7276.0, -4792.1], [7259.5, -4803.5], [7237.7, -4817.3], [7224.5, -4826.5], [7212.5, -4834.7], [7200.6, -4845.5], [7191.3, -4859.5], [7178.9, -4874.4], [7165.2, -4890.7], [7149.1, -4909.8], [7135.9, -4925.5], [7126.8, -4935.3], [7118.6, -4944.6], [7109.2, -4955.2], [7098.3, -4972.6], [7088.9, -4986.6], [7072.4, -4996.0], [7058.4, -5011.0], [7046.8, -5024.7], [7032.0, -5035.3], [7014.0, -5041.4], [7003.0, -5028.1], [6993.0, -5014.2], [6983.1, -5003.0], [6973.0, -4990.5], [6960.1, -4988.8], [6946.6, -4988.8], [6942.8, -5004.7], [6939.6, -5020.8], [6931.8, -5036.9], [6917.3, -5050.4], [6899.3, -5055.4], [6878.5, -5062.5], [6860.3, -5072.0], [6839.9, -5073.3], [6830.8, -5084.1], [6819.9, -5093.3], [6810.2, -5096.9], [6790.9, -5103.0], [6782.6, -5106.3], [6777.8, -5113.9], [6772.5, -5122.9], [6767.9, -5128.7], [6759.8, -5137.0], [6748.8, -5148.2], [6741.1, -5156.2], [6734.0, -5164.9], [6728.6, -5178.0], [6721.9, -5189.7], [6725.6, -5198.3], [6734.2, -5208.6], [6734.9, -5216.8], [6728.3, -5221.5], [6722.3, -5225.9], [6719.0, -5234.2], [6721.7, -5228.1], [6729.5, -5221.7], [6737.3, -5213.2], [6736.3, -5207.3], [6727.2, -5199.6], [6724.8, -5189.4], [6729.0, -5178.2], [6735.5, -5165.2], [6743.1, -5155.5], [6754.9, -5143.1], [6767.1, -5131.0], [6771.1, -5124.7], [6777.5, -5115.6], [6783.3, -5107.8], [6791.2, -5102.9], [6804.6, -5098.2], [6817.3, -5093.6], [6826.7, -5089.1], [6839.3, -5075.9], [6869.0, -5070.0], [6886.1, -5059.4], [6906.0, -5054.4], [6926.3, -5047.0], [6940.3, -5025.9], [6943.0, -5007.1], [6944.9, -4982.2], [6952.7, -4954.5], [6964.7, -4933.9], [6986.3, -4918.9], [7002.1, -4907.5], [7026.6, -4889.8], [7051.7, -4871.7], [7065.8, -4865.9], [7091.2, -4859.8], [7110.9, -4864.1], [7135.8, -4869.3], [7155.9, -4871.0], [7178.7, -4867.4], [7192.1, -4860.8], [7205.1, -4844.9], [7216.8, -4832.4], [7229.7, -4824.0], [7254.1, -4808.2], [7272.8, -4795.9], [7284.3, -4779.8], [7296.3, -4765.5], [7308.7, -4750.1], [7320.4, -4735.1], [7326.6, -4726.6], [7335.8, -4713.9], [7354.8, -4725.8], [7378.8, -4740.9], [7398.1, -4744.8], [7416.4, -4748.4], [7427.3, -4737.7], [7437.0, -4724.4], [7438.8, -4709.2], [7428.9, -4695.1], [7408.4, -4688.3], [7395.7, -4674.6], [7385.0, -4661.6], [7372.0, -4641.6], [7367.0, -4623.3], [7364.3, -4597.3], [7348.8, -4582.2], [7331.7, -4565.4], [7317.7, -4550.9], [7296.6, -4533.1], [7279.8, -4524.0], [7261.5, -4519.1], [7250.6, -4512.6], [7243.2, -4498.9], [7235.2, -4483.7], [7229.5, -4465.6], [7226.9, -4450.1], [7223.0, -4426.9], [7219.1, -4411.9], [7209.4, -4392.1], [7202.6, -4379.3], [7191.6, -4361.1], [7178.9, -4346.0], [7169.4, -4330.8], [7157.9, -4312.5], [7148.1, -4296.2], [7144.4, -4278.3], [7135.2, -4262.5], [7115.8, -4247.3], [7104.0, -4238.2], [7088.9, -4225.5], [7077.0, -4212.0], [7071.1, -4201.6], [7062.7, -4183.7], [7057.8, -4169.2], [7052.4, -4154.9], [7039.5, -4150.0], [7025.8, -4147.2], [6998.2, -4142.6], [6957.4, -4132.8], [6932.9, -4123.6], [6913.5, -4113.3], [6897.8, -4098.9], [6879.2, -4078.5], [6861.6, -4059.7], [6849.3, -4053.9], [6844.4, -4038.2], [6835.4, -4010.2], [6821.0, -3988.9], [6812.5, -3965.0], [6809.4, -3951.4], [6798.7, -3904.6], [6785.5, -3886.6], [6773.1, -3867.1], [6757.0, -3841.9], [6738.8, -3816.5], [6720.0, -3801.3], [6705.1, -3770.4], [6690.4, -3738.2], [6675.9, -3697.0], [6664.3, -3658.4], [6662.4, -3642.4], [6658.5, -3621.5], [6652.5, -3593.0], [6649.7, -3568.2], [6646.3, -3544.9], [6646.1, -3522.9], [6645.6, -3497.5], [6645.6, -3465.1], [6645.8, -3435.9], [6645.3, -3415.8], [6644.6, -3396.4], [6643.5, -3366.9], [6641.3, -3337.9], [6637.4, -3309.0], [6633.8, -3293.0], [6629.9, -3273.9], [6624.4, -3250.7], [6616.5, -3219.6], [6607.5, -3186.0], [6600.5, -3160.5], [6595.1, -3147.6], [6579.1, -3108.7], [6568.6, -3082.8], [6551.9, -3044.3], [6545.3, -3027.4], [6541.8, -3000.7], [6540.0, -2958.7], [6539.0, -2930.7], [6539.4, -2902.7], [6541.0, -2860.8], [6541.6, -2853.9], [6544.4, -2826.1], [6548.4, -2791.9], [6549.8, -2778.0], [6551.8, -2750.1], [6549.7, -2722.3], [6547.6, -2708.4], [6541.9, -2668.9], [6539.8, -2655.1], [6533.4, -2613.6], [6526.0, -2568.7], [6524.6, -2540.8], [6522.0, -2515.6], [6517.9, -2496.2], [6514.8, -2477.4], [6517.8, -2459.4], [6532.6, -2443.7], [6547.2, -2432.0], [6576.2, -2412.4], [6617.5, -2386.3], [6637.8, -2371.1], [6653.5, -2358.4], [6675.8, -2344.7], [6704.0, -2341.8], [6732.1, -2338.4], [6755.1, -2335.6], [6776.1, -2327.9], [6794.3, -2314.9], [6807.9, -2305.9], [6822.2, -2306.1], [6848.8, -2309.4], [6869.3, -2310.1], [6887.0, -2307.6], [6897.1, -2302.6], [6903.2, -2297.6], [6886.7, -2307.1], [6854.8, -2309.2], [6827.0, -2307.3], [6811.8, -2306.2], [6798.9, -2312.1], [6783.7, -2322.3], [6762.6, -2329.8], [6742.6, -2336.0], [6716.3, -2338.4], [6685.6, -2343.6], [6665.8, -2347.5], [6649.8, -2361.5], [6636.2, -2370.1], [6620.2, -2383.5], [6604.6, -2395.6], [6584.1, -2406.3], [6563.5, -2420.4], [6543.4, -2434.0], [6526.0, -2447.5], [6515.8, -2467.4], [6516.6, -2484.9], [6519.0, -2505.7], [6521.3, -2529.1], [6522.6, -2548.8], [6524.3, -2562.7], [6526.5, -2576.6], [6528.8, -2590.4], [6533.3, -2618.0], [6535.4, -2631.8], [6537.2, -2645.7], [6540.8, -2673.5], [6543.0, -2687.3], [6545.3, -2701.2], [6549.0, -2728.9], [6550.4, -2742.8], [6549.2, -2780.9], [6547.5, -2794.8], [6546.0, -2808.7], [6543.1, -2836.6], [6541.6, -2850.5], [6539.5, -2878.4], [6539.0, -2906.4], [6539.4, -2920.4], [6540.3, -2948.3], [6541.2, -2962.3], [6544.2, -3004.2], [6546.4, -3026.2], [6552.7, -3047.2], [6563.6, -3073.0], [6579.4, -3111.9], [6590.7, -3137.5], [6600.5, -3163.7], [6604.8, -3177.0], [6612.1, -3204.0], [6619.0, -3231.1], [6625.8, -3258.2], [6632.4, -3285.4], [6635.6, -3299.1], [6639.8, -3326.7], [6642.6, -3354.6], [6644.6, -3382.5], [6645.7, -3424.4], [6645.7, -3438.4], [6645.4, -3466.4], [6645.5, -3494.4], [6646.2, -3522.4], [6647.1, -3550.3], [6649.9, -3578.2], [6655.1, -3613.7], [6658.7, -3639.3], [6662.8, -3652.7], [6670.4, -3679.6], [6683.0, -3719.6], [6702.9, -3772.0], [6720.7, -3807.0], [6739.1, -3820.9], [6747.6, -3832.0], [6771.8, -3866.3], [6800.9, -3915.8], [6807.0, -3943.1], [6813.7, -3970.3], [6820.7, -3988.3], [6833.2, -4013.4], [6854.7, -4054.3], [6870.6, -4071.1]]}}, {"type": "Feature", "properties": {"op": "add"}, "geometry": {"type": "LineString", "coordinates": [[6901.6, -4099.0], [6911.5, -4109.0], [6925.3, -4120.4], [6944.3, -4129.2], [6965.2, -4136.0], [6993.6, -4142.6], [7017.1, -4147.1], [7040.5, -4151.4], [7057.2, -4161.2], [7062.8, -4173.4], [7070.0, -4187.3], [7078.2, -4202.8], [7084.4, -4213.9], [7092.8, -4228.0], [7101.4, -4242.0], [7107.9, -4254.6], [7114.8, -4268.3], [7122.4, -4290.1], [7125.0, -4298.3], [7130.2, -4316.6], [7134.3, -4334.0], [7135.2, -4348.2], [7137.4, -4367.5], [7142.2, -4387.5], [7146.7, -4401.7], [7151.9, -4416.9], [7158.5, -4430.7], [7167.8, -4437.6], [7183.3, -4448.6], [7200.1, -4460.5], [7216.7, -4472.0], [7231.4, -4482.2], [7243.7, -4491.8], [7252.3, -4499.1], [7259.7, -4505.8], [7268.0, -4513.4], [7279.7, -4523.8], [7296.4, -4538.7], [7307.0, -4547.6], [7316.1, -4555.3], [7330.0, -4568.3], [7347.9, -4588.8], [7359.4, -4602.1], [7367.9, -4615.7], [7370.4, -4631.9], [7374.3, -4647.5], [7381.0, -4659.5], [7391.3, -4674.6], [7403.5, -4686.1], [7421.2, -4698.4], [7431.7, -4706.9], [7434.6, -4721.1], [7427.5, -4733.2], [7417.1, -4748.9], [7400.5, -4753.1], [7381.1, -4751.8], [7362.2, -4750.4], [7346.9, -4749.4], [7323.8, -4749.3], [7311.5, -4756.4], [7298.7, -4768.9], [7286.8, -4781.8], [7276.0, -4792.1], [7259.5, -4803.5], [7237.7, -4817.3], [7224.5, -4826.5], [7212.5, -4834.7], [7200.6, -4845.5], [7191.3, -4859.5], [7178.9, -4874.4], [7165.2, -4890.7], [7149.1, -4909.8], [7135.9, -4925.5], [7126.8, -4935.3], [7118.6, -4944.6], [7109.2, -4955.2], [7098.3, -4972.6], [7088.9, -4986.6], [7072.4, -4996.0], [7058.4, -5011.0], [7046.8, -5024.7], [7032.0, -5035.3], [7014.0, -5041.4], [7003.0, -5028.1], [6993.0, -5014.2], [6983.1, -5003.0], [6973.0, -4990.5], [6960.1, -4988.8], [6946.6, -4988.8], [6942.8, -5004.7], [6939.6, -5020.8], [6931.8, -5036.9], [6917.3, -5050.4], [6899.3, -5055.4], [6878.5, -5062.5], [6860.3, -5072.0], [6839.9, -5073.3], [6830.8, -5084.1], [6819.9, -5093.3], [6810.2, -5096.9], [6790.9, -5103.0], [6782.6, -5106.3], [6777.8, -5113.9], [6772.5, -5122.9], [6767.9, -5128.7], [6759.8, -5137.0], [6748.8, -5148.2], [6741.1, -5156.2], [6734.0, -5164.9], [6728.6, -5178.0], [6721.9, -5189.7], [6725.6, -5198.3], [6734.2, -5208.6], [6734.9, -5216.8], [6728.3, -5221.5], [6722.3, -5225.9], [6719.0, -5234.2], [6721.7, -5228.1], [6729.5, -5221.7], [6737.3, -5213.2], [6736.3, -5207.3], [6727.2, -5199.6], [6724.8, -5189.4], [6729.0, -5178.2], [6735.5, -5165.2], [6743.1, -5155.5], [6754.9, -5143.1], [6767.1, -5131.0], [6771.1, -5124.7], [6777.5, -5115.6], [6783.3, -5107.8], [6791.2, -5102.9], [6804.6, -5098.2], [6817.3, -5093.6], [6826.7, -5089.1], [6839.3, -5075.9], [6869.0, -5070.0], [6886.1, -5059.4], [6906.0, -5054.4], [6926.3, -5047.0], [6940.3, -5025.9], [6943.0, -5007.1], [6944.9, -4982.2], [6952.7, -4954.5], [6964.7, -4933.9], [6986.3, -4918.9], [7002.1, -4907.5], [7026.6, -4889.8], [7051.7, -4871.7], [7065.8, -4865.9], [7091.2, -4859.8], [7110.9, -4864.1], [7135.8, -4869.3], [7155.9, -4871.0], [7178.7, -4867.4], [7192.1, -4860.8], [7205.1, -4844.9], [7216.8, -4832.4], [7229.7, -4824.0], [7254.1, -4808.2], [7272.8, -4795.9], [7284.3, -4779.8], [7296.3, -4765.5], [7308.7, -4750.1], [7320.4, -4735.1], [7326.6, -4726.6], [7335.8, -4713.9], [7354.8, -4725.8], [7378.8, -4740.9], [7398.1, -4744.8], [7416.4, -4748.4], [7427.3, -4737.7], [7437.0, -4724.4], [7438.8, -4709.2], [7428.9, -4695.1], [7408.4, -4688.3], [7395.7, -4674.6], [7385.0, -4661.6], [7372.0, -4641.6], [7367.0, -4623.3], [7364.3, -4597.3], [7348.8, -4582.2], [7331.7, -4565.4], [7317.7, -4550.9], [7296.6, -4533.1], [7279.8, -4524.0], [7261.5, -4519.1], [7250.6, -4512.6], [7243.2, -4498.9], [7235.2, -4483.7], [7229.5, -4465.6], [7226.9, -4450.1], [7223.0, -4426.9], [7219.1, -4411.9], [7209.4, -4392.1], [7202.6, -4379.3], [7191.6, -4361.1], [7178.9, -4346.0], [7169.4, -4330.8], [7157.9, -4312.5], [7148.1, -4296.2], [7144.4, -4278.3], [7135.2, -4262.5], [7115.8, -4247.3], [7104.0, -4238.2], [7088.9, -4225.5], [7077.0, -4212.0], [7071.1, -4201.6], [7062.7, -4183.7], [7057.8, -4169.2], [7052.4, -4154.9], [7039.5, -4150.0], [7025.8, -4147.2], [6998.2, -4142.6], [6957.4, -4132.8], [6932.9, -4123.6], [6913.5, -4113.3], [6897.8, -4098.9], [6879.2, -4078.5], [6861.6, -4059.7], [6849.3, -4053.9], [6844.4, -4038.2], [6835.4, -4010.2], [6821.0, -3988.9], [6812.5, -3965.0], [6809.4, -3951.4], [6798.7, -3904.6], [6785.5, -3886.6], [6773.1, -3867.1], [6757.0, -3841.9], [6738.8, -3816.5], [6720.0, -3801.3], [6705.1, -3770.4], [6690.4, -3738.2], [6675.9, -3697.0], [6664.3, -3658.4], [6662.4, -3642.4], [6658.5, -3621.5], [6652.5, -3593.0], [6649.7, -3568.2], [6646.3, -3544.9], [6646.1, -3522.9], [6645.6, -3497.5], [6645.6, -3465.1], [6645.8, -3435.9], [6645.3, -3415.8], [6644.6, -3396.4], [6643.5, -3366.9], [6641.3, -3337.9], [6637.4, -3309.0], [6633.8, -3293.0], [6629.9, -3273.9], [6624.4, -3250.7], [6616.5, -3219.6], [6607.5, -3186.0], [6600.5, -3160.5], [6595.1, -3147.6], [6579.1, -3108.7], [6568.6, -3082.8], [6551.9, -3044.3], [6545.3, -3027.4], [6541.8, -3000.7], [6540.0, -2958.7], [6539.0, -2930.7], [6539.4, -2902.7], [6541.0, -2860.8], [6541.6, -2853.9], [6544.4, -2826.1], [6548.4, -2791.9], [6549.8, -2778.0], [6551.8, -2750.1], [6549.7, -2722.3], [6547.6, -2708.4], [6541.9, -2668.9], [6539.8, -2655.1], [6533.4, -2613.6], [6526.0, -2568.7], [6524.6, -2540.8], [6522.0, -2515.6], [6517.9, -2496.2], [6514.8, -2477.4], [6517.8, -2459.4], [6532.6, -2443.7], [6547.2, -2432.0], [6576.2, -2412.4], [6617.5, -2386.3], [6637.8, -2371.1], [6653.5, -2358.4], [6675.8, -2344.7], [6704.0, -2341.8], [6732.1, -2338.4], [6755.1, -2335.6], [6776.1, -2327.9], [6794.3, -2314.9], [6807.9, -2305.9], [6822.2, -2306.1], [6848.8, -2309.4], [6869.3, -2310.1], [6887.0, -2307.6], [6897.1, -2302.6], [6903.2, -2297.6], [6886.7, -2307.1], [6854.8, -2309.2], [6827.0, -2307.3], [6811.8, -2306.2], [6798.9, -2312.1], [6783.7, -2322.3], [6762.6, -2329.8], [6742.6, -2336.0], [6716.3, -2338.4], [6685.6, -2343.6], [6665.8, -2347.5], [6649.8, -2361.5], [6636.2, -2370.1], [6620.2, -2383.5], [6604.6, -2395.6], [6584.1, -2406.3], [6563.5, -2420.4], [6543.4, -2434.0], [6526.0, -2447.5], [6515.8, -2467.4], [6516.6, -2484.9], [6519.0, -2505.7], [6521.3, -2529.1], [6522.6, -2548.8], [6524.3, -2562.7], [6526.5, -2576.6], [6528.8, -2590.4], [6533.3, -2618.0], [6535.4, -2631.8], [6537.2, -2645.7], [6540.8, -2673.5], [6543.0, -2687.3], [6545.3, -2701.2], [6549.0, -2728.9], [6550.4, -2742.8], [6549.2, -2780.9], [6547.5, -2794.8], [6546.0, -2808.7], [6543.1, -2836.6], [6541.6, -2850.5], [6539.5, -2878.4], [6539.0, -2906.4], [6539.4, -2920.4], [6540.3, -2948.3], [6541.2, -2962.3], [6544.2, -3004.2], [6546.4, -3026.2], [6552.7, -3047.2], [6563.6, -3073.0], [6579.4, -3111.9], [6590.7, -3137.5], [6600.5, -3163.7], [6604.8, -3177.0], [6612.1, -3204.0], [6619.0, -3231.1], [6625.8, -3258.2], [6632.4, -3285.4], [6635.6, -3299.1], [6639.8, -3326.7], [6642.6, -3354.6], [6644.6, -3382.5], [6645.7, -3424.4], [6645.7, -3438.4], [6645.4, -3466.4], [6645.5, -3494.4], [6646.2, -3522.4], [6647.1, -3550.3], [6649.9, -3578.2], [6655.1, -3613.7], [6658.7, -3639.3], [6662.8, -3652.7], [6670.4, -3679.6], [6683.0, -3719.6], [6702.9, -3772.0], [6720.7, -3807.0], [6739.1, -3820.9], [6747.6, -3832.0], [6771.8, -3866.3], [6800.9, -3915.8], [6807.0, -3943.1], [6813.7, -3970.3], [6820.7, -3988.3], [6833.2, -4013.4], [6854.7, -4054.3], [6870.6, -4071.1]]}}, {"type": "Feature", "properties": {"op": "add"}, "geometry": {"type": "LineString", "coordinates": [[7468.2, -2791.5], [7468.8, -2796.7], [7469.9, -2807.0], [7464.7, -2808.9], [7459.5, -2808.1], [7447.6, -2806.9], [7471.4, -2808.9], [7468.8, -2794.6], [7468.8, -2780.7], [7468.9, -2776.8], [7469.8, -2748.8], [7470.5, -2724.1], [7471.6, -2695.8], [7472.1, -2685.7], [7473.0, -2672.9], [7473.4, -2667.4], [7474.4, -2660.4], [7475.6, -2653.8], [7477.1, -2644.8], [7478.1, -2635.8], [7480.3, -2612.1], [7482.4, -2592.8], [7487.7, -2572.2], [7492.0, -2561.0], [7498.6, -2543.2], [7508.2, -2521.4], [7517.5, -2499.8], [7522.9, -2483.5], [7526.3, -2474.1], [7529.2, -2467.3], [7532.6, -2459.0], [7537.5, -2446.9], [7543.3, -2427.2], [7547.9, -2409.6], [7550.0, -2402.4], [7553.3, -2393.0], [7557.2, -2382.5], [7562.7, -2371.9], [7570.8, -2357.2], [7577.6, -2345.1], [7584.4, -2332.8], [7595.4, -2313.0], [7599.8, -2305.6], [7605.0, -2297.4], [7612.0, -2286.8], [7607.8, -2282.1], [7602.7, -2282.8], [7603.6, -2296.6], [7597.5, -2309.4], [7593.7, -2316.7], [7584.7, -2333.5], [7576.3, -2348.4], [7565.7, -2366.9], [7558.5, -2379.8], [7553.2, -2393.4], [7551.1, -2399.7], [7548.4, -2408.3], [7543.2, -2423.4], [7539.5, -2436.9], [7533.1, -2458.1], [7529.9, -2465.2], [7526.6, -2473.1], [7521.7, -2485.9], [7517.4, -2499.1], [7509.7, -2517.3], [7502.7, -2532.2], [7495.4, -2550.1], [7488.6, -2568.3], [7483.4, -2583.5], [7481.4, -2604.3], [7479.9, -2619.5], [7477.3, -2641.8], [7475.9, -2650.2], [7474.4, -2660.0], [7472.4, -2673.3], [7472.2, -2687.3], [7471.8, -2712.1], [7471.2, -2726.0], [7469.3, -2760.5], [7468.8, -2769.1], [7468.1, -2787.7], [7468.1, -2802.6], [7473.2, -2810.5], [7482.1, -2819.5], [7492.9, -2829.9], [7505.5, -2839.9], [7522.9, -2853.3], [7532.2, -2860.1], [7543.2, -2867.9], [7559.4, -2879.2], [7562.6, -2885.0], [7566.2, -2892.0], [7563.0, -2883.7], [7556.8, -2876.7], [7543.6, -2867.6], [7532.1, -2860.0], [7519.6, -2849.9], [7502.2, -2837.9], [7493.6, -2831.8], [7484.1, -2821.5], [7470.3, -2806.1]]}}, {"type": "Feature", "properties": {"op": "add"}, "geometry": {"type": "LineString", "coordinates": [[-6191.3, -3907.2], [-6182.7, -3907.3], [-6173.7, -3907.5], [-6165.6, -3907.6], [-6157.0, -3907.6], [-6149.3, -3907.6], [-6141.9, -3907.3], [-6134.2, -3906.7], [-6126.4, -3906.0], [-6118.2, -3904.8], [-6109.6, -3903.1], [-6102.0, -3901.0], [-6094.1, -3898.3], [-6086.0, -3895.3], [-6078.5, -3892.4], [-6071.3, -3889.5], [-6064.4, -3886.7], [-6056.7, -3883.6], [-6048.4, -3880.1], [-6041.1, -3877.0], [-6034.0, -3873.8], [-6026.4, -3870.1], [-6018.8, -3866.5], [-6010.5, -3862.5], [-6001.9, -3858.9], [-5994.0, -3855.5], [-5986.3, -3852.2], [-5977.8, -3848.6], [-5969.5, -3845.5], [-5961.5, -3842.3], [-5953.8, -3838.1], [-5946.9, -3833.8], [-5939.4, -3828.8], [-5932.1, -3824.7], [-5924.4, -3820.7], [-5916.7, -3816.3], [-5908.9, -3811.8], [-5901.2, -3807.8], [-5892.8, -3804.0], [-5884.0, -3800.4], [-5875.1, -3797.3], [-5866.7, -3794.5], [-5857.7, -3791.7], [-5848.3, -3789.6], [-5838.8, -3788.4], [-5829.4, -3788.3], [-5819.1, -3788.5], [-5808.6, -3788.6], [-5799.4, -3788.7], [-5790.1, -3788.9], [-5780.1, -3789.5], [-5770.1, -3790.3], [-5760.9, -3791.1], [-5751.1, -3791.8], [-5741.4, -3793.2], [-5731.6, -3795.0], [-5722.7, -3797.4], [-5714.1, -3801.6], [-5705.8, -3807.3], [-5698.1, -3813.5], [-5690.2, -3821.4], [-5683.6, -3828.1], [-5677.0, -3836.1], [-5672.1, -3844.2], [-5667.6, -3852.9], [-5663.6, -3862.0], [-5660.2, -3870.4], [-5656.7, -3879.6], [-5653.9, -3888.8], [-5652.1, -3898.6], [-5651.0, -3908.7], [-5650.9, -3918.9], [-5651.6, -3929.1], [-5652.3, -3939.2], [-5652.6, -3949.9], [-5652.7, -3960.3], [-5652.6, -3969.9], [-5652.5, -3980.0], [-5652.2, -3989.4], [-5652.0, -3999.0], [-5652.1, -4007.9], [-5652.0, -4017.7], [-5651.9, -4027.7], [-5651.9, -4037.8], [-5652.0, -4048.3], [-5652.1, -4058.3], [-5652.5, -4068.3], [-5652.1, -4077.8], [-5652.0, -4088.2], [-5652.2, -4098.2], [-5654.0, -4107.8], [-5657.2, -4117.0], [-5662.0, -4126.9], [-5667.8, -4136.4], [-5674.4, -4145.1], [-5681.9, -4152.6], [-5689.6, -4159.5], [-5697.8, -4165.1], [-5707.2, -4171.0], [-5717.2, -4175.4], [-5727.4, -4179.2], [-5738.1, -4182.5], [-5749.1, -4185.8], [-5760.0, -4188.8], [-5771.0, -4191.6], [-5782.2, -4193.9], [-5793.8, -4195.5], [-5804.9, -4196.8], [-5816.5, -4197.9], [-5827.9, -4198.7], [-5838.8, -4199.4], [-5860.8, -4200.8], [-5871.6, -4201.4], [-5882.6, -4202.0], [-5892.9, -4202.6], [-5904.4, -4203.2], [-5915.4, -4203.5], [-5925.1, -4203.7], [-5935.9, -4203.8], [-5946.4, -4203.9], [-5956.6, -4203.9], [-5967.8, -4203.6], [-5978.1, -4203.2], [-5988.4, -4202.4], [-5999.3, -4201.5], [-6009.4, -4200.6], [-6019.5, -4199.5], [-6030.6, -4198.1], [-6041.0, -4196.9], [-6051.8, -4195.7], [-6061.9, -4194.7], [-6072.0, -4193.9], [-6082.1, -4193.2], [-6090.9, -4192.7], [-6101.4, -4192.2], [-6111.8, -4191.6], [-6121.1, -4191.3], [-6132.2, -4191.3], [-6142.7, -4191.6], [-6152.7, -4192.4], [-6163.0, -4193.2], [-6173.0, -4194.2], [-6183.2, -4195.5], [-6194.0, -4197.1], [-6204.1, -4198.8], [-6214.1, -4200.7], [-6224.5, -4203.3], [-6234.1, -4205.9], [-6244.1, -4208.6], [-6254.0, -4210.9], [-6263.1, -4212.4], [-6272.9, -4213.8], [-6283.8, -4215.1], [-6293.7, -4215.9], [-6302.8, -4215.8], [-6313.0, -4214.9], [-6323.2, -4213.1], [-6332.4, -4211.3], [-6340.8, -4209.2], [-6348.5, -4205.7], [-6356.2, -4200.8], [-6364.0, -4195.0], [-6371.9, -4188.6], [-6379.5, -4182.5], [-6387.5, -4175.9], [-6394.6, -4168.9], [-6400.5, -4161.4], [-6404.7, -4152.8], [-6408.5, -4143.8], [-6412.3, -4134.4], [-6415.7, -4124.6], [-6418.8, -4114.7], [-6421.1, -4104.9], [-6423.4, -4094.5], [-6425.4, -4085.0], [-6426.8, -4075.0], [-6427.5, -4064.3], [-6427.7, -4054.7], [-6427.7, -4044.4], [-6427.4, -4034.1], [-6427.1, -4024.2], [-6426.6, -4015.0], [-6425.6, -4004.9], [-6424.5, -3996.0], [-6423.1, -3986.2], [-6421.3, -3975.4], [-6418.9, -3966.1], [-6416.2, -3956.4], [-6412.6, -3946.9], [-6407.8, -3937.7], [-6401.6, -3927.9], [-6395.3, -3919.5], [-6387.9, -3911.9], [-6380.0, -3906.4], [-6371.9, -3902.5], [-6362.8, -3900.3], [-6353.0, -3899.0], [-6343.7, -3899.4], [-6333.3, -3900.2], [-6322.5, -3901.1], [-6311.4, -3902.1], [-6300.4, -3902.9], [-6289.9, -3903.6], [-6280.2, -3904.2], [-6270.4, -3904.8], [-6261.9, -3905.2], [-6253.6, -3905.5], [-6244.9, -3905.8], [-6236.5, -3906.1], [-6227.3, -3906.4], [-6218.5, -3906.8], [-6210.6, -3907.1], [-6199.5, -3906.9]]}}, {"type": "Feature", "properties": {"op": "add"}, "geometry": {"type": "LineString", "coordinates": [[-6191.1, -3898.0], [-6183.4, -3898.2], [-6174.8, -3898.4], [-6165.5, -3898.9], [-6157.0, -3899.1], [-6148.4, -3898.9], [-6140.5, -3898.7], [-6132.6, -3898.3], [-6124.0, -3897.4], [-6115.3, -3896.0], [-6106.8, -3893.7], [-6098.7, -3891.2], [-6090.2, -3888.5], [-6081.6, -3885.5], [-6072.5, -3882.0], [-6064.9, -3879.2], [-6056.9, -3876.1], [-6049.1, -3872.9], [-6041.1, -3869.7], [-6033.0, -3866.2], [-6024.9, -3862.8], [-6017.9, -3859.8], [-6010.6, -3856.6], [-6002.6, -3853.2], [-5994.6, -3849.7], [-5986.6, -3846.1], [-5978.7, -3842.6], [-5970.2, -3838.8], [-5961.5, -3834.8], [-5953.2, -3828.8], [-5944.7, -3822.8], [-5936.1, -3817.7], [-5926.4, -3812.3], [-5917.0, -3807.9], [-5906.8, -3802.7], [-5895.8, -3797.5], [-5886.6, -3793.8], [-5876.7, -3790.3], [-5866.8, -3786.6], [-5856.8, -3782.2], [-5847.8, -3780.3], [-5838.7, -3777.9], [-5829.0, -3776.6], [-5817.8, -3776.7], [-5808.2, -3776.9], [-5799.3, -3777.6], [-5788.7, -3778.9], [-5779.4, -3779.9], [-5770.9, -3781.4], [-5761.8, -3783.8], [-5752.7, -3785.9], [-5744.5, -3787.5], [-5735.7, -3789.1], [-5727.3, -3792.1], [-5718.9, -3797.0], [-5711.9, -3803.0], [-5704.7, -3810.8], [-5698.3, -3818.2], [-5692.7, -3825.7], [-5687.3, -3833.3], [-5683.1, -3839.8], [-5679.2, -3846.4], [-5675.2, -3854.3], [-5671.3, -3862.3], [-5667.6, -3870.2], [-5664.6, -3877.8], [-5662.5, -3886.0], [-5660.7, -3894.5], [-5659.7, -3903.4], [-5659.0, -3912.6], [-5657.9, -3921.8], [-5656.7, -3930.9], [-5655.3, -3940.4], [-5653.9, -3949.8], [-5652.2, -3959.6], [-5650.4, -3968.7], [-5648.9, -3977.6], [-5645.5, -3987.0], [-5643.6, -3995.9], [-5642.1, -4005.6], [-5640.9, -4015.2], [-5640.2, -4024.5], [-5639.5, -4033.6], [-5638.8, -4043.8], [-5638.6, -4052.6], [-5638.8, -4061.9], [-5640.5, -4072.3], [-5643.9, -4082.9], [-5648.0, -4092.0], [-5652.7, -4099.7], [-5658.1, -4108.1], [-5663.1, -4116.8], [-5668.1, -4125.0], [-5673.6, -4133.7], [-5679.4, -4141.2], [-5685.8, -4147.8], [-5693.7, -4153.5], [-5702.2, -4158.7], [-5711.2, -4163.7], [-5720.0, -4167.7], [-5728.9, -4171.1], [-5738.4, -4174.3], [-5747.7, -4176.7], [-5757.0, -4179.2], [-5766.1, -4181.4], [-5775.6, -4183.6], [-5785.2, -4185.3], [-5794.6, -4186.7], [-5804.9, -4188.0], [-5814.7, -4188.9], [-5824.7, -4189.8], [-5833.9, -4190.4], [-5842.5, -4191.0], [-5851.2, -4191.6], [-5861.3, -4192.4], [-5871.2, -4193.2], [-5880.6, -4193.9], [-5889.8, -4194.2], [-5898.5, -4194.5], [-5907.7, -4194.8], [-5916.8, -4195.1], [-5926.4, -4195.5], [-5936.4, -4195.6], [-5945.7, -4195.7], [-5955.4, -4195.7], [-5965.4, -4195.6], [-5975.9, -4195.5], [-5986.3, -4195.5], [-5996.9, -4195.0], [-6006.4, -4194.3], [-6016.0, -4193.4], [-6025.4, -4192.6], [-6034.4, -4191.7], [-6043.5, -4190.7], [-6053.1, -4189.4], [-6063.2, -4188.1], [-6072.6, -4187.0], [-6082.2, -4186.1], [-6092.7, -4185.5], [-6103.0, -4184.9], [-6113.4, -4184.6], [-6124.1, -4184.9], [-6134.5, -4185.2], [-6145.4, -4185.7], [-6155.7, -4186.6], [-6166.2, -4187.5], [-6177.3, -4188.4], [-6185.8, -4189.2], [-6195.4, -4190.6], [-6205.0, -4192.4], [-6214.8, -4194.2], [-6224.5, -4196.3], [-6233.6, -4198.1], [-6242.9, -4200.0], [-6253.0, -4202.0], [-6262.8, -4203.9], [-6273.1, -4205.7], [-6283.0, -4207.0], [-6294.5, -4208.4], [-6304.9, -4209.2], [-6316.4, -4210.1], [-6328.2, -4210.9], [-6338.9, -4211.6], [-6348.5, -4210.6], [-6356.9, -4207.3], [-6364.1, -4202.1], [-6371.3, -4196.2], [-6378.8, -4189.8], [-6386.0, -4183.7], [-6393.2, -4176.9], [-6399.4, -4170.4], [-6404.8, -4162.2], [-6409.0, -4154.6], [-6412.8, -4146.4], [-6416.2, -4138.1], [-6419.3, -4129.7], [-6422.0, -4120.9], [-6424.7, -4111.7], [-6427.1, -4102.1], [-6429.1, -4092.4], [-6430.8, -4082.7], [-6431.6, -4073.0], [-6431.8, -4063.4], [-6432.1, -4053.7], [-6432.1, -4044.2], [-6432.0, -4034.2], [-6431.8, -4023.6], [-6431.5, -4013.7], [-6431.0, -4004.5], [-6429.7, -3994.9], [-6428.0, -3984.3], [-6425.7, -3974.4], [-6423.1, -3964.1], [-6420.2, -3954.9], [-6416.7, -3945.7], [-6412.3, -3937.4], [-6406.4, -3928.8], [-6398.6, -3922.2], [-6389.5, -3916.9], [-6380.4, -3912.6], [-6370.6, -3909.0], [-6360.9, -3906.1], [-6351.7, -3903.7], [-6342.7, -3901.3], [-6333.1, -3898.9], [-6322.4, -3897.6], [-6312.6, -3897.0], [-6302.7, -3896.8], [-6293.4, -3896.7], [-6283.8, -3896.6], [-6274.1, -3896.6], [-6263.8, -3896.5], [-6253.8, -3896.5], [-6243.2, -3896.5], [-6233.3, -3896.5], [-6222.6, -3896.7], [-6213.4, -3896.9], [-6200.4, -3897.7]]}}, {"type": "Feature", "properties": {"op": "add"}, "geometry": {"type": "LineString", "coordinates": [[-6267.3, 1632.8], [-6267.9, 1626.3], [-6270.4, 1613.4], [-6277.0, 1605.4], [-6284.4, 1595.8], [-6288.9, 1581.4], [-6292.2, 1570.1], [-6294.8, 1562.8], [-6299.7, 1550.7], [-6307.5, 1538.6], [-6316.0, 1527.8], [-6327.4, 1514.4], [-6344.3, 1507.8], [-6359.4, 1504.4], [-6378.3, 1503.5], [-6392.6, 1497.1], [-6403.7, 1488.0], [-6422.8, 1474.3], [-6437.0, 1458.4], [-6444.8, 1458.9], [-6468.4, 1465.7], [-6491.7, 1473.1], [-6525.7, 1488.8], [-6549.6, 1506.9], [-6566.3, 1517.2], [-6581.4, 1527.4], [-6598.7, 1541.3], [-6608.0, 1548.5], [-6615.5, 1553.8], [-6634.0, 1571.2], [-6636.6, 1582.6], [-6637.1, 1596.3], [-6625.7, 1618.0], [-6607.0, 1652.8], [-6602.2, 1667.0], [-6600.7, 1678.1], [-6598.7, 1691.6], [-6594.6, 1711.4], [-6583.2, 1746.7], [-6574.2, 1756.2], [-6560.8, 1771.5], [-6537.7, 1795.0], [-6525.5, 1804.8], [-6514.0, 1809.4], [-6501.8, 1814.2], [-6494.7, 1819.0], [-6482.1, 1827.0], [-6466.2, 1836.1], [-6448.8, 1846.2], [-6433.5, 1853.4], [-6410.1, 1855.8], [-6395.0, 1842.3], [-6384.7, 1828.0], [-6373.5, 1816.1], [-6361.8, 1805.7], [-6349.8, 1794.7], [-6338.5, 1779.5], [-6329.6, 1765.1], [-6326.0, 1754.6], [-6320.2, 1739.3], [-6313.8, 1724.4], [-6307.5, 1711.4], [-6300.3, 1696.8], [-6295.3, 1685.6], [-6281.8, 1671.5], [-6272.4, 1658.3], [-6272.4, 1645.9]]}}, {"type": "Feature", "properties": {"op": "add"}, "geometry": {"type": "LineString", "coordinates": [[-6381.8, 522.3], [-6388.6, 511.9], [-6396.0, 501.1], [-6403.3, 493.7], [-6408.6, 487.0], [-6414.1, 479.6], [-6415.8, 474.0], [-6418.5, 464.6], [-6425.0, 441.0], [-6430.5, 429.6], [-6434.4, 425.3], [-6452.6, 409.0], [-6469.8, 391.6], [-6471.8, 389.7], [-6499.1, 374.7], [-6501.0, 374.0], [-6528.0, 388.8], [-6530.5, 388.0], [-6541.7, 369.9], [-6544.3, 368.0], [-6569.0, 350.0], [-6581.0, 334.8], [-6604.6, 310.7], [-6608.4, 309.5], [-6623.4, 305.4], [-6634.6, 297.5], [-6640.4, 291.2], [-6649.0, 282.4], [-6660.8, 271.4], [-6677.3, 253.2], [-6695.4, 233.0], [-6708.3, 223.1], [-6720.5, 207.8], [-6728.8, 193.2], [-6729.1, 189.3], [-6733.4, 165.2], [-6733.7, 161.5], [-6733.4, 137.1], [-6740.7, 126.0], [-6752.8, 121.2], [-6763.0, 119.3], [-6770.4, 116.4], [-6786.8, 109.5], [-6798.3, 133.7], [-6803.1, 143.7], [-6806.7, 156.9], [-6809.2, 163.0], [-6823.0, 177.8], [-6831.0, 184.5], [-6847.8, 202.2], [-6853.9, 213.2], [-6862.7, 230.7], [-6875.8, 248.5], [-6886.9, 260.4], [-6890.2, 268.0], [-6891.8, 282.3], [-6899.0, 305.8], [-6908.8, 323.5], [-6928.6, 337.9], [-6937.2, 345.3], [-6951.8, 361.0], [-6964.7, 382.1], [-6968.5, 401.7], [-6970.8, 418.4], [-6982.0, 440.1], [-6983.4, 444.1], [-6994.1, 473.4], [-7007.0, 484.4], [-7008.1, 488.2], [-7010.2, 493.0], [-7014.8, 499.3], [-7024.9, 504.0], [-7035.9, 484.7], [-7054.6, 463.8], [-7059.1, 460.6], [-7066.1, 434.8], [-7076.4, 423.9], [-7083.9, 418.7], [-7090.4, 419.5], [-7094.1, 423.2], [-7103.5, 439.5], [-7106.4, 449.5], [-7112.9, 467.1], [-7125.1, 488.0], [-7138.8, 508.3], [-7152.1, 526.5], [-7169.3, 543.9], [-7195.6, 568.8], [-7205.0, 574.8], [-7215.6, 578.0], [-7250.6, 582.2], [-7263.1, 585.8], [-7291.6, 592.7], [-7296.7, 595.5], [-7321.7, 613.2], [-7323.5, 614.1], [-7335.5, 645.6], [-7335.0, 670.0], [-7335.8, 680.8], [-7339.8, 697.3], [-7340.8, 700.5], [-7349.3, 720.2], [-7355.2, 743.0], [-7358.4, 767.3], [-7359.1, 772.8], [-7360.4, 797.2], [-7364.2, 832.5], [-7359.7, 852.8], [-7359.8, 868.5], [-7364.2, 879.2], [-7369.8, 884.8], [-7379.5, 897.9], [-7385.9, 909.3], [-7394.3, 932.2], [-7401.9, 952.0], [-7408.2, 962.7], [-7419.5, 973.4], [-7440.4, 985.5], [-7463.8, 996.7], [-7482.5, 1008.8], [-7500.2, 1012.5], [-7508.0, 1012.0], [-7529.3, 1002.1], [-7542.1, 999.8], [-7562.8, 1001.5], [-7591.3, 1015.6], [-7607.5, 1031.6], [-7614.8, 1035.8], [-7624.3, 1038.4], [-7643.9, 1043.7], [-7661.3, 1052.3], [-7678.6, 1069.7], [-7691.8, 1080.8], [-7696.6, 1084.2], [-7708.1, 1094.0], [-7718.1, 1105.2], [-7733.5, 1124.2], [-7741.2, 1134.4], [-7751.8, 1156.5], [-7762.5, 1178.5], [-7773.0, 1200.6], [-7783.4, 1222.8], [-7793.1, 1245.3], [-7800.1, 1259.6], [-7806.6, 1270.2], [-7803.0, 1289.4], [-7795.7, 1314.4], [-7810.1, 1326.3], [-7822.7, 1319.2], [-7826.9, 1308.3], [-7828.9, 1298.8], [-7826.2, 1286.2], [-7804.0, 1261.5], [-7798.2, 1252.1], [-7786.6, 1230.6], [-7776.8, 1208.4], [-7767.4, 1185.8], [-7751.1, 1153.6], [-7742.4, 1142.2], [-7726.7, 1123.5], [-7710.6, 1105.0], [-7694.3, 1086.8], [-7677.7, 1068.8], [-7659.4, 1052.1], [-7649.1, 1046.7], [-7625.0, 1042.2], [-7603.3, 1040.1], [-7579.1, 1040.0], [-7554.9, 1036.0], [-7530.9, 1031.5], [-7518.8, 1029.1], [-7489.4, 1018.3], [-7462.4, 1006.4], [-7455.8, 998.4], [-7449.0, 974.9], [-7441.2, 948.3], [-7428.4, 927.4], [-7423.1, 919.4], [-7415.1, 912.7], [-7393.4, 901.6], [-7377.8, 892.7], [-7368.1, 885.1], [-7356.8, 872.5], [-7349.0, 859.1], [-7347.9, 834.7], [-7347.3, 820.7], [-7345.4, 799.6], [-7341.0, 793.9], [-7328.2, 783.8], [-7318.8, 766.8], [-7312.8, 748.9], [-7308.4, 735.2], [-7297.6, 713.2], [-7292.8, 704.3], [-7274.0, 688.6], [-7262.5, 679.5], [-7240.2, 661.4], [-7233.0, 654.9], [-7220.4, 638.2], [-7218.1, 632.8], [-7209.1, 610.1], [-7199.6, 587.5], [-7187.6, 565.1], [-7168.9, 548.0], [-7164.4, 545.3], [-7149.8, 539.5], [-7141.4, 538.4], [-7124.9, 539.6], [-7096.1, 559.8], [-7074.1, 570.7], [-7055.5, 579.4], [-7033.3, 582.0], [-7027.8, 578.5], [-7003.4, 560.1], [-6994.1, 555.3], [-6971.2, 546.0], [-6964.0, 539.3], [-6951.4, 523.4], [-6932.5, 525.2], [-6910.8, 536.5], [-6890.0, 545.3], [-6866.8, 552.9], [-6850.0, 556.9], [-6828.5, 556.2], [-6811.7, 549.2], [-6805.7, 540.1], [-6797.2, 517.1], [-6789.2, 494.0], [-6782.8, 470.4], [-6777.8, 448.5], [-6775.0, 424.2], [-6772.4, 399.8], [-6771.2, 375.4], [-6770.6, 353.5], [-6772.7, 329.1], [-6777.0, 305.0], [-6780.9, 278.5], [-6774.7, 270.1], [-6761.0, 254.4], [-6746.1, 240.1], [-6743.1, 238.8], [-6723.7, 233.3], [-6707.6, 234.2], [-6690.3, 243.2], [-6673.3, 260.7], [-6657.2, 279.2], [-6637.8, 301.1], [-6616.3, 313.4], [-6610.6, 314.7], [-6588.9, 319.1], [-6583.8, 326.8], [-6565.0, 355.0], [-6546.8, 371.5], [-6538.9, 379.7], [-6522.8, 398.1], [-6511.4, 411.9], [-6494.6, 442.8], [-6480.2, 455.2], [-6467.8, 463.7], [-6463.7, 466.9], [-6459.1, 469.3], [-6452.3, 473.3], [-6447.8, 477.1], [-6441.1, 484.1], [-6422.9, 500.4], [-6411.1, 510.1], [-6390.5, 523.3], [-6370.4, 536.2]]}}, {"type": "Feature", "properties": {"op": "add"}, "geometry": {"type": "LineString", "coordinates": [[-6381.8, 522.3], [-6388.6, 511.9], [-6396.0, 501.1], [-6403.3, 493.7], [-6408.6, 487.0], [-6414.1, 479.6], [-6415.8, 474.0], [-6418.5, 464.6], [-6425.0, 441.0], [-6430.5, 429.6], [-6434.4, 425.3], [-6452.6, 409.0], [-6469.8, 391.6], [-6471.8, 389.7], [-6499.1, 374.7], [-6501.0, 374.0], [-6528.0, 388.8], [-6530.5, 388.0], [-6541.7, 369.9], [-6544.3, 368.0], [-6569.0, 350.0], [-6581.0, 334.8], [-6604.6, 310.7], [-6608.4, 309.5], [-6623.4, 305.4], [-6634.6, 297.5], [-6640.4, 291.2], [-6649.0, 282.4], [-6660.8, 271.4], [-6677.3, 253.2], [-6695.4, 233.0], [-6708.3, 223.1], [-6720.5, 207.8], [-6728.8, 193.2], [-6729.1, 189.3], [-6733.4, 165.2], [-6733.7, 161.5], [-6733.4, 137.1], [-6740.7, 126.0], [-6752.8, 121.2], [-6763.0, 119.3], [-6770.4, 116.4], [-6786.8, 109.5], [-6798.3, 133.7], [-6803.1, 143.7], [-6806.7, 156.9], [-6809.2, 163.0], [-6823.0, 177.8], [-6831.0, 184.5], [-6847.8, 202.2], [-6853.9, 213.2], [-6862.7, 230.7], [-6875.8, 248.5], [-6886.9, 260.4], [-6890.2, 268.0], [-6891.8, 282.3], [-6899.0, 305.8], [-6908.8, 323.5], [-6928.6, 337.9], [-6937.2, 345.3], [-6951.8, 361.0], [-6964.7, 382.1], [-6968.5, 401.7], [-6970.8, 418.4], [-6982.0, 440.1], [-6983.4, 444.1], [-6994.1, 473.4], [-7007.0, 484.4], [-7008.1, 488.2], [-7010.2, 493.0], [-7014.8, 499.3], [-7024.9, 504.0], [-7035.9, 484.7], [-7054.6, 463.8], [-7059.1, 460.6], [-7066.1, 434.8], [-7076.4, 423.9], [-7083.9, 418.7], [-7090.4, 419.5], [-7094.1, 423.2], [-7103.5, 439.5], [-7106.4, 449.5], [-7112.9, 467.1], [-7125.1, 488.0], [-7138.8, 508.3], [-7152.1, 526.5], [-7169.3, 543.9], [-7195.6, 568.8], [-7205.0, 574.8], [-7215.6, 578.0], [-7250.6, 582.2], [-7263.1, 585.8], [-7291.6, 592.7], [-7296.7, 595.5], [-7321.7, 613.2], [-7323.5, 614.1], [-7335.5, 645.6], [-7335.0, 670.0], [-7335.8, 680.8], [-7339.8, 697.3], [-7340.8, 700.5], [-7349.3, 720.2], [-7355.2, 743.0], [-7358.4, 767.3], [-7359.1, 772.8], [-7360.4, 797.2], [-7364.2, 832.5], [-7359.7, 852.8], [-7359.8, 868.5], [-7364.2, 879.2], [-7369.8, 884.8], [-7379.5, 897.9], [-7385.9, 909.3], [-7394.3, 932.2], [-7401.9, 952.0], [-7408.2, 962.7], [-7419.5, 973.4], [-7440.4, 985.5], [-7463.8, 996.7], [-7482.5, 1008.8], [-7500.2, 1012.5], [-7508.0, 1012.0], [-7529.3, 1002.1], [-7542.1, 999.8], [-7562.8, 1001.5], [-7591.3, 1015.6], [-7607.5, 1031.6], [-7614.8, 1035.8], [-7624.3, 1038.4], [-7643.9, 1043.7], [-7661.3, 1052.3], [-7678.6, 1069.7], [-7691.8, 1080.8], [-7696.6, 1084.2], [-7708.1, 1094.0], [-7718.1, 1105.2], [-7733.5, 1124.2], [-7741.2, 1134.4], [-7751.8, 1156.5], [-7762.5, 1178.5], [-7773.0, 1200.6], [-7783.4, 1222.8], [-7793.1, 1245.3], [-7800.1, 1259.6], [-7806.6, 1270.2], [-7803.0, 1289.4], [-7795.7, 1314.4], [-7810.1, 1326.3], [-7822.7, 1319.2], [-7826.9, 1308.3], [-7828.9, 1298.8], [-7826.2, 1286.2], [-7804.0, 1261.5], [-7798.2, 1252.1], [-7786.6, 1230.6], [-7776.8, 1208.4], [-7767.4, 1185.8], [-7751.1, 1153.6], [-7742.4, 1142.2], [-7726.7, 1123.5], [-7710.6, 1105.0], [-7694.3, 1086.8], [-7677.7, 1068.8], [-7659.4, 1052.1], [-7649.1, 1046.7], [-7625.0, 1042.2], [-7603.3, 1040.1], [-7579.1, 1040.0], [-7554.9, 1036.0], [-7530.9, 1031.5], [-7518.8, 1029.1], [-7489.4, 1018.3], [-7462.4, 1006.4], [-7455.8, 998.4], [-7449.0, 974.9], [-7441.2, 948.3], [-7428.4, 927.4], [-7423.1, 919.4], [-7415.1, 912.7], [-7393.4, 901.6], [-7377.8, 892.7], [-7368.1, 885.1], [-7356.8, 872.5], [-7349.0, 859.1], [-7347.9, 834.7], [-7347.3, 820.7], [-7345.4, 799.6], [-7341.0, 793.9], [-7328.2, 783.8], [-7318.8, 766.8], [-7312.8, 748.9], [-7308.4, 735.2], [-7297.6, 713.2], [-7292.8, 704.3], [-7274.0, 688.6], [-7262.5, 679.5], [-7240.2, 661.4], [-7233.0, 654.9], [-7220.4, 638.2], [-7218.1, 632.8], [-7209.1, 610.1], [-7199.6, 587.5], [-7187.6, 565.1], [-7168.9, 548.0], [-7164.4, 545.3], [-7149.8, 539.5], [-7141.4, 538.4], [-7124.9, 539.6], [-7096.1, 559.8], [-7074.1, 570.7], [-7055.5, 579.4], [-7033.3, 582.0], [-7027.8, 578.5], [-7003.4, 560.1], [-6994.1, 555.3], [-6971.2, 546.0], [-6964.0, 539.3], [-6951.4, 523.4], [-6932.5, 525.2], [-6910.8, 536.5], [-6890.0, 545.3], [-6866.8, 552.9], [-6850.0, 556.9], [-6828.5, 556.2], [-6811.7, 549.2], [-6805.7, 540.1], [-6797.2, 517.1], [-6789.2, 494.0], [-6782.8, 470.4], [-6777.8, 448.5], [-6775.0, 424.2], [-6772.4, 399.8], [-6771.2, 375.4], [-6770.6, 353.5], [-6772.7, 329.1], [-6777.0, 305.0], [-6780.9, 278.5], [-6774.7, 270.1], [-6761.0, 254.4], [-6746.1, 240.1], [-6743.1, 238.8], [-6723.7, 233.3], [-6707.6, 234.2], [-6690.3, 243.2], [-6673.3, 260.7], [-6657.2, 279.2], [-6637.8, 301.1], [-6616.3, 313.4], [-6610.6, 314.7], [-6588.9, 319.1], [-6583.8, 326.8], [-6565.0, 355.0], [-6546.8, 371.5], [-6538.9, 379.7], [-6522.8, 398.1], [-6511.4, 411.9], [-6494.6, 442.8], [-6480.2, 455.2], [-6467.8, 463.7], [-6463.7, 466.9], [-6459.1, 469.3], [-6452.3, 473.3], [-6447.8, 477.1], [-6441.1, 484.1], [-6422.9, 500.4], [-6411.1, 510.1], [-6390.5, 523.3], [-6370.4, 536.2]]}}, {"type": "Feature", "properties": {"op": "add"}, "geometry": {"type": "LineString", "coordinates": [[-6381.8, 522.3], [-6388.6, 511.9], [-6396.0, 501.1], [-6403.3, 493.7], [-6408.6, 487.0], [-6414.1, 479.6], [-6415.8, 474.0], [-6418.5, 464.6], [-6425.0, 441.0], [-6430.5, 429.6], [-6434.4, 425.3], [-6452.6, 409.0], [-6469.8, 391.6], [-6471.8, 389.7], [-6499.1, 374.7], [-6501.0, 374.0], [-6528.0, 388.8], [-6530.5, 388.0], [-6541.7, 369.9], [-6544.3, 368.0], [-6569.0, 350.0], [-6581.0, 334.8], [-6604.6, 310.7], [-6608.4, 309.5], [-6623.4, 305.4], [-6634.6, 297.5], [-6640.4, 291.2], [-6649.0, 282.4], [-6660.8, 271.4], [-6677.3, 253.2], [-6695.4, 233.0], [-6708.3, 223.1], [-6720.5, 207.8], [-6728.8, 193.2], [-6729.1, 189.3], [-6733.4, 165.2], [-6733.7, 161.5], [-6733.4, 137.1], [-6740.7, 126.0], [-6752.8, 121.2], [-6763.0, 119.3], [-6770.4, 116.4], [-6786.8, 109.5], [-6798.3, 133.7], [-6803.1, 143.7], [-6806.7, 156.9], [-6809.2, 163.0], [-6823.0, 177.8], [-6831.0, 184.5], [-6847.8, 202.2], [-6853.9, 213.2], [-6862.7, 230.7], [-6875.8, 248.5], [-6886.9, 260.4], [-6890.2, 268.0], [-6891.8, 282.3], [-6899.0, 305.8], [-6908.8, 323.5], [-6928.6, 337.9], [-6937.2, 345.3], [-6951.8, 361.0], [-6964.7, 382.1], [-6968.5, 401.7], [-6970.8, 418.4], [-6982.0, 440.1], [-6983.4, 444.1], [-6994.1, 473.4], [-7007.0, 484.4], [-7008.1, 488.2], [-7010.2, 493.0], [-7014.8, 499.3], [-7024.9, 504.0], [-7035.9, 484.7], [-7054.6, 463.8], [-7059.1, 460.6], [-7066.1, 434.8], [-7076.4, 423.9], [-7083.9, 418.7], [-7090.4, 419.5], [-7094.1, 423.2], [-7103.5, 439.5], [-7106.4, 449.5], [-7112.9, 467.1], [-7125.1, 488.0], [-7138.8, 508.3], [-7152.1, 526.5], [-7169.3, 543.9], [-7195.6, 568.8], [-7205.0, 574.8], [-7215.6, 578.0], [-7250.6, 582.2], [-7263.1, 585.8], [-7291.6, 592.7], [-7296.7, 595.5], [-7321.7, 613.2], [-7323.5, 614.1], [-7335.5, 645.6], [-7335.0, 670.0], [-7335.8, 680.8], [-7339.8, 697.3], [-7340.8, 700.5], [-7349.3, 720.2], [-7355.2, 743.0], [-7358.4, 767.3], [-7359.1, 772.8], [-7360.4, 797.2], [-7364.2, 832.5], [-7359.7, 852.8], [-7359.8, 868.5], [-7364.2, 879.2], [-7369.8, 884.8], [-7379.5, 897.9], [-7385.9, 909.3], [-7394.3, 932.2], [-7401.9, 952.0], [-7408.2, 962.7], [-7419.5, 973.4], [-7440.4, 985.5], [-7463.8, 996.7], [-7482.5, 1008.8], [-7500.2, 1012.5], [-7508.0, 1012.0], [-7529.3, 1002.1], [-7542.1, 999.8], [-7562.8, 1001.5], [-7591.3, 1015.6], [-7607.5, 1031.6], [-7614.8, 1035.8], [-7624.3, 1038.4], [-7643.9, 1043.7], [-7661.3, 1052.3], [-7678.6, 1069.7], [-7691.8, 1080.8], [-7696.6, 1084.2], [-7708.1, 1094.0], [-7718.1, 1105.2], [-7733.5, 1124.2], [-7741.2, 1134.4], [-7751.8, 1156.5], [-7762.5, 1178.5], [-7773.0, 1200.6], [-7783.4, 1222.8], [-7793.1, 1245.3], [-7800.1, 1259.6], [-7806.6, 1270.2], [-7803.0, 1289.4], [-7795.7, 1314.4], [-7810.1, 1326.3], [-7822.7, 1319.2], [-7826.9, 1308.3], [-7828.9, 1298.8], [-7826.2, 1286.2], [-7804.0, 1261.5], [-7798.2, 1252.1], [-7786.6, 1230.6], [-7776.8, 1208.4], [-7767.4, 1185.8], [-7751.1, 1153.6], [-7742.4, 1142.2], [-7726.7, 1123.5], [-7710.6, 1105.0], [-7694.3, 1086.8], [-7677.7, 1068.8], [-7659.4, 1052.1], [-7649.1, 1046.7], [-7625.0, 1042.2], [-7603.3, 1040.1], [-7579.1, 1040.0], [-7554.9, 1036.0], [-7530.9, 1031.5], [-7518.8, 1029.1], [-7489.4, 1018.3], [-7462.4, 1006.4], [-7455.8, 998.4], [-7449.0, 974.9], [-7441.2, 948.3], [-7428.4, 927.4], [-7423.1, 919.4], [-7415.1, 912.7], [-7393.4, 901.6], [-7377.8, 892.7], [-7368.1, 885.1], [-7356.8, 872.5], [-7349.0, 859.1], [-7347.9, 834.7], [-7347.3, 820.7], [-7345.4, 799.6], [-7341.0, 793.9], [-7328.2, 783.8], [-7318.8, 766.8], [-7312.8, 748.9], [-7308.4, 735.2], [-7297.6, 713.2], [-7292.8, 704.3], [-7274.0, 688.6], [-7262.5, 679.5], [-7240.2, 661.4], [-7233.0, 654.9], [-7220.4, 638.2], [-7218.1, 632.8], [-7209.1, 610.1], [-7199.6, 587.5], [-7187.6, 565.1], [-7168.9, 548.0], [-7164.4, 545.3], [-7149.8, 539.5], [-7141.4, 538.4], [-7124.9, 539.6], [-7096.1, 559.8], [-7074.1, 570.7], [-7055.5, 579.4], [-7033.3, 582.0], [-7027.8, 578.5], [-7003.4, 560.1], [-6994.1, 555.3], [-6971.2, 546.0], [-6964.0, 539.3], [-6951.4, 523.4], [-6932.5, 525.2], [-6910.8, 536.5], [-6890.0, 545.3], [-6866.8, 552.9], [-6850.0, 556.9], [-6828.5, 556.2], [-6811.7, 549.2], [-6805.7, 540.1], [-6797.2, 517.1], [-6789.2, 494.0], [-6782.8, 470.4], [-6777.8, 448.5], [-6775.0, 424.2], [-6772.4, 399.8], [-6771.2, 375.4], [-6770.6, 353.5], [-6772.7, 329.1], [-6777.0, 305.0], [-6780.9, 278.5], [-6774.7, 270.1], [-6761.0, 254.4], [-6746.1, 240.1], [-6743.1, 238.8], [-6723.7, 233.3], [-6707.6, 234.2], [-6690.3, 243.2], [-6673.3, 260.7], [-6657.2, 279.2], [-6637.8, 301.1], [-6616.3, 313.4], [-6610.6, 314.7], [-6588.9, 319.1], [-6583.8, 326.8], [-6565.0, 355.0], [-6546.8, 371.5], [-6538.9, 379.7], [-6522.8, 398.1], [-6511.4, 411.9], [-6494.6, 442.8], [-6480.2, 455.2], [-6467.8, 463.7], [-6463.7, 466.9], [-6459.1, 469.3], [-6452.3, 473.3], [-6447.8, 477.1], [-6441.1, 484.1], [-6422.9, 500.4], [-6411.1, 510.1], [-6390.5, 523.3], [-6370.4, 536.2]]}}, {"type": "Feature", "properties": {"op": "add"}, "geometry": {"type": "LineString", "coordinates": [[-7895.3, 1891.9], [-7889.8, 1892.4], [-7875.9, 1893.3], [-7863.9, 1890.7], [-7851.3, 1884.6], [-7839.7, 1876.8], [-7826.6, 1865.4], [-7816.6, 1855.7], [-7807.4, 1847.8], [-7799.5, 1836.2], [-7789.1, 1822.2], [-7780.7, 1811.0], [-7773.8, 1795.4], [-7770.2, 1781.9], [-7768.5, 1768.0], [-7767.3, 1754.1], [-7766.6, 1740.1], [-7766.5, 1722.6], [-7765.5, 1710.2], [-7756.1, 1696.8], [-7745.1, 1688.1], [-7734.2, 1679.4], [-7725.0, 1669.7], [-7715.6, 1659.2], [-7703.4, 1646.8], [-7693.3, 1637.0], [-7685.5, 1624.1], [-7677.6, 1612.7], [-7667.4, 1601.6], [-7656.2, 1593.2], [-7643.1, 1587.5], [-7628.7, 1587.8], [-7619.1, 1596.0], [-7613.1, 1608.6], [-7605.1, 1620.8], [-7599.6, 1634.7], [-7605.7, 1639.8], [-7610.3, 1628.9], [-7613.1, 1611.7], [-7617.4, 1598.3], [-7628.8, 1588.0], [-7639.7, 1589.8], [-7654.6, 1597.8], [-7663.4, 1606.8], [-7672.8, 1617.3], [-7684.7, 1630.1], [-7694.6, 1640.0], [-7707.1, 1652.3], [-7717.2, 1661.9], [-7727.7, 1671.1], [-7738.4, 1680.2], [-7751.8, 1691.4], [-7762.9, 1702.1], [-7768.8, 1716.3], [-7772.1, 1729.3], [-7773.4, 1746.8], [-7774.7, 1760.7], [-7775.8, 1778.2], [-7778.4, 1791.0], [-7783.1, 1807.9], [-7786.6, 1821.4], [-7790.6, 1838.5], [-7795.3, 1853.0], [-7804.4, 1867.9], [-7811.6, 1877.9], [-7824.9, 1887.7], [-7839.6, 1892.3], [-7856.5, 1895.1], [-7868.3, 1894.8], [-7885.7, 1893.0]]}}, {"type": "Feature", "properties": {"op": "add"}, "geometry": {"type": "LineString", "coordinates": [[-7007.2, 1155.2], [-7013.3, 1146.7], [-7029.6, 1126.8], [-7042.7, 1124.2], [-7057.6, 1132.5], [-7066.1, 1144.1], [-7063.6, 1155.5], [-7057.3, 1162.8], [-7051.8, 1173.5], [-7053.9, 1184.0], [-7051.1, 1194.7], [-7054.5, 1205.5], [-7055.4, 1215.8], [-7049.3, 1223.3], [-7035.0, 1239.8], [-7025.6, 1250.4], [-7012.4, 1257.5], [-6993.7, 1258.3], [-6976.4, 1260.6], [-6954.7, 1267.1], [-6938.1, 1272.8], [-6923.6, 1283.6], [-6911.9, 1301.0], [-6895.4, 1327.8], [-6882.2, 1348.5], [-6869.8, 1369.6], [-6855.0, 1393.3], [-6840.8, 1417.4], [-6827.4, 1442.0], [-6815.7, 1459.4], [-6802.1, 1479.8], [-6786.2, 1498.3], [-6756.9, 1533.1], [-6739.0, 1557.9], [-6719.2, 1577.6], [-6700.8, 1593.7], [-6689.0, 1615.8], [-6688.4, 1633.4], [-6695.5, 1645.0], [-6709.7, 1660.5], [-6717.0, 1672.0], [-6725.6, 1666.7], [-6749.2, 1660.5], [-6756.5, 1655.7], [-6751.6, 1649.9], [-6757.3, 1654.3], [-6760.3, 1646.3], [-6760.9, 1620.6], [-6754.9, 1604.4], [-6743.7, 1586.7], [-6734.6, 1566.9], [-6737.8, 1555.8], [-6751.7, 1512.5], [-6759.6, 1478.4], [-6770.0, 1446.8], [-6788.2, 1425.7], [-6800.0, 1396.5], [-6819.8, 1360.5], [-6843.6, 1330.2], [-6865.1, 1302.6], [-6882.9, 1276.7], [-6899.6, 1250.0], [-6911.3, 1233.3], [-6921.4, 1211.5], [-6924.6, 1190.8], [-6928.0, 1159.5], [-6936.6, 1143.8], [-6943.6, 1128.8], [-6949.6, 1108.7], [-6964.0, 1089.7], [-6987.3, 1082.7], [-7012.5, 1094.0], [-7026.3, 1108.8], [-7021.9, 1133.2], [-7013.5, 1146.7]]}}, {"type": "Feature", "properties": {"op": "add"}, "geometry": {"type": "LineString", "coordinates": [[-3780.7, -1880.0], [-3765.3, -1912.3], [-3743.8, -1944.3], [-3719.0, -1949.9], [-3674.8, -1972.1], [-3633.5, -1962.8], [-3604.3, -1934.9], [-3574.1, -1917.9], [-3543.6, -1922.9], [-3514.4, -1891.9], [-3482.7, -1879.5], [-3447.4, -1879.3], [-3419.5, -1883.7], [-3401.7, -1915.8], [-3377.2, -1947.0], [-3359.4, -1988.0], [-3351.8, -2020.0], [-3347.3, -2061.4], [-3337.6, -2084.6], [-3305.3, -2097.3], [-3264.6, -2110.6], [-3221.7, -2091.5], [-3175.7, -2081.9], [-3131.3, -2093.5], [-3093.5, -2117.3], [-3050.1, -2119.9], [-3005.5, -2110.0], [-2967.4, -2095.7], [-2937.0, -2117.2], [-2908.2, -2144.8], [-2871.2, -2160.0], [-2853.1, -2161.5], [-2835.1, -2182.7], [-2796.0, -2209.9], [-2758.6, -2238.8], [-2721.4, -2257.8], [-2681.0, -2258.6], [-2673.6, -2282.2], [-2647.5, -2312.2], [-2624.1, -2319.1], [-2583.4, -2317.8], [-2553.0, -2291.6], [-2522.4, -2288.3], [-2480.3, -2292.0], [-2440.1, -2314.4], [-2414.9, -2342.6], [-2396.2, -2380.4], [-2380.4, -2413.0], [-2353.3, -2423.8], [-2310.5, -2422.8], [-2293.4, -2402.1], [-2295.3, -2370.9], [-2286.9, -2341.9], [-2253.0, -2320.2], [-2207.7, -2319.8], [-2185.6, -2344.3], [-2207.7, -2319.8], [-2253.0, -2320.2], [-2286.9, -2341.9], [-2295.3, -2370.9], [-2293.4, -2402.1], [-2310.5, -2422.8], [-2353.3, -2423.8], [-2380.4, -2413.0], [-2396.2, -2380.4], [-2414.9, -2342.6], [-2440.1, -2314.4], [-2480.3, -2292.0], [-2522.4, -2288.3], [-2553.0, -2291.6], [-2583.4, -2317.8], [-2624.1, -2319.1], [-2647.5, -2312.2], [-2673.6, -2282.2], [-2681.0, -2258.6], [-2721.4, -2257.8], [-2758.6, -2238.8], [-2796.0, -2209.9], [-2835.1, -2182.7], [-2853.1, -2161.5], [-2871.2, -2160.0], [-2908.2, -2144.8], [-2937.0, -2117.2], [-2967.4, -2095.7], [-3005.5, -2110.0], [-3050.1, -2119.9], [-3093.5, -2117.3], [-3131.3, -2093.5], [-3175.7, -2081.9], [-3221.7, -2091.5], [-3264.6, -2110.6], [-3305.3, -2097.3], [-3337.6, -2084.6], [-3347.3, -2061.4], [-3351.8, -2020.0], [-3359.4, -1988.0], [-3377.2, -1947.0], [-3401.7, -1915.8], [-3419.5, -1883.7], [-3447.4, -1879.3], [-3482.7, -1879.5], [-3514.4, -1891.9], [-3543.6, -1922.9], [-3574.1, -1917.9], [-3604.3, -1934.9], [-3633.5, -1962.8], [-3674.8, -1972.1], [-3719.0, -1949.9], [-3743.8, -1944.3], [-3765.3, -1912.3], [-3780.7, -1880.0], [-3803.0, -1847.3]]}}, {"type": "Feature", "properties": {"op": "add"}, "geometry": {"type": "LineString", "coordinates": [[9776.5, 2531.5], [9769.4, 2531.2], [9767.6, 2531.5], [9764.5, 2532.3], [9736.6, 2537.3], [9727.0, 2538.1], [9723.6, 2540.3], [9721.6, 2542.9], [9710.7, 2562.7], [9691.4, 2586.1], [9666.8, 2605.8], [9663.6, 2608.0], [9661.9, 2610.4], [9661.1, 2613.2], [9659.8, 2627.5], [9658.5, 2628.9], [9657.2, 2629.3], [9655.0, 2629.4], [9653.2, 2628.4], [9652.2, 2626.2], [9652.3, 2623.6], [9653.9, 2602.2], [9654.3, 2600.8], [9655.2, 2599.6], [9656.2, 2598.4], [9657.9, 2597.4], [9661.2, 2596.1], [9663.2, 2594.9], [9665.2, 2593.2], [9683.4, 2575.2], [9702.0, 2556.4], [9711.0, 2542.9], [9712.1, 2513.5], [9710.0, 2499.3], [9686.9, 2471.1], [9661.4, 2446.3], [9659.7, 2444.0], [9658.9, 2441.1], [9658.4, 2437.6], [9654.8, 2413.7], [9655.2, 2410.5], [9656.1, 2408.8], [9657.9, 2407.2], [9660.0, 2406.6], [9662.5, 2407.2], [9664.2, 2408.9], [9665.2, 2411.4], [9665.4, 2414.1], [9664.3, 2433.0], [9664.6, 2434.6], [9665.2, 2436.0], [9667.4, 2437.9], [9695.2, 2463.2], [9713.3, 2489.7], [9719.5, 2512.3], [9720.3, 2513.8], [9721.2, 2515.0], [9722.4, 2515.7], [9729.9, 2518.5], [9735.1, 2520.3], [9736.7, 2520.5], [9766.8, 2522.7], [9776.3, 2523.3], [9807.2, 2524.4], [9827.9, 2524.9], [9852.4, 2525.9], [9878.1, 2526.7], [9894.9, 2529.2], [9909.7, 2533.7], [9910.9, 2535.2], [9911.6, 2537.5], [9913.3, 2539.0], [9922.6, 2545.8], [9939.9, 2553.8], [9944.9, 2555.7], [9946.1, 2555.8], [9947.5, 2555.3], [9970.5, 2541.6], [9982.5, 2526.1], [9983.1, 2524.4], [9982.9, 2522.1], [9981.4, 2520.5], [9979.0, 2519.4], [9968.6, 2510.8], [9967.6, 2509.1], [9966.9, 2506.6], [9964.4, 2498.5], [9963.4, 2496.6], [9961.6, 2494.3], [9949.5, 2481.6], [9949.2, 2480.3], [9949.1, 2478.5], [9949.9, 2444.0], [9950.9, 2406.3], [9951.8, 2372.3], [9952.0, 2347.6], [9953.1, 2310.9], [9953.8, 2289.5], [9953.7, 2270.1], [9955.0, 2250.6], [9954.9, 2229.2], [9955.8, 2200.3], [9956.0, 2176.6], [9955.3, 2148.7], [9953.3, 2119.9], [9957.0, 2095.8], [9952.5, 2076.1], [9952.5, 2073.9], [9953.2, 2071.7], [9954.8, 2069.5], [9973.5, 2042.2], [9974.0, 2040.5], [9973.7, 2039.3], [9972.8, 2038.7], [9971.4, 2038.6], [9969.6, 2039.0], [9967.4, 2041.0], [9957.3, 2052.8], [9955.9, 2055.0], [9954.6, 2057.6], [9946.7, 2073.5], [9946.3, 2075.4], [9946.5, 2077.4], [9951.1, 2094.5], [9951.5, 2097.0], [9951.2, 2099.7], [9950.0, 2136.2], [9949.3, 2182.0], [9948.4, 2224.7], [9949.0, 2253.3], [9950.3, 2270.0], [9949.6, 2288.9], [9949.0, 2311.1], [9947.6, 2346.4], [9947.5, 2372.3], [9947.6, 2406.6], [9946.8, 2444.9], [9947.0, 2473.8], [9946.3, 2481.5], [9945.2, 2483.2], [9943.7, 2484.5], [9941.1, 2486.1], [9933.9, 2491.4], [9933.3, 2492.5], [9933.1, 2494.5], [9933.7, 2496.9], [9936.6, 2504.6], [9937.4, 2506.6], [9936.7, 2507.7], [9935.7, 2507.2], [9934.8, 2504.6], [9933.5, 2502.3], [9931.8, 2500.8], [9929.1, 2500.7], [9926.9, 2501.9], [9919.0, 2508.1], [9917.3, 2509.9], [9916.6, 2512.8], [9915.5, 2521.4], [9914.6, 2523.6], [9913.5, 2525.3], [9907.0, 2533.0], [9905.5, 2533.7], [9903.2, 2534.1], [9896.5, 2534.5], [9886.2, 2534.4], [9855.0, 2533.5], [9825.2, 2532.6], [9790.0, 2531.9]]}}, {"type": "Feature", "properties": {"op": "add"}, "geometry": {"type": "LineString", "coordinates": [[10174.8, 2346.6], [10182.5, 2339.7], [10185.9, 2333.1], [10186.5, 2328.6], [10181.4, 2314.4], [10170.9, 2294.7], [10155.1, 2273.7], [10140.4, 2259.7], [10131.0, 2249.3], [10126.2, 2246.8], [10120.1, 2248.0], [10114.0, 2253.1], [10099.0, 2271.4], [10088.5, 2287.2], [10081.6, 2295.7], [10075.9, 2295.8], [10067.8, 2290.9], [10055.8, 2285.4], [10035.5, 2280.1], [10019.1, 2281.6], [10009.5, 2282.6], [10002.2, 2282.8], [9974.5, 2279.7], [9958.8, 2279.6], [9954.9, 2282.5], [9950.6, 2289.6], [9948.6, 2298.7], [9948.2, 2316.3], [9947.9, 2327.0], [9946.0, 2352.7], [9944.6, 2386.3], [9942.5, 2429.4], [9943.6, 2456.7], [9945.9, 2478.3], [9945.5, 2483.7], [9941.5, 2488.4], [9934.6, 2492.6], [9931.8, 2496.8], [9923.8, 2505.3], [9918.9, 2507.7], [9915.4, 2512.4], [9914.6, 2520.9], [9910.3, 2527.9], [9909.6, 2533.3], [9912.6, 2537.8], [9924.2, 2546.5], [9941.2, 2553.1], [9949.1, 2553.8], [9955.2, 2548.7], [9961.8, 2545.1], [9968.6, 2541.9], [9987.7, 2520.8], [9993.5, 2514.2], [10002.2, 2510.4], [10012.2, 2506.2], [10031.3, 2500.3], [10036.8, 2500.6], [10051.2, 2508.2], [10062.5, 2514.8], [10074.4, 2521.6], [10084.5, 2527.6], [10089.4, 2533.5], [10095.5, 2538.9], [10101.1, 2539.8], [10117.0, 2542.5], [10124.5, 2544.2], [10131.5, 2546.8], [10136.5, 2550.1], [10139.3, 2553.6], [10139.5, 2557.9], [10138.1, 2563.8], [10135.0, 2566.4], [10132.3, 2571.3], [10131.5, 2574.6], [10134.0, 2573.5], [10141.2, 2565.2], [10142.4, 2562.3], [10143.8, 2553.9], [10140.7, 2548.9], [10120.1, 2539.6], [10107.5, 2537.9], [10098.9, 2536.3], [10090.9, 2530.0], [10090.3, 2526.4], [10099.5, 2510.2], [10108.5, 2492.2], [10109.9, 2483.7], [10104.2, 2465.0], [10105.3, 2454.7], [10106.1, 2442.9], [10104.3, 2411.6], [10098.8, 2392.4], [10099.9, 2389.5], [10107.3, 2385.0], [10115.7, 2379.9], [10127.5, 2374.6], [10133.7, 2372.9], [10142.2, 2372.3], [10152.8, 2371.8], [10164.0, 2367.4], [10169.9, 2361.3], [10172.5, 2350.9]]}}, {"type": "Feature", "properties": {"op": "add"}, "geometry": {"type": "LineString", "coordinates": [[9662.5, 2327.0], [9658.8, 2330.2], [9650.3, 2339.0], [9647.6, 2342.8], [9644.0, 2347.3], [9740.7, 2340.2], [9733.5, 2342.2], [9728.3, 2347.0], [9724.5, 2351.8], [9719.8, 2357.4], [9716.2, 2359.5], [9713.9, 2358.9], [9713.4, 2357.5], [9715.1, 2355.2], [9722.5, 2348.7], [9731.4, 2339.1], [9738.9, 2335.8], [9742.6, 2333.9], [9748.3, 2329.6], [9752.2, 2325.6], [9755.5, 2319.3], [9756.3, 2314.4], [9760.5, 2310.1], [9762.6, 2305.8], [9771.1, 2298.1], [9779.7, 2289.9], [9784.0, 2287.1], [9791.2, 2283.9], [9798.1, 2283.4], [9804.9, 2283.0], [9814.3, 2278.8], [9822.9, 2276.2], [9832.8, 2277.0], [9843.3, 2278.1], [9858.1, 2278.8], [9869.7, 2278.3], [9880.8, 2278.4], [9890.2, 2279.6], [9899.3, 2279.8], [9912.7, 2278.9], [9924.0, 2278.3], [9936.1, 2278.2], [9943.6, 2279.4], [9947.9, 2282.4], [9949.2, 2285.0], [9949.3, 2287.9], [9949.2, 2293.4], [9948.5, 2304.3], [9948.4, 2313.2], [9948.2, 2323.4], [9947.3, 2336.5], [9946.2, 2354.3], [9945.5, 2375.0], [9944.1, 2409.8], [9943.0, 2428.5], [9942.9, 2447.7], [9945.0, 2470.1], [9946.2, 2480.1], [9945.3, 2483.7], [9938.0, 2490.0], [9932.4, 2496.3], [9923.4, 2503.7], [9919.2, 2505.5], [9915.7, 2505.9], [9907.5, 2505.2], [9899.1, 2503.2], [9888.5, 2501.8], [9882.4, 2498.6], [9879.0, 2494.4], [9876.6, 2488.4], [9876.2, 2481.5], [9877.9, 2476.7], [9880.8, 2470.3], [9883.1, 2465.3], [9886.3, 2458.9], [9886.7, 2453.6], [9883.7, 2439.9], [9879.0, 2428.1], [9864.0, 2399.9], [9850.0, 2376.2], [9843.1, 2368.8], [9840.7, 2365.6], [9837.7, 2360.2], [9838.5, 2348.6], [9839.3, 2340.4], [9839.9, 2333.7], [9839.6, 2321.7], [9839.2, 2310.7], [9840.3, 2308.2], [9843.7, 2303.4], [9846.7, 2298.5], [9849.4, 2289.9], [9850.8, 2280.2], [9851.7, 2269.1], [9851.0, 2260.5], [9849.5, 2250.5], [9846.2, 2241.2], [9843.0, 2233.0], [9838.7, 2226.5], [9835.2, 2221.2], [9830.4, 2218.2], [9824.4, 2216.9], [9816.7, 2216.2], [9806.7, 2217.3], [9798.7, 2220.2], [9791.4, 2224.9], [9781.2, 2231.7], [9769.5, 2238.8], [9759.6, 2244.8], [9748.0, 2250.4], [9739.3, 2255.2], [9727.2, 2261.6], [9719.5, 2265.1], [9712.6, 2270.8], [9704.0, 2278.2], [9699.0, 2283.6], [9696.4, 2289.9], [9690.6, 2298.1], [9681.9, 2308.4], [9673.4, 2317.4], [9667.4, 2324.2]]}}, {"type": "Feature", "properties": {"op": "add"}, "geometry": {"type": "LineString", "coordinates": [[9659.0, 2432.3], [9679.9, 2455.3], [9708.3, 2490.8], [9717.5, 2518.7], [9727.4, 2524.2], [9771.4, 2526.8], [9816.1, 2527.7], [9845.8, 2528.8], [9886.1, 2530.4], [9899.0, 2530.9], [9906.1, 2531.3], [9919.6, 2544.9], [9931.8, 2551.5], [9943.8, 2553.7], [9960.0, 2547.4], [9975.2, 2536.2], [9984.0, 2523.6], [9998.8, 2513.3], [10005.7, 2510.8], [10013.2, 2507.6], [10032.8, 2499.2], [10051.7, 2509.0], [10067.8, 2517.6], [10082.1, 2525.8], [10094.5, 2534.3], [10108.9, 2539.6], [10127.8, 2544.8], [10140.4, 2549.9], [10142.1, 2557.3], [10136.5, 2568.6], [10125.1, 2583.2], [10141.3, 2561.3], [10139.0, 2549.2], [10119.6, 2541.2], [10096.8, 2537.2], [10082.8, 2527.5], [10068.3, 2518.3], [10047.9, 2503.5], [10028.6, 2498.5], [10012.8, 2505.9], [9998.7, 2512.2], [9983.9, 2518.3], [9974.2, 2514.3], [9963.2, 2498.5], [9952.9, 2486.6], [9948.2, 2475.4], [9949.2, 2439.0], [9949.6, 2406.2], [9950.1, 2373.6], [9951.0, 2340.0], [9951.2, 2319.1], [9952.6, 2303.4], [9952.2, 2291.6], [9952.2, 2281.8], [9938.0, 2280.1], [9894.9, 2281.3], [9870.1, 2280.4], [9851.9, 2279.5], [9849.1, 2255.5], [9839.9, 2231.0], [9832.5, 2220.4], [9811.7, 2217.6], [9793.2, 2225.2], [9775.7, 2237.8], [9753.2, 2249.3], [9722.6, 2262.3], [9705.8, 2276.5], [9694.1, 2289.5], [9675.9, 2312.6], [9658.6, 2328.8], [9659.8, 2337.8], [9672.1, 2346.3], [9685.1, 2353.6], [9708.5, 2355.2], [9716.0, 2359.6], [9706.5, 2379.0], [9701.3, 2404.4], [9691.6, 2408.1], [9684.3, 2408.2], [9668.9, 2409.1], [9662.0, 2422.5]]}}, {"type": "Feature", "properties": {"op": "add"}, "geometry": {"type": "LineString", "coordinates": [[-8495.7, -2932.0], [-8502.1, -2967.9], [-8462.1, -3062.3]]}}, {"type": "Feature", "properties": {"op": "add"}, "geometry": {"type": "LineString", "coordinates": [[-8371.1, -3188.3], [-8287.8, -3176.5]]}}, {"type": "Feature", "properties": {"op": "add"}, "geometry": {"type": "LineString", "coordinates": [[-8189.1, -3044.8], [-8209.8, -2950.7]]}}, {"type": "Feature", "properties": {"op": "add"}, "geometry": {"type": "LineString", "coordinates": [[-8403.0, -2887.0], [-8432.0, -2890.6]]}}, {"type": "Feature", "properties": {"op": "add"}, "geometry": {"type": "LineString", "coordinates": [[-7970.9, 1507.2], [-7943.0, 1493.8], [-7918.5, 1468.9], [-7894.9, 1446.9], [-7887.1, 1414.7], [-7879.7, 1375.5], [-7863.9, 1348.8], [-7839.5, 1331.2], [-7799.4, 1305.0], [-7775.2, 1267.4], [-7796.9, 1231.1], [-7814.8, 1204.9], [-7823.6, 1158.3], [-7818.5, 1123.7], [-7803.9, 1086.9], [-7770.0, 1061.3], [-7749.0, 1029.7], [-7725.6, 994.8], [-7700.4, 961.5], [-7660.7, 939.9], [-7629.0, 925.1], [-7594.5, 932.5], [-7550.4, 954.0], [-7519.0, 969.4], [-7476.1, 979.4], [-7428.6, 978.9], [-7390.7, 1013.5], [-7373.9, 1046.1], [-7364.9, 1093.1], [-7347.2, 1145.4], [-7364.3, 1159.8], [-7399.2, 1183.0], [-7429.5, 1202.9], [-7469.0, 1233.9], [-7511.8, 1250.5], [-7540.9, 1269.1], [-7555.7, 1299.8], [-7569.9, 1333.6], [-7598.2, 1373.5], [-7626.8, 1409.5], [-7655.3, 1460.8], [-7697.6, 1485.4], [-7728.6, 1513.8], [-7740.9, 1555.4], [-7763.3, 1582.2], [-7787.7, 1593.9], [-7832.1, 1601.2], [-7870.7, 1592.2], [-7908.9, 1561.9], [-7932.1, 1528.1], [-7946.9, 1508.1]]}}, {"type": "Feature", "properties": {"op": "add"}, "geometry": {"type": "LineString", "coordinates": [[-5022.2, 629.7], [-5043.1, 619.9], [-5054.0, 613.6], [-5071.4, 601.9], [-5089.6, 591.4], [-5105.1, 579.9], [-5116.4, 576.7], [-5136.2, 566.9], [-5150.3, 553.1], [-5158.9, 542.1], [-5167.2, 522.3], [-5166.3, 510.9], [-5158.1, 492.4], [-5147.3, 474.4], [-5134.9, 457.5], [-5122.4, 440.6], [-5109.2, 424.3], [-5094.2, 409.6], [-5080.2, 394.0], [-5070.8, 379.5], [-5063.3, 359.3], [-5063.4, 338.5], [-5059.1, 312.6], [-5054.9, 292.8], [-5054.4, 273.8], [-5071.0, 257.0], [-5087.9, 264.2], [-5090.1, 281.7], [-5081.8, 296.3], [-5068.4, 313.5], [-5063.6, 332.8], [-5060.0, 353.4], [-5056.8, 373.2], [-5051.2, 389.0], [-5053.8, 410.6], [-5053.4, 435.0], [-5047.6, 449.8], [-5041.6, 466.0], [-5031.1, 492.4], [-5017.9, 502.3], [-5016.6, 521.6], [-5014.0, 548.4], [-5006.9, 566.6], [-5006.0, 584.3], [-5006.5, 605.2]]}}, {"type": "Feature", "properties": {"op": "add"}, "geometry": {"type": "LineString", "coordinates": [[-758.3, 132.2], [-779.0, 138.0], [-801.7, 140.7], [-817.9, 137.5], [-830.7, 150.5], [-824.1, 172.5], [-824.8, 186.9], [-832.0, 206.7], [-844.9, 227.4], [-857.6, 244.1], [-873.0, 266.2], [-882.1, 276.5], [-889.8, 296.1], [-902.9, 328.5], [-911.7, 347.6], [-920.6, 366.6], [-929.7, 385.5], [-939.4, 404.2], [-952.3, 430.4], [-962.8, 448.6], [-974.2, 466.2], [-986.3, 481.9], [-1009.3, 498.0], [-1028.8, 505.9], [-1050.2, 512.7], [-1067.7, 514.1], [-1088.4, 510.6], [-1109.1, 507.0], [-1136.6, 501.8], [-1156.8, 493.6], [-1171.2, 480.7], [-1186.0, 465.8], [-1207.3, 447.7], [-1218.0, 434.0], [-1233.6, 412.8], [-1231.3, 384.7], [-1215.8, 369.7], [-1195.6, 360.9], [-1176.7, 351.7], [-1156.7, 345.6], [-1130.6, 342.2], [-1102.6, 342.3], [-1080.8, 344.3], [-1064.6, 353.2], [-1041.0, 368.2], [-1023.6, 379.9], [-1006.4, 392.0], [-988.7, 402.6], [-969.9, 398.7], [-954.8, 383.9], [-940.5, 364.4], [-930.1, 346.2], [-914.6, 322.8], [-907.5, 307.2], [-899.4, 286.2], [-884.0, 262.9], [-875.8, 248.9], [-872.6, 221.0], [-869.9, 200.2], [-865.2, 175.8], [-857.0, 158.4], [-840.6, 142.7], [-819.3, 131.8], [-794.5, 124.5], [-769.6, 126.6], [-751.7, 122.2], [-727.6, 116.4], [-701.0, 115.0]]}}, {"type": "Feature", "properties": {"op": "add"}, "geometry": {"type": "LineString", "coordinates": [[2230.6, 222.5], [2224.8, 204.4], [2224.4, 186.2], [2224.8, 165.3], [2228.5, 144.6], [2234.3, 129.0], [2247.0, 104.1], [2259.2, 85.3], [2272.2, 73.9], [2289.5, 65.2], [2303.8, 63.2], [2324.8, 62.3], [2315.0, 61.6], [2294.3, 64.4], [2274.9, 73.6], [2262.3, 85.8], [2251.1, 95.9], [2236.6, 110.1], [2227.6, 124.7], [2222.8, 143.5], [2220.0, 164.3], [2218.4, 184.5], [2219.2, 198.5], [2220.3, 219.5], [2222.1, 244.7], [2224.5, 261.3], [2229.9, 281.5], [2236.3, 301.6], [2240.8, 314.8], [2246.9, 334.9], [2252.3, 347.8], [2261.6, 366.6], [2270.8, 385.5], [2280.3, 399.5], [2293.5, 412.1], [2304.3, 421.1], [2321.5, 433.1], [2336.4, 441.4], [2355.4, 450.3], [2365.6, 455.1], [2353.2, 449.2], [2340.3, 443.7], [2327.5, 438.1], [2310.1, 428.2], [2299.1, 419.5], [2288.8, 410.1], [2274.9, 394.4], [2267.1, 382.7], [2257.4, 364.6], [2251.9, 351.8], [2244.7, 332.1], [2240.7, 318.7], [2236.6, 305.3], [2231.7, 284.9], [2230.5, 271.3], [2229.8, 252.6], [2228.2, 238.2]]}}, {"type": "Feature", "properties": {"op": "add"}, "geometry": {"type": "LineString", "coordinates": [[5977.6, -5059.2], [6019.5, -5041.0], [6064.6, -5021.4], [6110.5, -5029.4], [6143.8, -5048.5], [6182.4, -5064.9], [6224.2, -5048.1], [6255.7, -5044.6], [6295.1, -5045.9], [6333.2, -5046.2], [6378.6, -5046.0], [6408.9, -5042.4], [6438.6, -5018.8], [6466.9, -4989.9], [6484.6, -4964.2], [6500.9, -4934.6], [6510.2, -4904.9], [6535.4, -4878.0], [6560.0, -4860.9], [6560.7, -4846.9], [6551.3, -4819.5], [6550.2, -4785.1], [6574.5, -4751.1], [6583.2, -4721.8], [6580.9, -4680.0], [6568.8, -4646.4], [6559.5, -4618.0], [6552.8, -4585.9], [6525.9, -4563.0], [6495.6, -4547.9], [6458.2, -4526.2], [6450.3, -4486.1], [6460.9, -4454.0], [6449.6, -4421.9], [6424.5, -4403.6], [6389.6, -4387.1], [6364.2, -4363.7], [6362.9, -4328.9], [6356.5, -4298.5], [6339.0, -4285.1], [6317.2, -4281.0], [6280.0, -4269.1], [6258.9, -4251.5], [6260.6, -4236.6], [6286.4, -4221.5], [6327.7, -4218.9], [6365.4, -4206.0], [6380.8, -4186.6], [6365.4, -4206.0], [6327.7, -4218.9], [6286.4, -4221.5], [6260.6, -4236.6], [6258.9, -4251.5], [6280.0, -4269.1], [6317.2, -4280.9], [6338.8, -4285.1], [6356.5, -4298.5], [6362.9, -4328.9], [6364.2, -4363.7], [6389.6, -4387.1], [6424.5, -4403.6], [6449.6, -4421.9], [6460.9, -4454.0], [6450.3, -4486.1], [6458.2, -4526.2], [6495.4, -4547.8], [6525.9, -4563.0], [6552.8, -4585.9], [6559.5, -4618.0], [6568.8, -4646.4], [6580.9, -4680.0], [6583.2, -4721.8], [6574.5, -4751.1], [6550.2, -4785.1], [6551.3, -4819.3], [6560.7, -4846.9], [6560.0, -4860.9], [6535.4, -4878.0], [6510.2, -4904.9], [6500.9, -4934.6], [6484.6, -4964.2], [6466.9, -4989.9], [6438.6, -5018.8], [6408.9, -5042.4], [6378.6, -5046.0], [6333.2, -5046.2], [6295.1, -5045.9], [6255.7, -5044.6], [6224.2, -5048.1], [6182.6, -5064.9], [6143.9, -5048.5], [6110.5, -5029.4], [6064.6, -5021.4], [6019.5, -5041.0]]}}, {"type": "Feature", "properties": {"op": "add"}, "geometry": {"type": "LineString", "coordinates": [[2608.3, -3008.8], [2594.0, -2993.4], [2573.2, -2965.4], [2559.6, -2940.9], [2546.3, -2910.6], [2545.7, -2883.0], [2544.2, -2868.5], [2543.4, -2860.5], [2542.3, -2851.1], [2537.2, -2833.8], [2541.9, -2847.5], [2543.4, -2857.8], [2544.3, -2868.3], [2544.7, -2889.3], [2547.4, -2910.5], [2558.3, -2939.4], [2577.1, -2972.9], [2606.3, -3007.7], [2636.3, -3041.5], [2663.7, -3075.1], [2681.3, -3100.5], [2698.2, -3135.0], [2707.8, -3157.5], [2716.8, -3180.3], [2724.5, -3208.0], [2729.4, -3233.7], [2735.0, -3263.5], [2743.2, -3312.2], [2754.8, -3344.7], [2768.7, -3377.9], [2781.1, -3402.1], [2795.2, -3421.9], [2811.6, -3443.6], [2831.5, -3471.9], [2847.9, -3494.2], [2865.3, -3519.6], [2881.4, -3553.4], [2888.0, -3586.3], [2887.6, -3621.4], [2882.2, -3655.0], [2875.9, -3679.9], [2865.3, -3705.4], [2859.8, -3719.2], [2852.8, -3736.0], [2842.3, -3753.5], [2850.6, -3738.1], [2856.8, -3725.6], [2863.0, -3713.1], [2869.9, -3696.9], [2877.3, -3677.3], [2886.7, -3636.5], [2888.3, -3607.8], [2888.1, -3564.7], [2867.9, -3523.9], [2847.5, -3492.5], [2826.6, -3464.0], [2815.9, -3448.3], [2801.9, -3429.6], [2785.5, -3407.8], [2772.3, -3383.2], [2761.8, -3360.5], [2752.5, -3337.8], [2744.1, -3307.5], [2736.8, -3264.6], [2731.5, -3240.6], [2727.7, -3216.5], [2720.4, -3185.8], [2707.6, -3155.8], [2695.1, -3127.0], [2656.5, -3063.2], [2638.6, -3040.5]]}}, {"type": "Feature", "properties": {"op": "add"}, "geometry": {"type": "LineString", "coordinates": [[2623.4, -5977.9], [2652.6, -6023.3], [2637.8, -6057.1], [2650.2, -6101.1], [2659.1, -6142.4], [2699.2, -6169.7], [2748.8, -6216.3], [2728.2, -6259.9], [2701.6, -6292.4], [2665.8, -6316.7], [2639.1, -6319.1], [2609.8, -6316.4], [2593.0, -6298.9], [2502.1, -6238.9], [2484.1, -6233.4], [2450.2, -6182.9], [2411.6, -6157.8], [2361.4, -6203.6], [2336.0, -6248.6], [2361.6, -6203.6], [2406.7, -6164.8], [2407.3, -6147.2], [2352.5, -6106.5], [2294.3, -6064.9], [2352.5, -6106.5], [2406.6, -6133.3], [2439.6, -6126.9], [2501.3, -6091.9], [2535.7, -6010.9], [2578.1, -5963.6]]}}, {"type": "Feature", "properties": {"op": "add"}, "geometry": {"type": "LineString", "coordinates": [[-4067.0, -4538.2], [-4065.3, -4539.7], [-4054.6, -4550.4], [-4039.8, -4565.7], [-4026.7, -4576.5], [-4007.0, -4570.4], [-3986.9, -4551.0], [-3959.9, -4526.2], [-3933.6, -4537.4], [-3912.2, -4566.8], [-3891.6, -4582.6], [-3879.2, -4579.6], [-3864.7, -4573.0], [-3845.0, -4564.2], [-3831.9, -4555.2], [-3831.3, -4544.3], [-3823.9, -4536.8], [-3809.1, -4521.9], [-3801.4, -4514.0], [-3796.3, -4508.5], [-3799.9, -4498.7], [-3812.8, -4468.2], [-3812.6, -4457.7], [-3812.4, -4421.2], [-3802.7, -4402.9], [-3792.0, -4396.2], [-3769.5, -4390.6], [-3755.8, -4383.9], [-3741.2, -4375.9], [-3739.9, -4366.5], [-3737.3, -4358.6], [-3735.1, -4346.4], [-3737.7, -4337.3], [-3738.1, -4334.0], [-3736.6, -4339.9], [-3733.5, -4348.4], [-3738.2, -4363.3], [-3742.9, -4377.6], [-3755.1, -4383.8], [-3766.7, -4389.6], [-3797.8, -4397.6], [-3812.8, -4422.8], [-3812.2, -4443.7], [-3811.9, -4471.7], [-3807.6, -4481.3], [-3796.2, -4509.1], [-3802.2, -4514.3], [-3819.9, -4532.1], [-3833.5, -4545.1], [-3850.6, -4543.3], [-3854.1, -4560.3], [-3865.0, -4576.4], [-3877.4, -4579.5], [-3899.4, -4577.6], [-3922.5, -4554.5], [-3934.9, -4534.5], [-3958.8, -4526.1], [-3972.2, -4535.7], [-3995.3, -4557.2], [-4014.1, -4573.2], [-4028.1, -4572.9], [-4046.8, -4555.6], [-4064.4, -4540.1], [-4065.8, -4539.1], [-4067.1, -4538.0]]}}, {"type": "Feature", "properties": {"op": "add"}, "geometry": {"type": "LineString", "coordinates": [[-3737.4, -4339.2], [-3737.8, -4335.4], [-3735.2, -4345.1], [-3738.3, -4361.5], [-3742.3, -4377.5], [-3756.9, -4384.6], [-3769.1, -4388.8], [-3783.8, -4392.1], [-3800.3, -4397.4], [-3808.2, -4406.6], [-3815.7, -4421.6], [-3814.5, -4438.1], [-3814.7, -4470.2], [-3802.1, -4500.1], [-3802.9, -4509.9], [-3815.8, -4523.2], [-3834.9, -4541.8], [-3849.5, -4541.8], [-3855.8, -4556.1], [-3869.7, -4572.9], [-3880.1, -4579.9], [-3906.3, -4565.9], [-3924.7, -4542.7], [-3953.8, -4515.7], [-3978.2, -4535.6], [-3994.0, -4549.5], [-4021.6, -4573.7], [-4043.5, -4550.5], [-4056.3, -4541.0], [-4064.7, -4540.0], [-4066.8, -4538.3], [-4065.1, -4540.5], [-4056.8, -4550.3], [-4029.7, -4576.2], [-4001.2, -4571.2], [-3986.4, -4556.3], [-3957.6, -4529.2], [-3932.2, -4538.0], [-3911.8, -4566.7], [-3881.4, -4588.0], [-3873.0, -4583.5], [-3861.9, -4574.5], [-3846.4, -4564.6], [-3830.7, -4559.4], [-3832.3, -4547.2], [-3821.5, -4536.1], [-3798.5, -4514.6], [-3798.3, -4495.3], [-3810.9, -4467.0], [-3809.6, -4423.9], [-3800.4, -4404.5], [-3791.1, -4398.3], [-3767.6, -4392.1], [-3737.5, -4376.0], [-3738.5, -4374.1], [-3740.1, -4364.2], [-3734.4, -4349.0], [-3735.3, -4341.2]]}}, {"type": "Feature", "properties": {"op": "add"}, "geometry": {"type": "LineString", "coordinates": [[9953.2, 2253.2], [9952.9, 2275.4], [9952.4, 2292.4], [9952.4, 2302.6], [9951.3, 2318.5], [9951.0, 2337.6], [9950.3, 2405.2], [9950.0, 2433.8], [9949.5, 2453.6], [9949.0, 2475.8], [9948.9, 2482.9], [9960.6, 2494.2], [9969.2, 2510.8], [9986.0, 2520.0], [9975.0, 2539.7], [9948.8, 2554.9], [9947.1, 2572.0], [9947.0, 2605.6], [9946.6, 2585.8], [9946.4, 2573.5], [9946.2, 2560.2], [9945.8, 2556.0], [9931.1, 2551.7], [9916.0, 2541.3], [9907.0, 2530.0], [9899.4, 2529.9], [9887.0, 2529.8], [9849.8, 2529.4], [9776.9, 2527.8], [9724.6, 2526.0], [9709.6, 2525.3], [9724.6, 2526.0], [9776.9, 2527.8], [9849.8, 2529.4], [9887.0, 2529.8], [9899.4, 2529.9], [9907.0, 2530.0], [9916.0, 2541.3], [9931.1, 2551.7], [9945.8, 2556.0], [9946.2, 2560.2], [9946.4, 2573.5], [9946.6, 2585.8], [9947.0, 2605.6], [9947.1, 2572.0], [9948.8, 2554.9], [9975.0, 2539.7], [9986.0, 2520.0], [9969.2, 2510.8], [9960.6, 2494.2], [9948.9, 2482.9], [9949.0, 2475.8], [9949.5, 2453.6], [9950.0, 2433.8], [9950.3, 2405.2], [9951.0, 2337.6], [9951.3, 2318.5], [9952.4, 2302.6], [9952.4, 2292.4], [9952.9, 2275.4], [9953.2, 2253.2]]}}, {"type": "Feature", "properties": {"op": "add"}, "geometry": {"type": "LineString", "coordinates": [[9953.2, 2253.2], [9952.9, 2275.4], [9952.4, 2292.4], [9952.4, 2302.6], [9951.3, 2318.5], [9951.0, 2337.6], [9950.3, 2405.2], [9950.0, 2433.8], [9949.5, 2453.6], [9949.0, 2475.8], [9948.9, 2482.9], [9960.6, 2494.2], [9969.2, 2510.8], [9986.0, 2520.0], [9975.0, 2539.7], [9948.8, 2554.9], [9947.1, 2572.0], [9947.0, 2605.6], [9946.6, 2585.8], [9946.4, 2573.5], [9946.2, 2560.2], [9945.8, 2556.0], [9931.1, 2551.7], [9916.0, 2541.3], [9907.0, 2530.0], [9899.4, 2529.9], [9887.0, 2529.8], [9849.8, 2529.4], [9776.9, 2527.8], [9724.6, 2526.0], [9709.6, 2525.3], [9724.6, 2526.0], [9776.9, 2527.8], [9849.8, 2529.4], [9887.0, 2529.8], [9899.4, 2529.9], [9907.0, 2530.0], [9916.0, 2541.3], [9931.1, 2551.7], [9945.8, 2556.0], [9946.2, 2560.2], [9946.4, 2573.5], [9946.6, 2585.8], [9947.0, 2605.6], [9947.1, 2572.0], [9948.8, 2554.9], [9975.0, 2539.7], [9986.0, 2520.0], [9969.2, 2510.8], [9960.6, 2494.2], [9948.9, 2482.9], [9949.0, 2475.8], [9949.5, 2453.6], [9950.0, 2433.8], [9950.3, 2405.2], [9951.0, 2337.6], [9951.3, 2318.5], [9952.4, 2302.6], [9952.4, 2292.4], [9952.9, 2275.4], [9953.2, 2253.2]]}}, {"type": "Feature", "properties": {"op": "add"}, "geometry": {"type": "LineString", "coordinates": [[9953.2, 2253.2], [9952.9, 2275.4], [9952.4, 2292.4], [9952.4, 2302.6], [9951.3, 2318.5], [9951.0, 2337.6], [9950.3, 2405.2], [9950.0, 2433.8], [9949.5, 2453.6], [9949.0, 2475.8], [9948.9, 2482.9], [9960.6, 2494.2], [9969.2, 2510.8], [9986.0, 2520.0], [9975.0, 2539.7], [9948.8, 2554.9], [9947.1, 2572.0], [9947.0, 2605.6], [9946.6, 2585.8], [9946.4, 2573.5], [9946.2, 2560.2], [9945.8, 2556.0], [9931.1, 2551.7], [9916.0, 2541.3], [9907.0, 2530.0], [9899.4, 2529.9], [9887.0, 2529.8], [9849.8, 2529.4], [9776.9, 2527.8], [9724.6, 2526.0], [9709.6, 2525.3], [9724.6, 2526.0], [9776.9, 2527.8], [9849.8, 2529.4], [9887.0, 2529.8], [9899.4, 2529.9], [9907.0, 2530.0], [9916.0, 2541.3], [9931.1, 2551.7], [9945.8, 2556.0], [9946.2, 2560.2], [9946.4, 2573.5], [9946.6, 2585.8], [9947.0, 2605.6], [9947.1, 2572.0], [9948.8, 2554.9], [9975.0, 2539.7], [9986.0, 2520.0], [9969.2, 2510.8], [9960.6, 2494.2], [9948.9, 2482.9], [9949.0, 2475.8], [9949.5, 2453.6], [9950.0, 2433.8], [9950.3, 2405.2], [9951.0, 2337.6], [9951.3, 2318.5], [9952.4, 2302.6], [9952.4, 2292.4], [9952.9, 2275.4], [9953.2, 2253.2]]}}, {"type": "Feature", "properties": {"op": "add"}, "geometry": {"type": "LineString", "coordinates": [[9953.2, 2253.2], [9952.9, 2275.4], [9952.4, 2292.4], [9952.4, 2302.6], [9951.3, 2318.5], [9951.0, 2337.6], [9950.3, 2405.2], [9950.0, 2433.8], [9949.5, 2453.6], [9949.0, 2475.8], [9948.9, 2482.9], [9960.6, 2494.2], [9969.2, 2510.8], [9986.0, 2520.0], [9975.0, 2539.7], [9948.8, 2554.9], [9947.1, 2572.0], [9947.0, 2605.6], [9946.6, 2585.8], [9946.4, 2573.5], [9946.2, 2560.2], [9945.8, 2556.0], [9931.1, 2551.7], [9916.0, 2541.3], [9907.0, 2530.0], [9899.4, 2529.9], [9887.0, 2529.8], [9849.8, 2529.4], [9776.9, 2527.8], [9724.6, 2526.0], [9709.6, 2525.3], [9724.6, 2526.0], [9776.9, 2527.8], [9849.8, 2529.4], [9887.0, 2529.8], [9899.4, 2529.9], [9907.0, 2530.0], [9916.0, 2541.3], [9931.1, 2551.7], [9945.8, 2556.0], [9946.2, 2560.2], [9946.4, 2573.5], [9946.6, 2585.8], [9947.0, 2605.6], [9947.1, 2572.0], [9948.8, 2554.9], [9975.0, 2539.7], [9986.0, 2520.0], [9969.2, 2510.8], [9960.6, 2494.2], [9948.9, 2482.9], [9949.0, 2475.8], [9949.5, 2453.6], [9950.0, 2433.8], [9950.3, 2405.2], [9951.0, 2337.6], [9951.3, 2318.5], [9952.4, 2302.6], [9952.4, 2292.4], [9952.9, 2275.4], [9953.2, 2253.2]]}}, {"type": "Feature", "properties": {"op": "add"}, "geometry": {"type": "LineString", "coordinates": [[9953.2, 2253.2], [9952.9, 2275.4], [9952.4, 2292.4], [9952.4, 2302.6], [9951.3, 2318.5], [9951.0, 2337.6], [9950.3, 2405.2], [9950.0, 2433.8], [9949.5, 2453.6], [9949.0, 2475.8], [9948.9, 2482.9], [9960.6, 2494.2], [9969.2, 2510.8], [9986.0, 2520.0], [9975.0, 2539.7], [9948.8, 2554.9], [9947.1, 2572.0], [9947.0, 2605.6], [9946.6, 2585.8], [9946.4, 2573.5], [9946.2, 2560.2], [9945.8, 2556.0], [9931.1, 2551.7], [9916.0, 2541.3], [9907.0, 2530.0], [9899.4, 2529.9], [9887.0, 2529.8], [9849.8, 2529.4], [9776.9, 2527.8], [9724.6, 2526.0], [9709.6, 2525.3], [9724.6, 2526.0], [9776.9, 2527.8], [9849.8, 2529.4], [9887.0, 2529.8], [9899.4, 2529.9], [9907.0, 2530.0], [9916.0, 2541.3], [9931.1, 2551.7], [9945.8, 2556.0], [9946.2, 2560.2], [9946.4, 2573.5], [9946.6, 2585.8], [9947.0, 2605.6], [9947.1, 2572.0], [9948.8, 2554.9], [9975.0, 2539.7], [9986.0, 2520.0], [9969.2, 2510.8], [9960.6, 2494.2], [9948.9, 2482.9], [9949.0, 2475.8], [9949.5, 2453.6], [9950.0, 2433.8], [9950.3, 2405.2], [9951.0, 2337.6], [9951.3, 2318.5], [9952.4, 2302.6], [9952.4, 2292.4], [9952.9, 2275.4], [9953.2, 2253.2]]}}, {"type": "Feature", "properties": {"op": "add"}, "geometry": {"type": "LineString", "coordinates": [[9953.2, 2253.2], [9952.9, 2275.4], [9952.4, 2292.4], [9952.4, 2302.6], [9951.3, 2318.5], [9951.0, 2337.6], [9950.3, 2405.2], [9950.0, 2433.8], [9949.5, 2453.6], [9949.0, 2475.8], [9948.9, 2482.9], [9960.6, 2494.2], [9969.2, 2510.8], [9986.0, 2520.0], [9975.0, 2539.7], [9948.8, 2554.9], [9947.1, 2572.0], [9947.0, 2605.6], [9946.6, 2585.8], [9946.4, 2573.5], [9946.2, 2560.2], [9945.8, 2556.0], [9931.1, 2551.7], [9916.0, 2541.3], [9907.0, 2530.0], [9899.4, 2529.9], [9887.0, 2529.8], [9849.8, 2529.4], [9776.9, 2527.8], [9724.6, 2526.0], [9709.6, 2525.3], [9724.6, 2526.0], [9776.9, 2527.8], [9849.8, 2529.4], [9887.0, 2529.8], [9899.4, 2529.9], [9907.0, 2530.0], [9916.0, 2541.3], [9931.1, 2551.7], [9945.8, 2556.0], [9946.2, 2560.2], [9946.4, 2573.5], [9946.6, 2585.8], [9947.0, 2605.6], [9947.1, 2572.0], [9948.8, 2554.9], [9975.0, 2539.7], [9986.0, 2520.0], [9969.2, 2510.8], [9960.6, 2494.2], [9948.9, 2482.9], [9949.0, 2475.8], [9949.5, 2453.6], [9950.0, 2433.8], [9950.3, 2405.2], [9951.0, 2337.6], [9951.3, 2318.5], [9952.4, 2302.6], [9952.4, 2292.4], [9952.9, 2275.4], [9953.2, 2253.2]]}}, {"type": "Feature", "properties": {"op": "add"}, "geometry": {"type": "LineString", "coordinates": [[1954.5, -4722.6], [1951.1, -4714.8], [1949.0, -4697.2], [1945.4, -4681.9], [1937.4, -4669.2], [1909.9, -4631.4], [1907.8, -4627.9], [1894.6, -4605.9], [1925.4, -4584.8], [1910.0, -4559.8], [1904.4, -4549.8], [1893.0, -4531.7], [1893.5, -4526.1], [1899.8, -4517.3], [1906.7, -4505.2], [1907.9, -4490.9], [1900.9, -4482.6], [1893.2, -4474.8], [1891.7, -4462.7], [1895.0, -4448.4], [1897.0, -4437.6], [1894.0, -4426.1], [1885.5, -4418.8], [1876.4, -4416.8], [1856.3, -4416.1], [1843.8, -4407.8], [1840.1, -4400.5], [1817.8, -4365.1], [1799.6, -4327.3], [1782.7, -4294.7], [1776.2, -4294.0], [1766.7, -4298.9], [1761.7, -4304.2], [1745.2, -4297.1], [1740.2, -4292.3], [1735.9, -4277.6], [1742.5, -4263.4], [1750.9, -4255.9], [1769.2, -4248.4], [1780.2, -4240.3], [1784.9, -4228.9], [1777.1, -4221.4], [1754.5, -4213.5], [1743.0, -4213.6], [1729.0, -4220.9], [1707.1, -4232.0], [1684.0, -4245.4], [1664.5, -4256.2], [1651.2, -4264.8], [1638.0, -4271.1], [1623.9, -4262.4], [1603.3, -4237.1], [1589.3, -4219.1], [1581.1, -4198.7], [1579.6, -4173.0], [1585.8, -4153.2], [1606.4, -4123.0], [1666.8, -4097.0], [1706.5, -4087.5], [1730.3, -4073.1], [1744.6, -4045.2], [1746.8, -4022.9], [1743.1, -4000.2], [1732.3, -3972.2], [1743.1, -4000.2], [1746.8, -4022.9], [1744.6, -4045.2], [1730.3, -4073.1], [1706.5, -4087.5], [1666.8, -4097.0], [1606.4, -4123.0], [1585.8, -4153.2], [1579.6, -4173.0], [1581.1, -4198.7], [1589.3, -4219.1], [1603.3, -4237.1], [1623.9, -4262.4], [1638.0, -4271.1], [1651.2, -4264.8], [1664.5, -4256.2], [1684.0, -4245.4], [1707.1, -4232.0], [1729.0, -4220.9], [1743.0, -4213.6], [1754.5, -4213.5], [1777.1, -4221.4], [1784.9, -4228.9], [1780.2, -4240.3], [1769.2, -4248.4], [1750.9, -4255.9], [1742.5, -4263.4], [1735.9, -4277.6], [1740.2, -4292.3], [1745.2, -4297.1], [1761.7, -4304.2], [1766.7, -4298.9], [1776.2, -4294.0], [1782.7, -4294.7], [1799.6, -4327.3], [1817.8, -4365.1], [1840.1, -4400.5], [1843.8, -4407.8], [1856.3, -4416.1], [1876.4, -4416.8], [1885.5, -4418.8], [1894.0, -4426.1], [1897.0, -4437.6], [1895.0, -4448.4], [1891.7, -4462.7], [1893.2, -4474.8], [1900.9, -4482.6], [1907.9, -4490.9], [1906.7, -4505.2], [1899.8, -4517.3], [1893.5, -4526.1], [1893.0, -4531.7], [1904.4, -4549.8], [1910.0, -4559.8], [1925.4, -4584.8], [1894.6, -4605.9], [1907.8, -4627.9], [1909.9, -4631.4], [1937.4, -4669.2], [1945.4, -4681.9], [1949.0, -4697.2], [1951.1, -4714.8], [1954.5, -4722.6]]}}, {"type": "Feature", "properties": {"op": "add"}, "geometry": {"type": "LineString", "coordinates": [[1954.5, -4722.6], [1951.1, -4714.8], [1949.0, -4697.2], [1945.4, -4681.9], [1937.4, -4669.2], [1909.9, -4631.4], [1907.8, -4627.9], [1894.6, -4605.9], [1925.4, -4584.8], [1910.0, -4559.8], [1904.4, -4549.8], [1893.0, -4531.7], [1893.5, -4526.1], [1899.8, -4517.3], [1906.7, -4505.2], [1907.9, -4490.9], [1900.9, -4482.6], [1893.2, -4474.8], [1891.7, -4462.7], [1895.0, -4448.4], [1897.0, -4437.6], [1894.0, -4426.1], [1885.5, -4418.8], [1876.4, -4416.8], [1856.3, -4416.1], [1843.8, -4407.8], [1840.1, -4400.5], [1817.8, -4365.1], [1799.6, -4327.3], [1782.7, -4294.7], [1776.2, -4294.0], [1766.7, -4298.9], [1761.7, -4304.2], [1745.2, -4297.1], [1740.2, -4292.3], [1735.9, -4277.6], [1742.5, -4263.4], [1750.9, -4255.9], [1769.2, -4248.4], [1780.2, -4240.3], [1784.9, -4228.9], [1777.1, -4221.4], [1754.5, -4213.5], [1743.0, -4213.6], [1729.0, -4220.9], [1707.1, -4232.0], [1684.0, -4245.4], [1664.5, -4256.2], [1651.2, -4264.8], [1638.0, -4271.1], [1623.9, -4262.4], [1603.3, -4237.1], [1589.3, -4219.1], [1581.1, -4198.7], [1579.6, -4173.0], [1585.8, -4153.2], [1606.4, -4123.0], [1666.8, -4097.0], [1706.5, -4087.5], [1730.3, -4073.1], [1744.6, -4045.2], [1746.8, -4022.9], [1743.1, -4000.2], [1732.3, -3972.2], [1743.1, -4000.2], [1746.8, -4022.9], [1744.6, -4045.2], [1730.3, -4073.1], [1706.5, -4087.5], [1666.8, -4097.0], [1606.4, -4123.0], [1585.8, -4153.2], [1579.6, -4173.0], [1581.1, -4198.7], [1589.3, -4219.1], [1603.3, -4237.1], [1623.9, -4262.4], [1638.0, -4271.1], [1651.2, -4264.8], [1664.5, -4256.2], [1684.0, -4245.4], [1707.1, -4232.0], [1729.0, -4220.9], [1743.0, -4213.6], [1754.5, -4213.5], [1777.1, -4221.4], [1784.9, -4228.9], [1780.2, -4240.3], [1769.2, -4248.4], [1750.9, -4255.9], [1742.5, -4263.4], [1735.9, -4277.6], [1740.2, -4292.3], [1745.2, -4297.1], [1761.7, -4304.2], [1766.7, -4298.9], [1776.2, -4294.0], [1782.7, -4294.7], [1799.6, -4327.3], [1817.8, -4365.1], [1840.1, -4400.5], [1843.8, -4407.8], [1856.3, -4416.1], [1876.4, -4416.8], [1885.5, -4418.8], [1894.0, -4426.1], [1897.0, -4437.6], [1895.0, -4448.4], [1891.7, -4462.7], [1893.2, -4474.8], [1900.9, -4482.6], [1907.9, -4490.9], [1906.7, -4505.2], [1899.8, -4517.3], [1893.5, -4526.1], [1893.0, -4531.7], [1904.4, -4549.8], [1910.0, -4559.8], [1925.4, -4584.8], [1894.6, -4605.9], [1907.8, -4627.9], [1909.9, -4631.4], [1937.4, -4669.2], [1945.4, -4681.9], [1949.0, -4697.2], [1951.1, -4714.8], [1954.5, -4722.6]]}}, {"type": "Feature", "properties": {"op": "add"}, "geometry": {"type": "LineString", "coordinates": [[1954.5, -4722.6], [1951.1, -4714.8], [1949.0, -4697.2], [1945.4, -4681.9], [1937.4, -4669.2], [1909.9, -4631.4], [1907.8, -4627.9], [1894.6, -4605.9], [1925.4, -4584.8], [1910.0, -4559.8], [1904.4, -4549.8], [1893.0, -4531.7], [1893.5, -4526.1], [1899.8, -4517.3], [1906.7, -4505.2], [1907.9, -4490.9], [1900.9, -4482.6], [1893.2, -4474.8], [1891.7, -4462.7], [1895.0, -4448.4], [1897.0, -4437.6], [1894.0, -4426.1], [1885.5, -4418.8], [1876.4, -4416.8], [1856.3, -4416.1], [1843.8, -4407.8], [1840.1, -4400.5], [1817.8, -4365.1], [1799.6, -4327.3], [1782.7, -4294.7], [1776.2, -4294.0], [1766.7, -4298.9], [1761.7, -4304.2], [1745.2, -4297.1], [1740.2, -4292.3], [1735.9, -4277.6], [1742.5, -4263.4], [1750.9, -4255.9], [1769.2, -4248.4], [1780.2, -4240.3], [1784.9, -4228.9], [1777.1, -4221.4], [1754.5, -4213.5], [1743.0, -4213.6], [1729.0, -4220.9], [1707.1, -4232.0], [1684.0, -4245.4], [1664.5, -4256.2], [1651.2, -4264.8], [1638.0, -4271.1], [1623.9, -4262.4], [1603.3, -4237.1], [1589.3, -4219.1], [1581.1, -4198.7], [1579.6, -4173.0], [1585.8, -4153.2], [1606.4, -4123.0], [1666.8, -4097.0], [1706.5, -4087.5], [1730.3, -4073.1], [1744.6, -4045.2], [1746.8, -4022.9], [1743.1, -4000.2], [1732.3, -3972.2], [1743.1, -4000.2], [1746.8, -4022.9], [1744.6, -4045.2], [1730.3, -4073.1], [1706.5, -4087.5], [1666.8, -4097.0], [1606.4, -4123.0], [1585.8, -4153.2], [1579.6, -4173.0], [1581.1, -4198.7], [1589.3, -4219.1], [1603.3, -4237.1], [1623.9, -4262.4], [1638.0, -4271.1], [1651.2, -4264.8], [1664.5, -4256.2], [1684.0, -4245.4], [1707.1, -4232.0], [1729.0, -4220.9], [1743.0, -4213.6], [1754.5, -4213.5], [1777.1, -4221.4], [1784.9, -4228.9], [1780.2, -4240.3], [1769.2, -4248.4], [1750.9, -4255.9], [1742.5, -4263.4], [1735.9, -4277.6], [1740.2, -4292.3], [1745.2, -4297.1], [1761.7, -4304.2], [1766.7, -4298.9], [1776.2, -4294.0], [1782.7, -4294.7], [1799.6, -4327.3], [1817.8, -4365.1], [1840.1, -4400.5], [1843.8, -4407.8], [1856.3, -4416.1], [1876.4, -4416.8], [1885.5, -4418.8], [1894.0, -4426.1], [1897.0, -4437.6], [1895.0, -4448.4], [1891.7, -4462.7], [1893.2, -4474.8], [1900.9, -4482.6], [1907.9, -4490.9], [1906.7, -4505.2], [1899.8, -4517.3], [1893.5, -4526.1], [1893.0, -4531.7], [1904.4, -4549.8], [1910.0, -4559.8], [1925.4, -4584.8], [1894.6, -4605.9], [1907.8, -4627.9], [1909.9, -4631.4], [1937.4, -4669.2], [1945.4, -4681.9], [1949.0, -4697.2], [1951.1, -4714.8], [1954.5, -4722.6]]}}, {"type": "Feature", "properties": {"op": "add"}, "geometry": {"type": "LineString", "coordinates": [[1954.5, -4722.6], [1951.1, -4714.8], [1949.0, -4697.2], [1945.4, -4681.9], [1937.4, -4669.2], [1909.9, -4631.4], [1907.8, -4627.9], [1894.6, -4605.9], [1925.4, -4584.8], [1910.0, -4559.8], [1904.4, -4549.8], [1893.0, -4531.7], [1893.5, -4526.1], [1899.8, -4517.3], [1906.7, -4505.2], [1907.9, -4490.9], [1900.9, -4482.6], [1893.2, -4474.8], [1891.7, -4462.7], [1895.0, -4448.4], [1897.0, -4437.6], [1894.0, -4426.1], [1885.5, -4418.8], [1876.4, -4416.8], [1856.3, -4416.1], [1843.8, -4407.8], [1840.1, -4400.5], [1817.8, -4365.1], [1799.6, -4327.3], [1782.7, -4294.7], [1776.2, -4294.0], [1766.7, -4298.9], [1761.7, -4304.2], [1745.2, -4297.1], [1740.2, -4292.3], [1735.9, -4277.6], [1742.5, -4263.4], [1750.9, -4255.9], [1769.2, -4248.4], [1780.2, -4240.3], [1784.9, -4228.9], [1777.1, -4221.4], [1754.5, -4213.5], [1743.0, -4213.6], [1729.0, -4220.9], [1707.1, -4232.0], [1684.0, -4245.4], [1664.5, -4256.2], [1651.2, -4264.8], [1638.0, -4271.1], [1623.9, -4262.4], [1603.3, -4237.1], [1589.3, -4219.1], [1581.1, -4198.7], [1579.6, -4173.0], [1585.8, -4153.2], [1606.4, -4123.0], [1666.8, -4097.0], [1706.5, -4087.5], [1730.3, -4073.1], [1744.6, -4045.2], [1746.8, -4022.9], [1743.1, -4000.2], [1732.3, -3972.2], [1743.1, -4000.2], [1746.8, -4022.9], [1744.6, -4045.2], [1730.3, -4073.1], [1706.5, -4087.5], [1666.8, -4097.0], [1606.4, -4123.0], [1585.8, -4153.2], [1579.6, -4173.0], [1581.1, -4198.7], [1589.3, -4219.1], [1603.3, -4237.1], [1623.9, -4262.4], [1638.0, -4271.1], [1651.2, -4264.8], [1664.5, -4256.2], [1684.0, -4245.4], [1707.1, -4232.0], [1729.0, -4220.9], [1743.0, -4213.6], [1754.5, -4213.5], [1777.1, -4221.4], [1784.9, -4228.9], [1780.2, -4240.3], [1769.2, -4248.4], [1750.9, -4255.9], [1742.5, -4263.4], [1735.9, -4277.6], [1740.2, -4292.3], [1745.2, -4297.1], [1761.7, -4304.2], [1766.7, -4298.9], [1776.2, -4294.0], [1782.7, -4294.7], [1799.6, -4327.3], [1817.8, -4365.1], [1840.1, -4400.5], [1843.8, -4407.8], [1856.3, -4416.1], [1876.4, -4416.8], [1885.5, -4418.8], [1894.0, -4426.1], [1897.0, -4437.6], [1895.0, -4448.4], [1891.7, -4462.7], [1893.2, -4474.8], [1900.9, -4482.6], [1907.9, -4490.9], [1906.7, -4505.2], [1899.8, -4517.3], [1893.5, -4526.1], [1893.0, -4531.7], [1904.4, -4549.8], [1910.0, -4559.8], [1925.4, -4584.8], [1894.6, -4605.9], [1907.8, -4627.9], [1909.9, -4631.4], [1937.4, -4669.2], [1945.4, -4681.9], [1949.0, -4697.2], [1951.1, -4714.8], [1954.5, -4722.6]]}}, {"type": "Feature", "properties": {"op": "add"}, "geometry": {"type": "LineString", "coordinates": [[1954.5, -4722.6], [1951.1, -4714.8], [1949.0, -4697.2], [1945.4, -4681.9], [1937.4, -4669.2], [1909.9, -4631.4], [1907.8, -4627.9], [1894.6, -4605.9], [1925.4, -4584.8], [1910.0, -4559.8], [1904.4, -4549.8], [1893.0, -4531.7], [1893.5, -4526.1], [1899.8, -4517.3], [1906.7, -4505.2], [1907.9, -4490.9], [1900.9, -4482.6], [1893.2, -4474.8], [1891.7, -4462.7], [1895.0, -4448.4], [1897.0, -4437.6], [1894.0, -4426.1], [1885.5, -4418.8], [1876.4, -4416.8], [1856.3, -4416.1], [1843.8, -4407.8], [1840.1, -4400.5], [1817.8, -4365.1], [1799.6, -4327.3], [1782.7, -4294.7], [1776.2, -4294.0], [1766.7, -4298.9], [1761.7, -4304.2], [1745.2, -4297.1], [1740.2, -4292.3], [1735.9, -4277.6], [1742.5, -4263.4], [1750.9, -4255.9], [1769.2, -4248.4], [1780.2, -4240.3], [1784.9, -4228.9], [1777.1, -4221.4], [1754.5, -4213.5], [1743.0, -4213.6], [1729.0, -4220.9], [1707.1, -4232.0], [1684.0, -4245.4], [1664.5, -4256.2], [1651.2, -4264.8], [1638.0, -4271.1], [1623.9, -4262.4], [1603.3, -4237.1], [1589.3, -4219.1], [1581.1, -4198.7], [1579.6, -4173.0], [1585.8, -4153.2], [1606.4, -4123.0], [1666.8, -4097.0], [1706.5, -4087.5], [1730.3, -4073.1], [1744.6, -4045.2], [1746.8, -4022.9], [1743.1, -4000.2], [1732.3, -3972.2], [1743.1, -4000.2], [1746.8, -4022.9], [1744.6, -4045.2], [1730.3, -4073.1], [1706.5, -4087.5], [1666.8, -4097.0], [1606.4, -4123.0], [1585.8, -4153.2], [1579.6, -4173.0], [1581.1, -4198.7], [1589.3, -4219.1], [1603.3, -4237.1], [1623.9, -4262.4], [1638.0, -4271.1], [1651.2, -4264.8], [1664.5, -4256.2], [1684.0, -4245.4], [1707.1, -4232.0], [1729.0, -4220.9], [1743.0, -4213.6], [1754.5, -4213.5], [1777.1, -4221.4], [1784.9, -4228.9], [1780.2, -4240.3], [1769.2, -4248.4], [1750.9, -4255.9], [1742.5, -4263.4], [1735.9, -4277.6], [1740.2, -4292.3], [1745.2, -4297.1], [1761.7, -4304.2], [1766.7, -4298.9], [1776.2, -4294.0], [1782.7, -4294.7], [1799.6, -4327.3], [1817.8, -4365.1], [1840.1, -4400.5], [1843.8, -4407.8], [1856.3, -4416.1], [1876.4, -4416.8], [1885.5, -4418.8], [1894.0, -4426.1], [1897.0, -4437.6], [1895.0, -4448.4], [1891.7, -4462.7], [1893.2, -4474.8], [1900.9, -4482.6], [1907.9, -4490.9], [1906.7, -4505.2], [1899.8, -4517.3], [1893.5, -4526.1], [1893.0, -4531.7], [1904.4, -4549.8], [1910.0, -4559.8], [1925.4, -4584.8], [1894.6, -4605.9], [1907.8, -4627.9], [1909.9, -4631.4], [1937.4, -4669.2], [1945.4, -4681.9], [1949.0, -4697.2], [1951.1, -4714.8], [1954.5, -4722.6]]}}, {"type": "Feature", "properties": {"op": "add"}, "geometry": {"type": "LineString", "coordinates": [[1954.5, -4722.6], [1951.1, -4714.8], [1949.0, -4697.2], [1945.4, -4681.9], [1937.4, -4669.2], [1909.9, -4631.4], [1907.8, -4627.9], [1894.6, -4605.9], [1925.4, -4584.8], [1910.0, -4559.8], [1904.4, -4549.8], [1893.0, -4531.7], [1893.5, -4526.1], [1899.8, -4517.3], [1906.7, -4505.2], [1907.9, -4490.9], [1900.9, -4482.6], [1893.2, -4474.8], [1891.7, -4462.7], [1895.0, -4448.4], [1897.0, -4437.6], [1894.0, -4426.1], [1885.5, -4418.8], [1876.4, -4416.8], [1856.3, -4416.1], [1843.8, -4407.8], [1840.1, -4400.5], [1817.8, -4365.1], [1799.6, -4327.3], [1782.7, -4294.7], [1776.2, -4294.0], [1766.7, -4298.9], [1761.7, -4304.2], [1745.2, -4297.1], [1740.2, -4292.3], [1735.9, -4277.6], [1742.5, -4263.4], [1750.9, -4255.9], [1769.2, -4248.4], [1780.2, -4240.3], [1784.9, -4228.9], [1777.1, -4221.4], [1754.5, -4213.5], [1743.0, -4213.6], [1729.0, -4220.9], [1707.1, -4232.0], [1684.0, -4245.4], [1664.5, -4256.2], [1651.2, -4264.8], [1638.0, -4271.1], [1623.9, -4262.4], [1603.3, -4237.1], [1589.3, -4219.1], [1581.1, -4198.7], [1579.6, -4173.0], [1585.8, -4153.2], [1606.4, -4123.0], [1666.8, -4097.0], [1706.5, -4087.5], [1730.3, -4073.1], [1744.6, -4045.2], [1746.8, -4022.9], [1743.1, -4000.2], [1732.3, -3972.2], [1743.1, -4000.2], [1746.8, -4022.9], [1744.6, -4045.2], [1730.3, -4073.1], [1706.5, -4087.5], [1666.8, -4097.0], [1606.4, -4123.0], [1585.8, -4153.2], [1579.6, -4173.0], [1581.1, -4198.7], [1589.3, -4219.1], [1603.3, -4237.1], [1623.9, -4262.4], [1638.0, -4271.1], [1651.2, -4264.8], [1664.5, -4256.2], [1684.0, -4245.4], [1707.1, -4232.0], [1729.0, -4220.9], [1743.0, -4213.6], [1754.5, -4213.5], [1777.1, -4221.4], [1784.9, -4228.9], [1780.2, -4240.3], [1769.2, -4248.4], [1750.9, -4255.9], [1742.5, -4263.4], [1735.9, -4277.6], [1740.2, -4292.3], [1745.2, -4297.1], [1761.7, -4304.2], [1766.7, -4298.9], [1776.2, -4294.0], [1782.7, -4294.7], [1799.6, -4327.3], [1817.8, -4365.1], [1840.1, -4400.5], [1843.8, -4407.8], [1856.3, -4416.1], [1876.4, -4416.8], [1885.5, -4418.8], [1894.0, -4426.1], [1897.0, -4437.6], [1895.0, -4448.4], [1891.7, -4462.7], [1893.2, -4474.8], [1900.9, -4482.6], [1907.9, -4490.9], [1906.7, -4505.2], [1899.8, -4517.3], [1893.5, -4526.1], [1893.0, -4531.7], [1904.4, -4549.8], [1910.0, -4559.8], [1925.4, -4584.8], [1894.6, -4605.9], [1907.8, -4627.9], [1909.9, -4631.4], [1937.4, -4669.2], [1945.4, -4681.9], [1949.0, -4697.2], [1951.1, -4714.8], [1954.5, -4722.6]]}}, {"type": "Feature", "properties": {"op": "add"}, "geometry": {"type": "LineString", "coordinates": [[-1391.5, -86.0], [-1392.8, -70.6], [-1397.2, -63.3], [-1385.8, -48.6], [-1355.3, -12.8], [-1329.1, 16.7], [-1323.0, 27.9], [-1317.1, 29.0], [-1309.8, 26.1], [-1295.2, 33.1], [-1292.4, 39.3], [-1279.3, 46.9], [-1267.4, 56.5], [-1264.5, 73.6], [-1285.0, 98.3], [-1286.5, 107.8], [-1277.4, 119.4], [-1243.3, 133.6], [-1224.1, 134.8], [-1213.0, 128.9], [-1206.3, 117.2], [-1185.7, 119.2], [-1144.6, 116.9], [-1119.9, 119.1], [-1097.2, 112.5], [-1092.2, 101.5], [-1095.6, 77.6], [-1080.9, 54.2], [-1070.3, 43.4], [-1064.8, 33.7], [-1062.9, 20.1], [-1066.3, -6.0], [-1074.7, -15.8], [-1066.3, -6.0], [-1062.9, 20.1], [-1064.8, 33.7], [-1070.3, 43.4], [-1080.9, 54.2], [-1095.6, 77.6], [-1092.2, 101.5], [-1097.2, 112.5], [-1119.9, 119.1], [-1144.6, 116.9], [-1185.7, 119.2], [-1206.3, 117.2], [-1213.0, 128.9], [-1224.1, 134.8], [-1243.3, 133.6], [-1277.4, 119.4], [-1286.5, 107.8], [-1285.0, 98.3], [-1264.5, 73.6], [-1267.4, 56.5], [-1279.3, 46.9], [-1292.4, 39.3], [-1295.2, 33.1], [-1309.8, 26.1], [-1317.1, 29.0], [-1323.0, 27.9], [-1329.1, 16.7], [-1355.3, -12.8], [-1385.8, -48.6], [-1397.2, -63.3], [-1392.8, -70.6], [-1391.5, -86.0]]}}, {"type": "Feature", "properties": {"op": "add"}, "geometry": {"type": "LineString", "coordinates": [[-1391.5, -86.0], [-1392.8, -70.6], [-1397.2, -63.3], [-1388.8, -45.7], [-1357.7, -10.5], [-1331.0, 19.0], [-1323.0, 27.9], [-1317.1, 29.0], [-1309.8, 26.1], [-1295.2, 33.1], [-1292.4, 39.3], [-1279.3, 46.9], [-1267.4, 56.5], [-1264.5, 73.6], [-1285.0, 98.3], [-1286.5, 107.8], [-1277.4, 119.4], [-1243.3, 133.6], [-1224.1, 134.8], [-1213.0, 128.9], [-1206.3, 117.2], [-1185.7, 119.2], [-1144.6, 116.9], [-1119.9, 119.1], [-1097.2, 112.5], [-1092.2, 101.5], [-1095.6, 77.6], [-1080.9, 54.2], [-1070.3, 43.4], [-1064.8, 33.7], [-1062.9, 20.1], [-1066.3, -6.0], [-1074.7, -15.8], [-1066.3, -6.0], [-1062.9, 20.1], [-1064.8, 33.7], [-1070.3, 43.4], [-1080.9, 54.2], [-1095.6, 77.6], [-1092.2, 101.5], [-1097.2, 112.5], [-1119.9, 119.1], [-1144.6, 116.9], [-1185.7, 119.2], [-1206.3, 117.2], [-1213.0, 128.9], [-1224.1, 134.8], [-1243.3, 133.6], [-1277.4, 119.4], [-1286.5, 107.8], [-1285.0, 98.3], [-1264.5, 73.6], [-1267.4, 56.5], [-1279.3, 46.9], [-1292.4, 39.3], [-1295.2, 33.1], [-1309.8, 26.1], [-1317.1, 29.0], [-1323.0, 27.9], [-1331.0, 19.0], [-1357.7, -10.5], [-1388.8, -45.7], [-1397.2, -63.3], [-1392.8, -70.6], [-1391.5, -86.0]]}}, {"type": "Feature", "properties": {"op": "add"}, "geometry": {"type": "LineString", "coordinates": [[-1391.5, -86.0], [-1392.8, -70.6], [-1397.2, -63.3], [-1385.8, -48.6], [-1355.3, -12.8], [-1329.1, 16.7], [-1323.0, 27.9], [-1317.1, 29.0], [-1309.8, 26.1], [-1295.2, 33.1], [-1292.4, 39.3], [-1279.3, 46.9], [-1267.4, 56.5], [-1264.5, 73.6], [-1285.0, 98.3], [-1286.5, 107.8], [-1277.4, 119.4], [-1243.3, 133.6], [-1224.1, 134.8], [-1213.0, 128.9], [-1206.3, 117.2], [-1185.7, 119.2], [-1144.6, 116.9], [-1119.9, 119.1], [-1097.2, 112.5], [-1092.2, 101.5], [-1095.6, 77.6], [-1080.9, 54.2], [-1070.3, 43.4], [-1064.8, 33.7], [-1062.9, 20.1], [-1066.3, -6.0], [-1074.7, -15.8], [-1066.3, -6.0], [-1062.9, 20.1], [-1064.8, 33.7], [-1070.3, 43.4], [-1080.9, 54.2], [-1095.6, 77.6], [-1092.2, 101.5], [-1097.2, 112.5], [-1119.9, 119.1], [-1144.6, 116.9], [-1185.7, 119.2], [-1206.3, 117.2], [-1213.0, 128.9], [-1224.1, 134.8], [-1243.3, 133.6], [-1277.4, 119.4], [-1286.5, 107.8], [-1285.0, 98.3], [-1264.5, 73.6], [-1267.4, 56.5], [-1279.3, 46.9], [-1292.4, 39.3], [-1295.2, 33.1], [-1309.8, 26.1], [-1317.1, 29.0], [-1323.0, 27.9], [-1329.1, 16.7], [-1355.3, -12.8], [-1385.8, -48.6], [-1397.2, -63.3], [-1392.8, -70.6], [-1391.5, -86.0]]}}, {"type": "Feature", "properties": {"op": "add"}, "geometry": {"type": "LineString", "coordinates": [[-1391.5, -86.0], [-1392.8, -70.6], [-1397.2, -63.3], [-1385.8, -48.6], [-1355.3, -12.8], [-1329.1, 16.7], [-1323.0, 27.9], [-1317.1, 29.0], [-1309.8, 26.1], [-1295.2, 33.1], [-1292.4, 39.3], [-1279.3, 46.9], [-1267.4, 56.5], [-1264.5, 73.6], [-1285.0, 98.3], [-1286.5, 107.8], [-1277.4, 119.4], [-1243.3, 133.6], [-1224.1, 134.8], [-1213.0, 128.9], [-1206.3, 117.2], [-1185.7, 119.2], [-1144.6, 116.9], [-1119.9, 119.1], [-1097.2, 112.5], [-1092.2, 101.5], [-1095.6, 77.6], [-1080.9, 54.2], [-1070.3, 43.4], [-1064.8, 33.7], [-1062.9, 20.1], [-1066.3, -6.0], [-1074.7, -15.8], [-1066.3, -6.0], [-1062.9, 20.1], [-1064.8, 33.7], [-1070.3, 43.4], [-1080.9, 54.2], [-1095.6, 77.6], [-1092.2, 101.5], [-1097.2, 112.5], [-1119.9, 119.1], [-1144.6, 116.9], [-1185.7, 119.2], [-1206.3, 117.2], [-1213.0, 128.9], [-1224.1, 134.8], [-1243.3, 133.6], [-1277.4, 119.4], [-1286.5, 107.8], [-1285.0, 98.3], [-1264.5, 73.6], [-1267.4, 56.5], [-1279.3, 46.9], [-1292.4, 39.3], [-1295.2, 33.1], [-1309.8, 26.1], [-1317.1, 29.0], [-1323.0, 27.9], [-1329.1, 16.7], [-1355.3, -12.8], [-1385.8, -48.6], [-1397.2, -63.3], [-1392.8, -70.6], [-1391.5, -86.0]]}}, {"type": "Feature", "properties": {"op": "add"}, "geometry": {"type": "LineString", "coordinates": [[-1391.5, -86.0], [-1392.8, -70.6], [-1397.2, -63.3], [-1385.8, -48.6], [-1355.3, -12.8], [-1329.1, 16.7], [-1323.0, 27.9], [-1317.1, 29.0], [-1309.8, 26.1], [-1295.2, 33.1], [-1292.4, 39.3], [-1279.3, 46.9], [-1267.4, 56.5], [-1264.5, 73.6], [-1285.0, 98.3], [-1286.5, 107.8], [-1277.4, 119.4], [-1243.3, 133.6], [-1224.1, 134.8], [-1213.0, 128.9], [-1206.3, 117.2], [-1185.7, 119.2], [-1144.6, 116.9], [-1119.9, 119.1], [-1097.2, 112.5], [-1092.2, 101.5], [-1095.6, 77.6], [-1080.9, 54.2], [-1070.3, 43.4], [-1064.8, 33.7], [-1062.9, 20.1], [-1066.3, -6.0], [-1074.7, -15.8], [-1066.3, -6.0], [-1062.9, 20.1], [-1064.8, 33.7], [-1070.3, 43.4], [-1080.9, 54.2], [-1095.6, 77.6], [-1092.2, 101.5], [-1097.2, 112.5], [-1119.9, 119.1], [-1144.6, 116.9], [-1185.7, 119.2], [-1206.3, 117.2], [-1213.0, 128.9], [-1224.1, 134.8], [-1243.3, 133.6], [-1277.4, 119.4], [-1286.5, 107.8], [-1285.0, 98.3], [-1264.5, 73.6], [-1267.4, 56.5], [-1279.3, 46.9], [-1292.4, 39.3], [-1295.2, 33.1], [-1309.8, 26.1], [-1317.1, 29.0], [-1323.0, 27.9], [-1329.1, 16.7], [-1355.3, -12.8], [-1385.8, -48.6], [-1397.2, -63.3], [-1392.8, -70.6], [-1391.5, -86.0]]}}, {"type": "Feature", "properties": {"op": "add"}, "geometry": {"type": "LineString", "coordinates": [[-1391.5, -86.0], [-1392.8, -70.6], [-1397.2, -63.3], [-1385.8, -48.6], [-1355.3, -12.8], [-1329.1, 16.7], [-1323.0, 27.9], [-1317.1, 29.0], [-1309.8, 26.1], [-1295.2, 33.1], [-1292.4, 39.3], [-1279.3, 46.9], [-1267.4, 56.5], [-1264.5, 73.6], [-1285.0, 98.3], [-1286.5, 107.8], [-1277.4, 119.4], [-1243.3, 133.6], [-1224.1, 134.8], [-1213.0, 128.9], [-1206.3, 117.2], [-1185.7, 119.2], [-1144.6, 116.9], [-1119.9, 119.1], [-1097.2, 112.5], [-1092.2, 101.5], [-1095.6, 77.6], [-1080.9, 54.2], [-1070.3, 43.4], [-1064.8, 33.7], [-1062.9, 20.1], [-1066.3, -6.0], [-1074.7, -15.8], [-1066.3, -6.0], [-1062.9, 20.1], [-1064.8, 33.7], [-1070.3, 43.4], [-1080.9, 54.2], [-1095.6, 77.6], [-1092.2, 101.5], [-1097.2, 112.5], [-1119.9, 119.1], [-1144.6, 116.9], [-1185.7, 119.2], [-1206.3, 117.2], [-1213.0, 128.9], [-1224.1, 134.8], [-1243.3, 133.6], [-1277.4, 119.4], [-1286.5, 107.8], [-1285.0, 98.3], [-1264.5, 73.6], [-1267.4, 56.5], [-1279.3, 46.9], [-1292.4, 39.3], [-1295.2, 33.1], [-1309.8, 26.1], [-1317.1, 29.0], [-1323.0, 27.9], [-1329.1, 16.7], [-1355.3, -12.8], [-1385.8, -48.6], [-1397.2, -63.3], [-1392.8, -70.6], [-1391.5, -86.0]]}}, {"type": "Feature", "properties": {"op": "add"}, "geometry": {"type": "LineString", "coordinates": [[-6999.1, -1358.5], [-7003.2, -1335.5], [-7007.5, -1311.5], [-7012.8, -1288.8], [-7016.5, -1270.4], [-7022.2, -1247.8], [-7025.6, -1228.3], [-7027.6, -1208.5], [-7036.2, -1197.6], [-7047.9, -1181.6], [-7062.2, -1163.3], [-7080.5, -1145.2], [-7096.6, -1126.7], [-7100.8, -1115.9], [-7110.3, -1102.7], [-7123.7, -1093.3], [-7145.4, -1084.9], [-7164.1, -1083.8], [-7188.1, -1088.0], [-7202.0, -1086.8], [-7219.3, -1089.5], [-7241.9, -1095.4], [-7260.8, -1100.9], [-7276.1, -1109.3], [-7294.5, -1125.5], [-7311.2, -1140.1], [-7324.2, -1156.6], [-7334.7, -1176.2], [-7345.4, -1196.8], [-7348.2, -1216.4], [-7363.4, -1232.5], [-7366.1, -1248.6], [-7367.6, -1268.4], [-7367.8, -1289.2], [-7360.2, -1307.6], [-7354.8, -1323.0], [-7347.5, -1329.3], [-7344.2, -1339.3], [-7348.2, -1351.6], [-7353.1, -1367.1], [-7354.8, -1371.5], [-7359.3, -1384.8], [-7365.7, -1403.5], [-7366.6, -1419.8], [-7366.9, -1433.8], [-7379.1, -1449.3], [-7391.1, -1469.3], [-7394.2, -1485.3], [-7394.2, -1504.0], [-7384.1, -1519.7], [-7376.0, -1529.6], [-7364.2, -1544.1], [-7348.0, -1546.0], [-7323.6, -1544.8], [-7301.5, -1543.8], [-7279.3, -1542.4], [-7256.0, -1540.4], [-7232.7, -1538.4], [-7213.8, -1544.1], [-7194.2, -1551.7], [-7174.9, -1556.1], [-7152.8, -1554.2], [-7128.4, -1552.1], [-7112.7, -1556.5], [-7098.9, -1558.5], [-7078.1, -1561.5], [-7058.5, -1564.3], [-7039.0, -1557.3], [-7020.5, -1554.7], [-7008.8, -1547.0], [-7001.1, -1536.8], [-7000.3, -1524.0], [-7006.3, -1508.8], [-7005.6, -1497.2], [-6995.9, -1485.5], [-6989.5, -1473.1], [-6987.9, -1460.3], [-6990.7, -1440.7], [-6992.9, -1425.7], [-6996.5, -1418.4], [-6995.2, -1408.0], [-6995.6, -1398.7], [-6996.7, -1388.2], [-6997.7, -1380.1]]}}, {"type": "Feature", "properties": {"op": "add"}, "geometry": {"type": "LineString", "coordinates": [[4535.0, -7400.3], [4565.6, -7421.5], [4583.5, -7432.1], [4602.6, -7440.9], [4623.1, -7445.4], [4652.6, -7452.1], [4672.9, -7446.9], [4695.7, -7442.9], [4707.7, -7422.8], [4709.8, -7394.7], [4712.4, -7359.8], [4714.5, -7334.2], [4720.4, -7302.1], [4732.3, -7276.8], [4745.5, -7257.5], [4757.4, -7240.2], [4765.5, -7220.8], [4766.5, -7202.2], [4763.9, -7181.4], [4750.2, -7165.3], [4735.1, -7147.5], [4719.5, -7130.3], [4702.1, -7118.6], [4683.4, -7117.6], [4667.0, -7117.1], [4648.6, -7120.4], [4627.7, -7120.4], [4609.6, -7116.1], [4591.5, -7111.9], [4575.1, -7112.6], [4563.2, -7123.9], [4548.0, -7134.6], [4536.9, -7143.2], [4523.1, -7155.8], [4513.1, -7165.7], [4498.2, -7180.5], [4484.9, -7196.7], [4472.4, -7207.0], [4459.5, -7220.5], [4450.1, -7236.6], [4446.2, -7252.5], [4448.5, -7273.3], [4458.9, -7294.3], [4472.0, -7316.5], [4476.6, -7334.5], [4487.0, -7352.8], [4498.8, -7367.1], [4512.5, -7383.1]]}}, {"type": "Feature", "properties": {"op": "add"}, "geometry": {"type": "LineString", "coordinates": [[-1007.6, 421.9], [-1037.2, 424.6], [-1066.7, 422.7], [-1112.9, 422.6], [-1143.1, 417.1], [-1176.1, 395.8], [-1216.5, 370.3], [-1255.1, 360.7], [-1281.1, 326.6], [-1322.0, 315.6], [-1353.5, 289.5], [-1377.0, 259.6], [-1409.1, 246.4], [-1433.8, 215.7], [-1467.7, 191.0], [-1493.5, 193.2], [-1518.3, 184.9], [-1540.6, 160.9], [-1575.2, 156.2], [-1581.5, 115.9], [-1601.3, 75.8], [-1630.3, 59.3], [-1656.0, 53.0], [-1677.1, 18.6], [-1677.6, -16.4], [-1684.7, -53.5], [-1684.6, -84.3], [-1683.3, -115.3], [-1682.8, -148.3], [-1680.9, -183.0], [-1684.3, -217.9], [-1653.3, -245.3], [-1649.0, -285.5], [-1647.0, -318.7], [-1616.9, -350.2], [-1614.4, -387.4], [-1586.5, -414.6], [-1555.3, -449.7], [-1515.4, -421.7], [-1484.7, -422.1], [-1452.8, -419.1], [-1425.5, -445.8], [-1420.3, -480.4], [-1420.3, -520.7], [-1414.2, -549.6], [-1389.9, -580.5], [-1346.9, -591.1], [-1316.2, -612.4], [-1284.5, -642.3], [-1277.4, -681.2], [-1257.7, -715.3], [-1236.7, -743.0], [-1218.5, -750.3], [-1210.0, -780.3], [-1210.8, -815.4], [-1182.2, -825.0], [-1179.2, -849.3], [-1182.8, -883.3], [-1147.8, -918.5], [-1147.5, -947.7], [-1115.4, -975.2], [-1085.2, -976.8], [-1042.0, -957.2], [-1018.5, -946.4], [-996.4, -908.9], [-990.2, -867.7], [-1008.3, -845.2], [-993.9, -747.2], [-1011.6, -720.7], [-1015.9, -684.1], [-1016.8, -650.2], [-1007.9, -619.4], [-984.4, -609.0], [-950.7, -618.3], [-923.7, -646.2], [-882.0, -651.0], [-854.3, -650.8], [-811.4, -658.4], [-782.8, -627.0], [-759.2, -610.9], [-720.8, -592.6], [-684.3, -600.0], [-720.8, -592.6], [-759.2, -610.9], [-782.8, -627.0], [-811.4, -658.4], [-854.3, -650.8], [-882.0, -651.0], [-923.7, -646.2], [-950.7, -618.3], [-984.4, -609.0], [-1007.9, -619.4], [-1016.8, -650.2], [-1015.9, -684.1], [-1011.6, -720.7], [-993.9, -747.2], [-1008.3, -845.2], [-990.2, -867.7], [-996.4, -908.9], [-1018.5, -946.4], [-1042.0, -957.2], [-1085.2, -976.8], [-1115.4, -975.2], [-1147.5, -947.7], [-1147.8, -918.5], [-1182.8, -883.3], [-1179.2, -849.3], [-1182.2, -825.0], [-1210.8, -815.4], [-1210.0, -780.3], [-1218.5, -750.3], [-1236.7, -743.0], [-1257.7, -715.3], [-1277.4, -681.2], [-1284.5, -642.3], [-1316.2, -612.4], [-1346.9, -591.1], [-1389.9, -580.5], [-1414.2, -549.6], [-1420.3, -520.7], [-1420.3, -480.4], [-1425.5, -445.8], [-1452.8, -419.1], [-1484.7, -422.1], [-1515.4, -421.7], [-1555.3, -449.7], [-1586.5, -414.6], [-1614.4, -387.4], [-1616.9, -350.2], [-1647.0, -318.7], [-1649.0, -285.5], [-1653.3, -245.3], [-1684.3, -217.9], [-1680.9, -183.0], [-1682.8, -148.3], [-1683.3, -115.3], [-1684.6, -84.3], [-1684.7, -53.5], [-1677.6, -16.4], [-1677.1, 18.6], [-1656.0, 53.0], [-1630.3, 59.3], [-1601.3, 75.8], [-1581.5, 115.9], [-1575.2, 156.2], [-1540.6, 160.9], [-1518.3, 184.9], [-1493.5, 193.2], [-1467.7, 191.0], [-1433.8, 215.7], [-1409.1, 246.4], [-1377.0, 259.6], [-1353.5, 289.5], [-1322.0, 315.6], [-1281.1, 326.6], [-1255.1, 360.7], [-1216.5, 370.3], [-1176.1, 395.8], [-1143.1, 417.1], [-1112.9, 422.6], [-1066.7, 422.7], [-1037.2, 424.6], [-1007.6, 421.9], [-974.2, 417.1]]}}, {"type": "Feature", "properties": {"op": "add"}, "geometry": {"type": "LineString", "coordinates": [[-2710.7, 163.3], [-2673.6, 159.4], [-2666.4, 130.5], [-2652.2, 106.5], [-2644.1, 80.5], [-2647.6, 47.9], [-2674.7, 19.1], [-2654.1, -13.8], [-2623.8, -50.0], [-2625.0, -82.2], [-2640.1, -114.8], [-2630.9, -155.9], [-2648.4, -189.7], [-2653.1, -216.5], [-2653.3, -253.8], [-2653.7, -284.7], [-2678.1, -318.1], [-2678.7, -356.4], [-2682.2, -385.5], [-2675.5, -418.9], [-2651.6, -446.2], [-2650.0, -485.9], [-2654.0, -523.7], [-2648.3, -550.1], [-2643.8, -583.0], [-2651.5, -615.3], [-2656.2, -662.2], [-2646.3, -674.1], [-2626.5, -706.5], [-2623.7, -749.3], [-2640.4, -780.5], [-2654.0, -813.9], [-2658.0, -849.3], [-2643.6, -886.5], [-2620.5, -916.7], [-2584.2, -916.4], [-2552.4, -923.7], [-2547.4, -952.7], [-2552.7, -980.1], [-2584.2, -994.7], [-2619.3, -1011.6], [-2649.3, -1026.3], [-2656.4, -1053.2], [-2650.2, -1085.0], [-2645.8, -1113.3], [-2622.3, -1140.4], [-2583.1, -1156.3], [-2545.0, -1182.2], [-2518.6, -1219.8], [-2521.7, -1246.9], [-2521.6, -1246.7], [-2521.7, -1246.9], [-2524.0, -1251.3], [-2525.8, -1254.8], [-2526.8, -1256.6], [-2527.7, -1258.4], [-2529.1, -1261.0], [-2530.0, -1262.8], [-2531.4, -1265.5], [-2533.7, -1269.9], [-2543.6, -1288.5], [-2552.3, -1316.4], [-2543.6, -1288.5], [-2533.7, -1269.9], [-2531.4, -1265.5], [-2530.0, -1262.8], [-2529.1, -1261.0], [-2527.7, -1258.4], [-2526.8, -1256.6], [-2525.8, -1254.8], [-2524.0, -1251.3], [-2521.7, -1246.9], [-2521.6, -1246.7], [-2521.7, -1246.9], [-2518.6, -1219.8], [-2545.0, -1182.2], [-2583.1, -1156.3], [-2622.3, -1140.4], [-2645.8, -1113.3], [-2650.2, -1085.0], [-2656.4, -1053.2], [-2649.3, -1026.3], [-2619.3, -1011.6], [-2584.2, -994.7], [-2552.7, -980.1], [-2547.4, -952.7], [-2552.4, -923.7], [-2584.2, -916.4], [-2620.5, -916.7], [-2643.6, -886.5], [-2658.0, -849.3], [-2654.0, -813.9], [-2640.4, -780.5], [-2623.7, -749.3], [-2626.5, -706.5], [-2646.3, -674.1], [-2656.2, -662.2], [-2651.5, -615.3], [-2643.8, -583.0], [-2648.3, -550.1], [-2654.0, -523.7], [-2650.0, -485.9], [-2651.6, -446.2], [-2675.5, -418.9], [-2682.2, -385.5], [-2678.7, -356.4], [-2678.1, -318.1], [-2653.7, -284.7], [-2653.3, -253.8], [-2653.1, -216.5], [-2648.4, -189.7], [-2630.9, -155.9], [-2640.1, -114.8], [-2625.0, -82.2], [-2623.8, -50.0], [-2654.1, -13.8], [-2674.7, 19.1], [-2647.6, 47.9], [-2644.1, 80.5], [-2652.2, 106.5], [-2666.4, 130.5], [-2673.6, 159.4], [-2710.7, 163.3], [-2729.9, 198.0]]}}, {"type": "Feature", "properties": {"op": "add"}, "geometry": {"type": "LineString", "coordinates": [[-1020.2, -980.9], [-1053.2, -975.8], [-1084.6, -977.7], [-1116.7, -978.4], [-1138.6, -962.3], [-1148.6, -919.5], [-1138.5, -892.7], [-1150.0, -851.0], [-1150.9, -817.9], [-1147.5, -776.8], [-1147.1, -744.1], [-1147.8, -718.7], [-1146.8, -686.6], [-1146.2, -645.8], [-1146.3, -617.2], [-1152.5, -582.0], [-1182.2, -547.8], [-1187.4, -514.6], [-1185.5, -474.7], [-1206.8, -445.1], [-1220.3, -406.0], [-1230.4, -363.7], [-1255.7, -345.3], [-1287.0, -315.8], [-1318.4, -284.0], [-1355.6, -280.1], [-1386.9, -287.9], [-1417.0, -286.6], [-1449.1, -291.5], [-1475.8, -319.8], [-1509.4, -346.0], [-1525.5, -382.7], [-1554.0, -412.7], [-1590.7, -412.9], [-1617.6, -390.5], [-1648.7, -355.3], [-1685.4, -350.5], [-1721.1, -348.5], [-1755.0, -344.0], [-1782.8, -322.7], [-1819.2, -318.8], [-1851.8, -323.0], [-1877.4, -346.3], [-1854.2, -381.5], [-1830.9, -410.5], [-1827.4, -441.5], [-1839.0, -472.4], [-1844.7, -521.9], [-1840.5, -549.9], [-1843.9, -588.5], [-1821.0, -620.8], [-1809.2, -660.4], [-1811.9, -689.8], [-1818.2, -715.4], [-1827.0, -752.0], [-1846.0, -776.3], [-1882.5, -791.6], [-1912.1, -811.5], [-1923.2, -849.5], [-1950.4, -884.6], [-1979.6, -915.4], [-2024.5, -924.4], [-2047.3, -920.1], [-2091.6, -922.3], [-2119.9, -922.6], [-2153.1, -929.1], [-2183.9, -946.2], [-2217.3, -948.4], [-2255.0, -925.8], [-2279.4, -888.1], [-2285.2, -846.2], [-2291.1, -816.9], [-2319.8, -789.6], [-2363.7, -777.8], [-2386.8, -777.7], [-2420.1, -759.8], [-2433.9, -784.3], [-2453.8, -811.7], [-2457.6, -840.0], [-2465.3, -881.2], [-2490.8, -889.4], [-2513.5, -886.2], [-2541.6, -891.9], [-2550.9, -914.0], [-2586.0, -921.2], [-2616.4, -890.5], [-2586.0, -921.2], [-2550.9, -914.0], [-2541.6, -891.9], [-2513.5, -886.2], [-2490.8, -889.4], [-2465.3, -881.2], [-2457.6, -840.0], [-2453.8, -811.7], [-2433.9, -784.3], [-2420.1, -759.8], [-2386.8, -777.7], [-2363.7, -777.8], [-2319.8, -789.6], [-2291.1, -816.9], [-2285.2, -846.2], [-2279.4, -888.1], [-2255.0, -925.8], [-2217.3, -948.4], [-2183.9, -946.2], [-2153.1, -929.1], [-2119.9, -922.6], [-2091.6, -922.3], [-2047.3, -920.1], [-2024.5, -924.4], [-1979.6, -915.4], [-1950.4, -884.6], [-1923.2, -849.5], [-1912.1, -811.5], [-1882.5, -791.6], [-1846.0, -776.3], [-1827.0, -752.0], [-1818.2, -715.4], [-1811.9, -689.8], [-1809.2, -660.4], [-1821.0, -620.8], [-1843.9, -588.5], [-1840.5, -549.9], [-1844.7, -521.9], [-1839.0, -472.4], [-1827.4, -441.5], [-1830.9, -410.5], [-1854.2, -381.5], [-1877.4, -346.3], [-1851.8, -323.0], [-1819.2, -318.8], [-1782.8, -322.7], [-1755.0, -344.0], [-1721.1, -348.5], [-1685.4, -350.5], [-1648.7, -355.3], [-1617.6, -390.5], [-1590.7, -412.9], [-1554.0, -412.7], [-1525.5, -382.7], [-1509.4, -346.0], [-1475.8, -319.8], [-1449.1, -291.5], [-1417.0, -286.6], [-1386.9, -287.9], [-1355.6, -280.1], [-1318.4, -284.0], [-1287.0, -315.8], [-1255.7, -345.3], [-1230.4, -363.7], [-1220.3, -406.0], [-1206.8, -445.1], [-1185.5, -474.7], [-1187.4, -514.6], [-1182.2, -547.8], [-1152.5, -582.0], [-1146.3, -617.2], [-1146.2, -645.8], [-1146.8, -686.6], [-1147.8, -718.7], [-1147.1, -744.1], [-1147.5, -776.8], [-1150.9, -817.9], [-1150.0, -851.0], [-1138.5, -892.7], [-1148.6, -919.5], [-1138.6, -962.3], [-1116.7, -978.4], [-1084.6, -977.7], [-1053.2, -975.8], [-1020.2, -980.9], [-990.2, -1000.7]]}}, {"type": "Feature", "properties": {"op": "add"}, "geometry": {"type": "LineString", "coordinates": [[-1142.9, -1120.5], [-1151.0, -1116.0], [-1158.0, -1106.7], [-1166.0, -1101.3], [-1170.1, -1095.7], [-1173.8, -1081.3], [-1179.8, -1047.4], [-1185.9, -1030.3], [-1200.7, -1007.5], [-1221.3, -983.9], [-1238.5, -967.7], [-1248.2, -961.5], [-1270.2, -952.7], [-1294.4, -940.5], [-1318.3, -927.8], [-1335.0, -917.8], [-1350.1, -901.3], [-1356.8, -884.6], [-1359.6, -869.6], [-1360.9, -850.5], [-1358.3, -820.6], [-1353.6, -799.7], [-1330.3, -762.5], [-1325.8, -737.2], [-1328.5, -739.9], [-1336.7, -728.0], [-1352.4, -713.4], [-1381.1, -692.9], [-1395.9, -679.5], [-1406.7, -667.7], [-1423.8, -645.7], [-1444.5, -616.2], [-1459.9, -603.6], [-1470.1, -597.1], [-1480.8, -578.5], [-1487.2, -563.9], [-1489.6, -544.7], [-1489.6, -528.9], [-1489.6, -501.7], [-1492.6, -462.4], [-1505.8, -429.5], [-1517.9, -391.2], [-1531.0, -366.4], [-1541.6, -349.7], [-1545.7, -327.8], [-1553.2, -305.1], [-1560.4, -287.2], [-1574.4, -260.7], [-1580.8, -247.3], [-1589.0, -225.0], [-1606.3, -193.2], [-1620.5, -164.6], [-1625.1, -130.6], [-1623.8, -118.8], [-1618.6, -99.6], [-1609.0, -78.9], [-1598.5, -62.4], [-1590.7, -44.4], [-1584.1, -25.6], [-1574.2, -8.5], [-1567.5, 1.3], [-1558.7, 13.8], [-1546.2, 28.3], [-1540.4, 33.9], [-1524.0, 50.8], [-1494.8, 88.4], [-1487.8, 87.6], [-1484.6, 90.8], [-1482.2, 118.8], [-1481.2, 161.9], [-1476.2, 226.4], [-1465.8, 244.7], [-1454.2, 259.7], [-1449.1, 265.1], [-1441.8, 269.9], [-1428.3, 277.0], [-1410.2, 284.1], [-1395.0, 286.3], [-1367.9, 286.7], [-1352.3, 288.2], [-1320.9, 291.8], [-1311.2, 297.3], [-1298.2, 309.0], [-1272.3, 316.6], [-1253.1, 320.9], [-1233.0, 334.9], [-1211.3, 358.0], [-1233.0, 334.9], [-1253.1, 320.9], [-1272.3, 316.6], [-1298.2, 309.0], [-1311.2, 297.3], [-1320.9, 291.8], [-1352.3, 288.2], [-1367.9, 286.7], [-1395.0, 286.3], [-1410.2, 284.1], [-1428.3, 277.0], [-1441.8, 269.9], [-1449.1, 265.1], [-1454.2, 259.7], [-1465.8, 244.7], [-1476.2, 226.4], [-1481.2, 161.9], [-1482.2, 118.8], [-1484.6, 90.8], [-1487.8, 87.6], [-1494.8, 88.4], [-1524.0, 50.8], [-1540.4, 33.9], [-1546.2, 28.3], [-1558.7, 13.8], [-1567.5, 1.3], [-1574.2, -8.5], [-1584.1, -25.6], [-1590.7, -44.4], [-1598.5, -62.4], [-1609.0, -78.9], [-1618.6, -99.6], [-1623.8, -118.8], [-1625.1, -130.6], [-1620.5, -164.6], [-1606.3, -193.2], [-1589.0, -225.0], [-1580.8, -247.3], [-1574.4, -260.7], [-1560.4, -287.2], [-1553.2, -305.1], [-1545.7, -327.8], [-1541.6, -349.7], [-1531.0, -366.4], [-1517.9, -391.2], [-1505.8, -429.5], [-1492.6, -462.4], [-1489.6, -501.7], [-1489.6, -528.9], [-1489.6, -544.7], [-1487.2, -563.9], [-1480.8, -578.5], [-1470.1, -597.1], [-1459.9, -603.6], [-1444.5, -616.2], [-1423.8, -645.7], [-1406.7, -667.7], [-1395.9, -679.5], [-1381.1, -692.9], [-1352.4, -713.4], [-1336.7, -728.0], [-1328.5, -739.9], [-1325.8, -737.2], [-1330.3, -762.5], [-1353.6, -799.7], [-1358.3, -820.6], [-1360.9, -850.5], [-1359.6, -869.6], [-1356.8, -884.6], [-1350.1, -901.3], [-1335.0, -917.8], [-1318.3, -927.8], [-1294.4, -940.5], [-1270.2, -952.7], [-1248.2, -961.5], [-1238.5, -967.7], [-1221.3, -983.9], [-1200.7, -1007.5], [-1185.9, -1030.3], [-1179.8, -1047.4], [-1173.8, -1081.3], [-1170.1, -1095.7], [-1166.0, -1101.3], [-1158.0, -1106.7], [-1151.0, -1116.0], [-1142.9, -1120.5], [-1139.0, -1120.1]]}}, {"type": "Feature", "properties": {"op": "add"}, "geometry": {"type": "LineString", "coordinates": [[7909.7, -4598.7], [7934.2, -4580.3], [7951.7, -4563.3], [7959.8, -4516.9], [7951.1, -4478.8], [7926.2, -4464.5], [7908.9, -4439.5], [7893.7, -4403.9], [7888.4, -4391.5], [7881.9, -4376.5], [7873.1, -4371.2], [7850.8, -4359.5], [7831.8, -4378.8], [7830.9, -4405.7], [7836.7, -4419.4], [7818.7, -4440.1], [7718.3, -4463.4], [7687.6, -4464.4], [7628.2, -4459.5], [7614.4, -4457.2], [7589.7, -4449.6], [7559.7, -4464.9], [7562.7, -4511.6], [7600.1, -4535.2], [7607.4, -4567.4], [7632.5, -4565.4], [7641.1, -4570.6], [7652.0, -4575.5], [7654.2, -4576.3], [7668.8, -4585.7], [7683.9, -4603.1], [7702.2, -4622.0], [7711.4, -4625.5], [7731.2, -4639.0], [7733.5, -4640.6], [7735.6, -4641.5], [7750.6, -4639.4], [7767.4, -4640.2], [7809.5, -4629.9], [7834.8, -4631.8], [7848.4, -4638.9], [7860.6, -4635.4], [7869.2, -4632.9], [7907.8, -4600.2]]}}, {"type": "Feature", "properties": {"op": "add"}, "geometry": {"type": "LineString", "coordinates": [[-7724.2, 1676.4], [-7733.1, 1688.7], [-7747.7, 1696.0], [-7762.2, 1703.2], [-7776.7, 1710.4], [-7778.7, 1726.6], [-7780.5, 1744.1], [-7782.2, 1760.8], [-7783.9, 1777.8], [-7785.6, 1794.9], [-7787.2, 1811.9], [-7790.6, 1823.0], [-7793.9, 1834.0], [-7807.1, 1836.0], [-7820.3, 1838.1], [-7836.2, 1836.0], [-7852.0, 1834.0], [-7865.6, 1826.0], [-7879.8, 1817.6], [-7894.8, 1808.7], [-7909.3, 1800.2], [-7923.4, 1791.5], [-7929.2, 1777.7], [-7935.1, 1763.8], [-7940.9, 1749.8], [-7946.8, 1736.0], [-7953.2, 1720.6], [-7959.8, 1705.5], [-7956.8, 1692.5], [-7953.3, 1678.1], [-7950.0, 1663.6], [-7941.7, 1650.5], [-7932.8, 1636.6], [-7923.5, 1622.0], [-7914.2, 1607.5], [-7900.8, 1598.5], [-7887.4, 1589.4], [-7873.9, 1580.5], [-7863.4, 1570.4], [-7852.9, 1560.2], [-7838.4, 1555.7], [-7824.9, 1551.6], [-7811.3, 1547.2], [-7800.0, 1536.8], [-7788.9, 1526.4], [-7776.1, 1524.1], [-7763.3, 1521.7], [-7747.1, 1522.5], [-7731.0, 1523.3], [-7715.6, 1526.9], [-7700.3, 1530.5], [-7686.1, 1543.7], [-7678.8, 1557.7], [-7671.6, 1571.6], [-7664.3, 1585.6], [-7656.8, 1599.5], [-7667.4, 1611.8], [-7677.9, 1624.1], [-7688.5, 1636.4], [-7699.3, 1649.0], [-7710.0, 1661.7]]}}, {"type": "Feature", "properties": {"op": "add"}, "geometry": {"type": "LineString", "coordinates": [[-3030.6, -4244.2], [-3055.6, -4254.0], [-3074.3, -4263.3], [-3089.3, -4261.8], [-3108.2, -4257.4], [-3131.2, -4264.9], [-3138.6, -4279.6], [-3142.4, -4298.2], [-3136.9, -4332.6], [-3123.3, -4363.7], [-3119.0, -4379.8], [-3110.2, -4401.1], [-3090.6, -4419.0], [-3063.3, -4428.8], [-3042.3, -4435.5], [-3028.1, -4446.7], [-3013.4, -4453.0], [-2982.8, -4462.2], [-2958.4, -4472.7], [-2926.1, -4479.4], [-2897.4, -4475.6], [-2860.9, -4466.9], [-2826.5, -4457.9], [-2800.7, -4437.9], [-2802.7, -4411.0], [-2812.6, -4389.9], [-2832.9, -4364.6], [-2862.6, -4326.1], [-2881.0, -4302.4], [-2906.1, -4272.7], [-2940.9, -4260.4], [-2972.8, -4253.8], [-3005.3, -4247.8]]}}, {"type": "Feature", "properties": {"op": "add"}, "geometry": {"type": "LineString", "coordinates": [[1254.2, -5419.5], [1229.3, -5435.9], [1208.8, -5447.4], [1188.0, -5453.1], [1153.8, -5448.2], [1124.3, -5439.6], [1100.6, -5425.7], [1080.5, -5423.1], [1055.6, -5418.5], [1027.0, -5411.6], [1002.2, -5421.3], [978.4, -5425.1], [959.9, -5425.5], [939.5, -5439.2], [925.0, -5446.0], [902.3, -5443.9], [880.7, -5439.1], [850.2, -5453.4], [880.7, -5439.1], [902.3, -5443.9], [925.0, -5446.0], [939.5, -5439.2], [959.9, -5425.5], [978.4, -5425.1], [1002.2, -5421.3], [1027.0, -5411.6], [1055.6, -5418.5], [1080.5, -5423.1], [1100.6, -5425.7], [1124.3, -5439.6], [1153.8, -5448.2], [1188.0, -5453.1], [1208.8, -5447.4], [1229.3, -5435.9], [1254.2, -5419.5], [1284.6, -5416.2]]}}, {"type": "Feature", "properties": {"op": "add"}, "geometry": {"type": "LineString", "coordinates": [[884.8, -5424.3], [860.0, -5429.4], [840.1, -5447.6], [808.6, -5450.2], [785.2, -5449.4], [752.4, -5448.9], [710.3, -5452.8], [683.3, -5449.8], [655.5, -5444.4], [651.6, -5424.5], [618.4, -5414.9], [588.9, -5403.3], [542.9, -5406.3], [511.9, -5405.8], [482.2, -5413.7], [445.7, -5419.1], [482.2, -5413.7], [511.9, -5405.8], [542.9, -5406.3], [588.9, -5403.3], [618.4, -5414.9], [651.6, -5424.5], [655.5, -5444.4], [683.3, -5449.8], [710.3, -5452.8], [752.4, -5448.9], [785.2, -5449.4], [808.6, -5450.2], [840.1, -5447.6], [860.0, -5429.4], [884.8, -5424.3], [910.9, -5418.0]]}}, {"type": "Feature", "properties": {"op": "add"}, "geometry": {"type": "LineString", "coordinates": [[478.2, -5354.2], [449.3, -5339.3], [417.4, -5331.7], [401.9, -5346.2], [384.3, -5356.5], [365.9, -5363.7], [359.1, -5389.1], [351.8, -5414.2], [336.8, -5442.3], [336.8, -5463.6], [326.5, -5489.9], [298.0, -5504.6], [266.1, -5515.1], [239.6, -5514.2], [209.4, -5516.5], [181.9, -5520.0], [152.5, -5520.0], [112.3, -5522.8], [71.8, -5513.6], [42.7, -5516.0], [71.8, -5513.6], [112.3, -5522.8], [152.5, -5520.0], [181.9, -5520.0], [209.4, -5516.5], [239.6, -5514.2], [266.1, -5515.1], [298.0, -5504.6], [326.5, -5489.9], [336.8, -5463.6], [336.8, -5442.3], [351.8, -5414.2], [359.1, -5389.1], [365.9, -5363.7], [384.3, -5356.5], [401.9, -5346.2], [417.2, -5331.9], [449.3, -5339.3], [478.2, -5354.2], [483.3, -5373.6]]}}, {"type": "Feature", "properties": {"op": "add"}, "geometry": {"type": "LineString", "coordinates": [[-608.2, -5817.9], [-636.5, -5820.9], [-659.2, -5823.3], [-691.7, -5820.4], [-713.3, -5824.0], [-751.3, -5827.4], [-783.6, -5825.7], [-808.3, -5822.9], [-845.3, -5820.4], [-875.7, -5822.9], [-909.9, -5825.7], [-942.4, -5823.4], [-981.0, -5821.3], [-1015.4, -5815.6], [-1034.8, -5796.0], [-1056.6, -5790.9], [-1070.6, -5793.1], [-1094.4, -5787.6], [-1114.5, -5780.1], [-1128.8, -5771.2], [-1147.6, -5767.0], [-1179.7, -5766.3], [-1207.7, -5765.6], [-1232.5, -5768.1], [-1249.5, -5772.1], [-1232.5, -5768.1], [-1207.7, -5765.6], [-1179.7, -5766.3], [-1147.6, -5767.0], [-1128.8, -5771.2], [-1114.5, -5780.1], [-1094.4, -5787.6], [-1070.6, -5793.1], [-1056.6, -5790.9], [-1034.8, -5796.0], [-1015.4, -5815.6], [-981.0, -5821.3], [-942.4, -5823.4], [-909.9, -5825.7], [-875.7, -5822.9], [-845.3, -5820.4], [-808.3, -5822.9], [-783.6, -5825.7], [-751.3, -5827.4], [-713.3, -5824.0], [-691.7, -5820.4], [-659.2, -5823.3], [-636.5, -5820.9], [-608.2, -5817.9], [-581.4, -5813.8]]}}, {"type": "Feature", "properties": {"op": "add"}, "geometry": {"type": "LineString", "coordinates": [[-1414.7, -5785.9], [-1429.1, -5803.2], [-1440.1, -5818.4], [-1473.3, -5817.6], [-1493.1, -5817.8], [-1515.1, -5820.9], [-1546.9, -5824.5], [-1576.6, -5830.7], [-1610.0, -5827.8], [-1649.5, -5819.8], [-1656.2, -5794.9], [-1638.7, -5767.9], [-1641.8, -5751.1], [-1618.0, -5731.5], [-1600.3, -5710.1], [-1617.4, -5693.5], [-1640.4, -5682.3], [-1660.6, -5671.5], [-1686.9, -5662.6], [-1698.2, -5629.5], [-1712.6, -5613.6], [-1728.0, -5592.7], [-1744.3, -5587.0], [-1728.0, -5592.7], [-1712.6, -5613.6], [-1698.2, -5629.5], [-1686.9, -5662.6], [-1660.6, -5671.5], [-1640.4, -5682.3], [-1617.4, -5693.5], [-1600.3, -5710.1], [-1618.0, -5731.5], [-1641.8, -5751.1], [-1638.7, -5767.9], [-1656.2, -5794.9], [-1649.5, -5819.8], [-1610.0, -5827.8], [-1576.6, -5830.7], [-1546.9, -5824.5], [-1515.1, -5820.9], [-1493.1, -5817.8], [-1473.3, -5817.6], [-1440.1, -5818.4], [-1429.1, -5803.2], [-1414.7, -5785.9], [-1368.8, -5778.0]]}}, {"type": "Feature", "properties": {"op": "add"}, "geometry": {"type": "LineString", "coordinates": [[3175.9, 193.5], [3187.9, 197.1], [3203.5, 192.3], [3219.1, 182.2], [3229.8, 191.2], [3225.0, 199.4], [3227.7, 210.8], [3232.9, 223.7], [3263.1, 226.0], [3284.8, 220.4], [3315.7, 210.2], [3341.0, 214.3], [3367.1, 224.6], [3409.1, 226.4], [3432.3, 225.4], [3454.9, 219.3], [3470.5, 214.8], [3481.4, 212.6], [3500.3, 210.9], [3515.2, 212.5], [3522.9, 213.6], [3601.7, 217.8], [3638.6, 212.5], [3680.8, 200.3], [3725.7, 180.4], [3762.3, 159.7], [3774.5, 151.2], [3789.7, 140.4], [3821.4, 111.6], [3850.4, 84.7], [3875.3, 60.4], [3908.2, 35.2], [3942.2, 14.9], [3976.4, -0.1], [4008.3, -6.6], [4029.5, -6.6], [4050.1, 1.5], [4083.4, 14.1], [4098.5, 20.0], [4125.8, 32.7], [4149.1, 46.8], [4164.4, 55.9], [4200.3, 82.4], [4202.2, 83.8], [4256.2, 126.8], [4338.7, 176.2]]}}, {"type": "Feature", "properties": {"op": "add"}, "geometry": {"type": "LineString", "coordinates": [[-8832.5, -4374.5], [-8810.6, -4373.8], [-8795.0, -4366.3], [-8752.5, -4366.4], [-8725.0, -4352.2], [-8708.8, -4353.3], [-8685.0, -4379.2], [-8656.8, -4388.0], [-8612.8, -4397.2], [-8578.6, -4408.6], [-8539.1, -4421.4], [-8514.0, -4425.8], [-8486.3, -4428.8], [-8447.0, -4440.7], [-8417.6, -4445.2], [-8388.9, -4448.0], [-8352.0, -4447.6], [-8327.6, -4442.5], [-8262.7, -4426.0], [-8161.7, -4410.5]]}}, {"type": "Feature", "properties": {"op": "add"}, "geometry": {"type": "LineString", "coordinates": [[7829.7, -2244.9], [7817.2, -2306.2], [7866.5, -2312.2], [7908.5, -2309.1], [7933.3, -2314.8], [7942.5, -2320.2], [7953.0, -2357.9], [7962.7, -2411.2], [7976.9, -2552.7], [7949.3, -2569.1], [7950.9, -2597.0], [7948.8, -2610.8], [7928.8, -2629.9], [7948.7, -2610.6], [7952.0, -2592.0], [7940.6, -2577.8], [7908.7, -2566.4], [7873.1, -2567.4], [7839.8, -2570.6], [7830.7, -2572.9], [7890.5, -2567.3], [7906.4, -2566.1], [7925.9, -2573.6], [7912.3, -2568.5]]}}]}