{"type": "FeatureCollection", "features": [{"type": "Feature", "properties": {"op": "add"}, "geometry": {"type": "LineString", "coordinates": [[-4998.0, -1167.0], [-4958.4, -1199.3], [-4914.9, -1245.3], [-4869.5, -1265.4], [-4801.3, -1277.1], [-4748.6, -1271.1], [-4690.7, -1234.5], [-4641.9, -1179.7], [-4625.0, -1143.8], [-4627.1, -1056.0], [-4635.3, -1023.2], [-4674.6, -976.7], [-4747.2, -991.1], [-4787.8, -1029.7], [-4807.0, -1028.6], [-4813.8, -1071.0], [-4838.9, -1087.6], [-4871.8, -1089.7], [-4872.7, -1119.3], [-4828.6, -1165.4], [-4769.7, -1163.8], [-4740.4, -1137.9], [-4734.6, -1088.4], [-4772.8, -1023.5], [-4747.0, -990.8], [-4690.8, -972.0], [-4701.2, -927.2], [-4768.3, -906.3], [-4786.8, -906.6], [-4811.8, -905.4], [-4833.1, -904.3], [-4871.0, -912.9], [-4921.6, -954.8], [-4981.5, -1008.1], [-4991.1, -1039.6], [-4992.6, -1059.6], [-4995.8, -1090.8], [-4997.7, -1116.2]]}}, {"type": "Feature", "properties": {"op": "add"}, "geometry": {"type": "LineString", "coordinates": [[-11342.8, -399.5], [-11350.1, -387.9], [-11366.8, -365.9], [-11374.3, -339.9], [-11381.1, -319.0], [-11390.0, -292.7], [-11402.0, -287.8], [-11415.1, -286.1], [-11437.0, -288.2], [-11476.3, -290.1], [-11492.2, -302.5], [-11522.3, -326.5], [-11549.5, -321.6], [-11577.0, -298.5], [-11591.1, -287.2], [-11612.4, -274.2], [-11618.6, -270.3], [-11645.5, -253.2], [-11681.6, -230.8], [-11696.3, -221.4], [-11723.6, -195.0], [-11738.2, -170.6], [-11754.5, -141.7], [-11775.5, -104.2], [-11790.9, -69.6], [-11793.6, -67.3], [-11810.9, -53.7], [-11825.3, -45.0], [-11866.3, -43.1], [-11894.9, -44.4], [-11922.9, -60.5], [-11935.3, -68.5], [-11958.6, -84.7], [-11996.2, -110.7], [-12012.8, -121.2], [-12048.6, -124.5], [-12077.2, -129.7], [-12100.7, -151.1], [-12119.6, -174.7], [-12130.0, -200.6], [-12161.1, -246.4], [-12176.0, -282.5], [-12175.4, -311.7], [-12167.9, -349.6], [-12160.0, -387.2], [-12162.9, -434.9], [-12189.9, -477.6], [-12218.7, -531.2], [-12257.7, -570.0], [-12281.1, -577.4], [-12304.0, -583.4], [-12347.3, -582.9], [-12379.7, -581.3], [-12410.5, -575.4], [-12435.6, -552.5], [-12444.3, -512.0], [-12448.3, -469.3], [-12458.1, -436.6], [-12473.3, -411.8], [-12503.7, -392.0], [-12554.3, -382.2], [-12577.9, -380.0], [-12605.6, -378.8], [-12654.8, -376.2], [-12683.1, -376.3], [-12727.9, -376.6], [-12762.0, -372.4], [-12793.1, -346.5], [-12817.2, -309.3], [-12838.2, -291.1], [-12860.0, -278.5], [-12880.2, -265.6], [-12896.3, -252.6], [-12909.9, -245.9], [-12922.1, -253.8], [-12940.9, -245.5], [-12970.0, -236.1], [-12994.0, -226.6], [-13034.9, -214.2], [-13059.3, -207.8], [-13122.6, -187.2], [-13153.9, -180.4], [-13180.4, -174.5], [-13201.7, -167.9], [-13216.9, -147.2], [-13245.9, -134.5], [-13248.3, -100.9], [-13248.2, -56.5], [-13251.9, -7.2], [-13300.6, 36.6], [-13334.5, 79.2], [-13385.6, 82.3], [-13424.2, 87.0], [-13474.5, 87.4], [-13513.6, 86.3], [-13564.6, 87.1], [-13600.4, 88.3], [-13638.8, 88.0], [-13660.1, 108.8], [-13677.5, 119.8], [-13708.8, 122.4], [-13748.1, 153.0], [-13762.0, 180.3], [-13798.2, 211.5], [-13813.8, 223.8], [-13831.1, 245.1], [-13882.3, 252.4], [-13905.1, 256.3], [-13926.3, 284.3], [-13982.3, 282.1], [-14011.9, 280.1], [-14030.0, 275.0], [-14055.7, 266.9], [-14076.5, 259.4], [-14097.7, 255.2], [-14126.2, 251.5], [-14137.8, 249.4], [-14171.7, 243.9], [-14207.9, 242.2], [-14219.4, 244.8], [-14232.5, 254.1], [-14243.4, 278.9], [-14246.6, 302.8], [-14243.0, 267.5], [-14229.9, 246.7], [-14195.5, 241.2], [-14153.4, 245.9], [-14119.9, 251.2], [-14084.9, 256.2], [-14042.9, 268.8], [-14009.6, 279.2], [-13977.0, 282.5], [-13948.5, 283.5], [-13928.3, 283.7], [-13906.2, 257.8], [-13825.4, 240.7], [-13779.9, 193.8], [-13757.9, 171.4], [-13738.9, 142.3], [-13708.4, 121.5], [-13669.5, 116.3], [-13638.0, 86.1], [-13586.0, 85.7], [-13541.1, 85.1], [-13476.8, 85.5], [-13413.7, 86.8], [-13371.1, 77.3], [-13324.0, 77.1], [-13317.1, 45.5], [-13297.3, 25.1], [-13255.6, -2.1], [-13248.4, -32.4], [-13247.6, -80.3], [-13249.3, -133.5], [-13212.7, -150.3], [-13200.4, -168.9], [-13159.7, -182.5], [-13131.3, -184.7], [-13093.2, -197.7], [-13049.0, -213.0], [-13029.1, -210.4], [-13010.2, -220.1], [-12976.0, -237.9], [-12942.2, -243.8], [-12921.1, -253.7], [-12901.9, -248.0], [-12850.7, -285.0], [-12824.3, -302.9], [-12790.1, -350.8], [-12748.6, -376.1], [-12697.7, -377.1], [-12657.8, -376.5], [-12606.0, -379.7], [-12558.9, -382.8], [-12518.0, -386.9], [-12488.0, -401.8], [-12460.5, -434.0], [-12448.3, -468.4], [-12442.0, -533.8], [-12420.6, -566.7], [-12394.1, -583.7], [-12360.3, -584.5], [-12338.6, -585.3], [-12301.3, -585.2], [-12272.4, -576.2], [-12243.8, -564.6], [-12215.4, -529.7], [-12195.0, -489.8], [-12158.2, -427.3], [-12158.1, -396.4], [-12160.1, -386.5], [-12165.8, -357.8], [-12175.0, -313.0], [-12175.8, -290.1], [-12166.2, -257.6], [-12146.3, -224.0], [-12131.8, -199.4], [-12101.5, -154.1], [-12067.3, -125.3], [-12028.0, -125.9], [-11996.5, -110.9], [-11969.7, -93.1], [-11933.9, -68.4], [-11909.5, -52.0], [-11870.5, -43.5], [-11832.7, -46.0], [-11804.7, -56.1], [-11785.8, -84.4], [-11775.3, -104.4], [-11759.1, -133.1], [-11738.5, -171.2], [-11717.0, -206.0], [-11682.7, -230.1], [-11657.6, -246.5], [-11618.7, -271.0], [-11585.1, -292.9], [-11543.3, -326.9], [-11508.7, -317.7], [-11485.8, -297.0], [-11473.1, -291.2], [-11436.0, -287.9], [-11419.9, -287.6], [-11393.0, -287.7], [-11384.2, -310.6], [-11376.0, -337.3], [-11356.8, -382.3]]}}, {"type": "Feature", "properties": {"op": "add"}, "geometry": {"type": "LineString", "coordinates": [[-4957.6, 72.5], [-4950.6, 39.0], [-4952.3, -28.4], [-4945.9, -98.4], [-4923.9, -131.7], [-4916.6, -207.0], [-4913.9, -307.8], [-4928.4, -338.4], [-4970.3, -373.6], [-5118.8, -384.3], [-5189.6, -415.6], [-5232.2, -473.1], [-5251.9, -482.6], [-5232.2, -473.1], [-5189.6, -415.6], [-5118.8, -384.3], [-4970.3, -373.6], [-4928.4, -338.4], [-4913.9, -307.8], [-4916.6, -207.0], [-4923.9, -131.7], [-4945.9, -98.4], [-4952.3, -28.4], [-4950.6, 39.0]]}}, {"type": "Feature", "properties": {"op": "add"}, "geometry": {"type": "LineString", "coordinates": [[-4956.1, 72.5], [-4949.2, -34.3], [-4942.6, -101.0], [-4919.6, -128.8]]}}, {"type": "Feature", "properties": {"op": "add"}, "geometry": {"type": "LineString", "coordinates": [[-4910.8, -303.4], [-4924.8, -339.3], [-4971.1, -378.5], [-5115.2, -387.9], [-5189.6, -420.5], [-5230.2, -475.8], [-5250.2, -485.9], [-5230.2, -475.8], [-5115.2, -387.9], [-4971.1, -378.5], [-4924.8, -339.3], [-4910.8, -303.4]]}}, {"type": "Feature", "properties": {"op": "add"}, "geometry": {"type": "LineString", "coordinates": [[-4919.6, -128.8], [-4942.6, -101.0], [-4949.2, -34.3]]}}, {"type": "Feature", "properties": {"op": "add"}, "geometry": {"type": "LineString", "coordinates": [[-5367.3, 285.6], [-5376.4, 307.4], [-5430.0, 311.8], [-5459.0, 288.2], [-5481.1, 284.9], [-5505.7, 286.1], [-5534.3, 276.8], [-5587.7, 287.2], [-5633.0, 280.5], [-5702.1, 274.9], [-5746.1, 231.6], [-5753.6, 142.7], [-5757.7, 112.7], [-5753.6, 142.7], [-5746.1, 231.6], [-5702.1, 274.9], [-5633.0, 280.5], [-5587.7, 287.2], [-5534.3, 276.8], [-5505.7, 286.1], [-5481.1, 284.9], [-5459.0, 288.2], [-5430.0, 311.8], [-5376.4, 307.4], [-5365.6, 290.7], [-5346.0, 284.4], [-5336.3, 255.6], [-5346.0, 284.4], [-5365.6, 290.7]]}}, {"type": "Feature", "properties": {"op": "add"}, "geometry": {"type": "LineString", "coordinates": [[3195.7, 1723.3], [3172.2, 1728.7], [3159.8, 1742.1], [3150.5, 1759.8], [3145.2, 1780.0], [3150.7, 1795.5], [3159.0, 1808.9], [3147.0, 1829.8], [3124.4, 1836.3], [3110.2, 1853.6], [3099.0, 1879.0], [3099.8, 1899.6], [3093.3, 1918.6], [3074.2, 1939.8], [3047.8, 1955.8], [3028.5, 1970.4], [3019.2, 1982.8], [2988.3, 1998.3], [2980.8, 2004.9], [2954.5, 2018.0], [2925.3, 2045.1], [2893.0, 2053.5], [2865.8, 2054.3], [2843.8, 2055.2], [2822.5, 2054.1], [2788.7, 2062.9], [2765.5, 2066.2], [2788.7, 2062.9], [2822.5, 2054.1], [2843.8, 2055.2], [2865.8, 2054.3], [2893.0, 2053.5], [2925.3, 2045.1], [2954.5, 2018.0], [2980.8, 2004.9], [2988.3, 1998.3], [3019.2, 1982.8], [3028.5, 1970.4], [3047.8, 1955.8], [3074.2, 1939.8], [3093.3, 1918.6], [3099.8, 1899.6], [3099.0, 1879.0], [3110.2, 1853.6], [3124.4, 1836.3], [3147.0, 1829.8], [3159.0, 1808.9], [3150.7, 1795.5], [3145.2, 1780.0], [3150.5, 1759.9], [3159.8, 1742.1], [3172.2, 1728.7], [3195.7, 1723.3], [3222.9, 1722.4]]}}, {"type": "Feature", "properties": {"op": "add"}, "geometry": {"type": "LineString", "coordinates": [[3219.9, 1066.7], [3207.9, 1090.4], [3194.6, 1111.7], [3181.1, 1131.8], [3178.3, 1156.4], [3176.9, 1185.6], [3180.2, 1206.3], [3190.4, 1227.3], [3193.4, 1253.5], [3191.8, 1284.2], [3213.6, 1302.7], [3226.4, 1327.9], [3227.7, 1352.5], [3220.8, 1378.1], [3223.3, 1416.3], [3237.0, 1444.5], [3225.3, 1473.3], [3215.7, 1516.2], [3199.5, 1542.9], [3186.1, 1575.3], [3189.7, 1608.8], [3207.2, 1630.4], [3223.1, 1654.7], [3245.6, 1679.7], [3243.0, 1723.9], [3245.6, 1679.7], [3223.1, 1654.7], [3207.2, 1630.4], [3189.7, 1608.8], [3186.1, 1575.3], [3199.5, 1542.9], [3215.7, 1516.2], [3225.3, 1473.3], [3237.0, 1444.5], [3223.3, 1416.3], [3220.8, 1378.1], [3227.7, 1352.5], [3226.4, 1327.9], [3213.6, 1302.7], [3191.8, 1284.2], [3193.4, 1253.5], [3190.4, 1227.3], [3180.2, 1206.3], [3176.9, 1185.6], [3178.3, 1156.4], [3181.1, 1131.8], [3194.6, 1111.7], [3207.9, 1090.5], [3219.9, 1066.7], [3229.6, 1042.3]]}}, {"type": "Feature", "properties": {"op": "add"}, "geometry": {"type": "LineString", "coordinates": [[3237.6, 529.1], [3246.0, 509.6], [3244.2, 480.2], [3236.8, 451.5], [3229.5, 421.8], [3232.3, 398.5], [3232.1, 378.4], [3236.1, 354.2], [3225.4, 330.0], [3209.6, 308.7], [3194.0, 283.0], [3184.9, 250.5], [3180.7, 215.7], [3190.1, 191.4], [3202.5, 172.9], [3198.7, 154.5], [3191.7, 129.4], [3199.2, 111.0], [3215.4, 80.8], [3226.0, 70.9], [3215.5, 39.5], [3218.1, 14.8], [3232.9, 2.2], [3241.4, -16.7], [3240.3, -45.9], [3236.3, -72.9], [3225.4, -94.1], [3215.2, -125.0], [3198.2, -144.4], [3195.2, -160.0], [3190.2, -188.4], [3194.9, -215.7], [3213.6, -245.6], [3233.1, -275.7], [3235.0, -304.3], [3220.8, -329.9], [3197.9, -345.3], [3181.1, -362.4], [3170.6, -379.9], [3167.3, -395.3], [3162.1, -435.3], [3167.3, -395.3], [3170.6, -379.9], [3181.1, -362.4], [3197.9, -345.3], [3220.8, -329.9], [3235.0, -304.3], [3233.1, -275.7], [3213.6, -245.6], [3194.9, -215.7], [3190.2, -188.4], [3195.2, -160.0], [3198.2, -144.4], [3215.2, -125.0], [3225.4, -94.1], [3236.3, -72.9], [3240.3, -45.9], [3241.4, -16.7], [3232.9, 2.2], [3218.1, 14.8], [3215.5, 39.5], [3226.0, 70.9], [3215.4, 80.8], [3199.2, 111.0], [3191.7, 129.4], [3198.7, 154.5], [3202.5, 172.9], [3190.1, 191.4], [3180.7, 215.7], [3184.9, 250.5], [3194.0, 283.0], [3209.6, 308.7], [3225.4, 330.0], [3236.1, 354.2], [3232.1, 378.4], [3232.3, 398.5], [3229.5, 421.8], [3236.8, 451.5], [3244.2, 480.2], [3246.0, 509.6], [3237.6, 529.1], [3222.1, 543.1]]}}, {"type": "Feature", "properties": {"op": "add"}, "geometry": {"type": "LineString", "coordinates": [[-7772.9, -2442.8], [-7785.4, -2428.7], [-7799.2, -2423.2], [-7816.1, -2432.1], [-7833.1, -2441.3], [-7860.4, -2451.3], [-7891.2, -2454.1], [-7909.8, -2455.7], [-7933.6, -2457.8], [-7956.2, -2460.3], [-7994.2, -2468.2], [-8007.2, -2470.8], [-8026.0, -2477.0], [-8050.7, -2499.8], [-8080.4, -2529.4], [-8097.6, -2566.5], [-8105.3, -2581.8], [-8126.1, -2609.6], [-8144.1, -2643.1], [-8143.4, -2671.1], [-8141.1, -2709.8], [-8121.6, -2749.7], [-8097.4, -2772.8], [-8075.2, -2791.6], [-8057.5, -2821.5], [-8001.1, -2841.9], [-7974.6, -2846.3], [-7938.0, -2846.8], [-7901.2, -2847.9], [-7877.1, -2848.7], [-7861.4, -2849.8], [-7844.6, -2853.4], [-7805.0, -2870.9], [-7808.3, -2885.8], [-7802.0, -2893.3], [-7798.7, -2912.8], [-7762.1, -2911.0], [-7736.4, -2907.2], [-7719.4, -2895.6], [-7703.4, -2880.1], [-7679.1, -2857.0], [-7631.8, -2812.5], [-7631.1, -2787.2], [-7617.8, -2733.7], [-7615.4, -2700.5], [-7614.6, -2685.8], [-7613.5, -2661.3], [-7613.3, -2643.8], [-7615.3, -2630.9], [-7619.1, -2608.1], [-7620.1, -2573.8], [-7631.2, -2559.0], [-7640.2, -2536.1], [-7651.0, -2520.8], [-7663.1, -2510.2], [-7687.2, -2507.1], [-7695.9, -2502.7], [-7711.9, -2486.6], [-7720.6, -2478.3], [-7739.1, -2462.1], [-7745.4, -2452.8], [-7757.2, -2443.1]]}}, {"type": "Feature", "properties": {"op": "add"}, "geometry": {"type": "LineString", "coordinates": [[-9180.0, 317.2], [-9177.5, 327.9], [-9170.1, 340.4], [-9163.7, 349.4], [-9152.5, 360.8], [-9143.1, 371.6], [-9129.0, 385.2], [-9113.7, 397.2], [-9101.6, 407.1], [-9113.5, 401.8], [-9128.7, 391.8], [-9138.5, 384.0], [-9147.7, 375.8], [-9158.6, 361.8], [-9169.9, 349.9], [-9177.2, 341.2], [-9181.4, 329.6], [-9183.6, 318.1], [-9183.5, 302.8], [-9184.1, 282.9], [-9184.6, 264.5], [-9186.9, 250.9], [-9191.2, 238.4], [-9195.4, 230.4], [-9199.5, 226.1], [-9210.5, 217.0], [-9219.9, 206.9], [-9230.1, 194.2], [-9237.6, 182.8], [-9244.5, 172.1], [-9249.8, 166.2], [-9257.4, 161.7], [-9270.2, 156.6], [-9285.7, 154.2], [-9305.4, 146.2], [-9323.8, 135.2], [-9340.2, 124.6], [-9353.5, 117.7], [-9363.4, 112.8], [-9374.7, 109.4], [-9391.1, 105.3], [-9403.0, 98.9], [-9418.2, 87.6], [-9438.8, 71.0], [-9428.2, 75.6], [-9414.9, 85.5], [-9406.2, 92.3], [-9390.3, 98.4], [-9374.9, 103.6], [-9363.9, 107.5], [-9348.0, 114.3], [-9331.7, 124.9], [-9315.1, 134.8], [-9302.7, 141.8], [-9291.3, 145.4], [-9275.2, 148.2], [-9262.8, 150.3], [-9253.4, 155.6], [-9243.6, 165.8], [-9231.8, 182.6], [-9219.2, 197.2], [-9208.4, 209.2], [-9197.6, 219.3], [-9190.2, 226.7], [-9184.7, 235.3], [-9179.6, 250.3], [-9177.5, 260.1], [-9177.7, 279.1], [-9178.0, 302.9]]}}, {"type": "Feature", "properties": {"op": "add"}, "geometry": {"type": "LineString", "coordinates": [[-7141.2, -2395.5], [-7156.8, -2410.4], [-7171.2, -2425.7], [-7183.6, -2444.4], [-7187.9, -2479.8], [-7189.8, -2500.7], [-7191.3, -2532.2], [-7188.0, -2561.1], [-7191.3, -2579.7], [-7182.6, -2615.9], [-7169.3, -2632.2], [-7141.9, -2664.0], [-7114.0, -2695.4], [-7097.7, -2727.8], [-7098.3, -2753.4], [-7107.7, -2783.7], [-7108.9, -2829.2], [-7105.9, -2860.6], [-7099.9, -2902.1], [-7095.5, -2933.3], [-7092.2, -2958.1], [-7086.5, -2999.7], [-7085.4, -3031.1], [-7085.8, -3073.1], [-7086.4, -3115.1], [-7088.0, -3157.1], [-7093.2, -3185.2], [-7095.3, -3221.2], [-7079.4, -3243.4], [-7095.7, -3276.9], [-7112.4, -3303.6], [-7112.0, -3332.6], [-7106.8, -3352.9], [-7096.8, -3404.4], [-7092.4, -3446.1], [-7088.7, -3487.9], [-7084.5, -3529.7], [-7082.1, -3550.6], [-7063.2, -3590.3], [-7049.0, -3609.9], [-7038.7, -3607.7], [-7008.3, -3599.9], [-6975.0, -3575.2], [-6955.9, -3550.1], [-6930.9, -3516.3], [-6911.8, -3491.3], [-6893.0, -3466.1], [-6874.2, -3440.8], [-6862.1, -3423.6], [-6840.7, -3390.7], [-6800.4, -3378.7], [-6769.9, -3386.6], [-6740.1, -3384.9], [-6722.1, -3368.0], [-6704.5, -3341.9], [-6699.2, -3314.9], [-6696.8, -3294.0], [-6704.0, -3260.8], [-6722.4, -3237.1], [-6743.6, -3213.8], [-6764.3, -3175.8], [-6776.5, -3146.7], [-6788.8, -3117.7], [-6801.0, -3088.7], [-6819.9, -3043.8], [-6840.5, -3007.1], [-6852.5, -2989.9], [-6873.2, -2960.2], [-6886.0, -2939.6], [-6878.7, -2919.9], [-6871.1, -2900.3], [-6867.4, -2890.5], [-6862.3, -2862.9], [-6862.8, -2850.3], [-6859.6, -2833.7], [-6847.8, -2801.5], [-6842.7, -2781.2], [-6835.1, -2750.6], [-6832.2, -2731.2], [-6830.4, -2710.3], [-6830.6, -2694.1], [-6833.0, -2675.0], [-6836.7, -2654.3], [-6854.5, -2618.5], [-6853.1, -2597.6], [-6851.0, -2561.2], [-6860.4, -2556.6], [-6882.7, -2545.9], [-6897.4, -2530.9], [-6919.3, -2513.6], [-6942.5, -2479.7], [-6954.3, -2462.3], [-6970.6, -2433.0], [-6970.4, -2409.9], [-6976.3, -2406.8], [-7008.3, -2390.2], [-7036.4, -2366.1], [-7066.5, -2369.1], [-7106.5, -2367.3], [-7113.9, -2372.1], [-7122.8, -2379.0]]}}, {"type": "Feature", "properties": {"op": "add"}, "geometry": {"type": "LineString", "coordinates": [[-7135.3, -2398.7], [-7146.0, -2405.7], [-7159.7, -2413.3], [-7172.4, -2429.0], [-7182.1, -2447.6], [-7184.6, -2460.0], [-7190.2, -2500.9], [-7193.2, -2526.4], [-7189.3, -2540.5], [-7192.2, -2586.0], [-7186.9, -2609.4], [-7182.4, -2629.9], [-7160.2, -2655.0], [-7151.7, -2661.2], [-7126.0, -2679.5], [-7105.3, -2703.2], [-7100.8, -2717.7], [-7101.8, -2754.4], [-7107.8, -2774.5], [-7107.8, -2812.4], [-7111.1, -2834.5], [-7119.4, -2864.8], [-7112.3, -2883.0], [-7098.9, -2908.4], [-7092.9, -2937.1], [-7086.4, -2967.9], [-7080.6, -2998.9], [-7079.2, -3040.8], [-7082.1, -3072.2], [-7086.7, -3112.9], [-7087.7, -3154.8], [-7091.1, -3178.1], [-7095.7, -3209.2], [-7088.9, -3242.6], [-7091.3, -3286.0], [-7097.0, -3306.2], [-7099.6, -3316.4], [-7105.1, -3347.4], [-7105.7, -3373.9], [-7097.7, -3421.1], [-7089.1, -3466.5], [-7087.3, -3497.9], [-7083.5, -3539.7], [-7076.1, -3567.8], [-7046.3, -3608.0], [-7030.4, -3602.4], [-6998.8, -3574.9], [-6967.5, -3546.8], [-6943.2, -3526.7], [-6915.9, -3498.0], [-6890.4, -3468.7], [-6875.9, -3453.5], [-6860.1, -3439.8], [-6835.5, -3420.1], [-6813.0, -3399.2], [-6798.1, -3381.1], [-6773.8, -3386.7], [-6744.9, -3384.9], [-6716.0, -3355.0], [-6698.1, -3321.6], [-6696.8, -3311.2], [-6702.2, -3261.8], [-6723.7, -3235.2], [-6750.2, -3205.9], [-6771.2, -3157.8], [-6787.5, -3132.6], [-6803.6, -3094.7], [-6816.1, -3054.6], [-6839.6, -3007.7], [-6851.8, -2990.5], [-6872.4, -2964.2], [-6882.7, -2937.7], [-6872.1, -2915.9], [-6867.0, -2899.0], [-6865.0, -2888.7], [-6863.0, -2848.1], [-6858.1, -2831.4], [-6848.4, -2809.5], [-6841.6, -2778.8], [-6837.8, -2758.1], [-6834.4, -2726.8], [-6839.9, -2698.4], [-6842.1, -2679.6], [-6838.8, -2660.8], [-6846.8, -2632.0], [-6854.0, -2612.0], [-6851.0, -2561.4], [-6866.8, -2552.6], [-6882.5, -2544.7], [-6905.9, -2523.6], [-6925.1, -2507.5], [-6941.6, -2479.7], [-6958.7, -2455.8], [-6969.8, -2434.4], [-6970.2, -2407.8], [-6992.6, -2400.8], [-7009.3, -2386.8], [-7039.8, -2366.5], [-7059.2, -2365.9], [-7093.3, -2368.0], [-7114.1, -2374.5], [-7116.4, -2388.3]]}}, {"type": "Feature", "properties": {"op": "add"}, "geometry": {"type": "LineString", "coordinates": [[-7141.2, -2395.5], [-7156.8, -2410.4], [-7171.2, -2425.7], [-7183.6, -2444.4], [-7187.9, -2479.8], [-7189.8, -2500.7], [-7191.3, -2532.2], [-7188.0, -2561.1], [-7191.3, -2579.7], [-7182.6, -2615.9], [-7169.3, -2632.2], [-7141.9, -2664.0], [-7114.0, -2695.4], [-7097.7, -2727.8], [-7098.3, -2753.4], [-7107.7, -2783.7], [-7108.9, -2829.2], [-7105.9, -2860.6], [-7099.9, -2902.1], [-7095.5, -2933.3], [-7092.2, -2958.1], [-7086.5, -2999.7], [-7085.4, -3031.1], [-7085.8, -3073.1], [-7086.4, -3115.1], [-7088.0, -3157.1], [-7093.2, -3185.2], [-7095.3, -3221.2], [-7079.4, -3243.4], [-7095.7, -3276.9], [-7112.4, -3303.6], [-7112.0, -3332.6], [-7106.8, -3352.9], [-7096.8, -3404.4], [-7092.4, -3446.1], [-7088.7, -3487.9], [-7084.5, -3529.7], [-7082.1, -3550.6], [-7063.2, -3590.3], [-7049.0, -3609.9], [-7038.7, -3607.7], [-7008.3, -3599.9], [-6975.0, -3575.2], [-6955.9, -3550.1], [-6930.9, -3516.3], [-6911.8, -3491.3], [-6893.0, -3466.1], [-6874.2, -3440.8], [-6862.1, -3423.6], [-6840.7, -3390.7], [-6800.4, -3378.7], [-6769.9, -3386.6], [-6740.1, -3384.9], [-6722.1, -3368.0], [-6704.5, -3341.9], [-6699.2, -3314.9], [-6696.8, -3294.0], [-6704.0, -3260.8], [-6722.4, -3237.1], [-6743.6, -3213.8], [-6764.3, -3175.8], [-6776.5, -3146.7], [-6788.8, -3117.7], [-6801.0, -3088.7], [-6819.9, -3043.8], [-6840.5, -3007.1], [-6852.5, -2989.9], [-6873.2, -2960.2], [-6886.0, -2939.6], [-6878.7, -2919.9], [-6871.1, -2900.3], [-6867.4, -2890.5], [-6862.3, -2862.9], [-6862.8, -2850.3], [-6859.6, -2833.7], [-6847.8, -2801.5], [-6842.7, -2781.2], [-6835.1, -2750.6], [-6832.2, -2731.2], [-6830.4, -2710.3], [-6830.6, -2694.1], [-6833.0, -2675.0], [-6836.7, -2654.3], [-6854.5, -2618.5], [-6853.1, -2597.6], [-6851.0, -2561.2], [-6860.4, -2556.6], [-6882.7, -2545.9], [-6897.4, -2530.9], [-6919.3, -2513.6], [-6942.5, -2479.7], [-6954.3, -2462.3], [-6970.6, -2433.0], [-6970.4, -2409.9], [-6976.3, -2406.8], [-7008.3, -2390.2], [-7036.4, -2366.1], [-7066.5, -2369.1], [-7106.5, -2367.3], [-7113.9, -2372.1], [-7122.8, -2379.0]]}}, {"type": "Feature", "properties": {"op": "add"}, "geometry": {"type": "LineString", "coordinates": [[-7135.3, -2398.7], [-7146.0, -2405.7], [-7159.7, -2413.3], [-7172.4, -2429.0], [-7182.1, -2447.6], [-7184.6, -2460.0], [-7190.2, -2500.9], [-7193.2, -2526.4], [-7189.3, -2540.5], [-7192.2, -2586.0], [-7186.9, -2609.4], [-7182.4, -2629.9], [-7160.2, -2655.0], [-7151.7, -2661.2], [-7126.0, -2679.5], [-7105.3, -2703.2], [-7100.8, -2717.7], [-7101.8, -2754.4], [-7107.8, -2774.5], [-7107.8, -2812.4], [-7111.1, -2834.5], [-7119.4, -2864.8], [-7112.3, -2883.0], [-7098.9, -2908.4], [-7092.9, -2937.1], [-7086.4, -2967.9], [-7080.6, -2998.9], [-7079.2, -3040.8], [-7082.1, -3072.2], [-7086.7, -3112.9], [-7087.7, -3154.8], [-7091.1, -3178.1], [-7095.7, -3209.2], [-7088.9, -3242.6], [-7091.3, -3286.0], [-7097.0, -3306.2], [-7099.6, -3316.4], [-7105.1, -3347.4], [-7105.7, -3373.9], [-7097.7, -3421.1], [-7089.1, -3466.5], [-7087.3, -3497.9], [-7083.5, -3539.7], [-7076.1, -3567.8], [-7046.3, -3608.0], [-7030.4, -3602.4], [-6998.8, -3574.9], [-6967.5, -3546.8], [-6943.2, -3526.7], [-6915.9, -3498.0], [-6890.4, -3468.7], [-6875.9, -3453.5], [-6860.1, -3439.8], [-6835.5, -3420.1], [-6813.0, -3399.2], [-6798.1, -3381.1], [-6773.8, -3386.7], [-6744.9, -3384.9], [-6716.0, -3355.0], [-6698.1, -3321.6], [-6696.8, -3311.2], [-6702.2, -3261.8], [-6723.7, -3235.2], [-6750.2, -3205.9], [-6771.2, -3157.8], [-6787.5, -3132.6], [-6803.6, -3094.7], [-6816.1, -3054.6], [-6839.6, -3007.7], [-6851.8, -2990.5], [-6872.4, -2964.2], [-6882.7, -2937.7], [-6872.1, -2915.9], [-6867.0, -2899.0], [-6865.0, -2888.7], [-6863.0, -2848.1], [-6858.1, -2831.4], [-6848.4, -2809.5], [-6841.6, -2778.8], [-6837.8, -2758.1], [-6834.4, -2726.8], [-6839.9, -2698.4], [-6842.1, -2679.6], [-6838.8, -2660.8], [-6846.8, -2632.0], [-6854.0, -2612.0], [-6851.0, -2561.4], [-6866.8, -2552.6], [-6882.5, -2544.7], [-6905.9, -2523.6], [-6925.1, -2507.5], [-6941.6, -2479.7], [-6958.7, -2455.8], [-6969.8, -2434.4], [-6970.2, -2407.8], [-6992.6, -2400.8], [-7009.3, -2386.8], [-7039.8, -2366.5], [-7059.2, -2365.9], [-7093.3, -2368.0], [-7114.1, -2374.5], [-7116.4, -2388.3]]}}, {"type": "Feature", "properties": {"op": "add"}, "geometry": {"type": "LineString", "coordinates": [[-7141.2, -2395.5], [-7156.8, -2410.4], [-7171.2, -2425.7], [-7183.6, -2444.4], [-7187.9, -2479.8], [-7189.8, -2500.7], [-7191.3, -2532.2], [-7188.0, -2561.1], [-7191.3, -2579.7], [-7182.6, -2615.9], [-7169.3, -2632.2], [-7141.9, -2664.0], [-7114.0, -2695.4], [-7097.7, -2727.8], [-7098.3, -2753.4], [-7107.7, -2783.7], [-7108.9, -2829.2], [-7105.9, -2860.6], [-7099.9, -2902.1], [-7095.5, -2933.3], [-7092.2, -2958.1], [-7086.5, -2999.7], [-7085.4, -3031.1], [-7085.8, -3073.1], [-7086.4, -3115.1], [-7088.0, -3157.1], [-7093.2, -3185.2], [-7095.3, -3221.2], [-7079.4, -3243.4], [-7095.7, -3276.9], [-7112.4, -3303.6], [-7112.0, -3332.6], [-7106.8, -3352.9], [-7096.8, -3404.4], [-7092.4, -3446.1], [-7088.7, -3487.9], [-7084.5, -3529.7], [-7082.1, -3550.6], [-7063.2, -3590.3], [-7049.0, -3609.9], [-7038.7, -3607.7], [-7008.3, -3599.9], [-6975.0, -3575.2], [-6955.9, -3550.1], [-6930.9, -3516.3], [-6911.8, -3491.3], [-6893.0, -3466.1], [-6874.2, -3440.8], [-6862.1, -3423.6], [-6840.7, -3390.7], [-6800.4, -3378.7], [-6769.9, -3386.6], [-6740.1, -3384.9], [-6722.1, -3368.0], [-6704.5, -3341.9], [-6699.2, -3314.9], [-6696.8, -3294.0], [-6704.0, -3260.8], [-6722.4, -3237.1], [-6743.6, -3213.8], [-6764.3, -3175.8], [-6776.5, -3146.7], [-6788.8, -3117.7], [-6801.0, -3088.7], [-6819.9, -3043.8], [-6840.5, -3007.1], [-6852.5, -2989.9], [-6873.2, -2960.2], [-6886.0, -2939.6], [-6878.7, -2919.9], [-6871.1, -2900.3], [-6867.4, -2890.5], [-6862.3, -2862.9], [-6862.8, -2850.3], [-6859.6, -2833.7], [-6847.8, -2801.5], [-6842.7, -2781.2], [-6835.1, -2750.6], [-6832.2, -2731.2], [-6830.4, -2710.3], [-6830.6, -2694.1], [-6833.0, -2675.0], [-6836.7, -2654.3], [-6854.5, -2618.5], [-6853.1, -2597.6], [-6851.0, -2561.2], [-6860.4, -2556.6], [-6882.7, -2545.9], [-6897.4, -2530.9], [-6919.3, -2513.6], [-6942.5, -2479.7], [-6954.3, -2462.3], [-6970.6, -2433.0], [-6970.4, -2409.9], [-6976.3, -2406.8], [-7008.3, -2390.2], [-7036.4, -2366.1], [-7066.5, -2369.1], [-7106.5, -2367.3], [-7113.9, -2372.1], [-7122.8, -2379.0]]}}, {"type": "Feature", "properties": {"op": "add"}, "geometry": {"type": "LineString", "coordinates": [[-7135.3, -2398.7], [-7146.0, -2405.7], [-7159.7, -2413.3], [-7172.4, -2429.0], [-7182.1, -2447.6], [-7184.6, -2460.0], [-7190.2, -2500.9], [-7193.2, -2526.4], [-7189.3, -2540.5], [-7192.2, -2586.0], [-7186.9, -2609.4], [-7182.4, -2629.9], [-7160.2, -2655.0], [-7151.7, -2661.2], [-7126.0, -2679.5], [-7105.3, -2703.2], [-7100.8, -2717.7], [-7101.8, -2754.4], [-7107.8, -2774.5], [-7107.8, -2812.4], [-7111.1, -2834.5], [-7119.4, -2864.8], [-7112.3, -2883.0], [-7098.9, -2908.4], [-7092.9, -2937.1], [-7086.4, -2967.9], [-7080.6, -2998.9], [-7079.2, -3040.8], [-7082.1, -3072.2], [-7086.7, -3112.9], [-7087.7, -3154.8], [-7091.1, -3178.1], [-7095.7, -3209.2], [-7088.9, -3242.6], [-7091.3, -3286.0], [-7097.0, -3306.2], [-7099.6, -3316.4], [-7105.1, -3347.4], [-7105.7, -3373.9], [-7097.7, -3421.1], [-7089.1, -3466.5], [-7087.3, -3497.9], [-7083.5, -3539.7], [-7076.1, -3567.8], [-7046.3, -3608.0], [-7030.4, -3602.4], [-6998.8, -3574.9], [-6967.5, -3546.8], [-6943.2, -3526.7], [-6915.9, -3498.0], [-6890.4, -3468.7], [-6875.9, -3453.5], [-6860.1, -3439.8], [-6835.5, -3420.1], [-6813.0, -3399.2], [-6798.1, -3381.1], [-6773.8, -3386.7], [-6744.9, -3384.9], [-6716.0, -3355.0], [-6698.1, -3321.6], [-6696.8, -3311.2], [-6702.2, -3261.8], [-6723.7, -3235.2], [-6750.2, -3205.9], [-6771.2, -3157.8], [-6787.5, -3132.6], [-6803.6, -3094.7], [-6816.1, -3054.6], [-6839.6, -3007.7], [-6851.8, -2990.5], [-6872.4, -2964.2], [-6882.7, -2937.7], [-6872.1, -2915.9], [-6867.0, -2899.0], [-6865.0, -2888.7], [-6863.0, -2848.1], [-6858.1, -2831.4], [-6848.4, -2809.5], [-6841.6, -2778.8], [-6837.8, -2758.1], [-6834.4, -2726.8], [-6839.9, -2698.4], [-6842.1, -2679.6], [-6838.8, -2660.8], [-6846.8, -2632.0], [-6854.0, -2612.0], [-6851.0, -2561.4], [-6866.8, -2552.6], [-6882.5, -2544.7], [-6905.9, -2523.6], [-6925.1, -2507.5], [-6941.6, -2479.7], [-6958.7, -2455.8], [-6969.8, -2434.4], [-6970.2, -2407.8], [-6992.6, -2400.8], [-7009.3, -2386.8], [-7039.8, -2366.5], [-7059.2, -2365.9], [-7093.3, -2368.0], [-7114.1, -2374.5], [-7116.4, -2388.3]]}}, {"type": "Feature", "properties": {"op": "add"}, "geometry": {"type": "LineString", "coordinates": [[-4693.7, -3188.9], [-4677.5, -3174.5], [-4686.5, -3163.8], [-4720.0, -3124.4], [-4710.8, -3134.9], [-4679.4, -3174.5], [-4688.7, -3184.9], [-4707.4, -3205.8], [-4724.8, -3227.7], [-4740.2, -3250.4], [-4749.3, -3271.1], [-4750.4, -3285.1], [-4752.1, -3317.5], [-4750.5, -3344.3], [-4744.6, -3363.5], [-4733.9, -3386.7], [-4719.3, -3410.6], [-4703.5, -3433.7], [-4681.8, -3461.2], [-4692.9, -3469.8], [-4719.9, -3500.8], [-4743.1, -3517.9], [-4730.9, -3511.1], [-4714.1, -3495.3], [-4695.1, -3474.8], [-4681.5, -3458.3], [-4700.7, -3437.9], [-4717.9, -3415.9], [-4731.7, -3391.6], [-4749.9, -3341.1], [-4752.1, -3310.0], [-4750.1, -3282.1], [-4744.4, -3253.1], [-4727.0, -3231.1], [-4709.0, -3209.7], [-4690.8, -3188.4], [-4676.9, -3171.8]]}}, {"type": "Feature", "properties": {"op": "add"}, "geometry": {"type": "LineString", "coordinates": [[-5715.0, -3532.6], [-5708.7, -3539.8], [-5696.3, -3549.3], [-5696.0, -3563.1], [-5683.6, -3578.9], [-5673.3, -3598.4], [-5668.7, -3618.7], [-5656.8, -3631.1], [-5637.6, -3647.7], [-5628.4, -3653.3], [-5611.6, -3663.4], [-5599.4, -3675.0], [-5593.3, -3682.6], [-5583.5, -3692.6], [-5558.3, -3718.7], [-5547.1, -3729.8], [-5532.3, -3736.8], [-5518.8, -3743.2], [-5507.8, -3747.7], [-5495.9, -3748.1], [-5485.8, -3751.9], [-5469.5, -3755.6], [-5440.1, -3763.5], [-5425.4, -3766.0], [-5416.9, -3767.4], [-5405.1, -3769.3], [-5381.2, -3768.6], [-5364.7, -3773.1], [-5335.6, -3772.7], [-5313.3, -3774.6], [-5294.3, -3774.4], [-5283.5, -3773.5], [-5270.0, -3770.9], [-5252.3, -3764.2], [-5229.6, -3764.8], [-5209.9, -3759.8], [-5195.9, -3758.0], [-5181.3, -3767.6], [-5171.8, -3774.9], [-5160.5, -3771.2], [-5147.2, -3764.4], [-5140.5, -3761.9], [-5131.1, -3758.4], [-5117.0, -3750.7], [-5106.9, -3743.7], [-5090.9, -3742.1], [-5078.4, -3737.3], [-5069.8, -3734.7], [-5057.9, -3725.0], [-5047.4, -3714.4], [-5035.1, -3699.4], [-5030.0, -3694.5], [-5019.0, -3687.5], [-5005.5, -3679.5], [-4992.9, -3670.7], [-4983.2, -3664.5], [-4974.6, -3659.3], [-4965.2, -3653.2], [-4953.2, -3645.6], [-4936.5, -3629.6], [-4918.5, -3615.8], [-4909.4, -3608.0], [-4899.4, -3601.5], [-4883.7, -3592.1], [-4874.7, -3586.8], [-4858.9, -3579.5], [-4843.6, -3573.5], [-4821.6, -3565.3], [-4808.9, -3569.7], [-4807.4, -3583.8], [-4812.1, -3600.7], [-4819.8, -3613.0], [-4834.8, -3631.4], [-4850.4, -3634.9], [-4869.6, -3639.3], [-4883.7, -3643.1], [-4899.5, -3654.6], [-4911.0, -3659.8], [-4934.4, -3678.3], [-4950.9, -3681.0], [-4967.2, -3692.8], [-4980.7, -3703.5], [-4993.6, -3710.9], [-5013.0, -3714.7], [-5021.8, -3720.3], [-5042.9, -3734.5], [-5056.4, -3743.6], [-5074.1, -3754.0], [-5086.4, -3759.3], [-5121.4, -3770.1], [-5137.7, -3776.5], [-5156.4, -3786.5], [-5171.7, -3796.5], [-5192.4, -3807.6], [-5205.3, -3804.0], [-5222.5, -3816.4], [-5241.0, -3804.8], [-5255.6, -3804.2], [-5270.3, -3806.2], [-5284.8, -3805.6], [-5303.2, -3800.8], [-5320.5, -3803.5], [-5331.9, -3808.2], [-5353.7, -3816.8], [-5372.1, -3824.8], [-5392.9, -3824.3], [-5412.1, -3832.6], [-5425.1, -3829.5], [-5441.6, -3824.7], [-5448.6, -3802.6], [-5451.8, -3790.4], [-5462.9, -3777.3], [-5481.9, -3759.9], [-5490.5, -3756.3], [-5502.1, -3749.4], [-5513.5, -3743.5], [-5528.1, -3739.9], [-5550.6, -3732.0], [-5562.6, -3718.7], [-5584.2, -3693.9], [-5586.2, -3680.7], [-5586.8, -3659.4], [-5598.8, -3642.8], [-5613.2, -3624.7], [-5628.2, -3608.2], [-5641.8, -3598.3], [-5655.5, -3590.6], [-5669.6, -3570.8], [-5683.4, -3553.7], [-5697.9, -3542.6], [-5714.3, -3524.3]]}}, {"type": "Feature", "properties": {"op": "add"}, "geometry": {"type": "LineString", "coordinates": [[-5715.0, -3532.6], [-5708.7, -3539.8], [-5696.3, -3549.3], [-5696.0, -3563.1], [-5683.6, -3578.9], [-5673.3, -3598.4], [-5668.7, -3618.7], [-5656.8, -3631.1], [-5637.6, -3647.7], [-5628.4, -3653.3], [-5611.6, -3663.4], [-5599.4, -3675.0], [-5593.3, -3682.6], [-5583.5, -3692.6], [-5558.3, -3718.7], [-5547.1, -3729.8], [-5532.3, -3736.8], [-5518.8, -3743.2], [-5507.8, -3747.7], [-5495.9, -3748.1], [-5485.8, -3751.9], [-5469.5, -3755.6], [-5440.1, -3763.5], [-5425.4, -3766.0], [-5416.9, -3767.4], [-5405.1, -3769.3], [-5381.2, -3768.6], [-5364.7, -3773.1], [-5335.6, -3772.7], [-5313.3, -3774.6], [-5294.3, -3774.4], [-5283.5, -3773.5], [-5270.0, -3770.9], [-5252.3, -3764.2], [-5229.6, -3764.8], [-5209.9, -3759.8], [-5195.9, -3758.0], [-5181.3, -3767.6], [-5171.8, -3774.9], [-5160.5, -3771.2], [-5147.2, -3764.4], [-5140.5, -3761.9], [-5131.1, -3758.4], [-5117.0, -3750.7], [-5106.9, -3743.7], [-5090.9, -3742.1], [-5078.4, -3737.3], [-5069.8, -3734.7], [-5057.9, -3725.0], [-5047.4, -3714.4], [-5035.1, -3699.4], [-5030.0, -3694.5], [-5019.0, -3687.5], [-5005.5, -3679.5], [-4992.9, -3670.7], [-4983.2, -3664.5], [-4974.6, -3659.3], [-4965.2, -3653.2], [-4953.2, -3645.6], [-4936.5, -3629.6], [-4918.5, -3615.8], [-4909.4, -3608.0], [-4899.4, -3601.5], [-4883.7, -3592.1], [-4874.7, -3586.8], [-4858.9, -3579.5], [-4843.6, -3573.5], [-4821.6, -3565.3], [-4808.9, -3569.7], [-4807.4, -3583.8], [-4812.1, -3600.7], [-4819.8, -3613.0], [-4834.8, -3631.4], [-4850.4, -3634.9], [-4869.6, -3639.3], [-4883.7, -3643.1], [-4899.5, -3654.6], [-4911.0, -3659.8], [-4934.4, -3678.3], [-4950.9, -3681.0], [-4967.2, -3692.8], [-4980.7, -3703.5], [-4993.6, -3710.9], [-5013.0, -3714.7], [-5021.8, -3720.3], [-5042.9, -3734.5], [-5056.4, -3743.6], [-5074.1, -3754.0], [-5086.4, -3759.3], [-5121.4, -3770.1], [-5137.7, -3776.5], [-5156.4, -3786.5], [-5171.7, -3796.5], [-5192.4, -3807.6], [-5205.3, -3804.0], [-5222.5, -3816.4], [-5241.0, -3804.8], [-5255.6, -3804.2], [-5270.3, -3806.2], [-5284.8, -3805.6], [-5303.2, -3800.8], [-5320.5, -3803.5], [-5331.9, -3808.2], [-5353.7, -3816.8], [-5372.1, -3824.8], [-5392.9, -3824.3], [-5412.1, -3832.6], [-5425.1, -3829.5], [-5441.6, -3824.7], [-5448.6, -3802.6], [-5451.8, -3790.4], [-5462.9, -3777.3], [-5481.9, -3759.9], [-5490.5, -3756.3], [-5502.1, -3749.4], [-5513.5, -3743.5], [-5528.1, -3739.9], [-5550.6, -3732.0], [-5562.6, -3718.7], [-5584.2, -3693.9], [-5586.2, -3680.7], [-5586.8, -3659.4], [-5598.8, -3642.8], [-5613.2, -3624.7], [-5628.2, -3608.2], [-5641.8, -3598.3], [-5655.5, -3590.6], [-5669.6, -3570.8], [-5683.4, -3553.7], [-5697.9, -3542.6], [-5714.3, -3524.3]]}}, {"type": "Feature", "properties": {"op": "add"}, "geometry": {"type": "LineString", "coordinates": [[-5715.0, -3532.6], [-5708.7, -3539.8], [-5696.3, -3549.3], [-5696.0, -3563.1], [-5683.6, -3578.9], [-5673.3, -3598.4], [-5668.7, -3618.7], [-5656.8, -3631.1], [-5637.6, -3647.7], [-5628.4, -3653.3], [-5611.6, -3663.4], [-5599.4, -3675.0], [-5593.3, -3682.6], [-5583.5, -3692.6], [-5558.3, -3718.7], [-5547.1, -3729.8], [-5532.3, -3736.8], [-5518.8, -3743.2], [-5507.8, -3747.7], [-5495.9, -3748.1], [-5485.8, -3751.9], [-5469.5, -3755.6], [-5440.1, -3763.5], [-5425.4, -3766.0], [-5416.9, -3767.4], [-5405.1, -3769.3], [-5381.2, -3768.6], [-5364.7, -3773.1], [-5335.6, -3772.7], [-5313.3, -3774.6], [-5294.3, -3774.4], [-5283.5, -3773.5], [-5270.0, -3770.9], [-5252.3, -3764.2], [-5229.6, -3764.8], [-5209.9, -3759.8], [-5195.9, -3758.0], [-5181.3, -3767.6], [-5171.8, -3774.9], [-5160.5, -3771.2], [-5147.2, -3764.4], [-5140.5, -3761.9], [-5131.1, -3758.4], [-5117.0, -3750.7], [-5106.9, -3743.7], [-5090.9, -3742.1], [-5078.4, -3737.3], [-5069.8, -3734.7], [-5057.9, -3725.0], [-5047.4, -3714.4], [-5035.1, -3699.4], [-5030.0, -3694.5], [-5019.0, -3687.5], [-5005.5, -3679.5], [-4992.9, -3670.7], [-4983.2, -3664.5], [-4974.6, -3659.3], [-4965.2, -3653.2], [-4953.2, -3645.6], [-4936.5, -3629.6], [-4918.5, -3615.8], [-4909.4, -3608.0], [-4899.4, -3601.5], [-4883.7, -3592.1], [-4874.7, -3586.8], [-4858.9, -3579.5], [-4843.6, -3573.5], [-4821.6, -3565.3], [-4808.9, -3569.7], [-4807.4, -3583.8], [-4812.1, -3600.7], [-4819.8, -3613.0], [-4834.8, -3631.4], [-4850.4, -3634.9], [-4869.6, -3639.3], [-4883.7, -3643.1], [-4899.5, -3654.6], [-4911.0, -3659.8], [-4934.4, -3678.3], [-4950.9, -3681.0], [-4967.2, -3692.8], [-4980.7, -3703.5], [-4993.6, -3710.9], [-5013.0, -3714.7], [-5021.8, -3720.3], [-5042.9, -3734.5], [-5056.4, -3743.6], [-5074.1, -3754.0], [-5086.4, -3759.3], [-5121.4, -3770.1], [-5137.7, -3776.5], [-5156.4, -3786.5], [-5171.7, -3796.5], [-5192.4, -3807.6], [-5205.3, -3804.0], [-5222.5, -3816.4], [-5241.0, -3804.8], [-5255.6, -3804.2], [-5270.3, -3806.2], [-5284.8, -3805.6], [-5303.2, -3800.8], [-5320.5, -3803.5], [-5331.9, -3808.2], [-5353.7, -3816.8], [-5372.1, -3824.8], [-5392.9, -3824.3], [-5412.1, -3832.6], [-5425.1, -3829.5], [-5441.6, -3824.7], [-5448.6, -3802.6], [-5451.8, -3790.4], [-5462.9, -3777.3], [-5481.9, -3759.9], [-5490.5, -3756.3], [-5502.1, -3749.4], [-5513.5, -3743.5], [-5528.1, -3739.9], [-5550.6, -3732.0], [-5562.6, -3718.7], [-5584.2, -3693.9], [-5586.2, -3680.7], [-5586.8, -3659.4], [-5598.8, -3642.8], [-5613.2, -3624.7], [-5628.2, -3608.2], [-5641.8, -3598.3], [-5655.5, -3590.6], [-5669.6, -3570.8], [-5683.4, -3553.7], [-5697.9, -3542.6], [-5714.3, -3524.3]]}}, {"type": "Feature", "properties": {"op": "add"}, "geometry": {"type": "LineString", "coordinates": [[-1037.2, -3307.4], [-1048.8, -3288.7], [-1073.2, -3253.1], [-1094.8, -3222.4], [-1118.4, -3208.7], [-1123.5, -3195.3], [-1170.9, -3154.6], [-1136.9, -3158.4], [-1149.1, -3137.2], [-1162.2, -3106.3], [-1174.7, -3081.1], [-1197.8, -3044.2], [-1220.1, -3014.8], [-1237.3, -2985.5], [-1277.2, -2965.5], [-1277.8, -2923.3], [-1270.6, -2875.4], [-1279.6, -2837.3], [-1300.0, -2799.8], [-1332.3, -2766.1], [-1369.0, -2755.9], [-1397.7, -2753.8], [-1427.6, -2749.1], [-1453.4, -2732.2], [-1484.4, -2724.3], [-1513.4, -2718.8], [-1537.4, -2698.8], [-1563.0, -2672.3], [-1583.2, -2626.9], [-1617.0, -2604.8], [-1615.6, -2553.9], [-1607.9, -2521.7], [-1586.8, -2490.8], [-1567.6, -2457.8], [-1553.8, -2408.8], [-1546.0, -2375.4], [-1537.8, -2335.8], [-1529.6, -2314.8], [-1484.6, -2291.5], [-1478.8, -2262.8], [-1480.0, -2226.7], [-1469.8, -2166.9], [-1466.5, -2119.0], [-1468.4, -2075.3], [-1471.5, -2023.8], [-1466.1, -1987.8], [-1444.8, -1959.0], [-1426.7, -1954.1], [-1383.7, -1946.2], [-1359.1, -1943.4], [-1323.0, -1840.8], [-1287.6, -1802.4], [-1229.5, -1767.6], [-1168.1, -1718.2], [-1172.5, -1725.8], [-1145.3, -1716.3], [-1116.7, -1707.0], [-1085.8, -1699.3], [-1058.1, -1693.6], [-1019.4, -1692.3], [-992.0, -1701.9], [-979.5, -1707.8], [-966.9, -1714.7], [-939.5, -1728.3], [-923.3, -1738.7], [-894.0, -1752.2], [-871.0, -1747.5], [-866.4, -1768.7], [-858.8, -1788.2], [-852.5, -1786.9], [-850.2, -1825.8], [-839.3, -1833.5], [-818.4, -1861.7], [-828.7, -1878.6], [-844.3, -1903.4], [-875.6, -1934.8], [-899.8, -1939.6], [-934.2, -2010.3], [-937.2, -2041.9], [-934.6, -2078.9], [-913.1, -2099.9], [-876.7, -2124.0], [-852.2, -2146.3], [-830.6, -2161.8], [-822.7, -2180.5], [-813.7, -2205.8], [-808.3, -2236.3], [-813.9, -2264.0], [-826.3, -2281.3], [-834.2, -2303.3], [-844.5, -2329.6], [-853.2, -2349.1], [-863.1, -2374.9], [-881.7, -2393.3], [-901.8, -2412.1], [-917.2, -2442.9], [-935.4, -2463.6], [-947.8, -2484.6], [-953.3, -2504.4], [-956.4, -2519.4], [-960.3, -2544.8], [-970.7, -2579.9], [-979.3, -2612.3], [-988.6, -2628.0], [-1007.7, -2641.8], [-1023.1, -2661.4], [-1024.6, -2679.1], [-1027.1, -2711.0], [-1026.3, -2739.7], [-1001.4, -2781.3], [-979.2, -2802.2], [-961.9, -2828.6], [-957.6, -2852.5], [-955.5, -2881.0], [-953.5, -2900.9], [-948.3, -2927.2], [-956.6, -2941.3], [-971.6, -2961.3], [-1000.3, -3001.7], [-998.9, -3035.7], [-976.3, -3053.9], [-966.8, -3062.5], [-953.4, -3077.2], [-942.2, -3103.6], [-959.2, -3119.9], [-981.9, -3148.8], [-995.5, -3167.7], [-1008.0, -3200.6], [-1019.9, -3232.2], [-1031.1, -3261.2], [-1039.8, -3280.3], [-1052.6, -3295.1]]}}, {"type": "Feature", "properties": {"op": "add"}, "geometry": {"type": "LineString", "coordinates": [[-10017.7, -4647.9], [-10003.8, -4654.6], [-9981.6, -4663.9], [-9950.3, -4671.7], [-9929.5, -4683.9], [-9912.7, -4695.2], [-9898.6, -4702.3], [-9872.6, -4694.8], [-9854.3, -4686.1], [-9838.5, -4683.0], [-9814.1, -4695.9], [-9796.9, -4706.6], [-9791.8, -4729.2], [-9794.2, -4713.2], [-9807.5, -4700.0], [-9831.7, -4685.3], [-9846.9, -4684.3], [-9865.6, -4691.6], [-9893.5, -4703.2], [-9908.0, -4697.8], [-9924.9, -4686.9], [-9945.2, -4673.7], [-9976.3, -4665.6], [-9995.4, -4658.9], [-10009.2, -4650.6], [-10032.4, -4648.6], [-10053.4, -4659.3], [-10088.8, -4662.2], [-10113.1, -4674.9], [-10131.5, -4683.1], [-10151.2, -4681.2], [-10179.1, -4682.7], [-10196.7, -4691.4], [-10211.6, -4705.1], [-10242.4, -4709.6], [-10266.2, -4705.9], [-10293.8, -4699.0], [-10321.1, -4694.1], [-10301.1, -4697.6], [-10273.6, -4704.3], [-10249.8, -4708.8], [-10217.4, -4708.9], [-10202.5, -4696.2], [-10189.7, -4686.5], [-10158.4, -4681.2], [-10138.5, -4683.9], [-10119.4, -4678.6], [-10099.2, -4665.4], [-10063.9, -4662.4], [-10039.5, -4649.9]]}}, {"type": "Feature", "properties": {"op": "add"}, "geometry": {"type": "LineString", "coordinates": [[-9610.8, -427.7], [-9597.9, -457.4], [-9592.3, -472.7], [-9591.4, -484.6], [-9592.9, -496.6], [-9596.6, -508.1], [-9607.6, -529.6], [-9615.1, -548.4], [-9618.5, -568.2], [-9620.4, -588.8], [-9623.2, -616.9], [-9628.4, -636.4], [-9635.5, -650.8], [-9640.4, -661.9], [-9644.5, -677.6], [-9649.4, -697.2], [-9652.9, -716.9], [-9654.4, -737.1], [-9653.0, -761.7], [-9648.6, -789.7], [-9641.4, -804.0], [-9628.9, -819.8], [-9615.3, -834.8], [-9602.0, -850.1], [-9592.0, -862.8], [-9586.4, -873.5], [-9584.9, -893.5], [-9585.6, -909.5], [-9591.0, -928.8], [-9596.6, -939.7], [-9606.8, -957.3], [-9614.0, -971.4], [-9620.1, -990.6], [-9620.7, -998.6], [-9620.4, -1010.6], [-9620.2, -1018.7], [-9619.2, -1036.5], [-9621.2, -1012.6], [-9622.8, -996.1], [-9618.3, -976.7], [-9607.1, -955.2], [-9591.0, -937.1], [-9584.1, -922.6], [-9582.1, -898.7], [-9586.0, -874.9], [-9601.0, -851.2], [-9633.9, -815.3], [-9643.5, -802.2], [-9650.0, -787.5], [-9651.4, -767.3], [-9655.7, -743.5], [-9656.6, -727.0], [-9649.8, -704.0], [-9644.0, -668.1], [-9630.3, -643.8], [-9622.4, -603.8], [-9620.1, -579.6], [-9617.7, -555.4], [-9612.6, -535.8], [-9604.8, -521.8], [-9596.0, -508.3], [-9590.8, -493.1], [-9590.5, -473.2], [-9599.2, -455.2], [-9606.3, -440.7], [-9613.4, -420.0], [-9617.2, -400.1], [-9619.5, -375.9], [-9620.3, -359.7], [-9620.9, -323.2], [-9619.1, -302.5], [-9613.4, -278.9], [-9612.4, -275.0], [-9609.4, -259.1], [-9600.1, -232.3], [-9595.6, -220.9], [-9589.6, -205.9], [-9578.5, -171.5], [-9569.3, -153.6], [-9555.8, -138.6], [-9550.5, -119.5], [-9549.8, -115.5], [-9548.5, -87.2], [-9546.8, -67.0], [-9542.8, -47.2], [-9532.8, -20.6], [-9520.9, 0.5], [-9506.7, 29.6], [-9496.4, 51.7], [-9492.8, 64.4], [-9495.6, 53.5], [-9502.1, 38.6], [-9507.7, 27.8], [-9516.5, 9.6], [-9527.8, -12.0], [-9540.5, -42.8], [-9546.1, -66.2], [-9549.3, -106.5], [-9556.0, -134.1], [-9565.0, -147.4], [-9577.6, -168.1], [-9585.5, -191.0], [-9597.0, -221.4], [-9608.0, -256.1], [-9613.9, -284.4], [-9617.5, -308.4], [-9620.0, -336.7], [-9619.9, -361.1], [-9618.4, -389.5], [-9613.0, -417.8]]}}, {"type": "Feature", "properties": {"op": "add"}, "geometry": {"type": "LineString", "coordinates": [[278.5, -1279.1], [270.0, -1267.3], [260.9, -1254.4], [251.8, -1237.7], [237.1, -1222.2], [221.4, -1208.8], [206.9, -1195.6], [189.3, -1176.0], [175.5, -1159.1], [167.1, -1142.6], [167.1, -1125.8], [183.1, -1107.9], [190.6, -1101.2], [200.2, -1092.6], [207.0, -1085.2], [210.9, -1081.9], [221.1, -1073.3], [232.3, -1061.5], [252.0, -1057.8], [271.2, -1053.7], [299.1, -1047.5], [308.7, -1043.2], [321.0, -1031.8], [334.3, -1020.7], [340.5, -1009.4], [337.3, -993.5], [337.3, -980.1], [339.3, -963.9], [342.6, -945.2], [347.7, -927.4], [355.8, -912.7], [364.2, -895.0], [367.4, -880.3], [372.7, -859.7], [368.6, -842.3], [360.1, -828.5], [336.5, -819.7], [318.1, -815.1], [297.3, -803.0], [289.0, -784.1], [281.1, -766.8], [282.5, -748.9], [286.4, -728.6], [288.7, -709.2], [296.1, -686.9], [301.2, -663.3], [301.4, -653.4], [292.1, -645.3], [285.0, -638.2], [283.8, -624.8], [279.6, -608.6], [268.1, -600.7], [249.6, -596.5], [243.2, -598.7], [235.7, -605.4], [218.2, -602.1], [204.5, -599.1], [188.0, -593.8], [171.5, -590.4], [154.7, -586.2], [138.3, -582.4], [123.1, -578.7], [93.6, -570.8], [75.9, -556.2], [61.9, -540.3], [54.2, -516.2], [57.9, -487.6], [49.5, -463.3], [47.6, -441.0], [42.6, -416.9], [48.2, -401.0], [61.9, -388.9], [78.2, -375.6], [93.9, -362.6], [113.5, -346.9], [129.8, -335.2], [146.7, -322.2], [158.2, -309.2], [168.2, -287.8], [186.6, -262.5], [202.5, -238.1], [215.3, -225.6], [219.6, -216.4], [224.4, -199.2], [225.6, -181.3], [226.6, -162.2], [239.7, -142.7], [247.2, -132.9], [256.1, -121.4], [265.1, -108.5], [258.1, -92.1], [259.8, -84.0], [268.6, -78.2], [278.7, -73.3], [299.7, -59.9], [310.1, -49.7], [328.4, -38.9], [351.8, -22.6], [371.6, -26.4], [392.8, -25.3], [405.1, -26.0], [425.2, -27.8], [442.1, -24.2], [451.9, -20.0], [472.8, -14.0], [494.8, -20.4], [522.0, -33.5], [558.0, -46.8], [587.9, -53.7], [585.3, -38.8], [588.4, -29.5], [594.7, -24.7], [602.3, -18.2], [602.2, -9.8], [600.9, -1.5], [594.0, 6.3], [592.3, 18.0], [601.5, 22.9], [603.2, 28.6], [602.5, 40.3], [602.3, 49.4], [608.0, 55.4], [613.3, 60.6], [618.5, 64.8], [631.4, 68.5], [637.3, 65.3], [658.0, 46.4], [678.9, 27.8], [699.4, 8.8], [720.8, -9.3], [741.7, -27.9], [762.0, -47.2], [782.6, -66.2], [805.9, -82.1], [828.4, -91.2], [855.5, -96.5], [886.5, -102.3], [896.6, -107.1], [921.7, -126.5], [941.1, -146.6], [959.2, -167.9], [976.4, -190.1], [992.2, -202.1], [1016.1, -216.6], [1031.1, -228.4], [1044.5, -250.7], [1049.8, -273.0], [1055.2, -314.6], [1058.4, -328.2], [1075.2, -365.9], [1084.5, -376.4], [1105.9, -401.8], [1114.9, -417.7], [1124.0, -428.3], [1140.7, -453.7], [1144.1, -467.3], [1149.5, -503.9], [1142.7, -516.2], [1126.3, -538.8], [1109.2, -561.0], [1091.7, -582.9], [1082.6, -593.5], [1064.3, -614.6], [1055.1, -625.2], [1036.6, -646.2], [1017.1, -665.4], [1006.5, -674.5], [974.6, -701.9], [953.3, -720.1], [932.7, -739.0], [913.5, -759.3], [897.3, -776.3], [880.7, -791.9], [872.3, -802.0], [857.3, -825.5], [840.3, -847.8], [867.4, -840.6], [856.6, -849.4], [827.7, -861.7], [813.6, -869.2], [796.8, -882.6], [780.5, -902.1], [779.5, -921.1], [785.4, -930.1], [793.6, -939.3], [802.4, -950.2], [798.5, -963.8], [792.0, -977.6], [780.7, -984.9], [772.5, -996.4], [764.5, -1007.9], [749.7, -1020.1], [722.7, -1024.8], [694.7, -1030.1], [676.3, -1029.7], [666.5, -1028.9], [656.9, -1018.4], [640.8, -1004.6], [627.0, -1020.3], [625.6, -1038.8], [627.1, -1053.2], [620.0, -1085.0], [618.3, -1101.0], [623.2, -1127.2], [631.2, -1142.4], [631.5, -1156.4], [630.8, -1184.4], [630.9, -1206.6], [632.8, -1230.4], [633.3, -1244.4], [634.8, -1269.2], [631.5, -1282.7], [627.1, -1310.5], [626.8, -1329.5], [626.9, -1349.3], [626.9, -1366.5], [633.0, -1391.1], [634.9, -1406.6], [629.4, -1420.5], [621.6, -1454.1], [621.5, -1472.7], [605.1, -1485.7], [589.9, -1508.8], [574.9, -1522.2], [563.0, -1536.5], [539.1, -1529.1], [526.5, -1511.1], [513.2, -1488.3], [493.1, -1472.4], [471.2, -1459.7], [454.7, -1448.9], [432.9, -1436.7], [409.5, -1425.9], [382.1, -1414.2], [355.9, -1397.0], [345.8, -1375.0], [336.3, -1351.4], [325.8, -1330.0], [313.1, -1312.4], [297.0, -1295.9]]}}, {"type": "Feature", "properties": {"op": "add"}, "geometry": {"type": "LineString", "coordinates": [[684.4, -4982.3], [654.8, -4977.6], [615.9, -4972.8], [585.8, -4969.2], [548.1, -4976.6], [517.6, -4960.9], [494.7, -4939.5], [480.8, -4917.9], [459.2, -4910.8], [442.5, -4920.8], [447.1, -4949.6], [453.8, -4966.2], [472.2, -4990.3], [490.8, -5008.5], [499.6, -5036.2], [501.3, -5062.4], [472.7, -5068.2], [446.2, -5064.5], [422.2, -5046.0], [401.4, -5025.5], [383.0, -5022.4], [351.4, -5019.1], [325.4, -5023.3], [301.3, -5031.7], [282.2, -5041.3], [262.1, -5048.8], [241.3, -5049.9], [228.9, -5065.5], [210.4, -5053.3], [190.6, -5039.7], [166.1, -5021.6], [142.7, -5026.8], [116.9, -5034.7], [102.7, -5017.2], [89.1, -5014.4], [56.3, -5016.6], [40.8, -5016.5], [12.7, -5028.3], [-23.5, -5046.8], [-41.8, -5070.0]]}}, {"type": "Feature", "properties": {"op": "add"}, "geometry": {"type": "LineString", "coordinates": [[-11017.7, 1438.3], [-11003.4, 1420.9], [-10990.4, 1412.8], [-10979.3, 1411.6], [-10952.5, 1424.2], [-10936.8, 1424.9], [-10916.3, 1420.7], [-10900.2, 1448.2], [-10881.7, 1461.5], [-10842.8, 1475.9], [-10807.6, 1486.8], [-10780.1, 1495.1], [-10743.6, 1501.0], [-10714.9, 1503.6], [-10674.4, 1505.0], [-10660.5, 1511.9], [-10641.5, 1534.8], [-10627.6, 1544.3], [-10610.8, 1552.2], [-10596.3, 1556.6], [-10574.8, 1558.4], [-10550.3, 1578.0], [-10530.8, 1589.0], [-10509.8, 1614.4], [-10479.6, 1652.8], [-10465.0, 1661.9], [-10457.9, 1670.0], [-10463.7, 1692.9], [-10445.2, 1711.5], [-10435.4, 1736.2], [-10427.7, 1767.2], [-10414.8, 1797.6], [-10406.0, 1827.5], [-10402.4, 1860.5], [-10411.2, 1893.6], [-10423.4, 1907.8], [-10446.9, 1923.2], [-10470.2, 1939.9], [-10468.8, 1950.0], [-10464.5, 1955.5], [-10477.6, 1977.9], [-10490.6, 1972.0], [-10503.7, 1971.1], [-10511.9, 1962.3], [-10517.3, 1947.6], [-10527.6, 1942.5], [-10544.1, 1947.9], [-10559.2, 1961.0], [-10572.7, 1976.7], [-10568.6, 1978.9], [-10555.8, 1958.8], [-10542.3, 1947.6], [-10524.9, 1942.5], [-10516.4, 1949.0], [-10503.2, 1973.0], [-10475.6, 1975.0], [-10464.0, 1957.9], [-10471.7, 1938.3], [-10457.9, 1932.2], [-10436.6, 1916.3], [-10418.4, 1904.5], [-10409.8, 1887.8], [-10406.8, 1877.8], [-10400.5, 1863.8], [-10404.8, 1832.1], [-10413.2, 1806.5], [-10424.0, 1772.1], [-10425.3, 1747.4], [-10411.2, 1735.2], [-10387.9, 1725.8], [-10352.2, 1724.7], [-10323.8, 1718.8], [-10299.7, 1706.3], [-10266.0, 1692.6], [-10247.0, 1675.2], [-10223.5, 1642.3], [-10205.1, 1605.2], [-10185.6, 1586.1], [-10164.2, 1572.1], [-10123.5, 1555.3], [-10108.4, 1541.8], [-10085.1, 1516.2], [-10067.8, 1486.1], [-10052.9, 1467.5], [-10014.5, 1459.7], [-9991.5, 1458.6], [-9976.2, 1457.1], [-9948.0, 1454.6], [-9933.3, 1441.7], [-9923.8, 1443.3], [-9900.2, 1458.0], [-9881.9, 1450.0], [-9875.2, 1450.3], [-9859.6, 1458.0], [-9849.8, 1453.9], [-9843.6, 1445.7], [-9823.6, 1423.5], [-9821.9, 1412.5], [-9826.5, 1406.8], [-9835.9, 1402.0], [-9842.1, 1396.3], [-9823.1, 1411.5], [-9822.4, 1420.6], [-9834.8, 1435.7], [-9853.2, 1456.0], [-9870.3, 1455.5], [-9882.3, 1448.7], [-9898.5, 1456.9], [-9906.7, 1454.7], [-9932.6, 1441.3], [-9950.9, 1456.2], [-9967.0, 1456.0], [-9991.2, 1458.5], [-10012.2, 1466.6], [-10050.7, 1470.6], [-10070.0, 1490.1], [-10089.4, 1518.8], [-10121.4, 1553.2], [-10158.6, 1569.8], [-10185.4, 1584.6], [-10204.0, 1605.5], [-10218.8, 1633.3], [-10242.3, 1669.6], [-10262.1, 1689.5], [-10282.5, 1700.5], [-10311.1, 1711.4], [-10335.8, 1721.8], [-10381.6, 1726.9], [-10409.0, 1723.0], [-10425.2, 1708.0], [-10440.8, 1688.6], [-10462.9, 1663.5], [-10482.5, 1648.6], [-10506.4, 1618.8], [-10525.8, 1593.3], [-10543.4, 1581.9], [-10554.1, 1574.9], [-10576.7, 1557.1], [-10601.5, 1555.4], [-10625.3, 1546.0], [-10642.9, 1533.3], [-10663.4, 1510.3], [-10676.3, 1504.9], [-10706.1, 1503.8], [-10715.6, 1517.2], [-10715.0, 1531.7], [-10703.6, 1543.2], [-10663.8, 1554.4], [-10644.6, 1553.5], [-10636.3, 1548.6], [-10636.7, 1538.5], [-10655.7, 1516.9], [-10671.3, 1506.3], [-10690.6, 1503.0], [-10719.3, 1503.8], [-10741.6, 1501.3], [-10779.0, 1495.5], [-10814.5, 1484.8], [-10847.3, 1473.5], [-10875.3, 1462.6], [-10891.5, 1454.6], [-10904.6, 1442.6], [-10912.3, 1429.7], [-10916.2, 1420.0], [-10942.5, 1425.0], [-10957.7, 1422.2], [-10979.7, 1411.7], [-10992.3, 1412.8], [-11011.4, 1426.5], [-11021.4, 1442.3], [-11024.3, 1459.8]]}}, {"type": "Feature", "properties": {"op": "add"}, "geometry": {"type": "LineString", "coordinates": [[-10567.2, -4384.1], [-10523.7, -4397.8], [-10487.1, -4403.4], [-10474.4, -4409.1], [-10441.0, -4402.8], [-10408.1, -4412.2], [-10354.7, -4410.9], [-10278.6, -4393.3], [-10246.8, -4376.1], [-10213.6, -4366.4], [-10167.5, -4353.1], [-10096.4, -4320.9], [-10078.5, -4326.1], [-10030.0, -4304.9], [-9972.1, -4295.1], [-9948.3, -4278.8], [-9921.0, -4246.1], [-9885.6, -4218.4], [-9816.0, -4147.8], [-9828.7, -4108.5], [-9815.2, -4097.9], [-9799.6, -4085.7], [-9776.8, -4085.0], [-9740.2, -4048.7], [-9692.7, -3984.8], [-9691.7, -3945.3], [-9681.0, -3921.2], [-9705.0, -3936.5], [-9699.4, -3940.9], [-9698.8, -3955.2], [-9702.2, -3992.7], [-9706.0, -4006.0], [-9720.9, -4005.0], [-9746.1, -4043.4], [-9755.3, -4070.8], [-9784.9, -4085.1], [-9797.8, -4092.4], [-9813.6, -4095.4], [-9830.6, -4110.1], [-9838.3, -4123.3], [-9848.1, -4140.3], [-9870.0, -4162.9], [-9866.5, -4198.9], [-9912.6, -4211.0], [-9945.6, -4236.0], [-9979.3, -4250.9], [-9989.0, -4260.4], [-10013.9, -4271.8], [-10046.1, -4271.6], [-10065.4, -4300.9], [-10105.8, -4308.2], [-10149.6, -4316.0], [-10184.0, -4337.9], [-10222.4, -4348.5], [-10242.3, -4367.8], [-10270.6, -4361.0], [-10312.5, -4384.6], [-10370.6, -4377.8], [-10407.1, -4376.6], [-10434.2, -4370.5], [-10494.8, -4373.6], [-10532.7, -4362.4], [-10576.8, -4349.4], [-10612.4, -4347.7], [-10646.2, -4326.1], [-10676.0, -4320.5], [-10711.5, -4307.0], [-10729.4, -4303.4], [-10757.2, -4279.1], [-10780.7, -4249.3], [-10805.3, -4225.9], [-10839.9, -4192.9], [-10875.0, -4174.4], [-10905.4, -4149.9], [-10942.5, -4129.1], [-10978.1, -4104.8], [-11006.6, -4071.3], [-11048.1, -4068.5], [-11073.8, -4044.8], [-11083.1, -4013.8], [-11083.5, -3980.8], [-11078.7, -3963.8], [-11089.7, -3939.8], [-11094.1, -3930.2], [-11081.6, -3910.1], [-11085.5, -3895.0], [-11094.2, -3896.1], [-11099.1, -3889.4], [-11100.3, -3877.0], [-11103.1, -3871.7], [-11101.5, -3862.5], [-11093.0, -3857.4], [-11100.0, -3842.7], [-11100.0, -3829.9], [-11103.7, -3820.6], [-11110.5, -3815.5], [-11121.8, -3819.8], [-11112.8, -3825.4], [-11109.4, -3833.8], [-11105.8, -3849.0], [-11108.1, -3866.4], [-11105.7, -3879.5], [-11096.6, -3899.5], [-11083.5, -3908.4], [-11092.6, -3924.1], [-11096.1, -3930.2], [-11085.1, -3955.6], [-11085.9, -3984.7], [-11078.5, -4029.8], [-11068.9, -4050.1], [-11044.4, -4075.3], [-11047.4, -4108.3], [-11034.3, -4155.7], [-10997.3, -4175.3], [-10973.6, -4195.8], [-10944.0, -4203.0], [-10905.9, -4216.2], [-10875.4, -4218.6], [-10850.2, -4233.5], [-10809.7, -4250.5], [-10772.9, -4266.0], [-10759.2, -4285.3], [-10746.9, -4295.4], [-10723.4, -4306.6], [-10692.6, -4321.1], [-10673.3, -4334.3], [-10647.4, -4355.4], [-10617.3, -4368.1], [-10595.9, -4385.3]]}}, {"type": "Feature", "properties": {"op": "add"}, "geometry": {"type": "LineString", "coordinates": [[-14451.6, 806.2], [-14423.2, 794.4], [-14394.7, 796.7], [-14364.7, 756.2], [-14310.1, 667.1], [-14306.6, 614.4], [-14328.5, 579.8], [-14366.7, 525.8], [-14376.3, 512.2], [-14394.7, 501.3], [-14395.5, 480.0], [-14387.6, 474.0], [-14376.4, 475.3], [-14355.9, 510.1], [-14349.8, 521.8], [-14339.5, 547.6], [-14316.9, 560.7], [-14297.3, 582.5], [-14277.7, 624.4], [-14193.0, 623.1], [-14140.8, 619.2], [-14102.9, 596.1], [-14060.6, 620.1], [-14039.3, 676.1], [-14038.2, 712.9], [-14021.6, 732.8], [-14004.3, 753.5], [-13987.9, 754.8], [-13973.8, 755.2], [-13959.6, 755.7], [-13945.9, 756.9], [-13936.7, 757.8], [-13920.4, 759.0], [-13906.3, 759.7], [-13892.2, 760.3], [-13878.1, 760.8], [-13861.6, 761.3], [-13846.1, 761.9], [-13818.4, 750.6], [-13771.3, 734.0], [-13764.2, 743.4], [-13754.0, 756.8], [-13737.5, 757.6], [-13711.6, 758.7], [-13691.7, 759.6], [-13666.1, 728.8], [-13668.4, 705.5], [-13650.9, 683.3], [-13639.1, 668.5], [-13633.3, 661.1], [-13620.1, 644.4], [-13607.0, 627.9], [-13603.7, 604.5], [-13600.4, 581.1], [-13597.4, 560.1], [-13594.1, 536.7], [-13596.3, 516.1], [-13599.6, 497.5], [-13602.4, 481.2], [-13604.8, 467.3], [-13604.4, 452.8], [-13604.0, 441.8], [-13603.8, 436.1], [-13602.0, 429.6]]}}, {"type": "Feature", "properties": {"op": "add"}, "geometry": {"type": "LineString", "coordinates": [[2978.1, -4307.0], [2977.5, -4299.2], [2976.5, -4290.7], [2975.5, -4280.6], [2974.6, -4271.4], [2974.0, -4256.5], [2973.8, -4245.3], [2972.8, -4237.5], [2971.2, -4226.1], [2972.8, -4236.1], [2973.7, -4245.4], [2973.4, -4261.4], [2973.3, -4269.2], [2973.5, -4280.4], [2974.8, -4293.8], [2977.0, -4305.1], [2977.8, -4316.3], [2979.1, -4326.7], [2980.2, -4336.7], [2980.6, -4351.2], [2977.8, -4364.0], [2975.7, -4372.3], [2974.4, -4379.2], [2973.9, -4387.1], [2973.1, -4394.9], [2972.5, -4401.9], [2971.6, -4413.1], [2970.8, -4424.2], [2970.3, -4433.6], [2970.4, -4441.0], [2970.3, -4451.4], [2970.9, -4459.6], [2971.7, -4470.4], [2972.4, -4479.7], [2973.4, -4492.3], [2974.0, -4501.3], [2974.5, -4509.1], [2976.4, -4523.1], [2973.1, -4533.8], [2967.1, -4547.1], [2958.4, -4562.7], [2950.9, -4577.8], [2944.8, -4592.2], [2937.9, -4605.4], [2928.6, -4615.1], [2921.9, -4625.4], [2915.9, -4641.0], [2911.3, -4652.5], [2905.6, -4667.1], [2899.6, -4678.1], [2905.8, -4668.8], [2913.3, -4657.7], [2922.4, -4643.6], [2931.3, -4628.1], [2935.2, -4618.8], [2939.6, -4608.5], [2944.7, -4597.3], [2951.3, -4583.1], [2956.0, -4572.9], [2962.0, -4560.1], [2967.3, -4549.0], [2974.8, -4533.5], [2976.4, -4520.2], [2975.2, -4509.1], [2973.3, -4497.7], [2970.9, -4482.6], [2968.5, -4469.4], [2968.4, -4460.4], [2967.8, -4451.5], [2967.0, -4442.3], [2966.3, -4434.9], [2966.0, -4423.7], [2969.1, -4411.5], [2973.4, -4398.4], [2974.7, -4390.2], [2975.5, -4380.9], [2976.6, -4370.5], [2982.8, -4355.7], [2980.5, -4345.1], [2977.2, -4326.0]]}}, {"type": "Feature", "properties": {"op": "add"}, "geometry": {"type": "LineString", "coordinates": [[2813.3, -2498.6], [2815.1, -2503.5], [2816.1, -2508.0], [2818.6, -2515.0], [2820.6, -2518.6], [2823.2, -2523.1], [2824.7, -2524.8], [2825.8, -2527.6], [2825.6, -2531.3], [2823.8, -2537.0], [2822.4, -2540.1], [2819.3, -2547.6], [2820.1, -2552.8], [2821.7, -2558.9], [2824.4, -2566.2], [2827.8, -2572.0], [2830.4, -2574.8], [2835.8, -2579.8], [2842.5, -2585.8], [2847.8, -2589.9], [2853.9, -2592.7], [2859.5, -2592.7], [2866.9, -2591.9], [2873.6, -2591.5], [2880.9, -2592.9], [2888.5, -2594.7], [2891.7, -2597.9], [2896.9, -2604.6], [2900.0, -2608.9], [2904.1, -2613.8], [2908.3, -2619.0], [2909.6, -2621.7], [2911.2, -2628.2], [2912.0, -2634.9], [2912.9, -2643.1], [2913.8, -2645.9], [2915.4, -2650.0], [2917.1, -2653.3], [2920.9, -2658.8], [2925.0, -2662.7], [2929.4, -2666.2], [2933.4, -2668.9], [2939.2, -2674.7], [2938.2, -2679.8], [2936.6, -2687.5], [2936.5, -2693.8], [2938.2, -2697.9], [2942.0, -2703.0], [2946.2, -2706.7], [2952.9, -2710.0], [2959.8, -2712.9], [2963.5, -2713.5], [2970.7, -2715.3], [2976.2, -2717.8], [2981.9, -2721.2], [2981.4, -2727.5], [2980.9, -2734.6], [2980.6, -2742.4], [2980.7, -2751.3], [2984.1, -2755.3], [2988.8, -2760.1], [2993.7, -2762.0], [3000.6, -2759.2], [3006.9, -2755.8], [3012.6, -2754.2], [3017.6, -2758.7], [3024.2, -2764.7], [3031.6, -2769.9], [3037.8, -2774.5], [3040.1, -2776.4], [3043.3, -2779.5], [3048.1, -2784.2], [3051.6, -2788.0], [3047.2, -2793.1], [3041.1, -2799.6], [3035.8, -2805.4], [3029.0, -2815.6], [3031.3, -2810.1], [3033.7, -2804.7], [3039.5, -2800.0], [3050.1, -2789.5], [3046.9, -2783.6], [3042.7, -2777.9], [3036.0, -2773.7], [3029.1, -2768.7], [3020.6, -2761.4], [3013.2, -2755.1], [3003.6, -2756.1], [2993.8, -2760.7], [2988.2, -2758.3], [2981.2, -2752.6], [2981.4, -2742.2], [2981.8, -2730.3], [2980.8, -2720.0], [2970.8, -2714.9], [2951.5, -2710.5], [2944.1, -2704.3], [2936.9, -2695.7], [2937.4, -2686.1], [2938.5, -2679.4], [2938.9, -2670.6], [2930.6, -2665.6], [2924.7, -2662.4], [2918.2, -2654.2], [2913.8, -2647.3], [2912.9, -2638.4], [2912.0, -2630.9], [2909.1, -2620.2], [2903.4, -2613.3], [2897.3, -2605.7], [2891.4, -2599.0], [2884.7, -2592.0], [2875.0, -2592.0], [2865.7, -2592.0], [2854.2, -2591.6], [2848.0, -2588.8], [2839.7, -2583.2], [2833.9, -2577.5], [2826.6, -2568.5], [2822.7, -2560.4], [2819.5, -2551.3], [2820.4, -2545.0], [2825.3, -2537.5], [2827.0, -2528.3], [2825.4, -2524.2], [2819.2, -2515.7], [2816.7, -2508.7], [2813.4, -2499.2], [2808.7, -2494.4], [2799.9, -2492.3], [2792.0, -2494.5], [2784.7, -2498.1], [2776.9, -2500.9], [2769.5, -2501.1], [2762.6, -2495.4], [2758.5, -2488.3], [2754.5, -2481.6], [2750.4, -2477.2], [2746.3, -2472.8], [2738.4, -2464.8], [2743.3, -2469.4], [2748.9, -2474.9], [2755.2, -2481.8], [2759.3, -2489.4], [2764.5, -2497.1], [2771.9, -2502.2], [2779.2, -2500.8], [2789.0, -2496.2], [2799.4, -2491.1], [2808.0, -2493.6]]}}, {"type": "Feature", "properties": {"op": "add"}, "geometry": {"type": "LineString", "coordinates": [[-8854.8, 745.0], [-8870.9, 761.1], [-8880.0, 754.1], [-8909.0, 790.7], [-8934.5, 772.8], [-8944.1, 771.3], [-8965.5, 773.7], [-8978.0, 784.0], [-8985.4, 791.3], [-8991.6, 809.2], [-8998.8, 833.9], [-8981.5, 845.3], [-8976.5, 858.7], [-8975.8, 876.3], [-9004.1, 900.9], [-9014.9, 924.1], [-9011.4, 940.3], [-9004.5, 955.0], [-8988.7, 960.3], [-8976.4, 959.8], [-8946.2, 956.5], [-8934.9, 956.0], [-8926.4, 955.1], [-8909.9, 934.3], [-8898.1, 915.3], [-8884.8, 916.9], [-8857.1, 931.8], [-8839.4, 937.3], [-8816.7, 954.8], [-8798.7, 932.6], [-8778.6, 908.6], [-8763.0, 891.6], [-8739.4, 892.2], [-8724.8, 877.7], [-8709.9, 859.7], [-8683.4, 877.5], [-8652.2, 839.0], [-8647.3, 832.1], [-8633.8, 789.0], [-8664.1, 764.0], [-8641.6, 734.2], [-8610.0, 760.4], [-8590.5, 758.2], [-8579.3, 737.9], [-8596.1, 717.0], [-8561.6, 673.6], [-8538.3, 689.0], [-8524.5, 671.7], [-8510.0, 650.1], [-8536.2, 631.9], [-8559.0, 615.6], [-8580.7, 598.0], [-8588.0, 568.8], [-8576.2, 545.8], [-8564.4, 528.9], [-8553.0, 511.9], [-8534.4, 487.4], [-8548.0, 469.7], [-8565.3, 465.8], [-8582.4, 481.4], [-8607.1, 507.4], [-8646.9, 477.2], [-8634.1, 461.0], [-8633.4, 444.2], [-8651.6, 423.1], [-8679.6, 398.9], [-8693.4, 398.3], [-8707.2, 414.5], [-8722.9, 432.1], [-8711.1, 457.3], [-8694.4, 474.7], [-8722.3, 511.9], [-8715.5, 521.9], [-8728.2, 537.0], [-8747.9, 560.4], [-8738.0, 575.0], [-8771.1, 609.2], [-8796.0, 588.7], [-8829.1, 626.2], [-8852.8, 658.7], [-8833.7, 673.0], [-8826.0, 678.2], [-8834.5, 697.7], [-8845.7, 723.0]]}}, {"type": "Feature", "properties": {"op": "add"}, "geometry": {"type": "LineString", "coordinates": [[-9613.3, -1082.8], [-9622.3, -1000.1], [-9581.4, -905.4], [-9590.2, -871.0], [-9654.9, -777.9], [-9645.9, -685.2], [-9623.7, -603.2], [-9593.6, -478.8], [-9623.9, -347.4], [-9594.5, -208.5], [-9557.9, -134.7], [-9535.9, -29.7], [-9495.8, 57.3]]}}, {"type": "Feature", "properties": {"op": "add"}, "geometry": {"type": "LineString", "coordinates": [[-8824.6, 677.4], [-8844.1, 721.3], [-8794.7, 745.7], [-8765.7, 737.3], [-8744.1, 711.7], [-8736.1, 717.6], [-8714.1, 735.7], [-8698.8, 714.6], [-8657.5, 748.0], [-8658.7, 767.9], [-8634.5, 787.4], [-8662.2, 821.2], [-8653.5, 826.7], [-8608.6, 861.8], [-8600.3, 850.1], [-8616.1, 837.9], [-8637.5, 816.9], [-8629.6, 781.9], [-8623.9, 775.0], [-8623.3, 775.5], [-8594.1, 757.7], [-8578.9, 737.9], [-8596.8, 717.4], [-8562.2, 673.3], [-8536.5, 690.4], [-8522.2, 670.6], [-8508.8, 650.2], [-8557.7, 615.0], [-8568.1, 613.4], [-8581.1, 593.1], [-8585.6, 562.9], [-8573.5, 540.8], [-8535.7, 488.1], [-8538.7, 479.4], [-8548.3, 467.5], [-8544.9, 464.1], [-8564.2, 466.0], [-8583.3, 481.0], [-8606.1, 504.9], [-8633.1, 534.8], [-8655.9, 552.8], [-8671.5, 554.1], [-8713.5, 519.8], [-8731.2, 542.0], [-8750.0, 561.8], [-8736.9, 574.6], [-8770.5, 609.4], [-8795.9, 587.9], [-8827.8, 624.7], [-8928.9, 540.5], [-8907.7, 509.1], [-8933.2, 488.1], [-8911.6, 505.6], [-8925.2, 543.3], [-8833.3, 620.8], [-8854.7, 660.0], [-8838.5, 670.3]]}}, {"type": "Feature", "properties": {"op": "add"}, "geometry": {"type": "LineString", "coordinates": [[-8828.5, 678.8], [-8846.3, 718.4], [-8839.2, 727.5], [-8796.4, 749.6], [-8766.3, 740.2], [-8745.1, 715.4], [-8739.1, 719.9], [-8714.9, 739.1], [-8699.1, 718.9], [-8664.1, 746.4], [-8662.3, 768.6], [-8637.2, 787.5], [-8661.4, 815.6], [-8663.2, 821.5], [-8656.4, 829.4], [-8611.9, 864.5], [-8596.6, 852.9], [-8614.0, 834.9], [-8634.6, 815.5], [-8628.5, 782.5], [-8625.5, 777.6], [-8624.9, 777.5], [-8591.4, 759.6], [-8577.9, 739.2], [-8594.7, 717.0], [-8561.1, 675.1], [-8537.4, 691.4], [-8521.4, 671.6], [-8508.3, 651.6], [-8556.8, 614.6], [-8566.9, 612.1], [-8579.9, 593.4], [-8583.6, 566.1], [-8571.5, 541.9], [-8534.2, 489.8], [-8536.6, 478.9], [-8546.2, 468.7], [-8544.4, 466.9], [-8564.1, 463.4], [-8583.2, 478.4], [-8607.5, 503.0], [-8634.9, 534.1], [-8653.0, 550.6], [-8670.8, 552.7], [-8711.1, 518.3], [-8731.1, 538.8], [-8751.3, 558.5], [-8738.9, 575.6], [-8771.8, 607.1], [-8793.9, 586.1], [-8828.9, 622.1], [-8926.0, 540.0], [-8906.0, 511.9], [-8930.6, 486.5], [-8914.8, 505.9], [-8926.8, 544.7], [-8836.9, 621.3], [-8855.7, 657.7], [-8841.6, 671.5]]}}, {"type": "Feature", "properties": {"op": "add"}, "geometry": {"type": "LineString", "coordinates": [[-8827.2, 678.9], [-8844.6, 717.5], [-8839.7, 725.4], [-8796.1, 747.5], [-8767.5, 739.2], [-8745.7, 713.7], [-8738.3, 718.8], [-8714.9, 737.6], [-8699.0, 717.7], [-8663.4, 745.3], [-8661.3, 767.5], [-8636.4, 786.1], [-8660.1, 816.6], [-8661.7, 820.9], [-8656.5, 827.4], [-8611.9, 862.4], [-8599.0, 853.6], [-8614.0, 836.2], [-8634.3, 817.3], [-8629.9, 783.8], [-8625.5, 776.3], [-8625.4, 776.3], [-8592.6, 759.1], [-8580.0, 740.0], [-8594.3, 718.4], [-8562.1, 675.5], [-8537.4, 690.6], [-8522.5, 671.7], [-8509.3, 651.9], [-8556.3, 615.3], [-8565.9, 612.9], [-8579.9, 594.7], [-8585.5, 567.1], [-8572.7, 542.4], [-8535.5, 490.4], [-8537.4, 480.3], [-8547.3, 469.3], [-8545.4, 467.3], [-8562.8, 463.5], [-8581.5, 478.5], [-8605.3, 502.6], [-8632.7, 532.0], [-8651.7, 551.2], [-8669.0, 553.5], [-8710.5, 519.7], [-8730.1, 538.9], [-8750.1, 558.1], [-8739.0, 574.4], [-8770.3, 606.9], [-8793.6, 588.1], [-8827.2, 622.3], [-8926.0, 541.4], [-8907.6, 512.4], [-8930.1, 488.3], [-8914.8, 504.2], [-8928.4, 542.4], [-8837.2, 619.9], [-8854.2, 657.6], [-8841.7, 670.4]]}}, {"type": "Feature", "properties": {"op": "add"}, "geometry": {"type": "LineString", "coordinates": [[-8826.1, 677.9], [-8843.8, 718.0], [-8838.8, 724.2], [-8795.8, 745.1], [-8768.5, 737.7], [-8747.6, 714.2], [-8737.2, 717.5], [-8715.5, 735.8], [-8699.5, 716.1], [-8662.8, 744.6], [-8660.2, 766.0], [-8634.8, 785.6], [-8659.3, 817.2], [-8660.4, 820.6], [-8656.5, 825.6], [-8612.4, 860.1], [-8601.0, 852.8], [-8614.1, 837.7], [-8634.4, 819.0], [-8631.2, 784.1], [-8625.4, 774.8], [-8624.8, 774.9], [-8594.9, 758.8], [-8581.9, 740.3], [-8594.2, 719.6], [-8563.6, 675.4], [-8537.6, 689.8], [-8523.3, 671.8], [-8510.1, 651.8], [-8556.0, 615.9], [-8565.7, 613.7], [-8580.1, 595.8], [-8586.5, 567.7], [-8573.8, 542.0], [-8536.5, 491.2], [-8538.0, 481.5], [-8549.0, 470.1], [-8546.3, 467.2], [-8562.6, 464.3], [-8580.1, 478.5], [-8604.3, 503.0], [-8631.1, 531.4], [-8650.9, 551.6], [-8668.3, 553.7], [-8710.4, 520.5], [-8728.3, 538.4], [-8749.0, 558.4], [-8739.0, 573.4], [-8769.5, 607.1], [-8793.2, 589.7], [-8825.8, 622.0], [-8925.5, 542.8], [-8909.2, 512.4], [-8929.9, 489.8], [-8914.5, 503.3], [-8928.3, 541.1], [-8836.6, 618.9], [-8852.9, 657.8], [-8841.6, 669.2]]}}, {"type": "Feature", "properties": {"op": "add"}, "geometry": {"type": "LineString", "coordinates": [[-8824.1, 677.7], [-8842.1, 718.9], [-8837.6, 723.5], [-8801.7, 741.3], [-8795.8, 742.3], [-8769.2, 737.2], [-8746.5, 712.9], [-8736.0, 715.8], [-8715.5, 734.2], [-8699.5, 714.8], [-8662.1, 743.8], [-8659.6, 765.4], [-8633.6, 785.2], [-8658.5, 817.8], [-8658.9, 820.3], [-8655.6, 824.6], [-8611.4, 858.6], [-8602.3, 851.7], [-8614.9, 838.5], [-8635.4, 820.3], [-8632.1, 783.4], [-8624.3, 773.3], [-8623.7, 773.5], [-8624.4, 772.9], [-8595.5, 758.0], [-8582.3, 740.0], [-8594.7, 720.2], [-8564.2, 675.0], [-8537.2, 688.8], [-8523.9, 671.3], [-8511.1, 651.2], [-8556.5, 616.5], [-8566.0, 614.4], [-8580.9, 596.2], [-8587.6, 567.5], [-8574.6, 541.4], [-8537.7, 490.3], [-8539.3, 482.2], [-8550.4, 469.3], [-8547.3, 466.3], [-8562.6, 465.7], [-8579.3, 479.2], [-8603.7, 503.8], [-8630.5, 532.3], [-8651.2, 552.6], [-8668.6, 554.7], [-8710.9, 521.6], [-8727.9, 538.8], [-8748.1, 559.3], [-8738.3, 572.6], [-8768.6, 608.0], [-8794.0, 590.7], [-8825.1, 622.7], [-8926.3, 543.7], [-8910.6, 511.4], [-8930.8, 491.1], [-8913.7, 502.3], [-8927.6, 540.3], [-8835.7, 618.2], [-8852.0, 658.5], [-8841.3, 667.8]]}}, {"type": "Feature", "properties": {"op": "add"}, "geometry": {"type": "LineString", "coordinates": [[-8822.5, 677.1], [-8841.3, 718.3], [-8836.9, 723.9], [-8802.9, 739.3], [-8795.9, 740.1], [-8769.6, 736.2], [-8748.5, 715.5], [-8735.2, 714.8], [-8715.5, 732.6], [-8699.8, 713.7], [-8661.1, 742.6], [-8658.1, 765.1], [-8633.5, 783.7], [-8657.7, 818.6], [-8657.0, 821.3], [-8653.2, 824.6], [-8609.4, 858.0], [-8602.8, 850.3], [-8616.6, 838.6], [-8637.8, 820.4], [-8631.8, 781.8], [-8622.6, 772.4], [-8622.5, 773.0], [-8595.5, 756.4], [-8582.4, 738.4], [-8596.0, 720.5], [-8564.5, 674.2], [-8536.6, 688.3], [-8524.2, 670.7], [-8511.2, 650.3], [-8557.2, 616.9], [-8567.2, 614.2], [-8582.3, 595.4], [-8588.7, 566.3], [-8575.0, 539.9], [-8537.9, 489.4], [-8540.5, 481.7], [-8550.6, 467.5], [-8547.6, 464.9], [-8563.2, 467.0], [-8579.5, 480.4], [-8603.9, 505.2], [-8630.8, 533.6], [-8652.9, 553.4], [-8670.3, 555.3], [-8712.2, 522.1], [-8727.6, 539.9], [-8747.6, 560.4], [-8737.2, 572.8], [-8768.7, 609.3], [-8795.2, 590.7], [-8825.0, 624.5], [-8928.0, 544.6], [-8911.1, 509.4], [-8932.7, 491.1], [-8912.0, 502.0], [-8926.2, 540.5], [-8834.1, 618.3], [-8851.8, 659.7], [-8840.5, 666.9]]}}, {"type": "Feature", "properties": {"op": "add"}, "geometry": {"type": "LineString", "coordinates": [[-8823.0, 675.9], [-8823.0, 681.3], [-8840.5, 720.6], [-8835.9, 722.6], [-8798.1, 739.3], [-8770.0, 735.0], [-8746.5, 715.2], [-8735.0, 714.2], [-8715.1, 730.8], [-8698.9, 711.3], [-8660.4, 741.7], [-8656.5, 764.8], [-8631.8, 784.5], [-8656.6, 819.4], [-8657.7, 820.2], [-8656.9, 820.7], [-8651.9, 824.3], [-8608.1, 857.5], [-8603.6, 849.0], [-8618.9, 838.8], [-8639.4, 820.5], [-8631.8, 780.4], [-8621.3, 771.3], [-8621.1, 773.2], [-8594.6, 753.5], [-8583.0, 737.6], [-8597.2, 720.7], [-8565.1, 673.2], [-8535.5, 688.1], [-8524.6, 669.7], [-8511.3, 649.4], [-8558.0, 617.2], [-8568.2, 614.5], [-8582.9, 595.3], [-8589.2, 565.3], [-8575.2, 538.6], [-8538.6, 488.5], [-8541.8, 481.0], [-8550.2, 465.4], [-8547.9, 463.8], [-8564.4, 468.3], [-8580.7, 481.9], [-8603.9, 506.6], [-8631.3, 535.4], [-8653.4, 554.1], [-8673.1, 555.2], [-8712.9, 522.5], [-8727.5, 541.4], [-8747.0, 561.7], [-8735.9, 572.9], [-8768.6, 610.4], [-8796.7, 591.0], [-8825.1, 625.9], [-8929.6, 544.6], [-8911.9, 507.5], [-8934.6, 491.1], [-8910.2, 501.8], [-8924.5, 540.6], [-8832.4, 618.9], [-8851.5, 660.6], [-8838.6, 667.1]]}}, {"type": "Feature", "properties": {"op": "add"}, "geometry": {"type": "LineString", "coordinates": [[-8856.3, 741.9], [-8860.3, 747.9], [-8866.1, 756.3], [-8870.5, 760.4], [-8879.5, 756.1], [-8883.5, 758.2], [-8907.5, 788.3], [-8906.3, 794.4], [-8899.1, 801.2], [-8899.9, 815.0], [-8899.1, 826.7], [-8905.6, 841.4], [-8905.3, 845.9], [-8898.1, 863.9], [-8893.4, 873.1], [-8888.6, 889.2], [-8888.8, 897.5], [-8896.3, 913.3], [-8904.3, 926.3], [-8919.4, 948.5], [-8966.4, 954.0], [-8982.4, 966.4], [-8999.4, 965.0], [-9012.4, 953.6], [-9008.4, 945.3], [-9000.9, 940.9], [-8998.4, 939.9], [-8996.3, 945.2], [-8999.0, 940.6], [-9002.6, 941.7], [-9012.4, 947.6], [-9012.5, 951.7], [-9004.8, 962.0], [-8998.6, 965.8], [-8983.9, 966.4], [-8980.0, 965.3], [-8957.9, 953.4], [-8920.7, 947.6], [-8901.0, 920.6], [-8894.5, 911.5], [-8877.5, 920.8], [-8855.0, 933.4], [-8848.9, 930.7], [-8834.6, 940.9], [-8818.3, 953.2], [-8815.1, 952.7], [-8804.0, 942.3], [-8802.4, 937.0], [-8777.2, 909.3], [-8766.8, 893.9], [-8737.0, 892.8], [-8731.9, 886.3], [-8723.1, 875.0], [-8712.3, 861.7], [-8712.2, 853.6], [-8725.9, 834.5], [-8726.6, 813.6], [-8717.1, 795.8], [-8721.8, 782.6], [-8732.2, 766.0], [-8724.9, 751.4], [-8713.3, 732.5], [-8699.0, 715.7], [-8661.6, 744.7], [-8660.3, 765.9], [-8634.4, 787.4], [-8632.4, 787.4], [-8606.2, 761.2], [-8592.1, 756.8], [-8579.7, 737.7], [-8594.5, 717.7], [-8581.7, 697.6], [-8561.1, 673.8], [-8536.5, 690.1], [-8528.4, 679.1], [-8517.6, 662.8], [-8510.4, 651.6], [-8516.7, 643.4], [-8557.2, 615.3], [-8563.6, 615.4], [-8583.8, 586.2], [-8584.4, 560.7], [-8578.2, 543.5], [-8593.4, 531.0], [-8609.9, 515.6], [-8616.9, 517.6], [-8657.5, 553.0], [-8673.6, 552.9], [-8713.7, 519.8], [-8717.2, 525.0], [-8745.4, 557.0], [-8745.0, 566.1], [-8738.1, 576.5], [-8769.9, 608.2], [-8795.5, 589.7], [-8832.6, 630.4], [-8851.5, 661.1], [-8824.7, 678.6], [-8847.3, 726.8]]}}, {"type": "Feature", "properties": {"op": "add"}, "geometry": {"type": "LineString", "coordinates": [[-119.4, -5048.2], [-146.1, -5054.6], [-173.1, -5071.4], [-197.1, -5072.1], [-214.9, -5062.2], [-234.2, -5055.4], [-263.3, -5050.4], [-294.0, -5050.5], [-314.1, -5046.1], [-341.1, -5030.7], [-362.0, -5030.8], [-383.7, -5022.9], [-408.1, -5021.7], [-434.1, -5025.7], [-448.6, -5038.6], [-483.0, -5041.3], [-498.7, -5059.0], [-514.6, -5072.1], [-535.8, -5073.0], [-554.4, -5069.2], [-574.1, -5054.1], [-604.8, -5051.2], [-620.5, -5058.4], [-628.9, -5080.3], [-650.9, -5097.1], [-672.1, -5106.4]]}}, {"type": "Feature", "properties": {"op": "add"}, "geometry": {"type": "LineString", "coordinates": [[-29.9, -4668.9], [-33.3, -4657.5], [-34.3, -4646.3], [-37.5, -4628.7], [-48.3, -4611.8], [-58.6, -4601.5], [-70.3, -4592.2], [-87.3, -4581.5], [-103.0, -4580.4], [-117.9, -4576.0], [-130.9, -4570.6], [-156.6, -4559.5], [-176.1, -4539.3], [-189.1, -4523.3], [-212.3, -4516.3], [-227.3, -4504.5], [-243.8, -4484.3], [-257.6, -4474.9], [-266.5, -4458.4], [-247.9, -4458.5], [-231.0, -4468.8], [-219.4, -4476.6], [-187.4, -4500.1], [-165.8, -4517.9], [-149.3, -4536.7], [-130.3, -4552.3], [-111.2, -4564.7], [-90.4, -4570.6], [-72.7, -4581.0], [-60.5, -4592.0], [-46.1, -4605.5], [-30.5, -4619.9], [-19.7, -4628.9], [9.4, -4654.3], [36.1, -4679.2], [54.5, -4690.9], [69.8, -4698.8], [84.5, -4703.2], [103.7, -4705.8], [119.6, -4709.7], [131.0, -4716.8], [128.3, -4727.3], [118.6, -4737.4], [104.6, -4733.8], [91.0, -4726.1], [70.3, -4712.8], [48.1, -4702.5], [28.7, -4696.7], [9.9, -4689.5], [-10.2, -4678.9]]}}, {"type": "Feature", "properties": {"op": "add"}, "geometry": {"type": "LineString", "coordinates": [[-8198.2, -918.0], [-8189.8, -894.3], [-8188.5, -850.9], [-8187.6, -816.5], [-8166.8, -790.4], [-8131.4, -768.8], [-8102.3, -775.7], [-8022.6, -800.5], [-7986.7, -829.9], [-7979.0, -852.1], [-7968.9, -881.3], [-7984.9, -904.9], [-7993.8, -934.8]]}}, {"type": "Feature", "properties": {"op": "add"}, "geometry": {"type": "LineString", "coordinates": [[-8039.2, -1086.7], [-8053.9, -1148.7], [-8076.8, -1189.4], [-8094.7, -1230.1], [-8117.8, -1237.5], [-8143.4, -1219.7], [-8157.7, -1206.5], [-8159.2, -1194.0], [-8152.9, -1167.8], [-8150.1, -1140.2], [-8145.0, -1088.0], [-8142.5, -1062.5], [-8146.2, -1022.5], [-8169.4, -998.3], [-8194.4, -964.9], [-8197.2, -939.2]]}}, {"type": "Feature", "properties": {"op": "add"}, "geometry": {"type": "LineString", "coordinates": [[-11685.9, -2955.4], [-11704.9, -2918.9], [-11721.9, -2867.2], [-11692.8, -2852.4], [-11654.9, -2802.5], [-11594.6, -2801.7], [-11578.9, -2802.2], [-11561.7, -2802.7], [-11518.3, -2804.0], [-11468.7, -2803.1], [-11441.5, -2832.7], [-11421.9, -2859.6], [-11414.2, -2880.7], [-11404.8, -2929.4], [-11392.8, -2992.8], [-11386.5, -3007.4], [-11382.6, -3016.5], [-11373.4, -3038.0], [-11362.3, -3063.7], [-11357.1, -3075.8], [-11328.8, -3083.4], [-11316.1, -3085.7], [-11287.7, -3120.0], [-11251.2, -3120.2], [-11234.2, -3110.4], [-11200.2, -3089.6], [-11182.9, -3058.2], [-11183.2, -3018.5], [-11148.3, -2985.8], [-11120.2, -2949.3], [-11101.2, -2939.9], [-11095.8, -2924.6], [-11083.4, -2891.4], [-11073.1, -2866.1], [-11064.5, -2849.3], [-11049.5, -2837.4], [-11043.8, -2832.8], [-11037.4, -2827.8], [-11030.5, -2822.2], [-11021.7, -2815.2], [-11004.0, -2801.1], [-11013.1, -2775.6], [-11025.7, -2775.4], [-11055.4, -2789.8], [-11067.3, -2780.7], [-11084.6, -2767.6], [-11109.8, -2755.5], [-11138.8, -2739.8], [-11177.6, -2739.1], [-11214.6, -2738.5], [-11237.7, -2727.9], [-11253.9, -2728.6], [-11273.1, -2729.4], [-11313.8, -2740.8], [-11338.3, -2762.4], [-11350.4, -2800.8], [-11365.3, -2847.9], [-11396.5, -2872.6], [-11416.6, -2888.5], [-11422.0, -2896.1], [-11425.9, -2927.1], [-11430.5, -2964.4], [-11462.2, -3005.2], [-11465.0, -3031.9], [-11465.2, -3043.9], [-11473.9, -3055.0], [-11481.6, -3064.8], [-11475.1, -3084.5], [-11468.7, -3104.1], [-11483.1, -3127.3], [-11500.7, -3130.3], [-11519.2, -3138.5], [-11526.6, -3151.1], [-11540.6, -3174.9], [-11556.5, -3188.1], [-11569.7, -3188.4], [-11571.2, -3181.6], [-11576.3, -3170.7], [-11581.3, -3160.0], [-11587.0, -3147.6], [-11591.9, -3137.1], [-11612.2, -3089.7], [-11633.3, -3067.2], [-11648.6, -3050.9], [-11661.6, -3027.8], [-11683.1, -2999.7]]}}, {"type": "Feature", "properties": {"op": "add"}, "geometry": {"type": "LineString", "coordinates": [[-11519.8, -2770.2], [-11490.2, -2786.4], [-11460.1, -2810.8], [-11450.9, -2846.8], [-11426.4, -2879.7], [-11418.5, -2926.7], [-11421.3, -2952.5], [-11420.3, -2993.2], [-11422.8, -3016.4], [-11387.4, -3042.8], [-11380.2, -3084.9], [-11352.3, -3118.3], [-11356.8, -3153.1], [-11355.8, -3185.7], [-11352.8, -3214.4], [-11356.9, -3248.6], [-11372.0, -3273.2], [-11357.3, -3309.5]]}}, {"type": "Feature", "properties": {"op": "add"}, "geometry": {"type": "LineString", "coordinates": [[-649.7, -5091.2], [-676.0, -5104.7], [-690.8, -5127.7], [-707.5, -5142.4], [-723.2, -5145.2], [-743.1, -5144.1], [-760.2, -5152.9], [-783.7, -5147.0], [-814.6, -5152.5], [-840.1, -5159.2], [-860.7, -5163.6], [-898.8, -5173.0], [-921.4, -5176.9], [-939.5, -5174.1], [-975.4, -5187.6], [-951.0, -5177.2], [-918.3, -5153.5], [-922.9, -5135.7], [-917.7, -5112.1], [-914.8, -5078.4], [-911.8, -5053.2], [-900.1, -5037.8], [-900.3, -5023.2], [-904.2, -5006.2], [-902.4, -4991.0], [-900.1, -4975.8], [-900.5, -4965.3], [-893.0, -4954.0], [-883.1, -4939.0], [-877.3, -4925.9], [-886.1, -4910.7], [-896.1, -4891.6], [-906.8, -4885.6], [-894.3, -4854.0], [-894.3, -4825.3], [-897.1, -4795.0], [-903.5, -4763.5], [-904.7, -4737.0], [-898.3, -4709.0], [-880.9, -4680.0], [-882.2, -4643.8], [-879.3, -4622.7], [-866.1, -4588.8], [-859.5, -4548.6], [-854.8, -4510.4], [-863.1, -4490.3]]}}, {"type": "Feature", "properties": {"op": "add"}, "geometry": {"type": "LineString", "coordinates": [[-5007.0, -1177.8], [-5001.6, -1154.0], [-4997.4, -1127.3], [-5000.0, -1114.5], [-4997.1, -1109.3], [-4994.9, -1099.0], [-4994.4, -1087.4], [-4992.2, -1050.2], [-4990.4, -1041.2], [-4986.5, -1020.5], [-4958.6, -977.0], [-4896.1, -925.1], [-4858.8, -910.9], [-4822.9, -906.5], [-4812.9, -906.4], [-4783.4, -907.8], [-4775.2, -907.4], [-4761.8, -907.3], [-4755.1, -910.2], [-4702.4, -937.6], [-4693.9, -961.5], [-4691.4, -974.3], [-4718.8, -982.9], [-4744.3, -984.1], [-4779.1, -1024.8], [-4807.4, -1032.7], [-4812.8, -1069.2], [-4836.5, -1086.7], [-4862.2, -1086.4], [-4890.8, -1113.3], [-4911.9, -1119.4], [-4937.2, -1180.6], [-4958.1, -1185.4], [-5005.4, -1177.0]]}}, {"type": "Feature", "properties": {"op": "add"}, "geometry": {"type": "LineString", "coordinates": [[-5007.0, -1177.8], [-5001.6, -1154.0], [-4997.4, -1127.3], [-5000.0, -1114.5], [-4997.1, -1109.3], [-4994.9, -1099.0], [-4994.4, -1087.4], [-4992.2, -1050.2], [-4990.4, -1041.2], [-4986.5, -1020.5], [-4958.6, -977.0], [-4896.1, -925.1], [-4858.8, -910.9], [-4822.9, -906.5], [-4812.9, -906.4], [-4783.4, -907.8], [-4775.2, -907.4], [-4761.8, -907.3], [-4755.1, -910.2], [-4702.4, -937.6], [-4693.9, -961.5], [-4691.4, -974.3], [-4718.8, -982.9], [-4744.3, -984.1], [-4779.1, -1024.8], [-4807.4, -1032.7], [-4812.8, -1069.2], [-4836.5, -1086.7], [-4862.2, -1086.4], [-4890.8, -1113.3], [-4911.9, -1119.4], [-4937.2, -1180.6], [-4958.1, -1185.4], [-5005.4, -1177.0]]}}, {"type": "Feature", "properties": {"op": "add"}, "geometry": {"type": "LineString", "coordinates": [[-5007.0, -1177.8], [-5001.6, -1154.0], [-4997.4, -1127.3], [-5000.0, -1114.5], [-4997.1, -1109.3], [-4994.9, -1099.0], [-4994.4, -1087.4], [-4992.2, -1050.2], [-4990.4, -1041.2], [-4986.5, -1020.5], [-4958.6, -977.0], [-4896.1, -925.1], [-4858.8, -910.9], [-4822.9, -906.5], [-4812.9, -906.4], [-4783.4, -907.8], [-4775.2, -907.4], [-4761.8, -907.3], [-4755.1, -910.2], [-4702.4, -937.6], [-4693.9, -961.5], [-4691.4, -974.3], [-4718.8, -982.9], [-4744.3, -984.1], [-4779.1, -1024.8], [-4807.4, -1032.7], [-4812.8, -1069.2], [-4836.5, -1086.7], [-4862.2, -1086.4], [-4890.8, -1113.3], [-4911.9, -1119.4], [-4937.2, -1180.6], [-4958.1, -1185.4], [-5005.4, -1177.0]]}}, {"type": "Feature", "properties": {"op": "add"}, "geometry": {"type": "LineString", "coordinates": [[-9757.4, -3981.0], [-9770.5, -4022.2], [-9806.4, -4036.6], [-9835.4, -4067.5], [-9836.1, -4087.2], [-9856.4, -4094.3], [-9874.4, -4113.1], [-9894.4, -4132.0], [-9906.5, -4134.7], [-9915.9, -4124.1], [-9931.5, -4132.8], [-10000.0, -4198.5], [-10039.8, -4174.9], [-10078.5, -4204.6], [-10104.2, -4198.4], [-10147.3, -4269.8], [-10178.2, -4287.6], [-10207.5, -4285.4], [-10273.9, -4312.6], [-10298.7, -4336.9], [-10343.4, -4317.4], [-10361.6, -4336.0], [-10394.3, -4312.7]]}}, {"type": "Feature", "properties": {"op": "add"}, "geometry": {"type": "LineString", "coordinates": [[-10394.3, -4312.7], [-10361.6, -4336.0], [-10343.4, -4317.4], [-10298.7, -4336.9], [-10273.9, -4312.6], [-10207.5, -4285.4], [-10178.2, -4287.6], [-10147.3, -4269.8], [-10104.2, -4198.4], [-10078.5, -4204.6], [-10039.8, -4174.9], [-10000.0, -4198.5], [-9931.5, -4132.8], [-9915.9, -4124.1], [-9906.5, -4134.7], [-9894.4, -4132.0], [-9874.4, -4113.1], [-9856.4, -4094.3], [-9836.1, -4087.2], [-9835.4, -4067.5], [-9806.4, -4036.6], [-9770.5, -4022.2]]}}, {"type": "Feature", "properties": {"op": "add"}, "geometry": {"type": "LineString", "coordinates": [[-10766.4, -4037.2], [-10783.2, -4049.6], [-10803.2, -4069.5], [-10787.2, -4053.9], [-10775.0, -4037.1], [-10759.2, -4056.5], [-10734.5, -4066.7], [-10712.5, -4074.0], [-10693.8, -4088.4], [-10672.6, -4102.0], [-10635.5, -4110.9], [-10617.9, -4125.0], [-10597.0, -4131.1], [-10587.9, -4133.8], [-10568.8, -4145.5], [-10557.0, -4160.6], [-10537.4, -4165.0], [-10517.3, -4171.7], [-10500.0, -4188.9], [-10483.3, -4204.6], [-10477.5, -4209.2], [-10463.7, -4218.4], [-10446.6, -4230.2], [-10452.9, -4226.0], [-10464.8, -4217.7], [-10484.8, -4204.8], [-10498.3, -4190.5], [-10516.5, -4173.4], [-10530.5, -4169.9], [-10556.7, -4162.2], [-10568.8, -4146.3], [-10589.4, -4134.7], [-10616.5, -4121.6], [-10636.1, -4111.1], [-10665.7, -4102.5], [-10683.1, -4095.7], [-10700.2, -4087.6], [-10724.0, -4083.3], [-10732.3, -4076.9], [-10757.8, -4057.7]]}}, {"type": "Feature", "properties": {"op": "add"}, "geometry": {"type": "LineString", "coordinates": [[-5508.9, -1966.9], [-5510.6, -2000.0], [-5507.0, -2033.7], [-5508.0, -2027.8], [-5510.6, -2000.0], [-5508.9, -1966.9], [-5492.4, -1933.0], [-5493.7, -1900.0], [-5512.4, -1866.3], [-5514.8, -1834.0], [-5513.1, -1800.1], [-5510.0, -1767.3], [-5511.7, -1733.2], [-5521.1, -1700.0], [-5533.7, -1690.2], [-5542.8, -1683.5], [-5544.9, -1666.2], [-5551.4, -1632.8], [-5560.2, -1613.2], [-5554.9, -1584.2], [-5568.6, -1553.5], [-5600.8, -1544.4], [-5613.1, -1514.6], [-5612.3, -1519.1], [-5600.8, -1544.4], [-5568.6, -1553.5], [-5554.9, -1584.2], [-5560.2, -1613.2], [-5551.4, -1632.8], [-5544.9, -1666.2], [-5542.8, -1683.5], [-5533.7, -1690.2], [-5521.1, -1700.0], [-5511.7, -1733.2], [-5510.0, -1767.3], [-5513.1, -1800.1], [-5514.8, -1834.0], [-5512.4, -1866.3], [-5493.7, -1900.0], [-5492.4, -1933.0]]}}, {"type": "Feature", "properties": {"op": "add"}, "geometry": {"type": "LineString", "coordinates": [[92.7, -2488.8], [34.2, -2612.0]]}}, {"type": "Feature", "properties": {"op": "add"}, "geometry": {"type": "LineString", "coordinates": [[171.7, -2338.1], [197.2, -2249.2], [274.2, -2162.3]]}}, {"type": "Feature", "properties": {"op": "add"}, "geometry": {"type": "LineString", "coordinates": [[1.3, -2004.4], [1.1, -1992.2], [5.6, -1982.8], [16.0, -1973.7], [34.3, -1949.4], [42.9, -1945.0], [55.2, -1954.3], [74.6, -1952.5], [96.3, -1945.9], [119.5, -1949.8], [140.9, -1954.5], [165.7, -1954.0], [176.1, -1958.8], [185.1, -1969.9], [193.3, -1987.3], [215.3, -2009.6], [232.6, -2022.9], [245.0, -2033.5], [256.0, -2047.9], [261.7, -2065.3], [272.3, -2094.3], [273.1, -2106.7], [264.8, -2126.1], [238.0, -2146.0], [224.4, -2159.1], [215.9, -2187.3], [211.5, -2224.0], [206.1, -2247.8], [193.5, -2268.6], [178.7, -2285.5], [191.5, -2313.0], [184.4, -2339.3], [157.4, -2363.8], [137.0, -2371.0], [111.1, -2354.0], [91.2, -2316.6], [66.3, -2319.8], [51.7, -2351.0], [46.9, -2391.4], [49.0, -2429.3], [61.0, -2457.3], [72.6, -2484.9], [67.5, -2521.9], [48.0, -2556.7], [27.4, -2588.1], [17.4, -2612.7], [21.8, -2637.9], [55.2, -2648.3], [79.1, -2628.2], [67.1, -2605.7], [58.4, -2578.7], [72.6, -2532.9], [81.4, -2498.2], [94.5, -2469.6], [101.0, -2456.4], [111.1, -2429.0], [115.3, -2404.9], [114.1, -2371.6], [109.7, -2345.0], [97.6, -2320.8], [80.6, -2283.5], [78.3, -2265.1], [84.8, -2245.2], [92.4, -2223.6], [98.5, -2205.8], [103.8, -2172.6], [100.2, -2147.2], [90.4, -2125.5], [69.6, -2110.2], [49.9, -2097.5], [40.2, -2089.7], [33.4, -2076.5], [17.8, -2058.3], [16.2, -2046.2], [5.4, -2029.0], [5.5, -2020.0], [2.1, -2010.6]]}}, {"type": "Feature", "properties": {"op": "add"}, "geometry": {"type": "LineString", "coordinates": [[-10922.0, -1968.7], [-10897.3, -1945.7], [-10881.3, -1932.8], [-10861.1, -1911.9], [-10845.0, -1877.0], [-10820.6, -1862.3], [-10792.6, -1854.4], [-10771.6, -1843.0], [-10738.9, -1835.4], [-10706.3, -1842.6], [-10691.7, -1860.4], [-10684.9, -1893.3], [-10670.5, -1912.3], [-10647.0, -1917.9], [-10607.4, -1901.5], [-10574.0, -1873.7], [-10570.0, -1827.9], [-10559.2, -1792.2], [-10546.0, -1756.7], [-10512.4, -1746.7], [-10541.2, -1750.6], [-10556.3, -1784.1], [-10568.6, -1819.7], [-10569.7, -1867.1], [-10600.1, -1896.7], [-10638.7, -1916.8], [-10662.4, -1915.9], [-10680.1, -1901.1], [-10688.1, -1869.1], [-10699.2, -1847.8], [-10729.6, -1835.4], [-10762.9, -1839.3], [-10783.7, -1851.1], [-10811.5, -1859.1], [-10838.3, -1870.5], [-10856.1, -1903.4], [-10873.8, -1926.2], [-10892.4, -1941.5], [-10920.6, -1966.6]]}}, {"type": "Feature", "properties": {"op": "add"}, "geometry": {"type": "LineString", "coordinates": [[-7077.8, -3543.5], [-7045.7, -3551.2], [-7015.0, -3551.6], [-6982.1, -3518.5], [-6968.3, -3491.3], [-6940.3, -3458.9], [-6921.6, -3465.0], [-6878.9, -3467.0], [-6851.1, -3453.3], [-6826.1, -3458.7], [-6784.6, -3464.2], [-6754.1, -3479.8], [-6715.7, -3483.1], [-6686.9, -3487.3], [-6715.7, -3483.1], [-6754.1, -3479.8], [-6784.6, -3464.2], [-6826.1, -3458.7], [-6851.1, -3453.3], [-6878.9, -3467.0], [-6921.6, -3465.0], [-6940.3, -3458.9], [-6968.3, -3491.3], [-6982.1, -3518.5], [-7015.0, -3551.6], [-7045.7, -3551.2], [-7077.8, -3543.5], [-7107.8, -3528.2]]}}, {"type": "Feature", "properties": {"op": "add"}, "geometry": {"type": "LineString", "coordinates": [[-7147.1, -3335.6], [-7120.9, -3361.0], [-7112.5, -3395.7], [-7093.6, -3428.6], [-7063.8, -3436.2], [-7031.3, -3456.3], [-6998.4, -3486.1], [-6992.3, -3516.3], [-6970.7, -3551.4], [-6947.5, -3554.2], [-6920.0, -3577.4], [-6901.7, -3608.3], [-6891.8, -3634.2], [-6901.7, -3608.3], [-6920.0, -3577.4], [-6947.5, -3554.2], [-6970.7, -3551.4], [-6992.3, -3516.3], [-6998.4, -3486.1], [-7031.3, -3456.3], [-7063.8, -3436.2], [-7093.6, -3428.6], [-7112.5, -3395.7], [-7120.9, -3361.0], [-7147.1, -3335.6], [-7177.7, -3322.5]]}}, {"type": "Feature", "properties": {"op": "add"}, "geometry": {"type": "LineString", "coordinates": [[-9540.3, -4662.3], [-9511.0, -4663.5], [-9502.7, -4656.4], [-9484.8, -4625.7], [-9474.9, -4617.9], [-9453.2, -4604.3], [-9448.9, -4584.6], [-9450.7, -4599.8], [-9468.3, -4614.0], [-9478.9, -4620.0], [-9501.0, -4653.2], [-9504.5, -4660.5], [-9534.6, -4662.5], [-9550.0, -4674.6], [-9567.7, -4705.6], [-9565.9, -4723.8], [-9574.3, -4754.1], [-9573.1, -4773.9], [-9570.6, -4793.9], [-9568.1, -4809.9], [-9566.8, -4822.0], [-9570.7, -4837.5], [-9579.8, -4850.7], [-9595.7, -4862.6], [-9610.9, -4861.9], [-9628.0, -4851.8], [-9636.6, -4843.3], [-9641.5, -4824.0], [-9642.2, -4820.0], [-9660.7, -4806.0], [-9680.1, -4801.0], [-9699.9, -4802.8], [-9719.0, -4798.7], [-9733.3, -4791.4], [-9741.4, -4778.4], [-9750.4, -4755.8], [-9751.8, -4752.0], [-9774.5, -4735.8], [-9780.6, -4732.2], [-9798.1, -4722.0], [-9809.8, -4706.0], [-9829.9, -4685.8], [-9814.8, -4699.3], [-9803.7, -4716.1], [-9787.8, -4727.9], [-9780.9, -4732.1], [-9755.9, -4745.4], [-9751.8, -4751.8], [-9744.4, -4770.6], [-9738.8, -4785.7], [-9722.9, -4797.0], [-9707.8, -4802.6], [-9688.5, -4800.6], [-9668.7, -4803.1], [-9647.5, -4814.1], [-9642.3, -4819.6], [-9639.4, -4835.5], [-9634.2, -4846.0], [-9618.6, -4858.6], [-9603.6, -4863.3], [-9586.1, -4856.2], [-9572.6, -4841.5], [-9567.1, -4826.1], [-9567.5, -4814.3], [-9570.0, -4798.3], [-9572.1, -4781.3], [-9574.9, -4762.3], [-9566.6, -4731.7], [-9568.6, -4712.3], [-9554.2, -4681.1], [-9542.5, -4665.1]]}}, {"type": "Feature", "properties": {"op": "add"}, "geometry": {"type": "LineString", "coordinates": [[-12762.0, -890.3], [-12730.1, -887.8], [-12714.3, -885.0], [-12699.1, -879.8], [-12681.8, -869.6], [-12674.4, -869.2], [-12666.7, -871.4], [-12650.9, -873.4], [-12638.7, -876.7], [-12628.2, -882.7], [-12614.1, -890.7], [-12607.4, -894.5], [-12596.1, -898.3], [-12584.8, -891.2], [-12581.3, -875.7], [-12563.8, -839.5], [-12548.5, -821.8], [-12528.2, -802.7], [-12517.3, -790.7], [-12504.1, -761.3], [-12504.8, -749.5], [-12525.3, -740.1], [-12531.0, -735.2], [-12534.3, -733.4], [-12541.9, -731.7], [-12549.2, -722.6], [-12556.6, -713.4], [-12563.1, -708.7], [-12573.6, -702.6], [-12583.1, -690.2], [-12588.2, -679.1], [-12595.0, -664.3], [-12599.4, -653.0], [-12599.9, -645.0], [-12597.3, -637.4], [-12594.9, -629.7], [-12594.6, -625.8], [-12595.2, -613.8], [-12594.7, -593.6], [-12600.2, -579.0], [-12611.5, -562.4], [-12620.0, -553.9], [-12630.2, -547.4], [-12640.0, -540.1], [-12645.3, -534.2], [-12651.1, -523.5], [-12665.0, -509.1], [-12671.9, -506.5], [-12679.5, -504.0], [-12686.7, -500.5], [-12689.9, -498.1], [-12693.0, -487.5], [-12693.2, -491.5], [-12700.5, -494.8], [-12716.4, -491.8], [-12741.2, -516.6], [-12767.2, -535.5], [-12801.5, -530.2], [-12821.9, -537.8], [-12836.6, -544.2], [-12864.3, -543.4], [-12879.5, -554.2], [-12877.9, -568.3], [-12862.4, -579.9], [-12856.3, -589.2], [-12859.6, -604.3], [-12878.0, -624.2], [-12891.5, -632.9], [-12901.8, -644.8], [-12906.7, -660.1], [-12924.3, -691.8], [-12910.9, -724.2], [-12906.0, -772.4], [-12896.0, -789.5], [-12880.5, -807.9], [-12858.4, -824.0], [-12854.9, -826.0], [-12844.5, -832.3], [-12834.5, -838.7], [-12825.1, -845.9], [-12817.3, -854.9], [-12804.1, -870.0], [-12780.5, -884.7]]}}, {"type": "Feature", "properties": {"op": "add"}, "geometry": {"type": "LineString", "coordinates": [[-12663.6, -508.9], [-12640.7, -540.5], [-12616.7, -554.3], [-12605.3, -572.4], [-12593.4, -587.8], [-12596.4, -635.3], [-12601.9, -650.5], [-12588.7, -677.0], [-12574.3, -701.7], [-12555.6, -712.7], [-12540.6, -722.3], [-12536.7, -723.1], [-12532.8, -724.1], [-12527.8, -730.4], [-12519.3, -738.9], [-12512.8, -743.3], [-12506.4, -747.9], [-12504.5, -751.2], [-12504.5, -759.2], [-12508.4, -770.6], [-12512.6, -782.1], [-12516.0, -789.5], [-12521.6, -795.1], [-12524.7, -797.6], [-12528.8, -808.9], [-12529.8, -812.7], [-12536.3, -817.1], [-12542.5, -821.9], [-12553.6, -833.3], [-12562.2, -841.6], [-12570.4, -850.2], [-12574.5, -857.0], [-12580.4, -872.1], [-12581.4, -886.5], [-12584.0, -889.6], [-12589.7, -895.2], [-12592.9, -897.1], [-12604.7, -895.8], [-12615.9, -891.2], [-12625.2, -883.7], [-12635.8, -877.8], [-12655.5, -873.4], [-12667.4, -871.2], [-12679.4, -870.9], [-12686.6, -873.6], [-12705.1, -881.3], [-12728.6, -886.7], [-12768.8, -888.4], [-12784.3, -885.8], [-12798.3, -878.6], [-12806.5, -869.7], [-12813.9, -860.7], [-12837.7, -839.6], [-12858.8, -823.8], [-12855.0, -824.0], [-12851.0, -823.2], [-12841.3, -816.4], [-12838.6, -813.5], [-12830.3, -805.4], [-12816.4, -797.6], [-12802.2, -789.8], [-12790.0, -779.4], [-12779.7, -766.8], [-12770.9, -758.7], [-12756.5, -752.0], [-12745.7, -746.6], [-12737.3, -737.9], [-12732.5, -727.3], [-12727.8, -703.4], [-12724.0, -688.0], [-12721.6, -680.7], [-12712.4, -663.8], [-12707.8, -649.8], [-12708.2, -634.0], [-12709.6, -614.0], [-12711.2, -585.8], [-12716.1, -558.1], [-12721.2, -542.9], [-12729.9, -529.3], [-12734.8, -518.3], [-12734.6, -510.7], [-12728.5, -500.5], [-12719.4, -487.5], [-12712.5, -478.0], [-12704.8, -467.6], [-12701.2, -469.0], [-12694.1, -478.8], [-12691.8, -498.8]]}}, {"type": "Feature", "properties": {"op": "add"}, "geometry": {"type": "LineString", "coordinates": [[-12808.8, -790.3], [-12798.2, -784.5], [-12786.1, -774.2], [-12771.3, -761.5], [-12756.8, -754.8], [-12749.6, -751.1], [-12739.0, -739.3], [-12735.1, -732.2], [-12728.2, -713.2], [-12725.2, -701.5], [-12720.4, -686.5], [-12712.7, -663.8], [-12708.5, -649.9], [-12708.3, -641.9], [-12707.5, -622.1], [-12698.9, -609.7], [-12684.6, -602.7], [-12675.1, -590.5], [-12668.8, -572.1], [-12666.3, -556.4], [-12664.8, -528.2], [-12664.2, -512.3], [-12663.6, -492.1], [-12663.0, -483.6], [-12662.8, -475.5], [-12663.4, -463.4], [-12662.3, -452.5], [-12663.4, -468.1], [-12664.5, -480.2], [-12672.3, -493.4], [-12680.3, -502.6], [-12690.2, -500.3], [-12701.2, -495.4], [-12713.0, -493.7], [-12729.0, -504.4], [-12738.7, -517.3], [-12753.3, -530.8], [-12771.2, -539.7], [-12797.1, -532.1], [-12818.5, -536.0], [-12832.5, -542.7], [-12848.0, -544.8], [-12868.2, -543.6], [-12881.8, -556.5], [-12876.7, -569.9], [-12860.1, -580.5], [-12855.3, -596.7], [-12876.4, -620.3], [-12895.1, -635.4], [-12904.4, -657.2], [-12927.0, -692.6], [-12911.1, -721.0], [-12907.9, -761.0], [-12900.2, -783.9], [-12890.5, -796.6], [-12876.6, -811.2], [-12859.3, -826.3], [-12856.3, -826.0], [-12844.4, -816.4], [-12837.0, -807.2], [-12827.3, -800.9]]}}, {"type": "Feature", "properties": {"op": "add"}, "geometry": {"type": "LineString", "coordinates": [[-11172.1, 1992.3], [-11195.5, 1987.4], [-11215.5, 1987.1], [-11246.9, 1980.2], [-11258.8, 1977.9], [-11270.0, 1973.4], [-11283.6, 1964.8], [-11297.3, 1950.5], [-11304.4, 1940.7], [-11315.4, 1919.1], [-11320.9, 1903.9], [-11326.4, 1880.4], [-11329.0, 1872.8], [-11337.4, 1854.5], [-11342.0, 1847.9], [-11363.4, 1823.7], [-11378.5, 1810.4], [-11388.1, 1803.2], [-11394.3, 1793.2], [-11394.9, 1785.4], [-11390.0, 1779.8], [-11386.3, 1778.4], [-11374.2, 1779.1], [-11363.6, 1789.4], [-11360.1, 1800.8], [-11358.8, 1808.7], [-11351.9, 1818.1], [-11342.1, 1835.6], [-11333.7, 1858.2], [-11329.9, 1877.7], [-11325.2, 1893.0], [-11313.4, 1909.0], [-11301.1, 1934.1], [-11289.4, 1950.5], [-11277.4, 1961.0], [-11260.2, 1971.4], [-11227.5, 1988.8], [-11203.9, 1992.0], [-11187.8, 1993.9], [-11152.1, 2000.2], [-11132.3, 2003.3], [-11116.5, 2006.0], [-11096.4, 2007.8], [-11079.1, 2023.6], [-11066.2, 2039.2], [-11053.4, 2048.7], [-11042.8, 2054.6], [-11031.5, 2058.2], [-11008.9, 2066.1], [-10989.1, 2068.7], [-10973.0, 2068.2], [-10961.4, 2070.4], [-10944.0, 2080.0], [-10937.3, 2089.4], [-10941.2, 2098.1], [-10966.9, 2089.6], [-10976.5, 2082.6], [-10987.2, 2070.9], [-10995.4, 2052.9], [-10998.5, 2037.2], [-11004.7, 2023.2], [-11014.6, 2017.5], [-11026.3, 2017.2], [-11042.1, 2017.6], [-11069.3, 2010.7], [-11085.1, 2007.4], [-11096.3, 2010.2], [-11124.2, 2010.3], [-11139.9, 2006.7], [-11155.5, 2002.7], [-11168.8, 1994.6]]}}, {"type": "Feature", "properties": {"op": "add"}, "geometry": {"type": "LineString", "coordinates": [[-10290.1, 73.7], [-10290.4, 81.5], [-10283.2, 86.7], [-10271.1, 83.6], [-10266.0, 76.1], [-10272.4, 65.8], [-10283.4, 59.2], [-10300.2, 45.8], [-10315.3, 45.1], [-10324.4, 38.7], [-10330.2, 27.1], [-10335.3, 13.4], [-10342.2, 3.4], [-10354.6, -13.0], [-10379.4, -27.1], [-10401.0, -30.8], [-10416.5, -28.5], [-10436.4, -34.2], [-10468.7, -38.9], [-10500.2, -44.7], [-10539.1, -39.3], [-10568.0, -35.1], [-10585.6, -37.5], [-10606.3, -51.7], [-10629.2, -64.2], [-10645.9, -73.5], [-10671.0, -81.8], [-10687.6, -85.6], [-10702.8, -89.3], [-10709.1, -97.6], [-10725.6, -101.3], [-10748.0, -99.2], [-10759.9, -93.1], [-10774.9, -89.8], [-10788.6, -86.7], [-10802.7, -88.6], [-10811.5, -97.2], [-10821.4, -121.3], [-10826.2, -134.4], [-10830.6, -148.3], [-10835.3, -164.2], [-10840.4, -182.6], [-10843.3, -193.1], [-10848.7, -215.2], [-10851.7, -235.8], [-10857.4, -264.0], [-10866.6, -293.5], [-10882.9, -332.6], [-10900.0, -365.3], [-10904.1, -393.8], [-10905.7, -432.0], [-10908.0, -461.9], [-10911.2, -510.5], [-10915.1, -533.8], [-10927.0, -565.7], [-10936.5, -581.6], [-10950.1, -597.4], [-10957.9, -619.6], [-10958.8, -637.2], [-10954.3, -652.5], [-10931.8, -681.6], [-10916.9, -710.7], [-10902.9, -734.1], [-10878.3, -760.1], [-10851.1, -787.8], [-10831.9, -818.7], [-10825.2, -833.2], [-10808.3, -873.5], [-10796.7, -912.7], [-10796.1, -934.6], [-10800.5, -949.7], [-10807.1, -969.0], [-10806.8, -992.2], [-10804.6, -1030.4], [-10801.3, -1047.3], [-10787.8, -1074.5], [-10783.3, -1095.1], [-10781.2, -1112.7], [-10763.6, -1138.9], [-10738.0, -1158.0], [-10705.3, -1179.3], [-10682.3, -1190.5], [-10662.5, -1193.1], [-10641.6, -1189.9], [-10615.7, -1182.8], [-10586.8, -1177.3], [-10576.4, -1179.3], [-10566.7, -1189.3], [-10557.0, -1192.4], [-10550.4, -1185.7], [-10554.4, -1168.0]]}}, {"type": "Feature", "properties": {"op": "add"}, "geometry": {"type": "LineString", "coordinates": [[-9628.3, -1176.1], [-9622.1, -1162.8], [-9615.5, -1130.4], [-9613.9, -1085.0], [-9616.2, -1059.8], [-9616.8, -1054.0], [-9617.7, -1044.5], [-9619.1, -1030.8], [-9621.5, -1005.6], [-9620.8, -985.5], [-9613.1, -967.0], [-9585.3, -926.9], [-9580.4, -890.1], [-9589.4, -864.3], [-9624.4, -825.2], [-9647.8, -795.1], [-9650.7, -783.5], [-9654.6, -741.6], [-9653.8, -724.9], [-9643.2, -675.1], [-9637.2, -656.8], [-9628.5, -641.7], [-9622.2, -623.6], [-9620.6, -585.0], [-9615.6, -547.3], [-9599.3, -514.0], [-9589.7, -491.0], [-9590.0, -471.1], [-9610.3, -429.4], [-9617.1, -403.7], [-9620.8, -350.3], [-9619.1, -305.0], [-9616.1, -289.8], [-9611.0, -267.4], [-9601.0, -233.9], [-9593.6, -210.3], [-9572.9, -162.9], [-9556.1, -140.0], [-9550.5, -119.8], [-9547.8, -72.0], [-9539.4, -36.6], [-9516.7, 7.9], [-9500.4, 44.1], [-9490.2, 57.6], [-9478.2, 63.1], [-9463.4, 61.1], [-9458.6, 53.1], [-9460.5, 36.4], [-9467.2, 36.6], [-9467.5, 30.4], [-9467.8, 25.5], [-9468.5, 19.2], [-9466.5, 15.5], [-9468.8, 18.8], [-9468.0, 23.8], [-9467.3, 30.1], [-9468.0, 36.1], [-9460.5, 36.2], [-9458.5, 50.9], [-9461.2, 60.4], [-9484.6, 69.0], [-9487.3, 79.9], [-9481.8, 116.4], [-9481.7, 158.1], [-9484.7, 182.8], [-9503.0, 212.6], [-9523.8, 235.7], [-9542.6, 247.3], [-9600.2, 250.5], [-9650.3, 256.1], [-9674.3, 270.7], [-9694.5, 290.5], [-9716.9, 321.3], [-9736.5, 357.1], [-9752.8, 403.6], [-9756.7, 441.2], [-9749.3, 484.5], [-9745.5, 514.2], [-9743.2, 539.0], [-9741.5, 554.7], [-9739.3, 603.5], [-9756.0, 661.8], [-9759.6, 679.8], [-9757.0, 708.0], [-9752.1, 727.8], [-9753.9, 755.7], [-9768.3, 792.8], [-9784.4, 814.0], [-9803.3, 835.9], [-9825.8, 862.6], [-9839.8, 887.1], [-9849.0, 905.7], [-9870.3, 929.7], [-9873.0, 944.9], [-9873.9, 963.2], [-9890.2, 983.7], [-9902.3, 986.7], [-9915.9, 987.0], [-9942.5, 997.5], [-9950.4, 1002.6], [-9966.2, 1004.6], [-9984.1, 999.3], [-10012.4, 986.4], [-10032.0, 981.6], [-10048.4, 991.6], [-10065.8, 1004.0], [-10077.8, 1008.1], [-10091.5, 1004.1], [-10102.5, 997.1], [-10115.0, 990.1], [-10138.8, 989.7], [-10173.1, 986.2], [-10193.3, 986.3], [-10218.7, 993.9], [-10249.6, 993.8], [-10261.1, 988.9], [-10274.5, 972.9], [-10286.7, 964.4], [-10308.6, 967.9], [-10331.8, 978.8], [-10376.4, 981.0], [-10402.0, 993.5], [-10414.9, 993.0], [-10431.7, 983.5], [-10472.1, 953.7], [-10509.5, 954.6], [-10549.2, 968.8], [-10572.3, 980.1], [-10622.0, 1002.8], [-10637.5, 1006.5], [-10651.9, 1000.2], [-10656.5, 1000.9], [-10659.1, 1010.2], [-10661.0, 1026.7], [-10653.9, 1038.8], [-10634.4, 1065.4], [-10631.8, 1091.6], [-10623.4, 1102.7], [-10633.6, 1144.5], [-10641.8, 1158.9], [-10645.1, 1161.8], [-10649.1, 1165.2], [-10645.0, 1161.7], [-10643.0, 1159.9], [-10633.6, 1143.9], [-10623.7, 1104.6], [-10632.2, 1091.0], [-10634.9, 1066.3], [-10660.9, 1030.7], [-10708.0, 1035.2], [-10737.1, 1024.2], [-10752.4, 1017.6], [-10807.3, 1017.3], [-10830.3, 1008.8], [-10863.8, 1006.1], [-10885.7, 1004.5], [-10903.0, 998.3], [-10919.0, 993.4], [-10939.6, 970.7], [-10948.4, 948.3], [-10948.7, 936.7], [-10937.6, 924.2], [-10916.5, 906.4], [-10912.9, 888.2], [-10917.6, 866.6], [-10926.5, 850.4], [-10928.5, 830.7], [-10925.4, 814.3], [-10914.5, 793.7], [-10892.5, 767.1], [-10878.6, 746.4], [-10866.5, 668.8], [-10865.2, 628.7], [-10864.3, 591.3], [-10856.1, 551.7], [-10840.7, 500.7], [-10826.9, 461.0], [-10819.2, 410.9], [-10815.2, 359.5], [-10812.8, 319.4], [-10806.3, 293.9], [-10801.2, 258.5], [-10790.2, 209.7], [-10783.0, 190.4], [-10771.8, 166.4], [-10756.5, 137.9], [-10753.5, 122.5], [-10753.6, 89.2], [-10755.3, 74.6], [-10766.1, 42.5], [-10782.7, 3.0], [-10792.1, -30.0], [-10803.5, -68.3], [-10821.4, -116.0], [-10826.2, -131.2], [-10832.4, -150.1], [-10836.1, -162.6], [-10841.6, -182.4], [-10849.9, -215.7], [-10856.5, -250.8], [-10863.9, -280.9], [-10874.5, -308.6], [-10884.0, -331.1], [-10888.1, -341.5], [-10903.0, -370.6], [-10904.4, -405.2], [-10905.1, -432.2], [-10909.6, -459.8], [-10911.1, -502.2], [-10914.0, -522.4], [-10920.2, -547.2], [-10931.7, -571.5], [-10950.1, -595.9], [-10959.2, -624.8], [-10957.0, -647.9], [-10936.0, -679.0], [-10916.0, -714.1], [-10898.5, -740.5], [-10854.3, -785.6], [-10835.1, -815.4], [-10822.1, -842.4], [-10809.8, -872.7], [-10798.0, -913.8], [-10798.2, -939.0], [-10807.4, -968.0], [-10807.7, -993.6], [-10806.2, -1029.4], [-10799.9, -1051.4], [-10789.0, -1072.3], [-10780.4, -1115.5], [-10764.5, -1139.1], [-10732.0, -1164.8], [-10695.2, -1185.9], [-10670.9, -1193.4], [-10650.7, -1192.4], [-10603.0, -1181.0], [-10584.2, -1177.6], [-10574.1, -1168.9], [-10562.8, -1159.1], [-10546.8, -1160.1], [-10536.7, -1159.8], [-10534.9, -1167.4], [-10529.1, -1165.2], [-10524.3, -1165.0], [-10517.7, -1164.1], [-10522.0, -1164.4], [-10529.0, -1165.1], [-10535.1, -1167.3], [-10536.2, -1159.5], [-10548.2, -1160.2], [-10557.5, -1177.2], [-10552.4, -1188.1], [-10518.6, -1186.6], [-10467.6, -1181.5], [-10437.5, -1169.0], [-10427.1, -1157.2], [-10415.0, -1133.6], [-10402.6, -1122.9], [-10388.1, -1116.7], [-10354.2, -1116.1], [-10327.7, -1124.6], [-10301.1, -1145.4], [-10278.5, -1153.9], [-10241.4, -1155.1], [-10224.4, -1153.3], [-10197.7, -1146.5], [-10167.9, -1148.3], [-10145.2, -1158.7], [-10129.1, -1175.1], [-10124.2, -1191.5], [-10109.8, -1215.0], [-10088.6, -1266.5], [-10085.0, -1288.0], [-10082.7, -1316.6], [-10076.5, -1370.3], [-10082.9, -1391.7], [-10084.0, -1418.0], [-10082.2, -1470.2], [-10074.2, -1487.9], [-10065.7, -1506.5], [-10041.6, -1532.9], [-10022.5, -1548.5], [-10005.0, -1581.7], [-9985.0, -1619.1], [-9951.4, -1667.4], [-9925.8, -1696.4], [-9897.1, -1710.8], [-9869.1, -1725.7], [-9852.0, -1752.4], [-9826.8, -1782.1], [-9790.3, -1802.4], [-9755.5, -1831.0], [-9735.0, -1860.0], [-9719.5, -1879.1], [-9696.0, -1891.7], [-9661.0, -1899.5], [-9624.0, -1907.1], [-9596.4, -1932.2], [-9577.1, -1957.5], [-9579.4, -1981.1], [-9590.2, -2008.1], [-9587.0, -2057.4], [-9593.3, -2065.2], [-9619.1, -2072.7], [-9629.9, -2085.5], [-9623.1, -2102.2], [-9585.4, -2139.4], [-9572.8, -2161.5], [-9559.9, -2193.7], [-9553.5, -2204.6], [-9545.3, -2216.2], [-9515.7, -2246.8], [-9495.2, -2259.0], [-9436.9, -2273.8], [-9405.0, -2275.2], [-9367.3, -2278.2], [-9323.0, -2280.8], [-9290.9, -2282.8], [-9275.5, -2278.5], [-9271.6, -2253.4], [-9271.4, -2243.1], [-9270.3, -2208.4], [-9264.6, -2202.9], [-9264.5, -2191.2], [-9255.3, -2174.4], [-9255.0, -2153.3], [-9247.2, -2148.6], [-9238.1, -2148.7], [-9237.4, -2156.9], [-9231.5, -2155.4], [-9226.5, -2155.2], [-9220.1, -2155.0], [-9216.1, -2153.7], [-9219.8, -2155.0], [-9225.4, -2155.1], [-9231.1, -2155.2], [-9237.3, -2156.8], [-9238.2, -2148.8], [-9249.1, -2148.6], [-9257.7, -2157.1], [-9258.6, -2177.9], [-9264.7, -2191.2], [-9271.9, -2242.0], [-9273.0, -2264.7], [-9274.6, -2277.9], [-9290.2, -2283.7], [-9322.9, -2281.0], [-9363.9, -2277.6], [-9403.8, -2274.3], [-9436.2, -2270.7], [-9475.9, -2262.1], [-9511.6, -2246.6], [-9545.4, -2211.7], [-9549.9, -2205.4], [-9555.7, -2195.1], [-9575.7, -2149.3], [-9591.3, -2130.0], [-9624.5, -2096.4], [-9626.0, -2086.0], [-9620.5, -2078.5], [-9592.6, -2066.9], [-9584.6, -2056.8], [-9587.2, -2008.7], [-9575.9, -1973.9], [-9575.3, -1954.1], [-9583.7, -1911.7], [-9603.9, -1856.1], [-9614.4, -1831.0], [-9616.8, -1795.2], [-9612.0, -1757.8], [-9611.0, -1741.9], [-9609.3, -1710.1], [-9621.8, -1660.5], [-9640.9, -1631.6], [-9646.0, -1615.2], [-9645.1, -1576.1], [-9646.2, -1549.0], [-9650.6, -1504.2], [-9653.7, -1479.2], [-9649.8, -1440.2], [-9659.1, -1402.4], [-9663.0, -1367.7], [-9658.2, -1333.0], [-9649.6, -1298.1], [-9648.9, -1267.8], [-9651.3, -1232.2], [-9649.5, -1211.2], [-9642.7, -1195.7]]}}, {"type": "Feature", "properties": {"op": "add"}, "geometry": {"type": "LineString", "coordinates": [[-10642.8, 1016.7], [-10620.2, 1000.9], [-10594.0, 987.9], [-10564.6, 975.7], [-10532.9, 962.0], [-10500.2, 952.6], [-10466.9, 953.8], [-10433.2, 982.0], [-10410.5, 994.7], [-10400.4, 992.5], [-10386.8, 984.1], [-10367.4, 980.6], [-10333.5, 978.8], [-10300.2, 965.6], [-10285.6, 964.1], [-10273.9, 970.7], [-10267.6, 983.4], [-10260.9, 989.9], [-10234.0, 996.3], [-10215.9, 994.5], [-10200.1, 989.4], [-10190.0, 984.9], [-10166.8, 986.7], [-10133.5, 990.6], [-10116.7, 990.1], [-10100.2, 999.2], [-10116.7, 990.1], [-10133.5, 990.6], [-10166.8, 986.7], [-10190.0, 984.9], [-10200.1, 989.4], [-10215.9, 994.5], [-10234.0, 996.3], [-10260.9, 989.9], [-10267.6, 983.4], [-10273.9, 970.7], [-10285.6, 964.1], [-10300.2, 965.6], [-10333.5, 978.8], [-10367.4, 980.6], [-10386.8, 984.1], [-10400.4, 992.5], [-10410.5, 994.7], [-10433.2, 982.0], [-10466.9, 953.8], [-10500.2, 952.6], [-10532.9, 962.0], [-10564.6, 975.7], [-10594.0, 987.9], [-10620.2, 1000.9], [-10642.8, 1016.7], [-10647.5, 1012.4]]}}, {"type": "Feature", "properties": {"op": "add"}, "geometry": {"type": "LineString", "coordinates": [[-10634.2, 1072.2], [-10640.8, 1056.6], [-10655.1, 1038.7], [-10663.5, 1029.1], [-10699.9, 1033.7], [-10719.8, 1032.4], [-10732.5, 1027.1], [-10746.8, 1018.5], [-10768.8, 1017.3], [-10793.8, 1018.6], [-10833.3, 1009.7], [-10864.5, 1006.5], [-10898.8, 999.5], [-10919.7, 993.3], [-10942.5, 967.6], [-10949.2, 940.7], [-10946.8, 934.3], [-10914.5, 901.6], [-10916.3, 868.9], [-10926.3, 852.3], [-10929.2, 832.7], [-10919.8, 800.1], [-10900.7, 777.6], [-10880.3, 749.3], [-10877.1, 732.9], [-10871.7, 699.8], [-10866.9, 665.4], [-10871.7, 699.8], [-10877.1, 732.9], [-10880.3, 749.3], [-10900.7, 777.6], [-10919.8, 800.1], [-10929.2, 832.7], [-10926.3, 852.3], [-10916.3, 868.9], [-10914.5, 901.6], [-10946.8, 934.3], [-10949.2, 940.7], [-10942.5, 967.6], [-10919.7, 993.3], [-10898.8, 999.5], [-10864.5, 1006.5], [-10833.3, 1009.7], [-10794.0, 1018.7], [-10768.8, 1017.3], [-10746.9, 1018.5], [-10732.5, 1027.1], [-10719.8, 1032.4], [-10699.9, 1033.7], [-10663.5, 1029.1], [-10655.1, 1038.7], [-10640.8, 1056.6], [-10634.2, 1072.2], [-10634.0, 1085.9]]}}, {"type": "Feature", "properties": {"op": "add"}, "geometry": {"type": "LineString", "coordinates": [[-8733.4, 543.7], [-8725.3, 534.8], [-8714.2, 521.5], [-8707.2, 524.2], [-8697.2, 530.8], [-8687.9, 542.8], [-8675.2, 551.8], [-8658.0, 553.0], [-8648.1, 547.9], [-8624.9, 522.6], [-8610.9, 513.9], [-8604.9, 520.3], [-8601.2, 526.6], [-8590.8, 531.4], [-8581.3, 540.0], [-8579.1, 546.7], [-8580.3, 559.3], [-8589.0, 575.1], [-8582.8, 589.1], [-8566.8, 611.3], [-8533.6, 635.6], [-8514.0, 644.0], [-8510.4, 656.0], [-8517.2, 666.0], [-8521.7, 672.9], [-8524.4, 675.7], [-8531.3, 685.4], [-8541.9, 687.8], [-8552.7, 682.6], [-8577.1, 661.5], [-8608.1, 654.9], [-8629.2, 653.6], [-8654.6, 660.2], [-8665.7, 670.5], [-8672.8, 685.1], [-8698.4, 714.0], [-8708.2, 728.3], [-8718.6, 734.4], [-8730.6, 723.6], [-8735.6, 722.5], [-8742.8, 712.8], [-8738.4, 700.5], [-8773.2, 671.4], [-8772.8, 664.5], [-8762.1, 651.8], [-8758.5, 635.6], [-8760.0, 620.8], [-8768.6, 607.9], [-8798.8, 589.3], [-8809.2, 605.5], [-8831.0, 625.2], [-8830.7, 640.0], [-8821.9, 644.4], [-8813.3, 640.5], [-8810.6, 632.2], [-8816.8, 623.0], [-8830.3, 626.3], [-8846.5, 645.9], [-8850.4, 660.6], [-8831.9, 673.2], [-8824.5, 680.9], [-8844.9, 720.9], [-8828.2, 731.2], [-8801.0, 745.2], [-8776.8, 742.6], [-8762.3, 732.2], [-8740.6, 705.9], [-8730.6, 691.7], [-8726.0, 677.3], [-8713.0, 665.5], [-8706.5, 628.0], [-8703.4, 612.1], [-8710.5, 595.2], [-8725.0, 587.7], [-8749.4, 561.4], [-8747.6, 556.0], [-8739.2, 550.6]]}}, {"type": "Feature", "properties": {"op": "add"}, "geometry": {"type": "LineString", "coordinates": [[-1384.2, -2070.8], [-1386.4, -2096.2], [-1387.6, -2113.1], [-1390.9, -2136.9], [-1394.5, -2156.8], [-1399.6, -2182.3], [-1406.7, -2210.7], [-1415.8, -2241.0], [-1431.5, -2263.2], [-1442.1, -2279.5], [-1449.8, -2296.1], [-1450.5, -2320.3], [-1451.2, -2335.3], [-1451.0, -2349.2], [-1450.9, -2368.7], [-1451.4, -2384.3], [-1452.4, -2412.4], [-1469.7, -2432.1], [-1455.3, -2437.8], [-1435.3, -2446.8], [-1426.1, -2451.1], [-1413.9, -2462.0], [-1405.6, -2462.9], [-1396.3, -2461.5], [-1390.5, -2460.0], [-1381.0, -2457.4], [-1372.3, -2451.8], [-1362.5, -2450.7], [-1351.5, -2449.0], [-1341.7, -2447.8], [-1324.6, -2454.8], [-1315.4, -2458.6], [-1305.2, -2462.7], [-1294.4, -2467.3], [-1287.5, -2475.4], [-1279.4, -2483.6], [-1271.9, -2490.9], [-1261.4, -2504.6], [-1253.3, -2518.7], [-1247.8, -2527.8], [-1241.3, -2540.1], [-1235.9, -2557.9], [-1232.8, -2565.0], [-1228.5, -2572.9], [-1220.5, -2586.4], [-1214.2, -2596.7], [-1207.8, -2608.2], [-1196.1, -2620.9], [-1188.6, -2633.6], [-1192.2, -2644.2], [-1196.8, -2657.0], [-1204.5, -2676.4], [-1206.4, -2683.6], [-1202.8, -2694.5], [-1199.3, -2705.3], [-1197.7, -2715.9], [-1192.2, -2724.1], [-1177.0, -2731.4], [-1159.5, -2739.5], [-1148.7, -2745.3], [-1137.8, -2749.2], [-1128.8, -2753.0], [-1121.6, -2756.3], [-1116.0, -2760.1], [-1109.1, -2765.2], [-1107.7, -2774.3], [-1112.2, -2786.1], [-1114.5, -2800.4], [-1110.1, -2812.1], [-1115.5, -2802.0], [-1113.0, -2792.3], [-1107.9, -2778.9], [-1107.1, -2767.5], [-1115.7, -2758.9], [-1125.7, -2754.1], [-1138.4, -2749.3], [-1153.0, -2743.7], [-1164.5, -2735.9], [-1175.9, -2731.1], [-1192.4, -2722.2], [-1196.9, -2708.3], [-1201.1, -2695.4], [-1203.8, -2680.8], [-1197.6, -2664.4], [-1191.1, -2644.8], [-1188.9, -2628.2], [-1198.9, -2618.2], [-1206.6, -2607.7], [-1211.4, -2599.7], [-1217.7, -2589.2], [-1225.0, -2580.0], [-1230.7, -2568.7], [-1236.0, -2555.2], [-1241.5, -2541.8], [-1257.1, -2510.8], [-1265.5, -2498.0], [-1273.8, -2487.3], [-1288.1, -2473.8], [-1307.2, -2462.1], [-1319.7, -2455.8], [-1335.9, -2448.6], [-1347.9, -2447.9], [-1365.9, -2451.0], [-1382.4, -2458.1], [-1394.4, -2461.7], [-1409.0, -2464.4], [-1423.4, -2453.1], [-1436.4, -2444.3], [-1456.6, -2437.7], [-1462.2, -2427.3], [-1453.3, -2407.9], [-1450.9, -2386.8], [-1450.4, -2363.4], [-1450.0, -2334.7], [-1449.5, -2305.5], [-1441.7, -2279.3], [-1426.6, -2258.2], [-1412.1, -2231.4], [-1405.9, -2211.5], [-1399.7, -2190.7], [-1393.9, -2159.7], [-1390.5, -2139.7], [-1387.5, -2120.9], [-1386.0, -2099.2], [-1383.9, -2074.9], [-1383.0, -2055.0], [-1381.8, -2036.1], [-1378.4, -2005.3], [-1377.5, -1983.7], [-1369.9, -1965.1], [-1358.3, -1937.4], [-1348.8, -1912.5], [-1335.5, -1876.4], [-1330.6, -1845.3], [-1345.1, -1837.8], [-1364.3, -1829.2], [-1389.6, -1817.4], [-1415.1, -1808.0], [-1435.1, -1801.8], [-1447.4, -1800.4], [-1459.0, -1802.1], [-1472.7, -1805.1], [-1497.2, -1805.3], [-1514.7, -1804.9], [-1538.1, -1805.1], [-1552.1, -1805.6], [-1566.1, -1805.8], [-1574.6, -1787.8], [-1580.6, -1761.6], [-1586.0, -1738.5], [-1586.8, -1720.9], [-1584.9, -1692.9], [-1600.4, -1680.1], [-1619.8, -1668.1], [-1624.6, -1661.0], [-1628.3, -1622.3], [-1628.7, -1622.2], [-1626.3, -1659.1], [-1615.6, -1668.1], [-1584.5, -1688.0], [-1585.3, -1707.8], [-1585.9, -1729.2], [-1584.8, -1745.2], [-1582.4, -1754.1], [-1579.7, -1771.4], [-1569.2, -1802.7], [-1550.2, -1805.5], [-1529.5, -1805.5], [-1515.1, -1805.4], [-1500.3, -1805.4], [-1467.5, -1804.3], [-1460.5, -1803.6], [-1443.3, -1800.5], [-1435.4, -1800.8], [-1408.9, -1809.8], [-1386.6, -1818.3], [-1364.3, -1828.4], [-1341.6, -1837.6], [-1327.4, -1845.2], [-1330.7, -1858.8], [-1337.5, -1878.7], [-1344.6, -1898.4], [-1351.5, -1918.3], [-1359.3, -1937.8], [-1365.7, -1954.0], [-1375.3, -1980.3], [-1379.1, -2004.4], [-1381.1, -2021.8], [-1382.7, -2039.3], [-1383.3, -2049.8]]}}, {"type": "Feature", "properties": {"op": "add"}, "geometry": {"type": "LineString", "coordinates": [[-1610.0, -2755.8], [-1603.6, -2739.1], [-1587.5, -2715.6], [-1569.7, -2702.3], [-1566.1, -2687.9], [-1558.4, -2669.8], [-1555.9, -2655.7], [-1555.2, -2632.9], [-1557.7, -2608.5], [-1562.6, -2588.1], [-1567.3, -2567.6], [-1566.7, -2545.4], [-1563.0, -2535.0], [-1552.9, -2512.6], [-1544.0, -2493.6], [-1519.6, -2473.7], [-1495.5, -2453.4], [-1468.3, -2429.7], [-1455.2, -2415.1], [-1451.5, -2396.7], [-1450.2, -2354.8], [-1450.2, -2330.3], [-1448.9, -2302.3], [-1448.0, -2288.3], [-1434.6, -2268.2], [-1416.9, -2243.5], [-1406.8, -2213.7], [-1396.5, -2171.9], [-1392.2, -2147.8], [-1388.2, -2123.6], [-1385.4, -2092.3], [-1383.1, -2060.8], [-1381.7, -2029.4], [-1376.5, -1986.9], [-1371.7, -1970.1], [-1360.2, -1940.8], [-1350.1, -1916.0], [-1339.1, -1886.5], [-1329.5, -1861.5], [-1325.6, -1844.4], [-1311.9, -1821.0], [-1295.1, -1808.4], [-1277.6, -1796.9], [-1244.3, -1777.5], [-1233.3, -1769.6], [-1207.2, -1746.3], [-1191.7, -1732.1], [-1165.0, -1716.8], [-1135.2, -1706.6], [-1114.2, -1699.5], [-1090.5, -1693.5], [-1064.7, -1687.9], [-1047.3, -1686.3], [-1022.1, -1685.5], [-997.6, -1684.8], [-965.0, -1681.5], [-940.2, -1677.1], [-928.7, -1669.1], [-1004.4, -1684.4], [-958.3, -1681.3], [-940.9, -1678.3], [-925.2, -1667.5], [-907.2, -1654.0], [-885.9, -1636.8], [-874.7, -1625.9], [-868.7, -1620.0], [-842.7, -1592.6], [-829.0, -1576.2], [-817.4, -1560.9], [-807.0, -1545.8], [-797.5, -1533.2], [-789.2, -1521.3], [-776.7, -1498.5], [-770.4, -1476.8], [-761.5, -1457.5], [-751.6, -1437.1], [-743.6, -1419.2], [-737.4, -1407.0], [-722.8, -1387.8], [-714.9, -1378.2], [-706.6, -1368.1], [-687.7, -1343.6], [-669.9, -1320.4], [-647.9, -1287.3], [-627.9, -1252.2], [-606.5, -1205.3], [-593.6, -1174.5], [-582.4, -1140.0], [-568.6, -1109.6], [-556.4, -1092.8], [-544.8, -1079.8], [-533.5, -1068.8], [-528.3, -1062.5], [-516.6, -1048.8], [-503.3, -1029.3], [-497.6, -1001.7], [-494.6, -981.3], [-490.9, -958.0], [-486.9, -943.7], [-483.0, -927.7], [-473.8, -907.2], [-463.7, -890.5], [-456.5, -881.8], [-447.1, -870.0], [-439.6, -860.6], [-427.1, -845.2], [-402.3, -812.0], [-381.0, -780.2], [-360.5, -770.6], [-349.8, -766.1], [-329.1, -757.2], [-306.4, -749.8], [-283.2, -742.1], [-261.1, -736.2], [-238.3, -728.7], [-217.4, -724.3], [-194.6, -720.3], [-168.6, -717.5], [-143.5, -716.9], [-121.3, -715.4], [-103.2, -714.4], [-83.8, -716.3], [-55.7, -717.8], [-37.7, -717.2], [-20.9, -715.6], [-19.3, -737.2], [-23.4, -754.5], [-20.4, -774.2], [-15.7, -797.9], [-27.1, -812.2], [-41.3, -822.6], [-49.3, -830.3], [-53.9, -849.6], [-50.8, -866.5], [-38.2, -879.6], [-27.0, -897.1], [-34.2, -925.8], [-29.6, -903.9], [-26.8, -898.5], [-31.7, -885.7], [-40.2, -877.8], [-49.6, -867.8], [-53.5, -854.7], [-51.8, -841.9], [-48.6, -831.8], [-41.1, -823.0], [-30.2, -815.5], [-22.6, -806.7], [-16.4, -794.4], [-19.6, -777.7], [-21.6, -766.5], [-22.1, -757.9], [-22.7, -749.9], [-18.0, -735.7], [-18.2, -725.3], [-42.3, -717.3], [-58.7, -717.6], [-84.6, -717.1], [-102.9, -713.9], [-131.3, -715.3], [-152.2, -715.8], [-180.7, -717.8], [-197.7, -720.5], [-237.5, -727.5], [-250.8, -732.9], [-272.6, -738.9], [-291.3, -743.7], [-314.5, -751.5], [-329.5, -757.7], [-342.0, -763.2], [-356.3, -768.8], [-370.4, -775.4], [-383.0, -781.4], [-391.3, -793.6], [-410.2, -822.4], [-419.3, -835.1], [-435.6, -854.1], [-454.8, -877.8], [-463.7, -889.4], [-471.8, -902.1], [-480.1, -919.0], [-484.2, -930.7], [-487.8, -944.7], [-491.2, -958.2], [-493.7, -971.1], [-497.9, -1004.8], [-508.8, -1037.4], [-527.5, -1062.0], [-537.5, -1070.7], [-551.4, -1085.6], [-565.1, -1103.2], [-579.8, -1135.6], [-590.1, -1166.0], [-596.2, -1182.8], [-614.4, -1221.2], [-626.9, -1250.8], [-638.4, -1271.0], [-653.4, -1295.8], [-665.1, -1315.9], [-680.3, -1334.8], [-691.8, -1349.1], [-702.4, -1363.3], [-712.4, -1377.7], [-728.9, -1396.6], [-739.6, -1411.8], [-751.7, -1436.2], [-759.3, -1452.1], [-769.7, -1475.4], [-775.9, -1472.2], [-779.8, -1501.5], [-789.2, -1520.9], [-800.8, -1537.8], [-817.1, -1560.6], [-838.0, -1587.0], [-857.5, -1609.3], [-875.0, -1624.6], [-894.3, -1643.7], [-919.5, -1662.0], [-945.7, -1677.0], [-963.9, -1680.0], [-983.9, -1683.3], [-999.7, -1685.5], [-1036.2, -1684.4], [-1054.9, -1685.5], [-1078.7, -1689.3], [-1097.1, -1694.4], [-1120.5, -1701.0], [-1140.4, -1707.7], [-1159.3, -1713.6], [-1174.5, -1720.5], [-1188.0, -1728.6], [-1205.7, -1745.4], [-1218.5, -1757.2], [-1231.5, -1768.4], [-1242.4, -1775.9], [-1252.9, -1783.4], [-1260.4, -1787.4], [-1275.6, -1795.4], [-1290.0, -1804.2], [-1303.5, -1813.0], [-1315.1, -1822.6], [-1328.3, -1847.5], [-1333.0, -1868.5], [-1343.1, -1896.0], [-1358.9, -1935.3], [-1375.7, -1976.3], [-1378.0, -1997.9], [-1380.6, -2016.7], [-1383.1, -2044.7], [-1385.6, -2088.7], [-1389.0, -2121.0], [-1397.3, -2173.9], [-1406.0, -2206.5], [-1414.2, -2231.0], [-1419.1, -2247.4], [-1436.1, -2270.0], [-1446.5, -2285.3], [-1451.2, -2341.5], [-1452.1, -2381.5], [-1455.3, -2415.3], [-1491.5, -2449.5], [-1527.6, -2481.1], [-1548.2, -2497.4], [-1554.1, -2515.5], [-1569.8, -2546.5], [-1566.7, -2580.3], [-1556.6, -2610.5], [-1556.0, -2635.8], [-1556.4, -2652.6], [-1561.3, -2682.0], [-1578.7, -2700.7], [-1590.1, -2714.0], [-1607.0, -2739.0], [-1611.2, -2767.1], [-1618.1, -2800.1], [-1623.7, -2829.9], [-1628.2, -2851.0], [-1632.5, -2864.4], [-1638.5, -2880.5], [-1645.5, -2901.0], [-1639.8, -2927.5], [-1640.8, -2941.9], [-1644.0, -2959.1], [-1647.6, -2980.7], [-1645.3, -2995.0], [-1637.1, -3010.4], [-1620.9, -3027.4], [-1602.0, -3048.0], [-1579.5, -3062.5], [-1569.4, -3064.8], [-1561.7, -3059.3], [-1562.8, -3059.8], [-1580.4, -3054.6], [-1594.0, -3051.6], [-1605.9, -3041.9], [-1610.8, -3037.1], [-1623.2, -3024.8], [-1630.3, -3017.3], [-1638.5, -3008.1], [-1643.0, -2998.7], [-1646.6, -2986.1], [-1646.4, -2979.1], [-1645.0, -2965.2], [-1641.2, -2951.7], [-1637.6, -2929.2], [-1645.4, -2902.8], [-1636.2, -2876.6], [-1627.9, -2852.9], [-1622.3, -2834.4], [-1618.3, -2811.8], [-1612.1, -2776.8]]}}, {"type": "Feature", "properties": {"op": "add"}, "geometry": {"type": "LineString", "coordinates": [[-7095.6, -2718.9], [-7067.4, -2756.1], [-7037.4, -2790.6], [-7018.6, -2835.3], [-6984.5, -2869.5], [-6938.4, -2890.2], [-6905.9, -2928.6], [-6854.8, -2984.5], [-6836.6, -3004.4], [-6808.0, -3077.4], [-6787.5, -3129.7], [-6764.0, -3175.9], [-6745.7, -3211.9], [-6708.6, -3249.2], [-6693.8, -3306.6], [-6720.2, -3363.9], [-6774.0, -3394.9], [-6846.9, -3401.7], [-6906.0, -3407.2], [-6961.4, -3397.9], [-6999.3, -3391.4], [-7039.7, -3397.0], [-7064.1, -3400.8], [-7110.8, -3375.1], [-7113.4, -3322.1], [-7098.3, -3284.6], [-7095.6, -3246.0], [-7085.7, -3202.8], [-7072.4, -3144.6], [-7061.9, -3099.0], [-7015.9, -3040.4], [-6970.5, -2981.0], [-6934.3, -2905.9], [-6913.1, -2861.8], [-6874.9, -2825.7], [-6859.9, -2776.3], [-6842.1, -2717.8], [-6846.4, -2667.7], [-6851.5, -2607.4], [-6852.1, -2566.7], [-6880.8, -2550.5], [-6920.7, -2512.1], [-6957.0, -2459.7], [-6968.9, -2436.2], [-6985.2, -2427.1], [-7032.3, -2403.9], [-7070.3, -2406.2], [-7132.2, -2394.9], [-7165.1, -2398.3], [-7188.3, -2426.5], [-7194.1, -2475.3], [-7197.1, -2523.3], [-7185.9, -2555.7], [-7191.4, -2594.0], [-7175.2, -2639.8], [-7164.8, -2655.2], [-7143.8, -2664.0], [-7120.7, -2667.1]]}}, {"type": "Feature", "properties": {"op": "add"}, "geometry": {"type": "LineString", "coordinates": [[-9454.6, 66.6], [-9415.6, 86.6], [-9402.7, 93.9], [-9383.6, 105.1], [-9362.6, 111.7], [-9337.4, 124.5], [-9316.5, 136.1], [-9298.2, 143.4], [-9273.1, 151.2], [-9256.8, 159.3], [-9242.9, 174.2], [-9232.3, 186.1], [-9217.8, 203.7], [-9201.4, 220.1], [-9188.2, 236.9], [-9183.0, 255.8], [-9182.2, 275.1], [-9180.9, 301.3], [-9178.2, 323.0], [-9173.9, 335.8], [-9168.7, 347.0], [-9156.1, 363.7], [-9142.4, 376.0], [-9125.5, 390.0], [-9144.0, 376.6], [-9150.4, 370.6], [-9159.8, 359.0], [-9169.7, 347.3], [-9176.4, 336.1], [-9179.0, 324.0], [-9181.6, 310.7], [-9182.4, 299.1], [-9183.6, 286.0], [-9184.2, 259.6], [-9187.5, 239.8], [-9193.9, 228.4], [-9217.1, 204.3], [-9229.9, 191.6], [-9239.1, 181.5], [-9252.9, 160.5], [-9270.5, 152.5], [-9282.0, 150.7], [-9303.5, 142.9], [-9326.5, 133.7], [-9338.2, 126.1], [-9357.1, 114.9], [-9376.0, 105.8], [-9396.5, 100.0], [-9415.7, 90.1], [-9430.0, 79.5], [-9441.9, 69.1], [-9459.1, 62.0], [-9471.8, 63.6], [-9492.8, 58.9], [-9502.2, 40.7], [-9513.7, 15.7], [-9520.0, 3.7], [-9526.7, -8.6], [-9535.5, -27.9], [-9544.9, -53.4], [-9550.6, -84.4], [-9550.7, -113.8], [-9549.1, -80.8], [-9544.0, -52.8], [-9537.0, -30.6], [-9529.3, -15.0], [-9522.5, -4.7], [-9517.4, 9.1], [-9508.0, 28.5], [-9496.2, 50.3], [-9493.6, 67.2], [-9486.8, 89.7], [-9484.0, 102.3], [-9480.2, 126.3], [-9482.9, 145.3], [-9485.4, 167.4], [-9484.8, 180.1], [-9493.0, 196.9], [-9508.5, 218.1], [-9533.1, 242.2], [-9519.2, 232.4], [-9515.6, 227.5], [-9503.7, 216.6], [-9498.0, 202.4], [-9486.0, 183.4], [-9483.6, 166.1], [-9481.7, 150.4], [-9481.9, 138.4], [-9483.6, 118.8], [-9486.3, 100.3], [-9487.6, 81.9], [-9485.3, 71.6], [-9479.7, 67.2], [-9467.9, 61.3]]}}, {"type": "Feature", "properties": {"op": "add"}, "geometry": {"type": "LineString", "coordinates": [[33.9, -4295.0], [15.6, -4323.3], [9.1, -4344.8], [0.6, -4372.7], [22.9, -4394.5], [37.6, -4406.9], [60.7, -4430.0], [78.9, -4454.8], [111.1, -4453.2], [141.3, -4477.9], [161.1, -4508.8], [163.8, -4536.0], [179.2, -4547.4], [199.6, -4546.4], [213.8, -4558.6], [188.7, -4569.1], [174.9, -4582.7], [153.5, -4584.0], [145.0, -4569.6], [144.7, -4539.3], [129.3, -4526.8], [121.7, -4507.7], [123.1, -4482.6], [121.6, -4466.6], [105.5, -4447.2], [84.8, -4452.1], [64.0, -4464.1], [43.4, -4457.0], [47.3, -4428.7], [36.7, -4409.9], [15.1, -4387.9], [-7.9, -4389.2], [-29.7, -4388.0], [-50.7, -4367.3], [-71.6, -4349.0], [-91.3, -4340.8], [-108.4, -4305.4], [-121.6, -4282.0], [-100.6, -4263.8], [-73.6, -4257.0], [-35.8, -4248.3], [5.7, -4236.8], [24.3, -4240.6], [40.7, -4257.4], [43.0, -4278.4]]}}, {"type": "Feature", "properties": {"op": "add"}, "geometry": {"type": "LineString", "coordinates": [[-4885.1, -986.4], [-4888.4, -983.7], [-4895.2, -985.1], [-4904.6, -975.4], [-4908.0, -960.4], [-4880.3, -920.6], [-4833.7, -904.2], [-4797.4, -906.4], [-4780.1, -905.9], [-4763.7, -907.0], [-4721.9, -922.6], [-4691.7, -946.5], [-4679.9, -970.0], [-4650.1, -982.8], [-4635.6, -960.4], [-4651.7, -935.2], [-4687.3, -922.1], [-4721.5, -905.9], [-4757.4, -891.0], [-4785.5, -884.3], [-4815.0, -883.2], [-4846.7, -886.1], [-4887.0, -891.8], [-4906.8, -884.8], [-4929.1, -856.5], [-4952.7, -869.1], [-4988.8, -899.0], [-5017.8, -932.5], [-4985.2, -957.6], [-4958.8, -941.6], [-4947.8, -930.1], [-4950.4, -921.7], [-4961.1, -913.8], [-4956.3, -904.2], [-4950.3, -908.2], [-4950.2, -918.3], [-4942.2, -928.0], [-4935.6, -936.3], [-4931.6, -949.3], [-4915.2, -957.8], [-4906.9, -973.0], [-4898.4, -983.8], [-4891.4, -992.1]]}}, {"type": "Feature", "properties": {"op": "add"}, "geometry": {"type": "LineString", "coordinates": [[-4789.1, -1166.5], [-4758.7, -1159.6], [-4730.1, -1194.2], [-4719.5, -1218.3], [-4740.7, -1244.5], [-4724.9, -1277.6], [-4694.2, -1265.9], [-4682.4, -1259.1], [-4664.0, -1243.1], [-4643.8, -1214.2], [-4647.4, -1189.8], [-4683.8, -1195.8], [-4708.7, -1200.8], [-4732.2, -1176.5], [-4747.5, -1153.0], [-4734.0, -1106.0], [-4738.4, -1074.1], [-4762.8, -1042.4], [-4788.0, -1030.9], [-4816.7, -1027.3], [-4826.9, -1014.3], [-4838.8, -977.7], [-4850.5, -941.9], [-4866.6, -946.2], [-4884.0, -942.7], [-4908.4, -967.7], [-4901.3, -979.6], [-4894.5, -986.6], [-4886.8, -988.2], [-4894.6, -994.6], [-4895.4, -986.9], [-4905.2, -975.3], [-4915.5, -959.2], [-4936.6, -935.2], [-4951.3, -917.0], [-4951.8, -906.4], [-4960.9, -907.6], [-4962.9, -915.0], [-4952.6, -917.7], [-4938.4, -936.4], [-4927.8, -951.2], [-4937.9, -980.3], [-4943.1, -998.2], [-4943.6, -1014.5], [-4948.5, -1023.7], [-4924.3, -1036.8], [-4885.2, -1057.8], [-4873.4, -1069.6], [-4872.6, -1106.8], [-4858.6, -1135.0], [-4842.9, -1155.3], [-4820.9, -1169.3]]}}, {"type": "Feature", "properties": {"op": "add"}, "geometry": {"type": "LineString", "coordinates": [[-10210.3, -3774.1], [-10214.7, -3687.3], [-10230.1, -3666.7], [-10216.0, -3715.0], [-10220.2, -3756.6], [-10204.9, -3788.1], [-10211.6, -3821.1], [-10207.4, -3833.3], [-10201.3, -3866.7], [-10203.9, -3900.4], [-10166.6, -3931.8], [-10191.2, -3953.4], [-10200.5, -3989.6], [-10231.4, -4033.5], [-10264.4, -4057.6], [-10304.0, -4059.0], [-10317.3, -4034.3], [-10360.5, -4019.6], [-10368.5, -4048.9], [-10408.9, -4072.3], [-10445.1, -4075.2], [-10467.2, -4099.2], [-10519.0, -4090.3], [-10559.1, -4044.8], [-10611.9, -4019.4], [-10628.0, -3999.4], [-10632.4, -3965.8], [-10616.8, -3951.7], [-10585.4, -3999.5], [-10560.6, -4041.9], [-10537.1, -4067.5], [-10486.7, -4042.8], [-10431.9, -4031.4], [-10392.6, -4026.1], [-10365.8, -4024.1], [-10302.6, -4040.8], [-10278.1, -4073.4], [-10231.3, -4029.5], [-10199.1, -3979.4], [-10167.6, -3916.9], [-10203.7, -3883.7], [-10205.1, -3832.4], [-10215.8, -3803.4]]}}, {"type": "Feature", "properties": {"op": "add"}, "geometry": {"type": "LineString", "coordinates": [[-6702.1, -1193.1], [-6712.5, -1194.8], [-6717.6, -1195.9], [-6727.9, -1189.5], [-6748.5, -1185.6], [-6763.7, -1183.2], [-6795.4, -1184.5], [-6810.9, -1176.6], [-6830.7, -1173.8], [-6852.3, -1171.1], [-6871.8, -1168.6], [-6898.0, -1162.6], [-6929.9, -1153.2], [-6956.2, -1162.4], [-6982.5, -1175.7], [-6995.2, -1177.4], [-7022.3, -1168.4], [-7039.0, -1131.9], [-7027.8, -1095.0], [-6992.3, -1087.2], [-6969.8, -1086.8], [-6955.9, -1091.1], [-6932.3, -1100.2], [-6919.9, -1132.5], [-6925.1, -1178.6], [-6949.7, -1205.3], [-6992.8, -1224.5], [-7035.8, -1244.0], [-7077.6, -1267.5], [-7124.3, -1267.9], [-7132.8, -1254.6], [-7156.2, -1252.0], [-7182.3, -1219.7], [-7198.2, -1188.1], [-7186.3, -1150.1], [-7157.4, -1127.9], [-7131.1, -1112.6], [-7090.6, -1119.0], [-7059.0, -1139.3], [-7032.4, -1166.2], [-7013.2, -1206.1], [-7044.4, -1228.7], [-7058.7, -1246.2], [-7084.8, -1279.3], [-7111.3, -1296.9], [-7139.2, -1325.7], [-7186.2, -1331.9], [-7217.2, -1339.1], [-7236.2, -1343.1]]}}, {"type": "Feature", "properties": {"op": "add"}, "geometry": {"type": "LineString", "coordinates": [[2532.8, -4764.9], [2501.3, -4726.0], [2491.2, -4693.2], [2493.1, -4655.5], [2562.2, -4646.4]]}}, {"type": "Feature", "properties": {"op": "add"}, "geometry": {"type": "LineString", "coordinates": [[2699.8, -4567.4], [2757.3, -4527.6], [2850.9, -4417.6], [2888.3, -4328.5]]}}, {"type": "Feature", "properties": {"op": "add"}, "geometry": {"type": "LineString", "coordinates": [[3035.7, -4260.2], [3088.5, -4250.2], [3147.3, -4318.8], [3163.5, -4341.2]]}}, {"type": "Feature", "properties": {"op": "add"}, "geometry": {"type": "LineString", "coordinates": [[2532.8, -4764.9], [2501.3, -4726.0], [2491.2, -4693.2], [2493.1, -4655.5], [2562.2, -4646.4]]}}, {"type": "Feature", "properties": {"op": "add"}, "geometry": {"type": "LineString", "coordinates": [[2699.8, -4567.4], [2757.3, -4527.6], [2850.9, -4417.6], [2888.3, -4328.5]]}}, {"type": "Feature", "properties": {"op": "add"}, "geometry": {"type": "LineString", "coordinates": [[3035.7, -4260.2], [3088.5, -4250.2], [3147.3, -4318.8], [3163.5, -4341.2]]}}, {"type": "Feature", "properties": {"op": "add"}, "geometry": {"type": "LineString", "coordinates": [[-36.3, -916.4], [-28.5, -902.4], [-26.3, -896.9], [-51.5, -836.7], [-17.2, -802.6], [-21.0, -719.1], [-149.2, -712.8], [-226.0, -722.7], [-325.5, -754.3], [-377.9, -776.5], [-403.2, -680.9], [-331.6, -671.1], [-341.2, -713.2], [-340.6, -711.8], [-325.2, -677.7], [-339.9, -673.2], [-385.7, -685.2], [-413.7, -656.9], [-440.8, -585.7], [-520.9, -558.9], [-569.2, -567.5], [-594.5, -575.9], [-650.7, -560.4], [-691.6, -568.6], [-707.1, -562.6], [-724.8, -549.4], [-811.1, -542.2], [-817.5, -533.0], [-811.1, -542.2], [-724.8, -549.4], [-707.1, -562.6], [-691.6, -568.6], [-650.7, -560.4], [-594.5, -575.9], [-569.2, -567.5], [-520.9, -558.9], [-440.8, -585.7], [-413.7, -656.9], [-385.7, -685.2], [-339.9, -673.2], [-325.2, -677.7], [-340.6, -711.8], [-341.2, -713.2], [-331.6, -671.1], [-403.2, -680.9], [-377.9, -776.5], [-325.5, -754.3], [-226.0, -722.7], [-149.2, -712.8], [-21.0, -719.1], [-17.2, -802.6], [-51.5, -836.7], [-26.3, -896.9], [-28.5, -902.4], [-39.0, -917.0]]}}, {"type": "Feature", "properties": {"op": "add"}, "geometry": {"type": "LineString", "coordinates": [[-3636.7, -2575.8], [-3633.6, -2578.4], [-3619.2, -2566.9], [-3613.9, -2546.9], [-3609.1, -2531.3], [-3601.8, -2522.2], [-3582.1, -2508.6], [-3571.0, -2504.2], [-3555.0, -2502.8], [-3528.4, -2511.6], [-3503.4, -2531.9], [-3481.9, -2549.7], [-3503.6, -2534.7], [-3522.5, -2502.5], [-3519.5, -2471.0], [-3502.9, -2455.0], [-3481.5, -2436.8], [-3468.3, -2417.0], [-3444.7, -2402.4], [-3434.6, -2386.2], [-3424.2, -2368.9], [-3402.4, -2335.0], [-3377.1, -2303.4], [-3367.3, -2268.9], [-3357.8, -2238.1], [-3357.8, -2206.2], [-3351.1, -2167.4], [-3356.9, -2194.9], [-3356.4, -2231.0], [-3360.8, -2247.4], [-3365.4, -2261.9], [-3373.7, -2297.2], [-3398.0, -2329.2], [-3420.2, -2362.8], [-3431.5, -2379.6], [-3437.7, -2394.4], [-3463.0, -2412.4], [-3476.6, -2431.6], [-3497.3, -2450.5], [-3516.3, -2465.1], [-3522.9, -2495.6], [-3506.4, -2531.5], [-3484.2, -2548.4], [-3497.0, -2537.2], [-3524.8, -2513.8], [-3546.8, -2503.9], [-3562.7, -2502.9], [-3574.5, -2505.3], [-3598.5, -2519.6], [-3604.7, -2524.7], [-3611.5, -2538.8], [-3617.3, -2562.2], [-3629.9, -2579.1]]}}, {"type": "Feature", "properties": {"op": "add"}, "geometry": {"type": "LineString", "coordinates": [[-13771.4, -194.1], [-13800.7, -171.3], [-13825.3, -138.9], [-13839.2, -104.7], [-13854.5, -89.1], [-13880.1, -69.0], [-13884.6, -54.9], [-13903.9, -29.4], [-13907.9, -7.8], [-13917.5, 25.8], [-13918.5, 50.2], [-13935.6, 86.9], [-13958.0, 96.2], [-13977.5, 107.9], [-13996.9, 126.2], [-14008.0, 153.0], [-14009.7, 182.7], [-14022.4, 197.1], [-14057.0, 213.9], [-14022.4, 197.1], [-14009.7, 182.7], [-14008.0, 153.0], [-13996.9, 126.2], [-13977.5, 107.9], [-13958.0, 96.2], [-13935.6, 86.9], [-13918.5, 50.2], [-13917.6, 26.2], [-13907.9, -7.8], [-13903.9, -29.4], [-13884.6, -54.9], [-13880.1, -69.0], [-13854.5, -89.1], [-13839.2, -104.7], [-13825.3, -138.9], [-13800.7, -171.3], [-13771.4, -194.1], [-13768.6, -210.9]]}}, {"type": "Feature", "properties": {"op": "add"}, "geometry": {"type": "LineString", "coordinates": [[664.3, -1027.6], [654.0, -1032.3], [634.6, -1041.4], [622.3, -1055.5], [620.2, -1114.9], [627.2, -1131.6], [631.9, -1149.3], [629.9, -1192.3], [634.0, -1229.1], [634.7, -1271.4], [627.3, -1321.8], [629.4, -1375.6], [643.9, -1408.9], [668.4, -1437.6], [708.7, -1455.9], [745.7, -1459.7], [708.8, -1455.9], [667.9, -1437.4], [643.7, -1408.6], [629.2, -1375.2], [627.4, -1321.6], [634.8, -1271.3], [634.0, -1228.6], [629.9, -1191.8], [631.9, -1148.9], [627.1, -1131.1], [620.1, -1114.7], [622.2, -1055.0], [634.8, -1041.2], [653.8, -1032.3]]}}, {"type": "Feature", "properties": {"op": "add"}, "geometry": {"type": "LineString", "coordinates": [[1129.9, -260.8], [1099.4, -246.6], [1043.0, -219.0], [987.8, -183.1], [944.3, -133.4], [896.2, -88.7], [822.5, -70.0], [777.7, -43.4], [724.6, 15.5], [681.5, 86.9], [614.5, 189.9], [555.1, 231.3], [517.0, 275.0], [525.9, 251.6], [569.7, 221.1], [633.0, 163.2], [667.4, 98.6], [711.5, 41.2], [745.5, -14.6], [801.7, -56.7], [869.8, -83.0], [933.6, -117.3], [962.6, -156.1], [1031.8, -216.4], [1118.5, -252.1], [1186.5, -265.6], [1153.3, -262.6]]}}, {"type": "Feature", "properties": {"op": "add"}, "geometry": {"type": "LineString", "coordinates": [[-4680.4, -2698.8], [-4721.2, -2699.8], [-4740.1, -2702.3], [-4758.0, -2707.5], [-4769.4, -2708.2], [-4782.5, -2710.1], [-4831.5, -2710.6], [-4865.2, -2714.6], [-4909.8, -2729.6], [-4923.1, -2737.4], [-4959.8, -2767.4], [-4987.2, -2778.2], [-5018.2, -2792.3], [-5048.0, -2811.4], [-5089.6, -2827.3], [-5110.5, -2832.0], [-5124.4, -2833.2], [-5171.5, -2844.0], [-5200.5, -2850.7], [-5210.1, -2856.0], [-5229.2, -2872.2], [-5242.2, -2880.9], [-5248.2, -2882.3], [-5271.4, -2881.2], [-5284.3, -2876.7], [-5297.9, -2867.3], [-5320.8, -2859.3], [-5348.0, -2856.9], [-5366.3, -2859.5], [-5376.3, -2866.8], [-5388.4, -2876.5], [-5401.8, -2881.8], [-5404.6, -2886.8], [-5403.4, -2893.2], [-5395.0, -2907.2], [-5372.9, -2930.4], [-5353.6, -2954.2], [-5347.9, -2973.7], [-5341.5, -2986.9], [-5339.3, -2994.1], [-5336.9, -3011.9], [-5327.9, -3023.1], [-5307.2, -3025.4], [-5277.2, -3020.5], [-5259.1, -3007.8], [-5277.5, -3018.5], [-5306.7, -3023.9], [-5326.3, -3021.6], [-5335.8, -3011.2], [-5339.4, -2990.7], [-5346.7, -2971.9], [-5349.3, -2959.6], [-5357.6, -2945.7], [-5392.9, -2908.9], [-5411.2, -2885.8], [-5433.1, -2883.8], [-5472.8, -2872.9], [-5520.1, -2862.6], [-5536.5, -2857.3], [-5554.9, -2837.8], [-5572.7, -2818.5], [-5597.0, -2804.4], [-5606.8, -2798.6], [-5634.9, -2786.2], [-5678.1, -2770.2], [-5690.7, -2766.1], [-5698.8, -2756.5], [-5704.4, -2737.1], [-5727.7, -2700.1], [-5732.9, -2685.9], [-5740.9, -2675.5], [-5769.3, -2646.4], [-5789.1, -2625.3], [-5819.5, -2595.5], [-5829.4, -2584.1], [-5862.6, -2562.1], [-5867.8, -2558.6], [-5882.6, -2573.1], [-5899.8, -2594.1], [-5908.8, -2609.6], [-5906.1, -2622.3], [-5898.0, -2632.8], [-5890.2, -2639.2], [-5902.8, -2627.9], [-5909.6, -2610.5], [-5906.8, -2602.1], [-5889.4, -2582.4], [-5871.8, -2562.4], [-5860.9, -2564.1], [-5832.9, -2584.2], [-5813.9, -2604.7], [-5791.2, -2628.3], [-5764.6, -2656.0], [-5741.0, -2679.2], [-5730.2, -2695.3], [-5726.4, -2706.8], [-5710.0, -2730.7], [-5701.4, -2751.5], [-5696.8, -2762.7], [-5689.7, -2770.0], [-5660.9, -2779.4], [-5636.3, -2788.9], [-5605.2, -2803.5], [-5573.4, -2818.5], [-5550.7, -2846.3], [-5537.6, -2859.5], [-5531.3, -2864.2], [-5488.4, -2873.2], [-5456.4, -2880.5], [-5423.5, -2884.5], [-5401.7, -2884.3], [-5392.4, -2880.6], [-5380.7, -2872.7], [-5365.3, -2862.5], [-5347.1, -2858.9], [-5324.2, -2861.3], [-5309.2, -2866.1], [-5292.8, -2873.8], [-5281.6, -2881.0], [-5264.6, -2885.2], [-5242.9, -2885.7], [-5229.6, -2874.4], [-5214.0, -2862.1], [-5197.5, -2853.1], [-5178.2, -2848.1], [-5146.2, -2841.6], [-5106.9, -2833.9], [-5066.2, -2823.3], [-5032.9, -2804.7], [-5010.0, -2791.8], [-4968.6, -2773.7], [-4954.2, -2766.9], [-4927.4, -2744.6], [-4916.6, -2735.7], [-4884.9, -2722.7], [-4851.3, -2715.8], [-4819.8, -2715.3], [-4778.8, -2714.7], [-4763.6, -2712.3], [-4739.9, -2704.2], [-4702.2, -2700.6]]}}, {"type": "Feature", "properties": {"op": "add"}, "geometry": {"type": "LineString", "coordinates": [[-6941.3, -1629.5], [-6932.6, -1641.1], [-6927.8, -1648.6], [-6923.4, -1655.5], [-6920.0, -1668.8], [-6915.4, -1674.1], [-6908.4, -1682.3], [-6900.8, -1691.2], [-6894.2, -1694.8], [-6884.2, -1697.5], [-6878.1, -1700.9], [-6871.7, -1699.1], [-6866.1, -1695.7], [-6858.9, -1693.5], [-6844.4, -1691.9], [-6832.2, -1685.0], [-6825.0, -1680.9], [-6818.0, -1680.9], [-6814.3, -1673.2], [-6823.9, -1671.5], [-6837.3, -1671.9], [-6849.3, -1678.3], [-6860.0, -1679.1], [-6856.3, -1688.2], [-6851.7, -1699.5], [-6857.5, -1710.7], [-6862.2, -1719.9], [-6859.4, -1733.2], [-6850.1, -1747.6], [-6853.9, -1758.5], [-6861.1, -1771.2], [-6863.6, -1761.9], [-6867.2, -1748.0], [-6872.0, -1743.3], [-6876.7, -1738.8], [-6881.9, -1733.7], [-6886.9, -1732.3], [-6894.0, -1739.0], [-6902.5, -1747.0], [-6898.2, -1754.4], [-6893.7, -1762.0], [-6897.4, -1769.1], [-6900.8, -1775.4], [-6894.5, -1781.5], [-6889.9, -1791.8], [-6882.9, -1798.0], [-6874.4, -1800.0], [-6868.0, -1801.5], [-6863.0, -1805.0], [-6857.7, -1807.3], [-6853.4, -1809.1], [-6848.1, -1811.4], [-6845.5, -1805.4], [-6844.6, -1800.8], [-6845.8, -1791.6], [-6846.7, -1783.6], [-6843.6, -1774.6], [-6839.1, -1776.9], [-6831.6, -1783.8], [-6823.1, -1786.5], [-6813.0, -1786.4], [-6802.7, -1782.8], [-6792.6, -1776.0], [-6787.4, -1764.3], [-6782.0, -1755.8], [-6780.6, -1744.1], [-6782.1, -1736.1], [-6781.8, -1727.1], [-6784.4, -1718.5], [-6790.1, -1709.2], [-6779.0, -1707.6], [-6773.5, -1710.8], [-6773.4, -1717.8], [-6776.3, -1735.0], [-6775.3, -1750.6], [-6771.3, -1760.0], [-6765.7, -1772.9], [-6752.5, -1788.0], [-6745.1, -1800.1], [-6740.7, -1811.5], [-6731.4, -1812.5], [-6720.8, -1817.6], [-6709.3, -1812.6], [-6694.3, -1809.9], [-6680.8, -1804.4], [-6674.1, -1794.2], [-6670.4, -1788.5], [-6665.7, -1781.5], [-6662.8, -1769.5], [-6649.6, -1770.8], [-6640.1, -1775.7], [-6635.9, -1777.9], [-6631.3, -1774.5], [-6631.5, -1764.5], [-6627.8, -1757.9], [-6620.2, -1757.8], [-6614.8, -1757.7], [-6607.8, -1757.5], [-6605.0, -1769.5], [-6615.3, -1800.4], [-6615.0, -1829.0], [-6609.7, -1847.2], [-6614.7, -1865.4], [-6627.6, -1873.7], [-6653.0, -1877.5], [-6672.9, -1886.5], [-6692.4, -1895.3], [-6714.3, -1889.6], [-6761.3, -1871.4], [-6791.8, -1859.7], [-6800.7, -1847.3], [-6816.0, -1847.0], [-6830.9, -1846.7], [-6846.2, -1839.1], [-6865.7, -1834.9], [-6877.2, -1826.6], [-6887.1, -1804.3], [-6898.0, -1779.7], [-6896.8, -1764.2], [-6896.2, -1756.7], [-6900.4, -1747.0], [-6899.0, -1739.5], [-6895.1, -1726.8], [-6894.5, -1720.7], [-6895.6, -1714.0], [-6897.9, -1701.1], [-6896.9, -1691.6], [-6899.2, -1677.7], [-6892.3, -1668.0], [-6883.0, -1647.4], [-6864.1, -1631.5], [-6848.5, -1618.3], [-6850.2, -1603.1], [-6857.3, -1581.8], [-6870.4, -1562.5], [-6885.8, -1544.6], [-6905.1, -1548.2], [-6930.5, -1545.4], [-6944.4, -1543.8], [-6958.4, -1531.6], [-6966.4, -1510.7], [-6973.5, -1492.3], [-6982.6, -1468.6], [-6982.9, -1443.9], [-6989.2, -1421.8], [-6993.1, -1408.4], [-6992.7, -1385.0], [-6982.2, -1384.7], [-6962.6, -1377.5], [-6961.2, -1365.2], [-6974.9, -1355.7], [-6985.7, -1339.1], [-7002.7, -1328.9], [-7018.7, -1327.2], [-7036.4, -1331.5], [-7042.9, -1345.7], [-7044.6, -1366.2], [-7047.6, -1389.7], [-7041.4, -1407.5], [-7045.9, -1420.8], [-7052.5, -1428.9], [-7041.5, -1448.8], [-7046.3, -1467.5], [-7063.7, -1488.3], [-7059.5, -1496.8], [-7053.0, -1509.9], [-7037.6, -1526.3], [-7023.8, -1538.7], [-6998.2, -1547.0], [-6978.8, -1565.5], [-6972.6, -1583.5], [-6960.1, -1603.7], [-6940.5, -1620.5]]}}, {"type": "Feature", "properties": {"op": "add"}, "geometry": {"type": "LineString", "coordinates": [[-8653.2, 899.2], [-8697.6, 867.5], [-8709.2, 858.2], [-8724.5, 837.0], [-8728.2, 820.0], [-8717.4, 798.1], [-8718.9, 787.4], [-8730.6, 769.5], [-8728.0, 756.1], [-8719.9, 744.0], [-8718.3, 738.0], [-8719.5, 732.0], [-8729.5, 722.5], [-8739.5, 714.4], [-8741.1, 710.6], [-8740.6, 705.7], [-8731.4, 691.9], [-8727.7, 683.0], [-8714.0, 657.0], [-8708.5, 640.6], [-8705.1, 619.5], [-8708.2, 602.7], [-8711.9, 594.8], [-8720.3, 591.1], [-8742.5, 568.4], [-8744.3, 563.9], [-8745.2, 558.1], [-8732.7, 543.3], [-8716.5, 523.4], [-8711.9, 521.7], [-8698.9, 530.2], [-8679.8, 546.9], [-8674.2, 549.9], [-8659.7, 552.9], [-8651.8, 550.1], [-8616.5, 517.1], [-8611.9, 515.3], [-8608.9, 516.0], [-8599.2, 525.7], [-8585.3, 537.7], [-8581.8, 543.5], [-8582.3, 553.2], [-8585.4, 575.2], [-8580.8, 592.4], [-8567.6, 610.5], [-8555.3, 616.4], [-8518.1, 644.5], [-8513.8, 652.1], [-8513.8, 658.2], [-8521.4, 669.2], [-8531.8, 683.0], [-8539.3, 687.4], [-8561.7, 676.0], [-8591.1, 708.8], [-8599.2, 712.7], [-8610.6, 710.0], [-8616.9, 710.8], [-8657.8, 761.7], [-8656.4, 768.6], [-8636.0, 786.2], [-8637.2, 802.4], [-8643.2, 825.8], [-8678.1, 872.1], [-8679.6, 878.8], [-8650.0, 901.3]]}}, {"type": "Feature", "properties": {"op": "add"}, "geometry": {"type": "LineString", "coordinates": [[-8313.4, -998.0], [-8310.2, -1002.4], [-8306.1, -1006.1], [-8301.3, -1010.5], [-8298.0, -1013.5], [-8293.7, -1016.7], [-8288.9, -1019.3], [-8283.7, -1020.9], [-8276.4, -1023.2], [-8269.4, -1028.5], [-8264.2, -1032.4], [-8259.0, -1036.3], [-8252.0, -1041.5], [-8247.4, -1046.2], [-8236.6, -1057.0], [-8231.2, -1062.5], [-8224.3, -1069.5], [-8218.9, -1074.9], [-8212.0, -1081.9], [-8199.0, -1095.1], [-8193.1, -1100.0], [-8188.0, -1104.2], [-8182.5, -1103.7], [-8174.9, -1103.0], [-8167.4, -1104.2], [-8158.7, -1105.5], [-8151.2, -1106.7], [-8144.1, -1109.6], [-8138.0, -1115.9], [-8130.4, -1130.3], [-8126.9, -1134.6], [-8121.4, -1141.4], [-8116.0, -1148.2], [-8111.8, -1153.3], [-8108.4, -1157.6], [-8098.1, -1170.3], [-8092.0, -1178.0], [-8086.8, -1181.9], [-8079.4, -1183.8], [-8069.0, -1174.3], [-8064.7, -1165.5], [-8060.4, -1156.7], [-8056.6, -1148.8], [-8052.8, -1140.9], [-8045.4, -1121.5], [-8043.5, -1114.2], [-8040.7, -1103.6], [-8036.3, -1086.7], [-8033.8, -1077.1], [-8032.9, -1064.9], [-8031.2, -1058.6], [-8028.2, -1049.2], [-8024.8, -1043.5], [-8013.9, -1025.8], [-8010.5, -1016.5], [-8006.8, -1006.3], [-8003.4, -997.0], [-8001.9, -982.8], [-8000.8, -973.0], [-7999.9, -964.3], [-7999.0, -955.6], [-7997.7, -943.7], [-7996.8, -935.0], [-7993.0, -927.1], [-7988.7, -918.2], [-7984.9, -910.4], [-7980.2, -900.6], [-7974.4, -884.2], [-7975.4, -876.6], [-7978.4, -854.9], [-7984.3, -850.0], [-7988.8, -843.8], [-7995.3, -834.9], [-8001.0, -827.0], [-8013.1, -815.8], [-8021.2, -808.4], [-8037.6, -795.8], [-8054.9, -786.4], [-8064.5, -781.2], [-8071.0, -780.1], [-8090.5, -777.1], [-8101.3, -775.4], [-8121.8, -774.7], [-8131.6, -776.0], [-8142.4, -777.6], [-8153.2, -779.1], [-8164.1, -789.8], [-8173.5, -799.0], [-8185.1, -815.6], [-8188.9, -824.7], [-8191.2, -839.4], [-8190.4, -849.2], [-8190.0, -865.5], [-8191.0, -874.2], [-8192.2, -885.2], [-8198.0, -903.5], [-8202.7, -912.1], [-8208.1, -917.4], [-8215.2, -924.3], [-8221.9, -931.6], [-8232.4, -945.4], [-8240.7, -959.6], [-8244.3, -966.4], [-8246.6, -973.7], [-8250.9, -983.7], [-8251.9, -990.2], [-8249.8, -998.7], [-8247.4, -1012.7], [-8248.7, -1019.1], [-8251.6, -1029.6], [-8255.5, -1034.9], [-8261.3, -1031.8], [-8266.1, -1029.3], [-8272.9, -1025.7], [-8278.6, -1022.6], [-8283.5, -1020.1], [-8288.7, -1018.5], [-8300.2, -1015.1], [-8302.9, -1011.6], [-8310.1, -1002.0], [-8314.7, -995.9]]}}, {"type": "Feature", "properties": {"op": "add"}, "geometry": {"type": "LineString", "coordinates": [[-9655.4, 1371.4], [-9646.4, 1393.6], [-9634.9, 1427.8], [-9633.3, 1466.0], [-9635.9, 1490.7], [-9650.4, 1526.1], [-9656.6, 1537.1], [-9678.2, 1535.3], [-9679.2, 1547.4], [-9683.6, 1572.5], [-9689.3, 1610.9], [-9702.8, 1630.8], [-9736.7, 1646.1], [-9762.0, 1651.1], [-9787.2, 1675.3], [-9798.0, 1698.6], [-9825.5, 1723.7], [-9845.6, 1755.5], [-9850.4, 1767.2], [-9864.4, 1785.6], [-9912.6, 1802.5], [-9935.4, 1831.5], [-9945.6, 1867.9], [-9968.5, 1893.8], [-10003.5, 1909.6], [-10036.0, 1929.5], [-10058.4, 1941.3], [-10082.2, 1946.8], [-10116.0, 1957.3], [-10134.9, 1974.5], [-10168.1, 1990.1], [-10193.3, 1994.4], [-10206.1, 1996.9], [-10237.6, 2016.8], [-10271.8, 2034.6], [-10308.0, 2047.4], [-10333.0, 2052.5], [-10370.9, 2058.7], [-10420.8, 2069.5], [-10445.5, 2074.4], [-10471.0, 2074.9], [-10496.5, 2074.4], [-10534.4, 2080.0], [-10562.0, 2065.2], [-10569.8, 2055.6], [-10592.5, 2046.5], [-10618.1, 2045.1], [-10630.5, 2043.4], [-10652.8, 2043.6], [-10653.5, 2040.6], [-10649.8, 2052.8], [-10654.0, 2061.5], [-10691.5, 2070.1], [-10716.8, 2072.0], [-10739.2, 2060.5], [-10773.7, 2063.2], [-10806.1, 2083.1], [-10829.0, 2091.6], [-10854.0, 2091.4], [-10865.6, 2091.8], [-10899.0, 2100.1], [-10930.1, 2086.7], [-10950.6, 2071.6], [-10985.0, 2059.3], [-10997.6, 2058.5], [-11020.5, 2057.0], [-11044.0, 2027.3], [-11062.1, 2010.0], [-11097.9, 2000.5], [-11137.0, 1999.4], [-11175.4, 1997.2], [-11213.6, 1994.0], [-11238.4, 1988.0], [-11261.3, 1976.0], [-11280.8, 1960.0], [-11307.7, 1932.3], [-11316.5, 1910.9], [-11317.9, 1886.1], [-11326.5, 1862.1], [-11329.6, 1850.1], [-11341.6, 1828.1], [-11346.2, 1817.0], [-11348.4, 1804.7], [-11355.3, 1794.1], [-11364.5, 1784.9], [-11387.5, 1776.3], [-11398.4, 1784.7], [-11391.9, 1792.7], [-11389.0, 1818.1], [-11388.1, 1829.6], [-11367.4, 1862.1], [-11360.9, 1872.5], [-11346.5, 1893.0], [-11323.3, 1922.4], [-11303.7, 1939.2], [-11279.5, 1966.8], [-11258.9, 1998.8], [-11241.2, 2015.9], [-11219.1, 2018.5], [-11209.9, 2012.6], [-11185.5, 2019.2], [-11163.4, 2032.0], [-11141.9, 2046.0], [-11118.3, 2054.8], [-11093.0, 2053.9], [-11067.9, 2048.6], [-11033.1, 2056.0], [-10997.8, 2071.1], [-10967.0, 2093.1], [-10943.8, 2099.3], [-10931.0, 2099.2], [-10886.1, 2098.9], [-10862.0, 2097.6], [-10824.2, 2089.8], [-10800.6, 2081.0], [-10777.9, 2068.9], [-10743.9, 2051.5], [-10720.7, 2040.2], [-10698.9, 2039.8], [-10666.0, 2059.2], [-10629.7, 2071.8], [-10604.1, 2075.5], [-10553.7, 2084.4], [-10528.2, 2086.5], [-10490.7, 2080.9], [-10452.3, 2082.9], [-10442.0, 2078.5], [-10433.1, 2069.3], [-10409.4, 2062.3], [-10396.7, 2062.1], [-10359.9, 2051.4], [-10347.6, 2051.0], [-10323.9, 2060.8], [-10299.0, 2066.8], [-10274.1, 2067.8], [-10248.9, 2061.6], [-10236.5, 2059.1], [-10214.6, 2062.6], [-10203.0, 2057.2], [-10191.1, 2026.2], [-10176.8, 2009.5], [-10165.5, 2003.0], [-10130.8, 1987.7], [-10098.7, 1966.7], [-10074.7, 1962.3], [-10062.5, 1961.9], [-10050.0, 1959.9], [-10031.4, 1944.3], [-10017.6, 1923.3], [-9988.0, 1899.4], [-9965.6, 1888.2], [-9945.3, 1874.3], [-9929.4, 1854.1], [-9923.3, 1831.0], [-9905.4, 1800.8], [-9885.7, 1784.8], [-9874.6, 1779.6], [-9849.7, 1775.3], [-9828.2, 1762.3], [-9819.9, 1752.6], [-9791.9, 1728.8], [-9773.3, 1711.7], [-9755.2, 1693.5], [-9744.0, 1672.1], [-9721.7, 1644.0], [-9700.8, 1628.7], [-9683.8, 1596.9], [-9674.7, 1573.1], [-9658.5, 1538.6], [-9654.3, 1526.4], [-9649.7, 1501.2], [-9638.0, 1479.2], [-9634.3, 1442.2], [-9636.1, 1430.0], [-9656.8, 1399.6], [-9665.9, 1365.5], [-9657.4, 1342.8], [-9657.5, 1307.2], [-9662.8, 1296.0], [-9673.0, 1274.2], [-9660.3, 1239.3], [-9639.6, 1206.5], [-9635.4, 1182.3], [-9639.7, 1157.3], [-9652.1, 1135.4], [-9673.0, 1123.6], [-9684.4, 1119.1], [-9693.5, 1109.9], [-9683.6, 1087.7], [-9675.1, 1078.2], [-9667.2, 1068.3], [-9664.3, 1056.1], [-9652.2, 1052.5], [-9644.0, 1058.5], [-9651.0, 1083.4], [-9655.3, 1108.5], [-9655.5, 1121.3], [-9653.6, 1133.9], [-9647.3, 1158.6], [-9646.4, 1184.2], [-9651.3, 1222.2], [-9658.3, 1246.9], [-9661.4, 1272.1], [-9652.2, 1309.3], [-9651.9, 1333.5], [-9655.4, 1371.3], [-9656.0, 1345.8]]}}, {"type": "Feature", "properties": {"op": "add"}, "geometry": {"type": "LineString", "coordinates": [[-10439.1, 2062.0], [-10453.6, 2070.5], [-10477.8, 2074.8], [-10492.2, 2076.8], [-10507.0, 2072.5], [-10515.8, 2074.3], [-10529.7, 2077.1], [-10541.6, 2077.6], [-10551.1, 2075.5], [-10561.6, 2071.7], [-10571.6, 2068.7], [-10583.0, 2064.0], [-10604.8, 2057.8], [-10614.9, 2057.3], [-10625.6, 2059.0], [-10637.3, 2060.9], [-10671.7, 2061.8], [-10679.8, 2062.2], [-10692.1, 2064.6], [-10702.0, 2067.8], [-10711.4, 2070.1], [-10724.8, 2071.4], [-10744.4, 2073.9], [-10751.8, 2074.4], [-10764.5, 2075.6], [-10767.6, 2085.2], [-10771.7, 2099.5], [-10758.7, 2094.8], [-10748.5, 2093.1], [-10732.8, 2092.8], [-10703.7, 2094.2], [-10689.0, 2082.8], [-10672.9, 2070.7], [-10665.7, 2068.7], [-10654.9, 2070.0], [-10642.0, 2073.4], [-10625.9, 2073.7], [-10619.7, 2076.2], [-10611.4, 2079.6], [-10603.4, 2078.0], [-10593.2, 2075.4], [-10586.0, 2073.5], [-10578.3, 2072.4], [-10572.3, 2072.0], [-10563.8, 2072.4], [-10554.9, 2073.1], [-10549.8, 2074.4], [-10540.9, 2078.2], [-10531.2, 2078.5], [-10515.2, 2078.6], [-10507.5, 2077.3], [-10494.6, 2069.8], [-10483.9, 2066.6], [-10469.4, 2063.2], [-10455.5, 2060.3], [-10447.3, 2059.3], [-10435.7, 2059.0], [-10422.0, 2060.0], [-10407.9, 2061.2], [-10398.2, 2060.6], [-10380.6, 2057.6], [-10364.1, 2052.9], [-10350.7, 2046.0], [-10336.4, 2046.7], [-10315.1, 2036.7], [-10306.1, 2033.2], [-10296.9, 2029.0], [-10281.7, 2028.9], [-10259.8, 2027.2], [-10261.1, 2040.2], [-10266.9, 2054.0], [-10277.9, 2059.4], [-10312.8, 2065.8], [-10332.9, 2065.0], [-10353.5, 2058.5], [-10365.3, 2059.9], [-10379.8, 2061.5], [-10390.2, 2062.3], [-10409.2, 2064.1], [-10416.2, 2064.2], [-10436.4, 2067.9]]}}, {"type": "Feature", "properties": {"op": "add"}, "geometry": {"type": "LineString", "coordinates": [[2532.8, -4764.9], [2501.3, -4726.0], [2491.2, -4693.2], [2493.1, -4655.5], [2562.2, -4646.4]]}}, {"type": "Feature", "properties": {"op": "add"}, "geometry": {"type": "LineString", "coordinates": [[2699.8, -4567.4], [2757.3, -4527.6], [2850.9, -4417.6], [2888.3, -4328.5]]}}, {"type": "Feature", "properties": {"op": "add"}, "geometry": {"type": "LineString", "coordinates": [[3035.7, -4260.2], [3088.5, -4250.2], [3147.3, -4318.8], [3163.5, -4332.6]]}}, {"type": "Feature", "properties": {"op": "add"}, "geometry": {"type": "LineString", "coordinates": [[2532.8, -4764.9], [2501.3, -4726.0], [2491.2, -4693.2], [2493.1, -4655.5], [2562.2, -4646.4]]}}, {"type": "Feature", "properties": {"op": "add"}, "geometry": {"type": "LineString", "coordinates": [[2699.8, -4567.4], [2757.3, -4527.6], [2850.9, -4417.6], [2888.3, -4328.5]]}}, {"type": "Feature", "properties": {"op": "add"}, "geometry": {"type": "LineString", "coordinates": [[3035.7, -4260.2], [3088.5, -4250.2], [3147.3, -4318.8], [3163.5, -4332.6]]}}, {"type": "Feature", "properties": {"op": "add"}, "geometry": {"type": "LineString", "coordinates": [[2432.2, -5062.7], [2435.2, -5025.6], [2424.1, -4992.4], [2410.1, -4973.5], [2404.1, -4954.0], [2391.3, -4907.7], [2384.2, -4885.8], [2373.3, -4840.1], [2375.6, -4803.1], [2381.4, -4767.0], [2379.3, -4726.2], [2383.8, -4698.7], [2392.9, -4659.6], [2394.1, -4619.1], [2411.8, -4565.2], [2441.8, -4511.3], [2454.1, -4463.9], [2468.1, -4397.6], [2486.8, -4366.4], [2501.2, -4328.5], [2521.7, -4305.6], [2534.1, -4293.3], [2516.9, -4305.9], [2498.2, -4329.5], [2483.1, -4348.9], [2440.1, -4404.1], [2443.1, -4462.8], [2439.7, -4484.2], [2435.4, -4504.7], [2430.5, -4522.1], [2415.9, -4565.1], [2373.5, -4654.0], [2372.2, -4670.7], [2376.4, -4728.1], [2381.2, -4801.4], [2382.6, -4833.2], [2389.9, -4883.0], [2394.3, -4904.3], [2409.1, -4968.5], [2437.0, -5029.5]]}}, {"type": "Feature", "properties": {"op": "add"}, "geometry": {"type": "LineString", "coordinates": [[2257.1, 494.4], [2260.3, 531.9], [2261.9, 544.3], [2253.6, 561.8], [2247.4, 580.8], [2237.5, 602.8], [2220.1, 629.3], [2196.2, 662.0], [2169.4, 691.2], [2138.4, 716.9], [2108.6, 743.6], [2098.3, 756.0], [2091.4, 787.1], [2090.9, 815.7], [2100.1, 863.1], [2109.9, 898.1], [2121.0, 929.1], [2132.1, 963.7], [2141.2, 999.6], [2162.7, 1018.0], [2199.3, 1055.5], [2168.7, 1023.5], [2141.2, 999.6], [2134.3, 972.1], [2123.5, 936.5], [2111.3, 902.3], [2101.2, 867.3], [2091.7, 824.2], [2091.1, 791.6], [2094.8, 763.6], [2102.7, 749.8], [2132.2, 722.1], [2166.3, 694.1], [2191.7, 668.7], [2215.5, 636.0], [2233.7, 610.6], [2244.1, 589.4], [2249.9, 570.2], [2261.1, 548.8], [2260.8, 535.8], [2256.2, 503.9], [2265.2, 465.1], [2272.0, 437.6], [2279.6, 406.2], [2284.6, 370.1], [2285.1, 353.9], [2280.5, 338.7], [2263.9, 301.8], [2247.7, 274.2], [2225.6, 257.5], [2186.4, 236.6], [2168.1, 221.5], [2162.8, 203.2], [2159.9, 183.2], [2138.3, 167.3], [2104.1, 155.0], [2071.9, 152.5], [2057.1, 157.9], [2029.7, 165.0], [2049.6, 160.7], [2064.7, 154.2], [2096.8, 153.7], [2127.7, 162.7], [2156.3, 177.6], [2161.8, 195.9], [2164.3, 215.9], [2177.4, 230.2], [2215.9, 252.0], [2240.2, 266.6], [2260.8, 296.1], [2276.4, 329.0], [2284.1, 347.7], [2285.0, 363.8], [2281.5, 395.8], [2273.5, 431.3], [2266.9, 458.8]]}}, {"type": "Feature", "properties": {"op": "add"}, "geometry": {"type": "LineString", "coordinates": [[2190.1, 1087.4], [2194.5, 1078.8], [2198.6, 1067.5], [2199.0, 1063.5], [2189.3, 1046.6], [2183.8, 1040.8], [2178.5, 1033.5], [2169.7, 1026.1], [2161.2, 1017.5], [2149.8, 1005.9], [2141.1, 997.5], [2135.1, 987.8], [2132.7, 976.0], [2128.9, 960.3], [2127.1, 952.4], [2107.8, 884.4], [2104.2, 878.5], [2101.3, 866.9], [2098.1, 855.1], [2095.2, 843.4], [2093.0, 831.5], [2091.6, 820.9], [2090.9, 809.1], [2090.8, 801.0], [2091.2, 788.9], [2092.1, 776.2], [2093.4, 768.4], [2095.5, 760.5], [2101.6, 750.2], [2106.9, 744.1], [2115.6, 736.3], [2121.9, 731.1], [2131.1, 723.3], [2137.2, 717.8], [2146.1, 709.8], [2155.7, 701.8], [2167.6, 692.9], [2174.2, 688.3], [2182.4, 679.3], [2189.8, 669.7], [2194.7, 663.4], [2197.2, 660.2], [2201.4, 653.4], [2206.4, 647.1], [2213.7, 637.3], [2218.4, 630.8], [2225.6, 621.0], [2230.4, 614.5], [2239.0, 601.6], [2243.1, 594.7], [2247.4, 583.5], [2249.7, 571.6], [2252.4, 564.2], [2259.4, 549.6], [2261.9, 542.0], [2262.8, 538.2], [2257.0, 518.4], [2255.7, 510.8], [2256.0, 496.9], [2255.4, 504.9], [2255.9, 513.0], [2257.9, 521.2], [2262.4, 536.5], [2261.4, 544.3], [2256.6, 555.4], [2251.3, 566.3], [2249.3, 574.0], [2246.7, 585.9], [2241.8, 596.8], [2236.4, 602.3], [2230.4, 614.5], [2223.2, 624.2], [2218.4, 630.8], [2211.3, 640.6], [2206.3, 647.1], [2201.4, 653.4], [2199.0, 656.9], [2193.8, 664.5], [2186.4, 674.2], [2178.9, 683.6], [2173.0, 689.1], [2163.2, 696.1], [2153.3, 703.7], [2143.4, 712.1], [2137.4, 717.6], [2128.4, 725.6], [2122.2, 730.9], [2112.8, 738.6], [2104.4, 746.8], [2099.2, 753.0], [2095.7, 760.1], [2093.5, 767.9], [2091.7, 779.8], [2091.1, 792.0], [2090.9, 800.0], [2091.0, 812.2], [2091.9, 823.7], [2093.8, 835.8], [2096.5, 848.8], [2098.5, 856.6], [2101.7, 868.4], [2105.6, 884.1], [2108.9, 895.9], [2112.3, 907.4], [2117.5, 922.7], [2118.9, 926.5], [2127.3, 953.3], [2131.3, 968.9], [2133.3, 980.8], [2137.0, 992.3], [2141.7, 998.0], [2153.2, 1009.4], [2162.2, 1018.4], [2173.1, 1029.8], [2183.9, 1040.9], [2197.1, 1056.1], [2198.7, 1059.6], [2197.3, 1071.4], [2191.1, 1086.3], [2185.8, 1097.1], [2181.3, 1108.3], [2179.2, 1116.2], [2177.9, 1128.1], [2177.5, 1140.3], [2177.5, 1152.4], [2179.3, 1164.3], [2183.5, 1175.7], [2195.8, 1189.6], [2189.8, 1184.3], [2182.9, 1174.6], [2179.0, 1163.2], [2177.3, 1147.3], [2177.7, 1135.2], [2178.1, 1123.1], [2179.4, 1115.2], [2181.7, 1107.3], [2186.9, 1095.0]]}}, {"type": "Feature", "properties": {"op": "add"}, "geometry": {"type": "LineString", "coordinates": [[1596.7, 423.5], [1603.8, 423.4], [1615.0, 423.4], [1630.8, 417.6], [1642.6, 413.8], [1664.0, 406.9], [1679.6, 402.1], [1693.8, 396.8], [1703.9, 384.4], [1716.8, 374.4], [1725.1, 361.5], [1735.0, 346.7], [1720.8, 335.5], [1706.4, 324.2], [1715.1, 313.2], [1722.2, 293.9], [1727.0, 277.6], [1731.6, 258.9], [1730.5, 236.5], [1730.5, 221.1], [1727.8, 206.6], [1721.5, 192.2], [1710.2, 174.5], [1703.0, 162.6], [1703.7, 152.0], [1693.1, 140.8], [1705.4, 128.4], [1718.5, 115.2], [1730.9, 126.0], [1730.8, 115.2], [1716.9, 103.7], [1701.3, 95.5], [1693.8, 80.3], [1675.8, 75.1], [1641.9, 66.7], [1621.2, 62.8], [1606.1, 64.2], [1585.1, 65.9], [1566.8, 63.3], [1549.3, 66.7], [1528.1, 75.3], [1515.8, 76.3], [1498.5, 72.9], [1481.1, 65.2], [1464.1, 62.5], [1450.5, 63.8], [1443.4, 77.7], [1437.2, 95.3], [1431.2, 109.5], [1425.5, 126.7], [1428.2, 147.4], [1430.9, 165.5], [1422.5, 193.8], [1418.0, 221.3], [1417.9, 250.6], [1422.4, 287.3], [1431.0, 310.5], [1431.1, 329.1], [1431.8, 340.7], [1446.9, 345.4], [1457.7, 352.1], [1468.2, 368.5], [1456.5, 382.7], [1438.6, 402.2], [1425.2, 415.9], [1412.5, 427.7], [1398.0, 434.4], [1377.4, 438.5], [1362.5, 436.7], [1343.9, 430.8], [1329.6, 420.6], [1317.7, 406.9], [1310.8, 390.7], [1305.8, 371.9], [1300.8, 354.0], [1287.1, 349.8], [1271.0, 348.1], [1260.8, 335.2], [1271.8, 330.0], [1285.7, 330.0], [1296.8, 326.5], [1293.7, 320.6]]}}, {"type": "Feature", "properties": {"op": "add"}, "geometry": {"type": "LineString", "coordinates": [[-8572.0, 891.3], [-8564.4, 897.4], [-8543.7, 868.9], [-8537.5, 877.2], [-8549.3, 876.8], [-8528.8, 850.2], [-8566.0, 819.7], [-8561.3, 812.5], [-8574.4, 801.2], [-8581.5, 807.4], [-8622.0, 775.8], [-8591.1, 756.6], [-8580.3, 738.5], [-8596.1, 719.8], [-8578.3, 693.9], [-8562.5, 674.1], [-8537.2, 689.6], [-8522.1, 670.0], [-8510.1, 652.2], [-8534.0, 634.8], [-8551.8, 617.8], [-8566.0, 614.1], [-8575.4, 602.5], [-8584.7, 581.0], [-8578.3, 547.4], [-8559.4, 524.2], [-8544.9, 502.6], [-8535.2, 487.3], [-8539.4, 477.9], [-8548.5, 468.8], [-8533.6, 449.0], [-8518.5, 430.1], [-8497.8, 404.2], [-8477.2, 378.4], [-8457.7, 353.9], [-8441.5, 333.4]]}}, {"type": "Feature", "properties": {"op": "add"}, "geometry": {"type": "LineString", "coordinates": [[-8572.0, 891.3], [-8564.4, 897.4], [-8543.7, 868.9], [-8537.5, 877.2], [-8549.3, 876.8], [-8528.8, 850.2], [-8566.0, 819.7], [-8561.3, 812.5], [-8574.4, 801.2], [-8581.5, 807.4], [-8622.0, 775.8], [-8628.3, 784.3], [-8634.5, 785.6], [-8652.8, 772.5], [-8661.3, 761.4], [-8657.6, 750.0], [-8672.6, 735.8], [-8682.5, 727.8], [-8697.4, 716.1], [-8714.4, 733.4], [-8729.2, 723.8], [-8744.0, 712.0], [-8753.8, 723.5], [-8766.6, 735.1], [-8783.1, 742.5], [-8800.1, 743.3], [-8818.7, 735.1], [-8842.0, 722.6], [-8834.8, 699.9], [-8824.5, 678.3], [-8833.2, 673.0], [-8853.2, 659.7], [-8844.6, 644.8], [-8831.1, 627.6], [-8835.9, 632.1], [-8820.5, 642.9], [-8804.6, 647.8], [-8798.5, 658.1], [-8791.1, 679.6], [-8807.0, 683.4]]}}, {"type": "Feature", "properties": {"op": "add"}, "geometry": {"type": "LineString", "coordinates": [[1596.7, 423.5], [1603.8, 423.4], [1615.0, 423.4], [1630.8, 417.6], [1642.6, 413.8], [1664.0, 406.9], [1679.6, 402.1], [1693.8, 396.8], [1703.9, 384.4], [1716.8, 374.4], [1725.1, 361.5], [1735.0, 346.7], [1720.8, 335.5], [1706.4, 324.2], [1715.1, 313.2], [1722.2, 293.9], [1727.0, 277.6], [1731.6, 258.9], [1730.5, 236.5], [1730.5, 221.1], [1727.8, 206.6], [1721.5, 192.2], [1710.2, 174.5], [1703.0, 162.6], [1703.7, 152.0], [1693.1, 140.8], [1705.4, 128.4], [1718.5, 115.2], [1730.9, 126.0], [1730.8, 115.2], [1716.9, 103.7], [1701.3, 95.5], [1693.8, 80.3], [1675.8, 75.1], [1641.9, 66.7], [1621.2, 62.8], [1606.1, 64.2], [1585.1, 65.9], [1566.8, 63.3], [1549.3, 66.7], [1528.1, 75.3], [1515.8, 76.3], [1498.5, 72.9], [1481.1, 65.2], [1464.1, 62.5], [1450.5, 63.8], [1443.4, 77.7], [1437.2, 95.3], [1431.2, 109.5], [1425.5, 126.7], [1428.2, 147.4], [1430.9, 165.5], [1422.5, 193.8], [1418.0, 221.3], [1417.9, 250.6], [1422.4, 287.3], [1431.0, 310.5], [1431.1, 329.1], [1431.8, 340.7], [1446.9, 345.4], [1457.7, 352.1], [1468.2, 368.5], [1456.5, 382.7], [1438.6, 402.2], [1425.2, 415.9], [1412.5, 427.7], [1398.0, 434.4], [1377.4, 438.5], [1362.5, 436.7], [1343.9, 430.8], [1329.6, 420.6], [1317.7, 406.9], [1310.8, 390.7], [1305.8, 371.9], [1300.8, 354.0], [1287.1, 349.8], [1271.0, 348.1], [1260.8, 335.2], [1271.8, 330.0], [1285.7, 330.0], [1296.8, 326.5], [1293.7, 320.6]]}}, {"type": "Feature", "properties": {"op": "add"}, "geometry": {"type": "LineString", "coordinates": [[-8572.0, 891.3], [-8564.4, 897.4], [-8543.7, 868.9], [-8537.5, 877.2], [-8549.3, 876.8], [-8528.8, 850.2], [-8566.0, 819.7], [-8561.3, 812.5], [-8574.4, 801.2], [-8581.5, 807.4], [-8622.0, 775.8], [-8591.1, 756.6], [-8580.3, 738.5], [-8596.1, 719.8], [-8578.3, 693.9], [-8562.5, 674.1], [-8537.2, 689.6], [-8522.1, 670.0], [-8510.1, 652.2], [-8534.0, 634.8], [-8551.8, 617.8], [-8566.0, 614.1], [-8575.4, 602.5], [-8584.7, 581.0], [-8578.3, 547.4], [-8559.4, 524.2], [-8544.9, 502.6], [-8535.2, 487.3], [-8539.4, 477.9], [-8548.5, 468.8], [-8533.6, 449.0], [-8518.5, 430.1], [-8497.8, 404.2], [-8477.2, 378.4], [-8457.7, 353.9], [-8441.5, 333.4]]}}, {"type": "Feature", "properties": {"op": "add"}, "geometry": {"type": "LineString", "coordinates": [[-8572.0, 891.3], [-8564.4, 897.4], [-8543.7, 868.9], [-8537.5, 877.2], [-8549.3, 876.8], [-8528.8, 850.2], [-8566.0, 819.7], [-8561.3, 812.5], [-8574.4, 801.2], [-8581.5, 807.4], [-8622.0, 775.8], [-8628.3, 784.3], [-8634.5, 785.6], [-8652.8, 772.5], [-8661.3, 761.4], [-8657.6, 750.0], [-8672.6, 735.8], [-8682.5, 727.8], [-8697.4, 716.1], [-8714.4, 733.4], [-8729.2, 723.8], [-8744.0, 712.0], [-8753.8, 723.5], [-8766.6, 735.1], [-8783.1, 742.5], [-8800.1, 743.3], [-8818.7, 735.1], [-8842.0, 722.6], [-8834.8, 699.9], [-8824.5, 678.3], [-8833.2, 673.0], [-8853.2, 659.7], [-8844.6, 644.8], [-8831.1, 627.6], [-8835.9, 632.1], [-8820.5, 642.9], [-8804.6, 647.8], [-8798.5, 658.1], [-8791.1, 679.6], [-8807.0, 683.4]]}}, {"type": "Feature", "properties": {"op": "add"}, "geometry": {"type": "LineString", "coordinates": [[764.5, 1362.1], [740.8, 1360.4], [718.7, 1351.4], [704.6, 1337.3], [683.1, 1319.5], [666.6, 1308.2], [647.8, 1302.1], [637.9, 1306.5], [617.3, 1345.3], [607.0, 1362.7], [595.0, 1388.0], [580.9, 1411.8], [562.0, 1442.4], [553.5, 1450.7], [532.1, 1474.0], [547.7, 1456.4], [559.2, 1445.8], [576.5, 1419.1], [591.0, 1395.3], [603.2, 1370.2], [613.2, 1352.8], [632.7, 1312.7], [640.7, 1303.9], [659.4, 1304.5], [676.5, 1314.7], [698.8, 1331.7], [712.8, 1346.2], [733.1, 1358.7], [756.7, 1361.8], [784.4, 1362.3], [811.9, 1361.6], [835.2, 1361.3], [863.2, 1361.4], [882.7, 1357.3], [913.3, 1348.5], [938.9, 1336.6], [972.2, 1313.8], [1001.3, 1292.0], [1029.3, 1274.8], [1051.1, 1256.9], [1077.3, 1231.7], [1104.6, 1207.7], [1122.3, 1198.2], [1152.8, 1178.8], [1183.1, 1158.6], [1210.1, 1140.8], [1241.1, 1115.2], [1258.2, 1098.2], [1279.3, 1079.5], [1302.9, 1051.9], [1316.6, 1027.2], [1331.2, 994.0], [1338.1, 966.7], [1345.2, 927.0], [1356.2, 888.2], [1373.3, 843.0], [1388.1, 805.5], [1405.9, 769.4], [1419.8, 735.9], [1436.6, 703.9], [1459.6, 670.8], [1491.5, 635.1], [1524.1, 604.9], [1566.5, 580.4], [1596.0, 568.0], [1630.8, 558.3], [1661.8, 550.0], [1693.8, 544.4], [1729.2, 535.8], [1760.6, 528.0], [1796.0, 519.4], [1830.5, 507.6], [1841.6, 502.7], [1863.8, 485.5], [1873.5, 472.7], [1882.8, 452.5], [1888.9, 437.5], [1899.2, 402.7], [1909.4, 372.1], [1928.1, 336.2], [1944.5, 304.0], [1964.9, 269.1], [1982.8, 237.4], [1997.4, 218.2], [2006.0, 204.6], [2030.3, 172.4], [2062.2, 156.0], [2094.1, 154.1], [2128.5, 164.1], [2157.1, 178.5], [2161.9, 197.2], [2164.0, 213.0], [2178.5, 230.3], [2195.3, 240.9], [2215.8, 248.5], [2227.7, 248.1], [2235.2, 251.3], [2231.9, 249.2], [2224.3, 248.6], [2204.7, 245.2], [2183.4, 234.0], [2168.0, 221.5], [2162.7, 203.0], [2160.3, 183.0], [2137.8, 168.2], [2103.9, 155.5], [2072.0, 154.1], [2037.3, 167.0], [2010.9, 197.0], [2002.5, 210.8], [1987.9, 230.0], [1969.2, 261.7], [1948.7, 296.4], [1932.1, 328.6], [1912.8, 364.0], [1900.6, 398.2], [1891.7, 429.1], [1878.6, 463.0], [1868.4, 480.3], [1850.9, 496.7], [1837.1, 504.8], [1803.0, 517.3], [1771.7, 525.3], [1736.2, 534.0], [1705.0, 542.1], [1669.2, 548.3], [1634.4, 557.4], [1603.3, 565.6], [1573.5, 577.1], [1531.1, 599.9], [1496.4, 630.2], [1464.6, 664.4], [1440.6, 697.6], [1423.0, 729.2], [1409.3, 761.8], [1391.3, 797.9], [1376.3, 835.3], [1358.7, 880.4], [1347.2, 919.1], [1339.8, 958.8], [1333.6, 986.0], [1320.2, 1019.7], [1307.4, 1044.9], [1285.0, 1073.4], [1264.3, 1092.6], [1247.2, 1109.6], [1216.8, 1135.9], [1190.2, 1154.0], [1156.6, 1176.3], [1129.7, 1194.1], [1111.5, 1203.5], [1083.3, 1226.1], [1057.3, 1251.3], [1035.8, 1270.3], [1008.4, 1287.2], [979.3, 1308.7], [946.3, 1332.0], [921.4, 1345.2], [891.0, 1355.1], [871.8, 1360.1], [841.0, 1360.9], [821.3, 1360.7], [793.9, 1362.2]]}}, {"type": "Feature", "properties": {"op": "add"}, "geometry": {"type": "LineString", "coordinates": [[-8835.9, 543.1], [-8818.4, 560.5], [-8812.8, 570.4], [-8808.1, 577.0], [-8789.0, 592.1], [-8772.8, 605.4], [-8769.7, 606.1], [-8743.5, 579.4], [-8736.4, 575.8], [-8731.6, 578.7], [-8721.1, 589.8], [-8716.7, 592.8], [-8710.6, 595.3], [-8707.8, 600.4], [-8706.0, 621.8], [-8707.1, 636.0], [-8714.4, 657.8], [-8726.2, 679.6], [-8731.6, 691.2], [-8741.3, 706.4], [-8741.4, 712.9], [-8732.0, 720.9], [-8717.2, 732.2], [-8699.2, 718.9], [-8695.9, 718.1], [-8662.4, 743.6], [-8658.0, 743.8], [-8640.8, 740.8], [-8635.5, 741.6], [-8614.2, 758.0], [-8614.6, 761.9], [-8632.2, 783.5], [-8635.4, 784.2], [-8656.6, 767.5], [-8656.9, 763.6], [-8663.0, 745.1], [-8682.6, 729.9], [-8697.9, 717.0], [-8700.9, 717.5], [-8714.8, 731.9], [-8719.4, 732.7], [-8732.7, 722.8], [-8743.1, 714.8], [-8747.0, 714.8], [-8756.4, 726.4], [-8764.0, 734.0], [-8776.4, 740.6], [-8791.9, 744.8], [-8802.4, 743.5], [-8813.8, 738.4], [-8828.8, 729.5], [-8841.4, 722.7], [-8842.7, 718.6], [-8826.6, 683.4], [-8827.1, 677.3], [-8840.8, 668.8], [-8852.2, 660.8], [-8865.7, 651.9], [-8876.9, 645.1], [-8889.0, 638.2], [-8899.4, 632.7], [-8909.8, 628.1], [-8923.3, 629.2], [-8925.8, 628.6], [-8930.1, 625.7], [-8931.0, 623.2], [-8923.8, 611.0], [-8919.3, 611.1], [-8915.4, 613.3], [-8908.4, 625.9], [-8906.3, 627.2], [-8890.1, 637.1], [-8876.4, 643.3], [-8860.9, 642.2], [-8852.2, 643.3], [-8847.9, 642.0], [-8839.5, 624.5], [-8839.6, 619.7], [-8841.6, 615.5], [-8870.5, 595.2], [-8884.7, 584.3], [-8887.6, 577.6], [-8886.8, 573.9], [-8883.8, 571.6], [-8876.7, 573.4], [-8862.2, 585.4], [-8838.6, 611.6], [-8831.0, 619.3], [-8826.6, 619.0], [-8810.2, 604.8], [-8808.1, 599.4], [-8810.7, 586.7], [-8826.2, 563.8], [-8836.7, 545.2], [-8848.3, 526.6], [-8852.0, 527.3], [-8853.2, 534.4], [-8855.6, 537.7], [-8864.9, 534.5], [-8866.5, 530.0], [-8856.7, 514.6], [-8843.0, 494.7], [-8834.6, 484.4], [-8833.6, 480.4], [-8838.8, 481.6], [-8845.0, 493.5], [-8855.8, 509.7], [-8868.3, 530.4], [-8866.9, 534.7], [-8856.1, 538.7], [-8853.5, 528.6], [-8849.4, 524.8]]}}, {"type": "Feature", "properties": {"op": "add"}, "geometry": {"type": "LineString", "coordinates": [[-8601.6, 523.7], [-8581.5, 539.7], [-8575.9, 539.1], [-8563.9, 528.3], [-8545.2, 504.4], [-8541.7, 504.5], [-8514.3, 525.6], [-8485.2, 553.8], [-8463.4, 571.3], [-8446.6, 580.3], [-8443.1, 580.2], [-8436.0, 574.8], [-8426.3, 569.8], [-8413.4, 569.2], [-8407.0, 571.7], [-8390.1, 582.9], [-8387.1, 587.1], [-8384.8, 596.2], [-8387.1, 609.0], [-8386.7, 616.2], [-8383.3, 631.4], [-8383.3, 637.3], [-8389.6, 654.8], [-8397.4, 666.3], [-8404.4, 672.3], [-8411.9, 672.3], [-8424.9, 665.1], [-8440.0, 656.0], [-8443.9, 656.6], [-8457.5, 674.1], [-8470.1, 689.0], [-8473.7, 688.9], [-8487.6, 676.4], [-8506.0, 655.3], [-8510.8, 655.6], [-8520.4, 670.8], [-8534.2, 683.9], [-8540.0, 686.2], [-8548.6, 683.8], [-8571.2, 667.0], [-8594.9, 658.6], [-8612.8, 654.1], [-8632.8, 655.3], [-8649.7, 659.2], [-8660.1, 665.0], [-8671.6, 681.9], [-8696.1, 711.7], [-8712.9, 730.8], [-8717.4, 731.0], [-8728.8, 721.7], [-8741.1, 710.9], [-8741.7, 705.5], [-8738.8, 701.3], [-8740.2, 697.0], [-8770.7, 673.4], [-8776.2, 671.8], [-8786.7, 678.3], [-8789.2, 678.1], [-8792.8, 674.6], [-8795.8, 665.8], [-8800.5, 651.9], [-8803.7, 650.1], [-8816.5, 643.1], [-8829.7, 636.3], [-8835.5, 636.2], [-8846.9, 647.9], [-8856.1, 654.6], [-8861.0, 655.2], [-8866.4, 651.4], [-8884.4, 641.2], [-8890.7, 637.2], [-8906.8, 629.0], [-8909.4, 625.2], [-8911.3, 620.6], [-8913.6, 614.5], [-8921.3, 610.0], [-8930.7, 624.0], [-8929.7, 625.9], [-8923.2, 629.3], [-8912.9, 627.8], [-8906.3, 628.4], [-8892.0, 636.1], [-8880.4, 642.8], [-8866.7, 643.2], [-8857.6, 642.4], [-8851.0, 643.2], [-8841.4, 634.3], [-8818.9, 614.0], [-8797.2, 592.8], [-8793.8, 591.6], [-8772.6, 606.4], [-8768.8, 606.7], [-8740.8, 578.4], [-8739.9, 573.7], [-8742.7, 568.9], [-8745.3, 561.0], [-8743.5, 554.9], [-8731.2, 540.6], [-8715.9, 521.7], [-8718.5, 516.2], [-8719.9, 510.4], [-8706.5, 492.1], [-8696.7, 476.4], [-8697.1, 472.3], [-8712.5, 456.8], [-8721.9, 437.2], [-8724.6, 422.6], [-8725.2, 412.2], [-8723.6, 408.0], [-8719.9, 406.0], [-8713.2, 404.9], [-8691.0, 399.3], [-8684.0, 399.1], [-8673.3, 406.7], [-8659.5, 416.7], [-8643.8, 434.5], [-8637.0, 445.3], [-8633.9, 454.8], [-8634.2, 457.6], [-8642.9, 476.2], [-8641.7, 479.7], [-8614.5, 501.2], [-8610.8, 510.7], [-8608.2, 516.8]]}}, {"type": "Feature", "properties": {"op": "add"}, "geometry": {"type": "LineString", "coordinates": [[-8826.6, 681.4], [-8842.1, 714.5], [-8853.7, 737.0], [-8869.0, 758.2], [-8873.3, 758.5], [-8880.7, 756.8], [-8900.1, 779.3], [-8908.1, 787.5], [-8911.9, 788.1], [-8928.9, 775.0], [-8939.5, 771.4], [-8962.2, 771.5], [-8969.4, 773.0], [-8982.4, 788.0], [-8988.7, 796.1], [-8994.2, 818.0], [-8992.9, 827.8], [-8991.4, 831.5], [-8987.7, 838.6], [-8981.1, 845.0], [-8976.7, 854.1], [-8975.7, 875.3], [-8977.0, 879.3], [-8983.0, 886.5], [-9003.0, 900.2], [-9006.3, 904.2], [-9016.1, 923.4], [-9016.4, 928.2], [-9005.4, 954.3], [-9000.7, 957.7], [-8988.1, 960.3], [-8961.9, 955.8], [-8953.7, 955.3], [-8920.1, 946.7], [-8916.4, 943.7], [-8902.9, 923.7], [-8896.8, 914.3], [-8892.3, 913.4], [-8876.9, 921.8], [-8855.2, 931.5], [-8849.4, 931.1], [-8835.0, 940.1], [-8819.7, 951.8], [-8815.4, 952.0], [-8805.5, 944.2], [-8801.6, 943.9], [-8774.5, 965.1], [-8741.6, 994.2], [-8736.6, 1002.4], [-8734.7, 1029.1], [-8739.8, 1057.9], [-8743.8, 1061.6], [-8767.1, 1065.1], [-8774.3, 1068.7], [-8796.4, 1092.5], [-8797.8, 1100.1], [-8794.5, 1129.8], [-8783.0, 1143.3], [-8748.7, 1147.6], [-8733.7, 1142.6], [-8718.3, 1123.0], [-8719.0, 1096.3], [-8724.4, 1080.1], [-8736.4, 1072.8], [-8738.6, 1069.1], [-8729.0, 1030.7], [-8730.6, 993.8], [-8736.2, 956.7], [-8736.4, 948.8], [-8734.1, 942.9], [-8712.1, 915.4], [-8712.7, 911.0], [-8731.6, 894.3], [-8733.2, 890.1], [-8725.0, 878.0], [-8712.3, 860.6], [-8713.0, 852.8], [-8723.9, 837.6], [-8727.0, 823.6], [-8725.3, 811.9], [-8722.6, 807.2], [-8718.1, 792.9], [-8723.0, 781.0], [-8729.8, 771.0], [-8731.2, 765.1], [-8727.7, 755.9], [-8716.2, 738.8], [-8716.4, 734.8], [-8730.8, 724.1], [-8741.7, 712.0], [-8743.0, 707.6], [-8738.4, 701.6], [-8739.2, 697.4], [-8772.9, 672.1], [-8777.8, 671.8], [-8789.5, 681.7], [-8800.1, 684.9], [-8804.8, 684.4], [-8832.6, 673.5], [-8854.7, 658.6], [-8873.7, 646.6], [-8887.4, 638.5], [-8898.6, 632.6], [-8909.5, 626.1], [-8910.4, 623.8], [-8915.9, 613.2], [-8922.5, 609.7], [-8925.1, 610.2], [-8931.7, 623.4], [-8930.5, 625.8], [-8922.3, 630.2], [-8919.3, 630.2], [-8911.9, 627.9], [-8906.7, 628.9], [-8886.0, 640.0], [-8875.9, 645.9], [-8852.7, 660.4], [-8827.2, 677.1]]}}, {"type": "Feature", "properties": {"op": "add"}, "geometry": {"type": "LineString", "coordinates": [[-8769.6, -2185.7], [-8776.5, -2193.8], [-8783.3, -2194.8], [-8792.5, -2188.8], [-8807.5, -2186.1], [-8818.0, -2184.8], [-8825.8, -2188.8], [-8827.5, -2199.8], [-8821.1, -2212.6], [-8809.2, -2230.5], [-8797.0, -2240.7], [-8795.2, -2251.8], [-8780.2, -2258.6], [-8762.6, -2259.6], [-8754.4, -2253.7], [-8741.9, -2251.0], [-8733.2, -2251.0], [-8717.5, -2245.0], [-8712.2, -2246.8], [-8693.8, -2240.4], [-8681.8, -2245.3], [-8669.9, -2252.8], [-8670.6, -2264.7], [-8676.6, -2269.2], [-8673.3, -2288.7], [-8677.8, -2302.6], [-8682.5, -2321.7], [-8690.4, -2331.8], [-8715.1, -2353.9], [-8748.0, -2370.7], [-8780.9, -2421.4], [-8792.0, -2453.4], [-8804.8, -2472.4], [-8841.4, -2503.6], [-8867.6, -2529.9], [-8870.7, -2542.1], [-8922.0, -2585.3], [-8949.1, -2596.9], [-8993.5, -2604.0], [-9006.7, -2598.5], [-9039.0, -2572.7], [-9046.9, -2560.6], [-9066.7, -2546.6], [-9077.5, -2541.7], [-9125.3, -2490.1], [-9145.1, -2442.2], [-9158.2, -2425.4], [-9151.9, -2393.7], [-9165.2, -2376.0], [-9187.1, -2360.5], [-9235.4, -2305.2], [-9264.7, -2292.9], [-9277.5, -2296.2]]}}, {"type": "Feature", "properties": {"op": "add"}, "geometry": {"type": "LineString", "coordinates": [[-10508.4, 1068.0], [-10518.3, 1074.8], [-10534.8, 1081.9], [-10546.5, 1084.9], [-10555.3, 1084.5], [-10566.6, 1083.5], [-10575.8, 1082.3], [-10585.7, 1081.1], [-10600.1, 1078.2], [-10608.7, 1076.1], [-10621.3, 1073.0], [-10638.1, 1060.2], [-10655.9, 1039.0], [-10664.7, 1030.5], [-10708.7, 1033.9], [-10754.4, 1017.9], [-10802.3, 1018.0], [-10832.6, 1009.0], [-10866.6, 1006.5], [-10880.0, 1005.1], [-10892.5, 1001.3], [-10906.1, 997.1], [-10922.3, 1002.2], [-10936.3, 1023.4], [-10933.3, 1052.6], [-10940.2, 1077.7], [-10957.1, 1099.3], [-10956.5, 1119.9], [-10939.3, 1150.8], [-10915.1, 1202.1], [-10892.6, 1257.0], [-10891.9, 1306.7], [-10896.2, 1327.9], [-10906.0, 1368.0], [-10910.2, 1389.3], [-10915.4, 1417.7], [-10926.4, 1421.2], [-10952.3, 1421.7], [-10980.0, 1411.4], [-11006.1, 1420.5], [-11022.0, 1450.6], [-11025.4, 1491.6], [-11036.1, 1508.3], [-11060.7, 1526.7], [-11072.8, 1527.8]]}}, {"type": "Feature", "properties": {"op": "add"}, "geometry": {"type": "LineString", "coordinates": [[2941.8, -1391.8], [2940.6, -1393.6], [2932.2, -1410.7], [2921.8, -1405.1], [2916.5, -1402.6], [2918.5, -1398.1], [2922.8, -1389.5], [2924.9, -1385.7], [2930.9, -1388.7], [2946.7, -1396.7], [2948.7, -1392.8], [2952.0, -1386.6], [2953.8, -1383.3], [2951.2, -1381.7], [2946.7, -1379.3], [2942.8, -1377.7], [2935.5, -1392.5], [2921.2, -1384.8], [2915.3, -1395.3], [2926.2, -1401.3], [2930.3, -1403.5], [2933.9, -1405.4], [2929.2, -1415.8], [2921.2, -1431.7], [2917.5, -1438.8], [2913.1, -1453.5], [2913.8, -1474.9], [2906.8, -1487.1], [2900.6, -1496.6], [2885.2, -1501.6], [2863.9, -1500.4], [2846.5, -1487.2], [2823.8, -1491.0], [2801.0, -1510.9], [2789.5, -1525.2], [2777.0, -1542.3], [2762.0, -1561.8], [2758.7, -1569.6], [2765.5, -1588.8], [2779.6, -1613.1], [2757.7, -1638.0], [2741.3, -1659.8], [2729.8, -1677.6], [2716.8, -1694.7], [2706.7, -1709.5], [2699.5, -1720.6], [2692.0, -1738.5], [2690.5, -1757.0], [2691.9, -1780.3], [2689.3, -1803.3], [2697.8, -1820.5], [2701.9, -1836.7], [2698.1, -1853.9], [2693.7, -1870.2], [2682.3, -1885.2], [2668.2, -1900.8]]}}, {"type": "Feature", "properties": {"op": "add"}, "geometry": {"type": "LineString", "coordinates": [[261.1, -2757.9], [259.8, -2758.2], [253.8, -2758.6], [241.4, -2769.8], [218.9, -2783.4], [209.1, -2789.7], [204.5, -2792.2], [182.0, -2810.0], [164.4, -2825.2], [149.7, -2833.7], [142.4, -2838.8], [133.3, -2845.1], [111.2, -2861.1], [96.1, -2874.9], [73.4, -2881.2], [58.6, -2889.2], [33.2, -2906.3], [19.6, -2908.7], [10.3, -2911.6], [-37.6, -2942.7], [-68.6, -2953.7], [-102.1, -2957.0], [-136.0, -2955.7], [-171.6, -2951.4]]}}, {"type": "Feature", "properties": {"op": "add"}, "geometry": {"type": "LineString", "coordinates": [[495.4, -3478.3], [492.7, -3486.1], [487.2, -3485.8], [476.9, -3489.9], [467.2, -3493.4], [460.0, -3497.0], [439.6, -3500.7], [428.3, -3495.9], [424.7, -3489.4], [424.1, -3470.9], [421.8, -3449.2], [404.2, -3429.4], [335.5, -3430.7], [317.2, -3426.7], [331.2, -3464.0], [336.4, -3501.9], [337.3, -3544.8], [337.7, -3565.4], [336.0, -3597.4], [324.6, -3622.9], [308.0, -3648.6], [276.3, -3685.7], [240.0, -3717.3], [225.0, -3730.2], [198.7, -3768.3], [183.8, -3791.1], [178.1, -3801.6], [162.2, -3827.0], [141.7, -3864.5], [135.3, -3880.1], [122.5, -3910.1], [103.4, -3937.7], [81.4, -3958.6], [55.4, -3982.0], [14.0, -4013.9], [-21.7, -4048.7], [-52.4, -4081.2], [-102.7, -4116.8], [-93.0, -4135.9], [-86.4, -4153.3], [-85.7, -4163.6], [-90.5, -4183.6], [-110.2, -4205.9], [-115.3, -4212.0], [-128.6, -4233.3], [-135.4, -4258.1], [-156.8, -4259.0], [-167.1, -4274.1], [-176.3, -4287.6], [-197.0, -4315.8], [-209.3, -4331.7], [-232.3, -4356.0], [-232.2, -4370.9], [-210.3, -4389.9], [-187.9, -4407.5], [-181.4, -4418.8], [-170.5, -4440.4], [-141.4, -4465.3], [-121.0, -4487.1], [-104.1, -4501.8], [-84.2, -4529.4], [-88.7, -4544.6], [-100.6, -4575.0], [-106.9, -4600.4], [-106.8, -4620.5]]}}, {"type": "Feature", "properties": {"op": "add"}, "geometry": {"type": "LineString", "coordinates": [[-7007.2, -1749.2], [-7007.3, -1729.8], [-7006.4, -1726.5], [-7003.3, -1726.9], [-6994.8, -1733.6], [-6987.9, -1735.9], [-6978.7, -1737.0], [-6964.3, -1740.2], [-6946.7, -1746.3], [-6938.8, -1749.4], [-6927.0, -1768.8], [-6909.4, -1791.3], [-6898.2, -1804.9], [-6881.3, -1821.8], [-6867.6, -1832.7], [-6850.2, -1839.2], [-6829.4, -1847.6], [-6804.6, -1857.5], [-6776.4, -1868.9], [-6753.5, -1876.9], [-6731.0, -1884.9], [-6705.7, -1896.8], [-6679.0, -1909.6], [-6654.3, -1916.8], [-6620.6, -1917.6], [-6576.0, -1922.4], [-6554.8, -1929.9], [-6521.9, -1947.3], [-6493.3, -1962.7], [-6463.4, -1975.5], [-6435.4, -1983.8], [-6418.4, -1985.8], [-6389.8, -1986.5]]}}, {"type": "Feature", "properties": {"op": "add"}, "geometry": {"type": "LineString", "coordinates": [[-7699.6, -1444.3], [-7670.7, -1458.2], [-7675.3, -1465.6], [-7685.8, -1472.7], [-7700.1, -1473.4], [-7712.6, -1470.2], [-7717.3, -1481.7], [-7726.2, -1500.8], [-7744.6, -1531.6], [-7763.1, -1536.2], [-7815.3, -1522.6], [-7850.3, -1516.9], [-7881.0, -1508.5], [-7888.9, -1458.1], [-7889.2, -1430.2], [-7900.5, -1427.0], [-7904.1, -1429.9], [-7921.5, -1425.5], [-7941.4, -1413.1], [-7964.9, -1367.5], [-7989.9, -1319.1], [-8010.4, -1270.2], [-8025.6, -1243.8], [-8015.2, -1197.0], [-7994.7, -1151.4], [-7970.9, -1132.8], [-7927.6, -1122.8], [-7897.7, -1126.7], [-7864.1, -1136.0], [-7837.3, -1137.7], [-7808.7, -1134.9], [-7786.9, -1127.2], [-7746.6, -1125.2], [-7746.4, -1103.6], [-7740.2, -1090.5], [-7731.0, -1085.5], [-7697.9, -1089.4], [-7679.3, -1059.2], [-7661.4, -1038.2], [-7634.5, -1021.0], [-7596.2, -1013.2], [-7556.5, -1021.7]]}}, {"type": "Feature", "properties": {"op": "add"}, "geometry": {"type": "LineString", "coordinates": [[-8997.6, 486.4], [-8971.1, 507.5], [-8953.2, 518.5], [-8936.3, 501.8], [-8922.5, 498.4], [-8907.6, 509.9], [-8925.3, 542.5], [-8832.3, 622.3], [-8824.8, 621.7], [-8796.5, 590.9], [-8769.9, 607.9], [-8737.1, 574.7], [-8746.3, 563.4], [-8745.5, 557.9], [-8731.0, 541.5], [-8713.2, 520.7], [-8677.1, 549.6], [-8655.7, 552.7], [-8641.7, 540.5], [-8620.1, 520.1], [-8591.1, 492.6], [-8562.5, 463.6], [-8548.6, 467.4], [-8487.8, 391.4], [-8456.0, 351.2], [-8446.9, 339.9]]}}, {"type": "Feature", "properties": {"op": "add"}, "geometry": {"type": "LineString", "coordinates": [[-12058.6, -2725.9], [-12033.4, -2728.0], [-12014.5, -2718.4], [-12011.0, -2699.0], [-12016.9, -2669.4], [-12015.7, -2656.0], [-12008.0, -2648.4], [-11998.0, -2647.5], [-11982.7, -2649.9], [-11964.2, -2656.3], [-11956.4, -2668.1], [-11941.4, -2671.3], [-11924.9, -2665.3], [-11904.1, -2662.3], [-11888.8, -2649.8], [-11866.9, -2633.1], [-11853.2, -2617.0], [-11833.3, -2614.5], [-11818.4, -2603.3], [-11815.1, -2581.1], [-11797.1, -2568.9], [-11778.6, -2559.7], [-11760.7, -2549.3], [-11741.0, -2520.4], [-11721.7, -2502.9], [-11716.3, -2489.1], [-11691.2, -2468.8]]}}, {"type": "Feature", "properties": {"op": "add"}, "geometry": {"type": "LineString", "coordinates": [[-8824.6, 677.4], [-8844.1, 721.3], [-8794.7, 745.7], [-8765.7, 737.3], [-8744.1, 711.7], [-8736.1, 717.6], [-8714.1, 735.7], [-8698.8, 714.6], [-8657.5, 748.0], [-8658.7, 767.9], [-8634.5, 787.4], [-8662.2, 821.2], [-8653.5, 826.7], [-8608.6, 861.8], [-8600.3, 850.1], [-8616.1, 837.9], [-8637.5, 816.9], [-8629.6, 781.9], [-8623.9, 775.0], [-8623.3, 775.5], [-8594.1, 757.7], [-8578.9, 737.9], [-8596.8, 717.4], [-8562.2, 673.3], [-8536.5, 690.4], [-8522.2, 670.6], [-8508.8, 650.2], [-8557.7, 615.0], [-8568.1, 613.4], [-8581.1, 593.1], [-8585.6, 562.9], [-8573.5, 540.8], [-8535.7, 488.1], [-8538.7, 479.4], [-8548.3, 467.5], [-8544.9, 464.1], [-8564.2, 466.0], [-8583.3, 481.0], [-8606.1, 504.9], [-8633.1, 534.8], [-8655.9, 552.8], [-8671.5, 554.1], [-8713.5, 519.8], [-8731.2, 542.0], [-8750.0, 561.8], [-8736.9, 574.6], [-8770.5, 609.4], [-8795.9, 587.9], [-8827.8, 624.7], [-8928.9, 540.5], [-8907.7, 509.1], [-8933.2, 488.1], [-8911.6, 505.6], [-8925.2, 543.3], [-8833.3, 620.8], [-8854.7, 660.0], [-8838.5, 670.3]]}}, {"type": "Feature", "properties": {"op": "add"}, "geometry": {"type": "LineString", "coordinates": [[-7007.4, -1739.4], [-7007.6, -1733.5], [-7008.2, -1730.0], [-7004.7, -1725.7], [-6999.8, -1727.8], [-6994.9, -1732.7], [-6988.7, -1736.5], [-6975.6, -1736.8], [-6966.6, -1738.6], [-6949.4, -1739.9], [-6935.9, -1737.3], [-6933.9, -1727.0], [-6933.9, -1720.5], [-6928.9, -1718.0], [-6922.6, -1717.2], [-6912.0, -1716.9], [-6898.2, -1721.6], [-6879.3, -1735.6], [-6875.4, -1740.9], [-6871.0, -1744.7], [-6868.2, -1747.6], [-6864.2, -1749.0], [-6856.3, -1751.0], [-6857.2, -1739.8], [-6860.6, -1731.2], [-6861.5, -1725.2], [-6860.8, -1717.4], [-6857.7, -1709.7], [-6852.4, -1699.2], [-6849.3, -1690.7], [-6843.3, -1683.0], [-6835.2, -1680.0], [-6828.1, -1678.5], [-6821.6, -1675.8], [-6816.5, -1672.7], [-6809.3, -1681.5], [-6806.1, -1686.5], [-6805.2, -1687.8], [-6803.2, -1691.3], [-6798.4, -1698.1], [-6792.0, -1704.2], [-6785.5, -1712.7], [-6781.9, -1721.8], [-6778.2, -1733.3], [-6776.9, -1743.5], [-6775.8, -1762.4], [-6776.3, -1771.6], [-6776.5, -1781.5], [-6774.1, -1791.2], [-6766.6, -1800.8], [-6755.4, -1804.2], [-6743.7, -1810.0], [-6732.6, -1813.2], [-6722.6, -1815.1], [-6711.8, -1815.8], [-6696.8, -1817.2], [-6692.0, -1818.5], [-6686.9, -1819.9], [-6667.8, -1832.8], [-6660.8, -1836.0], [-6648.7, -1859.3], [-6638.9, -1871.8], [-6633.5, -1886.3], [-6623.1, -1899.7], [-6605.8, -1914.2], [-6588.8, -1919.1], [-6566.9, -1924.0], [-6545.0, -1938.3], [-6530.4, -1956.5], [-6519.0, -1964.6], [-6499.2, -1969.9], [-6483.1, -1969.9], [-6466.5, -1967.2], [-6453.1, -1969.6], [-6443.0, -1978.3], [-6414.7, -1978.7], [-6404.7, -1978.2], [-6393.6, -1979.4], [-6388.8, -1983.5]]}}, {"type": "Feature", "properties": {"op": "add"}, "geometry": {"type": "LineString", "coordinates": [[-990.2, -1000.7], [-1020.3, -980.8], [-1053.2, -975.8], [-1084.6, -977.7], [-1116.7, -978.4], [-1138.6, -962.3], [-1148.6, -919.5], [-1138.5, -892.7], [-1150.0, -851.0], [-1150.9, -817.9], [-1147.5, -776.8], [-1147.1, -744.1], [-1147.8, -718.7], [-1146.8, -686.6], [-1146.2, -645.8], [-1146.3, -617.2], [-1152.5, -582.0], [-1182.2, -547.8], [-1187.4, -514.6], [-1185.5, -474.7], [-1206.8, -445.1], [-1220.3, -406.0], [-1230.4, -363.7], [-1255.7, -345.3], [-1287.0, -315.8], [-1318.4, -284.0], [-1355.6, -280.1], [-1386.9, -287.9], [-1417.0, -286.6], [-1449.1, -291.5], [-1475.8, -319.8], [-1509.4, -346.0], [-1525.5, -382.6], [-1554.0, -412.7], [-1590.7, -412.9], [-1617.6, -390.5], [-1648.7, -355.3], [-1685.4, -350.5], [-1721.1, -348.5], [-1755.0, -344.0], [-1782.8, -322.7], [-1819.2, -318.8], [-1851.8, -323.0], [-1877.4, -346.3], [-1854.2, -381.5], [-1830.9, -410.5], [-1827.4, -441.5], [-1839.0, -472.4], [-1844.7, -521.9], [-1840.5, -549.9], [-1843.9, -588.5], [-1821.0, -620.8], [-1809.2, -660.4], [-1811.9, -689.8], [-1818.2, -715.4], [-1827.0, -752.0], [-1846.0, -776.3], [-1882.5, -791.6], [-1912.1, -811.5], [-1923.2, -849.5], [-1950.4, -884.6], [-1979.6, -915.4], [-2024.5, -924.4], [-2047.3, -920.1], [-2091.6, -922.3], [-2119.9, -922.6], [-2153.1, -929.1], [-2183.9, -946.2], [-2217.3, -948.4], [-2255.0, -925.8], [-2279.4, -888.1], [-2285.2, -846.2], [-2291.1, -816.9], [-2319.8, -789.6], [-2363.7, -777.8], [-2386.8, -777.7], [-2420.1, -759.8], [-2433.9, -784.2], [-2453.8, -811.7], [-2457.6, -840.0], [-2465.3, -881.2], [-2490.8, -889.4], [-2513.5, -886.2], [-2541.6, -891.9], [-2550.9, -914.0], [-2586.0, -921.2], [-2616.4, -890.5]]}}, {"type": "Feature", "properties": {"op": "add"}, "geometry": {"type": "LineString", "coordinates": [[-704.4, 1220.9], [-721.2, 1213.0], [-740.5, 1202.3], [-760.1, 1190.2], [-789.2, 1177.5], [-836.5, 1184.0], [-861.6, 1186.6], [-896.3, 1183.1], [-932.4, 1182.8], [-988.5, 1180.1], [-1025.1, 1181.5], [-1060.5, 1186.6], [-1104.7, 1188.3], [-1116.9, 1189.4], [-1147.3, 1192.0], [-1177.9, 1199.1], [-1209.0, 1207.3], [-1243.2, 1211.5]]}}, {"type": "Feature", "properties": {"op": "add"}, "geometry": {"type": "LineString", "coordinates": [[-10199.3, -3489.0], [-10209.0, -3470.3], [-10218.2, -3447.1], [-10217.2, -3422.1], [-10212.0, -3382.2], [-10210.8, -3339.0], [-10208.2, -3308.2], [-10212.2, -3289.0], [-10179.0, -3269.5], [-10151.5, -3240.3], [-10135.2, -3221.3], [-10111.2, -3192.0], [-10116.9, -3159.7], [-10152.5, -3146.1], [-10168.9, -3113.7], [-10202.7, -3103.9], [-10240.6, -3097.7], [-10282.7, -3092.7], [-10309.5, -3074.6], [-10332.0, -3065.3], [-10319.3, -3044.6], [-10300.3, -3007.0], [-10294.1, -2991.9], [-10272.6, -2989.2], [-10239.6, -2988.5], [-10219.9, -2974.8], [-10189.1, -2962.1], [-10178.9, -2963.1], [-10189.1, -2962.1], [-10219.9, -2974.8], [-10239.5, -2988.5], [-10272.6, -2989.2], [-10294.1, -2991.9], [-10300.3, -3007.0], [-10319.3, -3044.6], [-10332.0, -3065.3], [-10309.5, -3074.6], [-10282.7, -3092.7], [-10240.6, -3097.7], [-10202.7, -3103.9], [-10168.9, -3113.7], [-10152.5, -3146.1], [-10116.9, -3159.7], [-10111.2, -3192.0], [-10135.2, -3221.3], [-10151.5, -3240.3], [-10179.0, -3269.5], [-10212.2, -3289.0], [-10208.2, -3308.2], [-10210.8, -3339.0], [-10212.0, -3382.2], [-10217.2, -3422.1], [-10218.3, -3447.1], [-10209.0, -3470.3], [-10199.3, -3489.0], [-10174.8, -3505.8]]}}, {"type": "Feature", "properties": {"op": "add"}, "geometry": {"type": "LineString", "coordinates": [[-675.7, 1517.9], [-648.4, 1503.4], [-624.3, 1493.5], [-593.8, 1483.4], [-562.2, 1471.6], [-533.4, 1449.5], [-520.6, 1421.2], [-518.7, 1395.1], [-519.0, 1369.7], [-525.4, 1341.5], [-537.0, 1312.3], [-550.9, 1293.5], [-575.2, 1280.2], [-600.6, 1272.9], [-628.5, 1261.7], [-672.4, 1241.8], [-702.1, 1222.1], [-744.7, 1200.8], [-771.4, 1187.9], [-803.5, 1179.2], [-832.5, 1181.3], [-862.3, 1184.1], [-891.8, 1182.4], [-923.0, 1182.2], [-952.1, 1182.8], [-988.5, 1181.9], [-1021.0, 1180.3], [-1060.4, 1186.0], [-1098.7, 1188.7], [-1138.1, 1191.8], [-1182.8, 1200.1], [-1226.5, 1205.5], [-1268.5, 1222.6], [-1313.0, 1233.3], [-1357.0, 1227.0], [-1391.0, 1212.2], [-1426.4, 1195.9], [-1463.2, 1183.0], [-1501.4, 1191.3], [-1520.6, 1226.1], [-1520.0, 1271.4], [-1513.7, 1313.9], [-1498.2, 1357.5], [-1487.2, 1404.9], [-1487.8, 1453.8], [-1478.9, 1496.2], [-1457.3, 1537.5], [-1444.2, 1576.5], [-1454.3, 1618.5], [-1486.7, 1650.3], [-1522.2, 1671.7], [-1556.2, 1705.9], [-1591.9, 1736.8], [-1624.5, 1772.1], [-1651.5, 1811.3], [-1677.8, 1850.2], [-1689.3, 1890.9], [-1710.7, 1913.3], [-1751.2, 1920.0], [-1794.6, 1943.4], [-1814.3, 1983.7], [-1821.6, 2027.5], [-1812.5, 2071.6], [-1802.9, 2119.6], [-1801.3, 2165.2], [-1812.4, 2205.7], [-1836.7, 2243.0], [-1847.7, 2281.7], [-1868.9, 2323.5], [-1892.0, 2367.3], [-1900.2, 2407.6], [-1896.9, 2428.2], [-1912.0, 2443.9], [-1933.1, 2445.5], [-1942.0, 2435.7], [-1938.1, 2419.9], [-1924.3, 2408.5], [-1904.0, 2395.0], [-1889.7, 2362.5], [-1876.7, 2333.6], [-1857.4, 2306.6], [-1844.5, 2263.2], [-1829.4, 2225.2], [-1806.4, 2200.1], [-1803.0, 2183.7], [-1802.6, 2105.9], [-1810.5, 2075.1], [-1821.3, 2042.5], [-1817.6, 2006.4], [-1813.2, 1972.1], [-1794.0, 1942.1], [-1764.1, 1920.6], [-1723.6, 1916.7], [-1695.7, 1904.3], [-1683.8, 1869.5], [-1667.0, 1833.9], [-1646.1, 1804.1], [-1619.2, 1765.6], [-1587.2, 1734.2], [-1551.2, 1701.3], [-1515.7, 1667.2], [-1472.1, 1642.0], [-1451.7, 1606.1], [-1442.4, 1572.1], [-1459.1, 1529.9], [-1478.3, 1491.2], [-1490.0, 1454.7], [-1486.0, 1417.0], [-1491.0, 1379.1], [-1508.9, 1333.5], [-1516.8, 1289.3], [-1523.0, 1246.3], [-1517.8, 1215.1], [-1491.8, 1186.5], [-1457.0, 1186.5], [-1419.7, 1199.9], [-1374.8, 1217.6], [-1330.6, 1231.2], [-1290.6, 1231.0], [-1257.5, 1216.9], [-1228.2, 1206.9], [-1183.0, 1201.7], [-1137.5, 1192.6], [-1100.8, 1188.1], [-1055.2, 1184.6], [-1008.1, 1178.2], [-970.0, 1183.1], [-922.1, 1180.8], [-878.2, 1184.8], [-841.5, 1184.3], [-803.2, 1177.5], [-764.5, 1188.0], [-729.5, 1209.4], [-689.8, 1229.3], [-655.1, 1249.9], [-620.5, 1263.5], [-586.5, 1274.9], [-549.0, 1293.3], [-530.9, 1322.6], [-520.4, 1351.6], [-517.1, 1380.6], [-517.6, 1420.5], [-531.4, 1453.1], [-558.5, 1471.7], [-601.5, 1483.0], [-640.9, 1497.6], [-666.8, 1526.1], [-684.5, 1542.2], [-696.1, 1542.2], [-698.6, 1525.8], [-691.2, 1517.0]]}}, {"type": "Feature", "properties": {"op": "add"}, "geometry": {"type": "LineString", "coordinates": [[-8984.1, 848.6], [-8977.4, 850.7], [-8975.5, 858.5], [-8960.1, 862.6], [-8939.4, 861.3], [-8922.3, 857.3], [-8910.5, 847.9], [-8893.2, 869.5], [-8888.8, 885.3], [-8886.8, 898.9], [-8893.8, 909.2], [-8892.6, 913.3], [-8873.3, 923.2], [-8857.1, 932.6], [-8848.4, 930.9], [-8834.7, 940.5], [-8820.1, 951.9], [-8814.5, 952.5], [-8804.8, 941.8], [-8796.0, 929.4], [-8781.5, 911.6], [-8768.2, 896.0], [-8754.8, 891.5], [-8739.9, 893.5], [-8733.5, 888.3], [-8723.7, 875.4], [-8712.4, 861.3], [-8712.4, 854.8], [-8720.6, 844.4], [-8727.2, 831.4], [-8727.0, 815.8], [-8717.8, 796.9], [-8718.9, 791.1], [-8721.4, 784.0], [-8731.7, 768.1], [-8730.5, 759.0], [-8725.4, 751.5], [-8717.3, 740.4], [-8717.7, 733.1], [-8729.1, 724.3], [-8742.7, 713.6], [-8742.5, 708.0], [-8738.9, 702.8], [-8740.6, 697.4], [-8753.1, 687.5], [-8773.6, 671.6], [-8774.2, 667.1], [-8768.5, 659.3], [-8761.8, 647.5], [-8759.4, 639.0], [-8758.9, 627.2], [-8765.5, 613.4], [-8777.4, 602.5], [-8792.1, 591.3], [-8800.7, 592.0], [-8809.1, 604.2], [-8820.7, 617.3], [-8832.9, 634.1], [-8845.1, 648.1], [-8850.6, 657.1], [-8850.4, 662.4], [-8840.9, 669.8], [-8827.2, 676.9], [-8826.0, 681.7], [-8833.0, 696.9], [-8843.5, 717.8], [-8847.5, 723.5], [-8857.1, 742.5], [-8867.9, 758.6], [-8872.4, 760.3], [-8877.1, 756.3], [-8882.2, 757.1], [-8895.6, 773.4], [-8907.6, 788.7], [-8912.3, 789.4], [-8922.4, 779.6], [-8936.0, 773.1], [-8950.0, 770.4], [-8965.5, 772.8], [-8974.5, 779.7], [-8985.9, 790.9], [-8991.3, 805.5], [-8994.5, 820.0], [-8992.4, 836.3], [-8991.2, 857.3], [-8992.2, 859.0]]}}, {"type": "Feature", "properties": {"op": "add"}, "geometry": {"type": "LineString", "coordinates": [[-8745.9, 534.7], [-8762.9, 533.9], [-8761.4, 548.9], [-8753.3, 557.5], [-8743.0, 568.0], [-8735.7, 574.0], [-8722.5, 588.9], [-8710.3, 594.1], [-8704.2, 611.8], [-8704.4, 627.3], [-8707.2, 644.0], [-8712.8, 656.9], [-8725.3, 678.8], [-8731.8, 695.6], [-8744.5, 710.4], [-8755.5, 728.7], [-8771.5, 739.6], [-8791.3, 746.5], [-8793.4, 753.5], [-8793.8, 771.9], [-8794.6, 753.8], [-8798.3, 746.6], [-8824.0, 733.7], [-8844.0, 721.9], [-8849.8, 729.1], [-8855.6, 742.1], [-8869.3, 761.0], [-8862.6, 769.8], [-8851.3, 776.4], [-8833.0, 786.9], [-8827.6, 798.7], [-8825.1, 812.0], [-8822.9, 822.5], [-8820.9, 834.4], [-8820.2, 849.0], [-8821.3, 862.6], [-8818.3, 874.9], [-8822.3, 891.1], [-8831.0, 901.3], [-8845.3, 919.9], [-8849.0, 927.8], [-8840.0, 935.5], [-8830.3, 942.2], [-8816.4, 953.2], [-8832.4, 978.1], [-8840.6, 972.6], [-8848.8, 965.1], [-8842.0, 957.0], [-8835.1, 974.9], [-8827.2, 971.1], [-8817.2, 954.4], [-8797.9, 929.8], [-8780.4, 911.0], [-8771.2, 896.6], [-8749.2, 889.8], [-8738.2, 892.4], [-8711.8, 859.4], [-8713.1, 854.4], [-8723.1, 841.2], [-8727.6, 813.6], [-8716.7, 796.1], [-8720.5, 786.8], [-8728.7, 776.3], [-8733.0, 765.9], [-8725.4, 751.5], [-8713.5, 731.2], [-8691.6, 702.9], [-8676.4, 687.3], [-8663.6, 666.9], [-8654.0, 658.6], [-8639.1, 656.2], [-8614.9, 651.4], [-8587.8, 658.7], [-8571.5, 665.2], [-8551.0, 681.8], [-8538.7, 687.9], [-8532.3, 683.5], [-8513.1, 656.7], [-8514.1, 645.6], [-8525.5, 638.9], [-8559.7, 615.6], [-8581.2, 594.0], [-8587.4, 575.4], [-8585.4, 562.7], [-8577.6, 546.0], [-8583.8, 540.2], [-8610.6, 515.2], [-8632.8, 533.7], [-8648.9, 550.9], [-8657.0, 553.8], [-8675.9, 553.0], [-8696.3, 532.2], [-8712.4, 521.2], [-8728.3, 540.0], [-8746.8, 561.5], [-8757.2, 557.3], [-8764.5, 547.2], [-8763.9, 533.3], [-8756.0, 527.8]]}}, {"type": "Feature", "properties": {"op": "add"}, "geometry": {"type": "LineString", "coordinates": [[-8351.7, 627.3], [-8363.1, 632.3], [-8378.7, 627.1], [-8389.2, 617.4], [-8384.3, 598.3], [-8388.2, 578.9], [-8401.3, 571.4], [-8420.7, 567.5], [-8443.5, 581.2], [-8470.4, 570.3], [-8493.3, 557.6], [-8505.2, 539.6], [-8512.9, 526.3], [-8525.1, 516.3], [-8544.1, 501.3], [-8559.3, 519.3], [-8567.6, 533.7], [-8577.8, 543.3], [-8591.3, 534.0], [-8612.9, 513.7], [-8609.7, 507.2], [-8631.8, 488.4], [-8646.2, 477.9], [-8661.9, 495.7], [-8674.5, 494.0], [-8694.0, 474.7], [-8705.8, 491.7], [-8721.3, 512.7], [-8714.4, 518.7], [-8725.3, 536.4], [-8748.6, 560.2], [-8734.5, 574.5], [-8755.2, 593.1], [-8770.3, 608.7], [-8798.3, 587.8], [-8808.9, 603.1], [-8825.1, 623.0], [-8846.5, 645.7], [-8849.5, 662.8], [-8824.9, 678.0], [-8834.5, 700.6], [-8844.9, 721.9], [-8861.5, 748.0], [-8870.2, 760.6], [-8882.4, 756.4], [-8895.4, 772.9], [-8909.1, 791.8], [-8936.1, 774.0], [-8959.4, 772.3], [-8980.5, 784.7], [-8988.5, 796.3], [-8993.0, 814.8], [-8993.2, 835.9], [-8981.3, 844.9], [-8975.7, 855.4], [-8976.1, 868.4], [-8954.4, 864.9], [-8939.5, 860.5], [-8913.0, 850.8], [-8904.7, 851.3], [-8895.8, 866.7], [-8889.6, 887.3], [-8886.7, 898.2], [-8894.4, 912.0], [-8877.1, 920.9], [-8854.6, 932.7], [-8850.5, 929.1], [-8834.1, 940.6], [-8816.6, 954.2], [-8805.6, 941.0], [-8789.3, 954.1], [-8762.6, 976.3], [-8738.9, 993.2], [-8731.3, 1028.1], [-8737.9, 1055.3], [-8749.2, 1082.8]]}}, {"type": "Feature", "properties": {"op": "add"}, "geometry": {"type": "LineString", "coordinates": [[-9373.4, -67.4], [-9377.9, -73.2], [-9391.5, -68.8], [-9378.4, -74.0], [-9383.0, -85.5], [-9382.6, -87.7], [-9366.2, -85.6], [-9357.2, -67.4], [-9356.8, -61.8], [-9361.0, -37.2], [-9370.3, -22.4], [-9381.5, -12.7], [-9395.3, 6.6], [-9406.1, 18.4], [-9426.8, 43.7], [-9433.8, 53.7], [-9436.6, 67.9], [-9409.6, 91.4], [-9389.4, 101.9], [-9370.8, 108.2], [-9356.6, 113.8], [-9344.0, 120.4], [-9334.8, 125.6], [-9301.8, 140.6], [-9288.0, 146.3], [-9269.0, 153.9], [-9246.3, 169.9], [-9235.5, 182.5], [-9216.2, 204.9], [-9205.6, 215.1], [-9194.9, 227.0], [-9186.0, 246.0], [-9182.7, 261.2], [-9182.3, 276.8], [-9181.0, 291.8], [-9180.5, 307.8], [-9177.9, 328.8], [-9171.9, 341.2], [-9161.8, 353.8], [-9148.5, 368.2], [-9130.1, 386.4], [-9108.2, 403.4], [-9088.4, 418.5], [-9075.8, 427.5], [-9053.7, 443.0], [-9040.7, 453.7], [-9057.1, 442.7], [-9077.5, 426.6], [-9110.2, 398.6], [-9138.1, 378.1], [-9152.1, 363.2], [-9173.1, 337.3], [-9178.8, 321.1], [-9180.2, 299.5], [-9180.5, 279.3], [-9180.7, 267.1], [-9182.9, 256.2], [-9191.1, 233.5], [-9204.4, 215.3], [-9224.6, 196.0], [-9241.5, 176.7], [-9250.3, 162.5], [-9267.6, 155.4], [-9289.8, 148.4], [-9303.6, 143.2], [-9325.3, 131.9], [-9358.2, 113.5], [-9376.9, 106.6], [-9396.0, 100.6], [-9405.7, 95.6], [-9414.2, 88.9], [-9424.4, 81.2], [-9435.1, 73.3], [-9448.6, 67.3], [-9460.0, 63.4], [-9434.8, 49.8], [-9423.3, 36.6], [-9409.5, 21.2], [-9389.5, -2.9], [-9375.3, -17.2], [-9360.9, -31.6], [-9338.7, -49.5], [-9324.8, -55.6], [-9306.8, -57.0], [-9298.0, -60.0], [-9276.3, -73.4], [-9261.4, -84.9], [-9241.8, -97.6], [-9228.8, -103.3], [-9203.3, -110.7], [-9189.5, -112.1], [-9174.5, -112.4], [-9164.2, -118.5], [-9161.0, -123.6], [-9155.9, -137.6], [-9161.0, -123.6], [-9164.2, -118.5], [-9174.5, -112.4], [-9189.5, -112.1], [-9203.3, -110.7], [-9228.8, -103.3], [-9241.8, -97.6], [-9256.7, -87.0], [-9267.2, -79.4], [-9277.4, -71.8], [-9286.2, -66.1], [-9296.5, -61.6], [-9306.3, -58.8], [-9314.7, -57.4], [-9323.2, -56.8], [-9337.3, -53.7], [-9346.5, -51.1], [-9351.1, -55.5], [-9354.0, -59.5], [-9360.5, -71.6], [-9365.0, -76.8], [-9367.7, -82.2], [-9370.4, -87.2], [-9376.1, -88.9], [-9381.7, -86.0], [-9381.8, -82.1], [-9380.6, -78.7], [-9389.0, -69.8], [-9391.3, -69.1], [-9391.1, -72.6], [-9386.0, -75.6], [-9382.5, -76.9], [-9378.6, -74.1], [-9375.1, -69.8], [-9373.0, -66.3], [-9373.5, -67.7]]}}, {"type": "Feature", "properties": {"op": "add"}, "geometry": {"type": "LineString", "coordinates": [[1638.3, -5469.5], [1645.4, -5450.0], [1652.8, -5430.8], [1657.9, -5416.6], [1661.8, -5406.7], [1669.8, -5383.8], [1678.0, -5358.8], [1695.2, -5350.1], [1687.0, -5321.9], [1688.6, -5304.5], [1691.0, -5283.6], [1691.9, -5262.1], [1692.7, -5241.1], [1692.8, -5206.1], [1690.6, -5185.3], [1688.1, -5168.0], [1690.4, -5149.0], [1697.5, -5118.9], [1704.7, -5099.1], [1711.0, -5080.5], [1718.5, -5057.2], [1730.2, -5032.7], [1742.9, -5011.8], [1755.0, -4994.6], [1766.7, -4977.2], [1773.0, -4950.4], [1777.5, -4922.8], [1782.1, -4902.3], [1788.3, -4877.6], [1796.6, -4845.8], [1809.5, -4798.6], [1816.9, -4777.8], [1831.8, -4734.8], [1862.6, -4701.1], [1889.1, -4684.1], [1910.7, -4672.6], [1927.9, -4658.9], [1935.8, -4647.3], [1944.7, -4632.3], [1955.0, -4609.2], [1958.2, -4599.2], [1968.5, -4572.6], [1979.4, -4555.3], [1984.0, -4550.0], [1996.9, -4538.2], [2005.4, -4532.0], [2016.8, -4523.8], [2027.8, -4518.0], [2045.3, -4518.4], [2061.3, -4534.8], [2086.1, -4561.9], [2105.3, -4580.4], [2121.3, -4594.2], [2146.7, -4612.7], [2177.9, -4627.4], [2197.8, -4633.9], [2220.0, -4634.0], [2250.7, -4627.7], [2274.1, -4620.4], [2304.2, -4611.2], [2338.6, -4604.7], [2389.4, -4604.0], [2457.3, -4631.4], [2493.9, -4652.2], [2535.8, -4654.5], [2567.1, -4644.6], [2594.4, -4628.8], [2617.1, -4615.1], [2689.8, -4571.9], [2745.8, -4539.1], [2839.3, -4436.8], [2880.4, -4361.5]]}}, {"type": "Feature", "properties": {"op": "add"}, "geometry": {"type": "LineString", "coordinates": [[2923.8, -4110.2], [2947.2, -4033.2], [2968.6, -3982.0], [2976.9, -3964.3], [2983.5, -3938.0], [3000.2, -3877.7], [3011.9, -3842.2], [3021.9, -3813.3], [3028.7, -3797.2], [3042.2, -3764.5], [3057.2, -3725.0], [3062.3, -3690.2], [3048.2, -3659.7], [3041.5, -3641.1], [3039.9, -3617.7], [3040.7, -3597.3], [3042.4, -3556.2], [3046.0, -3530.2], [3057.1, -3493.3], [3076.4, -3462.2], [3086.0, -3451.2], [3097.4, -3438.6], [3133.2, -3404.8], [3150.3, -3401.2], [3172.5, -3393.1], [3191.1, -3389.1], [3210.7, -3387.0], [3250.9, -3382.9], [3269.1, -3382.3], [3286.9, -3382.4], [3307.9, -3382.9], [3329.2, -3382.3], [3347.6, -3381.6], [3361.1, -3380.8]]}}, {"type": "Feature", "properties": {"op": "add"}, "geometry": {"type": "LineString", "coordinates": [[2806.6, -4475.7], [2801.0, -4481.7], [2789.9, -4493.9], [2780.4, -4504.1], [2770.8, -4514.3], [2750.6, -4533.7], [2738.0, -4543.6], [2725.9, -4550.7], [2701.7, -4564.7], [2677.7, -4579.1], [2665.6, -4586.1], [2653.4, -4593.1], [2641.2, -4600.0], [2629.2, -4607.1], [2617.2, -4614.4], [2605.3, -4621.6], [2581.3, -4636.2], [2569.3, -4643.4], [2555.9, -4651.3], [2542.0, -4653.3], [2528.1, -4655.1], [2505.8, -4656.6], [2494.4, -4653.2], [2490.2, -4650.1], [2478.6, -4642.3], [2455.8, -4629.1], [2443.2, -4623.0], [2419.3, -4612.0], [2406.4, -4606.6], [2387.1, -4601.9], [2373.1, -4602.0], [2359.2, -4602.4], [2329.0, -4604.9], [2315.5, -4608.5], [2290.8, -4615.1], [2264.2, -4623.9], [2251.0, -4628.5], [2237.8, -4633.3], [2233.7, -4634.8], [2219.9, -4636.2], [2198.3, -4635.8], [2179.8, -4630.2], [2167.2, -4624.1], [2154.8, -4617.6], [2137.9, -4608.2], [2117.1, -4592.4], [2107.2, -4582.5], [2097.3, -4572.6], [2082.8, -4558.1], [2073.0, -4548.2], [2064.0, -4537.4], [2054.7, -4526.9], [2039.0, -4511.3], [2018.6, -4522.0], [2007.3, -4530.4], [1996.5, -4539.3], [1978.1, -4555.6], [1972.0, -4568.3], [1966.2, -4581.0], [1961.3, -4594.1], [1955.0, -4614.2], [1947.6, -4631.2], [1937.7, -4647.9], [1926.2, -4661.1], [1905.6, -4675.2], [1881.0, -4688.6], [1869.0, -4695.8], [1860.0, -4701.3], [1849.8, -4710.9], [1837.3, -4725.4], [1830.2, -4738.1], [1820.2, -4764.2], [1815.3, -4777.3], [1811.0, -4790.6], [1807.7, -4804.2], [1803.6, -4821.5], [1794.4, -4846.3], [1790.2, -4862.2], [1787.5, -4875.9], [1784.8, -4889.7], [1782.0, -4903.4], [1779.6, -4917.2], [1775.0, -4944.8], [1772.0, -4958.5], [1764.6, -4979.4], [1756.7, -4990.9], [1740.7, -5013.9], [1733.4, -5025.8], [1726.5, -5037.8], [1721.8, -5051.0], [1717.0, -5064.1], [1707.5, -5090.4], [1702.7, -5103.6], [1697.9, -5116.8], [1689.4, -5143.4], [1688.4, -5155.8], [1688.2, -5178.9], [1691.0, -5191.2], [1692.9, -5206.0], [1693.0, -5219.5], [1692.8, -5230.7], [1692.5, -5244.6], [1692.2, -5258.6], [1691.8, -5284.0], [1689.0, -5297.8], [1674.8, -5326.3], [1662.8, -5333.8], [1664.5, -5346.0], [1670.2, -5354.8], [1675.9, -5362.8], [1672.2, -5376.3], [1665.1, -5396.9], [1661.5, -5407.4], [1652.0, -5433.8], [1647.1, -5446.9], [1644.2, -5454.8], [1636.3, -5476.1], [1634.7, -5480.0], [1626.7, -5497.1], [1637.6, -5473.4], [1642.5, -5459.9], [1645.0, -5453.2], [1648.6, -5443.4], [1652.9, -5431.9], [1657.9, -5418.2], [1663.0, -5403.4], [1667.4, -5390.1], [1676.3, -5365.8], [1681.7, -5360.5], [1691.7, -5355.5], [1697.7, -5349.0], [1696.7, -5338.6], [1685.3, -5319.3], [1689.2, -5291.6], [1691.7, -5277.8], [1692.3, -5264.6], [1692.1, -5250.6], [1692.6, -5236.6], [1692.8, -5208.3], [1691.5, -5194.2], [1689.0, -5179.5], [1688.4, -5167.2], [1689.2, -5148.9], [1692.9, -5135.4], [1696.7, -5122.0], [1701.1, -5108.7], [1705.4, -5095.4], [1710.0, -5082.1], [1719.4, -5055.8], [1724.3, -5043.5], [1730.7, -5031.0], [1737.7, -5018.9], [1745.3, -5007.2], [1753.9, -4996.1], [1767.4, -4976.9], [1776.0, -4950.2], [1776.5, -4947.3], [1777.5, -4926.1], [1780.1, -4912.3], [1783.3, -4898.7], [1789.7, -4871.5], [1793.0, -4857.9], [1797.0, -4844.4], [1805.1, -4817.7], [1808.6, -4804.2], [1816.9, -4777.4], [1821.5, -4764.2], [1826.0, -4750.9], [1831.0, -4737.9], [1839.5, -4721.3], [1845.3, -4714.4], [1860.7, -4701.6], [1872.7, -4694.2], [1885.1, -4687.9], [1904.2, -4677.6], [1912.2, -4672.7], [1924.9, -4662.3], [1931.1, -4654.4], [1938.7, -4643.4], [1946.2, -4630.9], [1953.1, -4617.6], [1959.1, -4602.8], [1963.2, -4589.4], [1972.3, -4563.1], [1979.4, -4554.0], [2001.0, -4536.2], [2011.9, -4527.4], [2023.7, -4518.0], [2035.2, -4516.8], [2046.4, -4516.9], [2056.4, -4529.0], [2066.8, -4540.8], [2076.2, -4551.2], [2085.6, -4561.5], [2095.4, -4571.5], [2105.6, -4581.1], [2116.0, -4590.4], [2130.0, -4601.9], [2141.5, -4609.9], [2152.9, -4617.2], [2165.3, -4623.6], [2178.2, -4628.9], [2203.6, -4635.3], [2219.2, -4635.9], [2232.8, -4632.4], [2246.4, -4629.1], [2259.8, -4625.2], [2288.9, -4616.4], [2302.4, -4612.8], [2329.7, -4606.8], [2343.6, -4604.8], [2378.0, -4602.6], [2386.8, -4602.7], [2418.2, -4611.2], [2443.5, -4622.9], [2454.5, -4628.3], [2463.5, -4635.0], [2474.8, -4643.3], [2494.2, -4656.8], [2502.1, -4656.9], [2516.0, -4656.4], [2538.2, -4655.0], [2557.7, -4649.5], [2564.9, -4646.9], [2589.3, -4633.4], [2601.2, -4625.9], [2624.8, -4610.9], [2646.0, -4598.0], [2670.2, -4584.0], [2682.3, -4577.0], [2706.5, -4562.9], [2718.6, -4555.8], [2740.7, -4542.5], [2761.0, -4523.3], [2771.0, -4513.5], [2780.7, -4503.4], [2800.0, -4483.1], [2809.6, -4472.9], [2828.7, -4451.2], [2836.2, -4439.4], [2843.6, -4427.5], [2851.5, -4414.4], [2865.8, -4390.4], [2876.4, -4370.7], [2884.9, -4344.0], [2887.9, -4330.3], [2892.6, -4302.7], [2894.8, -4288.9], [2898.8, -4261.2], [2900.4, -4247.3], [2903.9, -4219.5], [2905.9, -4205.7], [2910.4, -4178.0], [2913.0, -4164.3], [2919.1, -4136.9], [2922.0, -4123.3], [2928.1, -4095.9], [2932.8, -4076.0], [2942.1, -4049.6], [2947.2, -4036.6], [2960.6, -4002.0], [2966.8, -3987.6], [2970.9, -3977.2], [2975.8, -3964.2], [2982.1, -3948.8], [2984.8, -3935.7], [2986.6, -3923.1], [2990.0, -3910.1], [2993.7, -3896.8], [3002.8, -3870.4], [3010.1, -3844.5], [3015.4, -3831.5], [3020.5, -3818.5], [3028.9, -3797.8], [3034.3, -3784.9], [3039.4, -3771.8], [3044.4, -3758.8], [3054.8, -3732.8], [3060.0, -3719.8], [3066.2, -3696.9], [3061.1, -3682.1], [3054.6, -3669.7], [3048.2, -3657.3], [3039.7, -3639.1], [3040.5, -3611.1], [3040.5, -3583.1], [3040.8, -3569.1], [3043.9, -3543.6], [3045.5, -3533.8], [3048.9, -3516.3], [3054.5, -3499.3], [3060.7, -3486.8], [3066.7, -3475.8], [3073.6, -3465.6], [3087.1, -3450.2], [3096.2, -3439.5], [3105.3, -3428.8], [3118.7, -3414.4], [3130.8, -3404.0], [3154.7, -3400.0], [3164.9, -3393.8], [3174.8, -3390.4], [3188.7, -3388.7], [3202.6, -3386.9], [3216.5, -3385.1], [3241.9, -3382.5], [3265.3, -3381.1], [3282.5, -3380.5], [3308.6, -3380.2], [3317.5, -3384.5], [3323.5, -3378.4], [3316.8, -3374.4], [3308.9, -3379.2], [3298.5, -3379.3], [3282.1, -3379.5], [3268.2, -3380.2], [3240.3, -3382.4], [3226.4, -3383.9], [3212.5, -3385.4], [3198.6, -3387.1], [3173.4, -3390.5], [3160.5, -3395.8], [3147.8, -3401.8], [3125.2, -3408.0], [3116.4, -3415.6], [3104.3, -3429.5], [3095.1, -3440.1], [3085.9, -3450.6], [3076.8, -3461.3], [3061.5, -3480.1], [3057.0, -3490.3], [3048.0, -3517.6], [3045.7, -3531.4], [3043.4, -3550.1], [3041.8, -3564.0], [3040.6, -3584.3], [3040.4, -3612.3], [3040.4, -3633.6], [3041.6, -3643.5], [3045.9, -3655.0], [3056.2, -3673.6], [3061.2, -3684.5], [3063.6, -3708.1], [3059.8, -3719.8], [3049.7, -3746.0], [3044.7, -3759.0], [3034.5, -3785.1], [3029.7, -3797.1], [3024.2, -3809.9], [3018.7, -3822.8], [3013.3, -3835.7], [3008.5, -3848.9], [3001.5, -3870.5], [2997.3, -3883.9], [2993.2, -3897.2], [2989.5, -3910.7], [2985.6, -3924.2], [2982.1, -3947.5], [2978.7, -3956.6], [2972.8, -3969.3], [2967.5, -3982.2], [2962.5, -3995.3], [2952.6, -4021.5], [2947.6, -4034.6], [2942.7, -4047.7], [2933.0, -4073.9], [2925.5, -4096.8], [2922.7, -4110.5], [2919.9, -4124.2], [2917.2, -4138.0], [2911.7, -4165.4], [2907.0, -4193.0], [2905.2, -4206.9], [2901.4, -4234.6], [2897.6, -4262.4], [2893.6, -4290.1], [2892.1, -4304.0], [2889.1, -4328.2], [2881.2, -4355.1], [2876.1, -4368.1], [2870.4, -4380.9], [2857.3, -4405.6], [2850.0, -4417.6], [2835.1, -4441.2], [2823.3, -4458.6]]}}, {"type": "Feature", "properties": {"op": "add"}, "geometry": {"type": "LineString", "coordinates": [[-4930.3, -943.2], [-4942.8, -928.7], [-4983.1, -963.2], [-5018.4, -927.8], [-4990.8, -904.3], [-4983.1, -885.8], [-4959.4, -877.4], [-4935.3, -858.5], [-4895.6, -892.6], [-4826.9, -881.8], [-4758.6, -888.4], [-4713.9, -922.3], [-4692.6, -936.8], [-4655.5, -933.7], [-4647.2, -942.3], [-4638.8, -935.7], [-4634.9, -929.8], [-4629.2, -924.9], [-4625.8, -928.9], [-4644.3, -944.5], [-4634.7, -959.2], [-4642.8, -972.9], [-4660.8, -983.1], [-4674.6, -977.2], [-4686.2, -965.9], [-4694.0, -936.4], [-4751.5, -912.3], [-4760.9, -907.8], [-4774.5, -905.9], [-4785.1, -906.6], [-4813.6, -904.3], [-4823.3, -904.3], [-4882.5, -920.1], [-4925.7, -949.9], [-4903.8, -976.8], [-4894.2, -988.2]]}}, {"type": "Feature", "properties": {"op": "add"}, "geometry": {"type": "LineString", "coordinates": [[-12808.8, -790.3], [-12798.2, -784.5], [-12786.1, -774.2], [-12771.3, -761.5], [-12756.8, -754.8], [-12749.6, -751.1], [-12739.0, -739.3], [-12735.1, -732.2], [-12728.2, -713.2], [-12725.2, -701.5], [-12720.4, -686.5], [-12712.7, -663.8], [-12708.5, -649.9], [-12708.3, -641.9], [-12707.5, -622.1], [-12698.9, -609.7], [-12684.6, -602.7], [-12675.1, -590.5], [-12668.8, -572.1], [-12666.3, -556.4], [-12664.8, -528.2], [-12664.2, -512.3], [-12663.6, -492.1], [-12663.0, -483.6], [-12662.8, -475.5], [-12663.4, -463.4], [-12662.3, -452.5], [-12663.4, -468.1], [-12664.5, -480.2], [-12672.3, -493.4], [-12680.3, -502.6], [-12690.2, -500.3], [-12701.2, -495.4], [-12713.0, -493.7], [-12729.0, -504.4], [-12738.7, -517.3], [-12753.3, -530.8], [-12771.2, -539.7], [-12797.1, -532.1], [-12818.5, -536.0], [-12832.5, -542.7], [-12848.0, -544.8], [-12868.2, -543.6], [-12881.8, -556.5], [-12876.7, -569.9], [-12860.1, -580.5], [-12855.3, -596.7], [-12876.4, -620.3], [-12895.1, -635.4], [-12904.4, -657.2], [-12927.0, -692.6], [-12911.1, -721.0], [-12907.9, -761.0], [-12900.2, -783.9], [-12890.5, -796.6], [-12876.6, -811.2], [-12859.3, -826.3], [-12856.3, -826.0], [-12844.4, -816.4], [-12837.0, -807.2], [-12827.3, -800.9]]}}, {"type": "Feature", "properties": {"op": "add"}, "geometry": {"type": "LineString", "coordinates": [[1567.4, -5610.4], [1564.2, -5609.2], [1566.3, -5605.5], [1569.4, -5606.3], [1573.9, -5597.9], [1578.8, -5588.6], [1585.3, -5576.2], [1594.8, -5557.5], [1603.5, -5557.0], [1610.8, -5541.9], [1604.9, -5538.0], [1612.7, -5524.0], [1618.3, -5514.0], [1627.7, -5496.4], [1633.0, -5484.0], [1638.3, -5469.5], [1645.4, -5450.0], [1652.8, -5430.8], [1657.9, -5416.6], [1661.8, -5406.7], [1669.8, -5383.8], [1678.0, -5358.8], [1695.2, -5350.1], [1687.0, -5321.9], [1688.6, -5304.5], [1691.0, -5283.6], [1691.9, -5262.1], [1692.7, -5241.1], [1692.8, -5206.1], [1690.6, -5185.3], [1688.1, -5168.0], [1690.4, -5149.0], [1697.5, -5118.9], [1704.7, -5099.1], [1711.0, -5080.5], [1718.5, -5057.2], [1730.2, -5032.7], [1742.9, -5011.8], [1755.0, -4994.6], [1766.7, -4977.2], [1773.0, -4950.4], [1777.5, -4922.8], [1782.1, -4902.3], [1788.3, -4877.6], [1796.6, -4845.8], [1809.5, -4798.6], [1816.9, -4777.8], [1831.8, -4734.8], [1862.6, -4701.1], [1889.1, -4684.1], [1910.7, -4672.6], [1927.9, -4658.9], [1935.8, -4647.3], [1944.7, -4632.3], [1955.0, -4609.2], [1958.2, -4599.2], [1968.5, -4572.6], [1979.4, -4555.3], [1984.0, -4550.0], [1996.9, -4538.2], [2005.4, -4532.0], [2016.8, -4523.8], [2027.8, -4518.0], [2045.3, -4518.4], [2061.3, -4534.8], [2086.1, -4561.9], [2105.3, -4580.4], [2121.3, -4594.2], [2146.7, -4612.7], [2177.9, -4627.4], [2197.8, -4633.9], [2220.0, -4634.0], [2250.7, -4627.7], [2274.1, -4620.4], [2304.2, -4611.2], [2338.6, -4604.7], [2419.6, -4612.3], [2457.3, -4631.4], [2493.9, -4652.2], [2535.8, -4654.5], [2567.1, -4644.6], [2594.4, -4628.8], [2617.1, -4615.1], [2689.8, -4571.9], [2745.8, -4539.1], [2839.3, -4436.8], [2880.4, -4361.5]]}}, {"type": "Feature", "properties": {"op": "add"}, "geometry": {"type": "LineString", "coordinates": [[2923.8, -4110.2], [2947.2, -4033.2], [2968.6, -3982.0], [2976.9, -3964.3], [2983.5, -3938.0], [3000.2, -3877.7], [3011.9, -3842.2], [3021.9, -3813.3], [3028.7, -3797.2], [3042.2, -3764.5], [3057.2, -3725.0], [3062.3, -3690.2], [3048.2, -3659.7], [3041.5, -3641.1], [3039.9, -3617.7], [3040.7, -3597.3], [3042.4, -3556.2], [3046.0, -3530.2], [3057.1, -3493.3], [3076.4, -3462.2], [3086.0, -3451.2], [3097.4, -3438.6], [3133.2, -3404.8], [3150.3, -3401.2], [3172.5, -3393.1], [3191.1, -3389.1], [3210.7, -3387.0], [3250.9, -3382.9], [3269.1, -3382.3], [3286.9, -3382.4], [3307.9, -3382.9], [3329.2, -3382.3], [3347.6, -3381.6], [3361.1, -3380.8]]}}, {"type": "Feature", "properties": {"op": "add"}, "geometry": {"type": "LineString", "coordinates": [[-12762.0, -890.3], [-12730.1, -887.8], [-12714.3, -885.0], [-12699.1, -879.8], [-12681.8, -869.6], [-12674.4, -869.2], [-12666.7, -871.4], [-12650.9, -873.4], [-12638.7, -876.7], [-12628.2, -882.7], [-12614.1, -890.7], [-12607.4, -894.5], [-12596.1, -898.3], [-12584.8, -891.2], [-12581.3, -875.7], [-12563.8, -839.5], [-12548.5, -821.8], [-12528.2, -802.7], [-12517.3, -790.7], [-12504.1, -761.3], [-12504.8, -749.5], [-12525.3, -740.1], [-12531.0, -735.2], [-12534.3, -733.4], [-12541.9, -731.7], [-12549.2, -722.6], [-12556.6, -713.4], [-12563.1, -708.7], [-12573.6, -702.6], [-12583.1, -690.2], [-12588.2, -679.1], [-12595.0, -664.3], [-12599.4, -653.0], [-12599.9, -645.0], [-12597.3, -637.4], [-12594.9, -629.7], [-12594.6, -625.8], [-12595.2, -613.8], [-12594.7, -593.6], [-12600.2, -579.0], [-12611.5, -562.4], [-12620.0, -553.9], [-12630.2, -547.4], [-12640.0, -540.1], [-12645.3, -534.2], [-12651.1, -523.5], [-12665.0, -509.1], [-12671.9, -506.5], [-12679.5, -504.0], [-12686.7, -500.5], [-12689.9, -498.1], [-12693.0, -487.5], [-12693.2, -491.5], [-12700.5, -494.8], [-12716.4, -491.8], [-12741.2, -516.6], [-12767.2, -535.5], [-12801.5, -530.2], [-12821.9, -537.8], [-12836.6, -544.2], [-12864.3, -543.4], [-12879.5, -554.2], [-12877.9, -568.3], [-12862.4, -579.9], [-12856.3, -589.2], [-12859.6, -604.3], [-12878.0, -624.2], [-12891.5, -632.9], [-12901.8, -644.8], [-12906.7, -660.1], [-12924.3, -691.8], [-12910.9, -724.2], [-12906.0, -772.4], [-12896.0, -789.5], [-12880.5, -807.9], [-12858.4, -824.0], [-12854.9, -826.0], [-12844.5, -832.3], [-12834.5, -838.7], [-12825.1, -845.9], [-12817.3, -854.9], [-12804.1, -870.0], [-12780.5, -884.7]]}}, {"type": "Feature", "properties": {"op": "add"}, "geometry": {"type": "LineString", "coordinates": [[-4647.7, -1213.8], [-4654.7, -1224.5], [-4664.5, -1243.5], [-4674.4, -1252.3], [-4659.4, -1273.0], [-4674.6, -1252.6], [-4683.9, -1259.9], [-4722.1, -1276.8], [-4747.1, -1245.2], [-4719.3, -1214.8], [-4723.5, -1196.9], [-4753.5, -1156.6], [-4793.7, -1167.7], [-4825.5, -1165.9], [-4854.7, -1143.7], [-4870.7, -1124.3], [-4895.5, -1115.6], [-4918.6, -1125.7], [-4934.1, -1170.8], [-4951.3, -1190.3], [-4952.0, -1208.5], [-4960.0, -1231.8], [-4978.8, -1233.7], [-5000.9, -1203.9], [-5002.4, -1188.8], [-4995.2, -1166.8], [-5001.9, -1117.8], [-5014.0, -1111.1], [-5015.5, -1061.2], [-5001.7, -1008.8], [-4988.9, -979.9], [-4985.7, -962.8], [-4975.8, -968.9], [-4967.3, -975.3], [-4953.2, -985.8], [-4921.0, -957.7], [-4934.3, -939.6], [-4956.2, -913.5], [-4940.7, -931.7], [-4903.9, -976.8], [-4893.2, -989.3], [-4912.4, -966.1], [-4882.1, -941.4], [-4860.6, -944.0], [-4851.6, -941.6], [-4823.2, -1024.6], [-4781.0, -1027.2], [-4760.9, -1045.6], [-4739.0, -1074.9], [-4735.9, -1122.1], [-4745.1, -1154.7], [-4734.3, -1178.2], [-4714.8, -1202.7], [-4687.4, -1196.1], [-4652.9, -1200.3]]}}, {"type": "Feature", "properties": {"op": "add"}, "geometry": {"type": "LineString", "coordinates": [[-4998.0, -1167.0], [-4958.4, -1199.3], [-4914.9, -1245.3], [-4869.5, -1265.4], [-4801.3, -1277.1], [-4748.6, -1271.1], [-4690.7, -1234.5], [-4641.9, -1179.7], [-4625.0, -1143.8], [-4627.1, -1056.0], [-4635.3, -1023.2], [-4674.6, -976.7], [-4747.2, -991.1], [-4787.8, -1029.7], [-4807.0, -1028.6], [-4813.8, -1071.0], [-4838.9, -1087.6], [-4871.8, -1089.7], [-4872.7, -1119.3], [-4828.6, -1165.4], [-4769.7, -1163.8], [-4740.4, -1137.9], [-4734.6, -1088.4], [-4772.8, -1023.5], [-4747.0, -990.8], [-4690.8, -972.0], [-4701.2, -927.2], [-4768.3, -906.3], [-4786.8, -906.6], [-4811.8, -905.4], [-4833.1, -904.3], [-4871.0, -912.9], [-4921.6, -954.8], [-4981.5, -1008.1], [-4991.1, -1039.6], [-4992.6, -1059.6], [-4995.8, -1090.8], [-4997.7, -1116.2]]}}, {"type": "Feature", "properties": {"op": "add"}, "geometry": {"type": "LineString", "coordinates": [[-11342.8, -399.5], [-11350.1, -387.9], [-11366.8, -365.9], [-11374.3, -339.9], [-11381.1, -319.0], [-11390.0, -292.7], [-11402.0, -287.8], [-11415.1, -286.1], [-11437.0, -288.2], [-11476.3, -290.1], [-11492.2, -302.5], [-11522.3, -326.5], [-11549.5, -321.6], [-11577.0, -298.5], [-11591.1, -287.2], [-11612.4, -274.2], [-11618.6, -270.3], [-11645.5, -253.2], [-11681.6, -230.8], [-11696.3, -221.4], [-11723.6, -195.0], [-11738.2, -170.6], [-11754.5, -141.7], [-11775.5, -104.2], [-11790.9, -69.6], [-11793.6, -67.3], [-11810.9, -53.7], [-11825.3, -45.0], [-11866.3, -43.1], [-11894.9, -44.4], [-11922.9, -60.5], [-11935.3, -68.5], [-11958.6, -84.7], [-11996.2, -110.7], [-12012.8, -121.2], [-12048.6, -124.5], [-12077.2, -129.7], [-12100.7, -151.1], [-12119.6, -174.7], [-12130.0, -200.6], [-12161.1, -246.4], [-12176.0, -282.5], [-12175.4, -311.7], [-12167.9, -349.6], [-12160.0, -387.2], [-12162.9, -434.9], [-12189.9, -477.6], [-12218.7, -531.2], [-12257.7, -570.0], [-12281.1, -577.4], [-12304.0, -583.4], [-12347.3, -582.9], [-12379.7, -581.3], [-12410.5, -575.4], [-12435.6, -552.5], [-12444.3, -512.0], [-12448.3, -469.3], [-12458.1, -436.6], [-12473.3, -411.8], [-12503.7, -392.0], [-12554.3, -382.2], [-12577.9, -380.0], [-12605.6, -378.8], [-12654.8, -376.2], [-12683.1, -376.3], [-12727.9, -376.6], [-12762.0, -372.4], [-12793.1, -346.5], [-12817.2, -309.3], [-12838.2, -291.1], [-12860.0, -278.5], [-12880.2, -265.6], [-12896.3, -252.6], [-12909.9, -245.9], [-12922.1, -253.8], [-12940.9, -245.5], [-12970.0, -236.1], [-12994.0, -226.6], [-13034.9, -214.2], [-13059.3, -207.8], [-13122.6, -187.2], [-13153.9, -180.4], [-13180.4, -174.5], [-13201.7, -167.9], [-13216.9, -147.2], [-13245.9, -134.5], [-13248.3, -100.9], [-13248.2, -56.5], [-13251.9, -7.2], [-13300.6, 36.6], [-13334.5, 79.2], [-13385.6, 82.3], [-13424.2, 87.0], [-13474.5, 87.4], [-13513.6, 86.3], [-13564.6, 87.1], [-13600.4, 88.3], [-13638.8, 88.0], [-13660.1, 108.8], [-13677.5, 119.8], [-13708.8, 122.4], [-13748.1, 153.0], [-13762.0, 180.3], [-13798.2, 211.5], [-13813.8, 223.8], [-13831.1, 245.1], [-13882.3, 252.4], [-13905.1, 256.3], [-13926.3, 284.3], [-13982.3, 282.1], [-14011.9, 280.1], [-14030.0, 275.0], [-14055.7, 266.9], [-14076.5, 259.4], [-14097.7, 255.2], [-14126.2, 251.5], [-14137.8, 249.4], [-14171.7, 243.9], [-14207.9, 242.2], [-14219.4, 244.8], [-14232.5, 254.1], [-14243.4, 278.9], [-14246.6, 302.8], [-14243.0, 267.5], [-14229.9, 246.7], [-14195.5, 241.2], [-14153.4, 245.9], [-14119.9, 251.2], [-14084.9, 256.2], [-14042.9, 268.8], [-14009.6, 279.2], [-13977.0, 282.5], [-13948.5, 283.5], [-13928.3, 283.7], [-13906.2, 257.8], [-13825.4, 240.7], [-13779.9, 193.8], [-13757.9, 171.4], [-13738.9, 142.3], [-13708.4, 121.5], [-13669.5, 116.3], [-13638.0, 86.1], [-13586.0, 85.7], [-13541.1, 85.1], [-13476.8, 85.5], [-13413.7, 86.8], [-13371.1, 77.3], [-13324.0, 77.1], [-13317.1, 45.5], [-13297.3, 25.1], [-13255.6, -2.1], [-13248.4, -32.4], [-13247.6, -80.3], [-13249.3, -133.5], [-13212.7, -150.3], [-13200.4, -168.9], [-13159.7, -182.5], [-13131.3, -184.7], [-13093.2, -197.7], [-13049.0, -213.0], [-13029.1, -210.4], [-13010.2, -220.1], [-12976.0, -237.9], [-12942.2, -243.8], [-12921.1, -253.7], [-12901.9, -248.0], [-12850.7, -285.0], [-12824.3, -302.9], [-12790.1, -350.8], [-12748.6, -376.1], [-12697.7, -377.1], [-12657.8, -376.5], [-12606.0, -379.7], [-12558.9, -382.8], [-12518.0, -386.9], [-12488.0, -401.8], [-12460.5, -434.0], [-12448.3, -468.4], [-12442.0, -533.8], [-12420.6, -566.7], [-12394.1, -583.7], [-12360.3, -584.5], [-12338.6, -585.3], [-12301.3, -585.2], [-12272.4, -576.2], [-12243.8, -564.6], [-12215.4, -529.7], [-12195.0, -489.8], [-12158.2, -427.3], [-12158.1, -396.4], [-12160.1, -386.5], [-12165.8, -357.8], [-12175.0, -313.0], [-12175.8, -290.1], [-12166.2, -257.6], [-12146.3, -224.0], [-12131.8, -199.4], [-12101.5, -154.1], [-12067.3, -125.3], [-12028.0, -125.9], [-11996.5, -110.9], [-11969.7, -93.1], [-11933.9, -68.4], [-11909.5, -52.0], [-11870.5, -43.5], [-11832.7, -46.0], [-11804.7, -56.1], [-11785.8, -84.4], [-11775.3, -104.4], [-11759.1, -133.1], [-11738.5, -171.2], [-11717.0, -206.0], [-11682.7, -230.1], [-11657.6, -246.5], [-11618.7, -271.0], [-11585.1, -292.9], [-11543.3, -326.9], [-11508.7, -317.7], [-11485.8, -297.0], [-11473.1, -291.2], [-11436.0, -287.9], [-11419.9, -287.6], [-11393.0, -287.7], [-11384.2, -310.6], [-11376.0, -337.3], [-11356.8, -382.3]]}}, {"type": "Feature", "properties": {"op": "add"}, "geometry": {"type": "LineString", "coordinates": [[-4957.6, 72.5], [-4950.6, 39.0], [-4952.3, -28.4], [-4945.9, -98.4], [-4923.9, -131.7], [-4916.6, -207.0], [-4913.9, -307.8], [-4928.4, -338.4], [-4970.3, -373.6], [-5118.8, -384.3], [-5189.6, -415.6], [-5232.2, -473.1], [-5251.9, -482.6], [-5232.2, -473.1], [-5189.6, -415.6], [-5118.8, -384.3], [-4970.3, -373.6], [-4928.4, -338.4], [-4913.9, -307.8], [-4916.6, -207.0], [-4923.9, -131.7], [-4945.9, -98.4], [-4952.3, -28.4], [-4950.6, 39.0]]}}, {"type": "Feature", "properties": {"op": "add"}, "geometry": {"type": "LineString", "coordinates": [[-4956.1, 72.5], [-4949.2, -34.3], [-4942.6, -101.0], [-4919.6, -128.8]]}}, {"type": "Feature", "properties": {"op": "add"}, "geometry": {"type": "LineString", "coordinates": [[-4910.8, -303.4], [-4924.8, -339.3], [-4971.1, -378.5], [-5115.2, -387.9], [-5189.6, -420.5], [-5230.2, -475.8], [-5250.2, -485.9], [-5230.2, -475.8], [-5115.2, -387.9], [-4971.1, -378.5], [-4924.8, -339.3], [-4910.8, -303.4]]}}, {"type": "Feature", "properties": {"op": "add"}, "geometry": {"type": "LineString", "coordinates": [[-4919.6, -128.8], [-4942.6, -101.0], [-4949.2, -34.3]]}}, {"type": "Feature", "properties": {"op": "add"}, "geometry": {"type": "LineString", "coordinates": [[-12663.6, -508.9], [-12640.7, -540.5], [-12616.7, -554.3], [-12605.3, -572.4], [-12593.4, -587.8], [-12596.4, -635.3], [-12601.9, -650.5], [-12588.7, -677.0], [-12574.3, -701.7], [-12555.6, -712.7], [-12540.6, -722.3], [-12536.7, -723.1], [-12532.8, -724.1], [-12527.8, -730.4], [-12519.3, -738.9], [-12512.8, -743.3], [-12506.4, -747.9], [-12504.5, -751.2], [-12504.5, -759.2], [-12508.4, -770.6], [-12512.6, -782.1], [-12516.0, -789.5], [-12521.6, -795.1], [-12524.7, -797.6], [-12528.8, -808.9], [-12529.8, -812.7], [-12536.3, -817.1], [-12542.5, -821.9], [-12553.6, -833.3], [-12562.2, -841.6], [-12570.4, -850.2], [-12574.5, -857.0], [-12580.4, -872.1], [-12581.4, -886.5], [-12584.0, -889.6], [-12589.7, -895.2], [-12592.9, -897.1], [-12604.7, -895.8], [-12615.9, -891.2], [-12625.2, -883.7], [-12635.8, -877.8], [-12655.5, -873.4], [-12667.4, -871.2], [-12679.4, -870.9], [-12686.6, -873.6], [-12705.1, -881.3], [-12728.6, -886.7], [-12768.8, -888.4], [-12784.3, -885.8], [-12798.3, -878.6], [-12806.5, -869.7], [-12813.9, -860.7], [-12837.7, -839.6], [-12858.8, -823.8], [-12855.0, -824.0], [-12851.0, -823.2], [-12841.3, -816.4], [-12838.6, -813.5], [-12830.3, -805.4], [-12816.4, -797.6], [-12802.2, -789.8], [-12790.0, -779.4], [-12779.7, -766.8], [-12770.9, -758.7], [-12756.5, -752.0], [-12745.7, -746.6], [-12737.3, -737.9], [-12732.5, -727.3], [-12727.8, -703.4], [-12724.0, -688.0], [-12721.6, -680.7], [-12712.4, -663.8], [-12707.8, -649.8], [-12708.2, -634.0], [-12709.6, -614.0], [-12711.2, -585.8], [-12716.1, -558.1], [-12721.2, -542.9], [-12729.9, -529.3], [-12734.8, -518.3], [-12734.6, -510.7], [-12728.5, -500.5], [-12719.4, -487.5], [-12712.5, -478.0], [-12704.8, -467.6], [-12701.2, -469.0], [-12694.1, -478.8], [-12691.8, -498.8]]}}, {"type": "Feature", "properties": {"op": "add"}, "geometry": {"type": "LineString", "coordinates": [[-11924.9, -2665.3], [-11909.2, -2663.1], [-11895.7, -2655.5], [-11870.4, -2635.8], [-11859.3, -2624.2], [-11838.4, -2615.1], [-11825.5, -2608.6], [-11816.3, -2589.0], [-11802.1, -2572.3], [-11788.0, -2564.4], [-11766.8, -2552.8], [-11746.4, -2528.4], [-11730.3, -2510.7], [-11720.2, -2499.1], [-11691.2, -2468.8], [-11710.1, -2484.1], [-11719.3, -2496.7], [-11734.5, -2514.5], [-11754.2, -2539.8], [-11771.6, -2555.6], [-11793.0, -2566.9], [-11806.5, -2575.3], [-11817.0, -2594.0], [-11829.8, -2611.8], [-11843.8, -2615.8], [-11862.8, -2628.3], [-11880.8, -2643.7], [-11899.5, -2658.6], [-11914.0, -2663.7], [-11936.6, -2669.6], [-11952.0, -2669.0], [-11958.3, -2665.3], [-11976.6, -2652.0], [-11989.2, -2648.9], [-11997.1, -2647.7], [-12010.6, -2651.0], [-12016.5, -2664.6], [-12012.6, -2690.8], [-12013.3, -2712.0], [-12023.0, -2722.8], [-12058.6, -2725.9], [-12042.8, -2727.2], [-12021.0, -2721.8], [-12012.9, -2709.8], [-12015.4, -2677.1], [-12016.3, -2662.6], [-12014.8, -2655.2], [-12002.5, -2647.9], [-11987.5, -2649.1], [-11974.4, -2652.7], [-11961.4, -2660.6], [-11949.5, -2669.6], [-11934.4, -2668.8]]}}, {"type": "Feature", "properties": {"op": "add"}, "geometry": {"type": "LineString", "coordinates": [[7295.0, -2418.7], [7316.0, -2331.5], [7271.8, -2271.5], [7186.2, -2218.5], [7113.2, -2164.3], [7078.0, -2063.1], [7073.2, -1983.4], [7061.5, -1885.9], [7033.3, -1826.8], [6999.9, -1784.0], [6954.9, -1747.0], [6933.9, -1720.7], [6932.7, -1687.3], [6952.5, -1663.8], [7002.8, -1651.7], [7026.5, -1649.2]]}}, {"type": "Feature", "properties": {"op": "add"}, "geometry": {"type": "LineString", "coordinates": [[-5367.3, 285.6], [-5376.4, 307.4], [-5430.0, 311.8], [-5459.0, 288.2], [-5481.1, 284.9], [-5505.7, 286.1], [-5534.3, 276.8], [-5587.7, 287.2], [-5633.0, 280.5], [-5702.1, 274.9], [-5746.1, 231.6], [-5753.6, 142.7], [-5757.7, 112.7], [-5753.6, 142.7], [-5746.1, 231.6], [-5702.1, 274.9], [-5633.0, 280.5], [-5587.7, 287.2], [-5534.3, 276.8], [-5505.7, 286.1], [-5481.1, 284.9], [-5459.0, 288.2], [-5430.0, 311.8], [-5376.4, 307.4], [-5365.6, 290.7], [-5346.0, 284.4], [-5336.3, 255.6], [-5346.0, 284.4], [-5365.6, 290.7]]}}, {"type": "Feature", "properties": {"op": "add"}, "geometry": {"type": "LineString", "coordinates": [[-8184.3, -813.3], [-8170.2, -799.0], [-8155.8, -784.4], [-8149.0, -768.2], [-8142.0, -751.5], [-8135.1, -734.9], [-8121.9, -745.8], [-8108.6, -756.6], [-8085.3, -769.1], [-8070.0, -772.8], [-8054.8, -776.5], [-8039.1, -780.3], [-8023.4, -784.0], [-8008.1, -797.3], [-7992.7, -810.4], [-7984.1, -829.9], [-7975.6, -849.5], [-7964.4, -865.6], [-7953.4, -881.6], [-7955.4, -893.6], [-7955.4, -894.6], [-7948.3, -903.7], [-7947.0, -917.2], [-7951.4, -934.6], [-7955.9, -951.9], [-7946.3, -972.0], [-7936.8, -992.2], [-7913.9, -1003.5], [-7891.0, -1014.7], [-7913.9, -1003.5], [-7936.8, -992.2], [-7946.3, -972.0], [-7955.9, -951.9], [-7951.4, -934.6], [-7947.0, -917.2], [-7948.3, -903.7], [-7949.8, -885.1], [-7953.4, -881.6], [-7964.4, -865.6], [-7975.6, -849.5], [-7984.1, -829.9], [-7992.7, -810.4], [-8008.1, -797.3], [-8023.4, -784.0], [-8039.1, -780.3], [-8054.8, -776.5], [-8070.0, -772.8], [-8085.3, -769.1], [-8108.6, -756.6], [-8121.9, -745.8], [-8135.1, -734.9], [-8142.0, -751.5], [-8149.0, -768.2], [-8155.8, -784.4], [-8170.2, -799.0]]}}, {"type": "Feature", "properties": {"op": "add"}, "geometry": {"type": "LineString", "coordinates": [[-5508.9, -1966.9], [-5510.6, -2000.0], [-5507.0, -2033.7], [-5508.0, -2027.8], [-5510.6, -2000.0], [-5508.9, -1966.9], [-5492.4, -1933.0], [-5493.7, -1900.0], [-5512.4, -1866.3], [-5514.8, -1834.0], [-5513.1, -1800.1], [-5510.0, -1767.3], [-5511.7, -1733.2], [-5521.1, -1700.0], [-5533.7, -1690.2], [-5542.8, -1683.5], [-5544.9, -1666.2], [-5551.4, -1632.8], [-5560.2, -1613.2], [-5554.9, -1584.2], [-5568.6, -1553.5], [-5600.8, -1544.4], [-5613.1, -1514.6], [-5612.3, -1519.1], [-5600.8, -1544.4], [-5568.6, -1553.5], [-5554.9, -1584.2], [-5560.2, -1613.2], [-5551.4, -1632.8], [-5544.9, -1666.2], [-5542.8, -1683.5], [-5533.7, -1690.2], [-5521.1, -1700.0], [-5511.7, -1733.2], [-5510.0, -1767.3], [-5513.1, -1800.1], [-5514.8, -1834.0], [-5512.4, -1866.3], [-5493.7, -1900.0], [-5492.4, -1933.0]]}}, {"type": "Feature", "properties": {"op": "add"}, "geometry": {"type": "LineString", "coordinates": [[-7772.9, -2442.8], [-7785.4, -2428.7], [-7799.2, -2423.2], [-7816.1, -2432.1], [-7833.1, -2441.3], [-7860.4, -2451.3], [-7891.2, -2454.1], [-7909.8, -2455.7], [-7933.6, -2457.8], [-7956.2, -2460.3], [-7994.2, -2468.2], [-8007.2, -2470.8], [-8026.0, -2477.0], [-8050.7, -2499.8], [-8080.4, -2529.4], [-8097.6, -2566.5], [-8105.3, -2581.8], [-8126.1, -2609.6], [-8144.1, -2643.1], [-8143.4, -2671.1], [-8141.1, -2709.8], [-8121.6, -2749.7], [-8097.4, -2772.8], [-8075.2, -2791.6], [-8057.5, -2821.5], [-8001.1, -2841.9], [-7974.6, -2846.3], [-7938.0, -2846.8], [-7901.2, -2847.9], [-7877.1, -2848.7], [-7861.4, -2849.8], [-7844.6, -2853.4], [-7805.0, -2870.9], [-7808.3, -2885.8], [-7802.0, -2893.3], [-7798.7, -2912.8], [-7762.1, -2911.0], [-7736.4, -2907.2], [-7719.4, -2895.6], [-7703.4, -2880.1], [-7679.1, -2857.0], [-7631.8, -2812.5], [-7631.1, -2787.2], [-7617.8, -2733.7], [-7615.4, -2700.5], [-7614.6, -2685.8], [-7613.5, -2661.3], [-7613.3, -2643.8], [-7615.3, -2630.9], [-7619.1, -2608.1], [-7620.1, -2573.8], [-7631.2, -2559.0], [-7640.2, -2536.1], [-7651.0, -2520.8], [-7663.1, -2510.2], [-7687.2, -2507.1], [-7695.9, -2502.7], [-7711.9, -2486.6], [-7720.6, -2478.3], [-7739.1, -2462.1], [-7745.4, -2452.8], [-7757.2, -2443.1]]}}, {"type": "Feature", "properties": {"op": "add"}, "geometry": {"type": "LineString", "coordinates": [[-7028.8, -981.9], [-7021.7, -994.3], [-7013.2, -1017.2], [-7004.3, -1031.1], [-6979.8, -1038.1], [-6962.0, -1039.5], [-6947.2, -1040.7], [-6933.2, -1033.8], [-6921.7, -1023.9], [-6911.0, -1024.1], [-6899.9, -1032.9], [-6893.8, -1041.2], [-6884.6, -1040.2], [-6872.6, -1033.3], [-6867.9, -1040.2], [-6863.8, -1040.4], [-6849.2, -1043.5], [-6827.7, -1058.2], [-6803.5, -1066.5], [-6785.8, -1072.8], [-6780.1, -1076.3], [-6771.6, -1087.7], [-6783.6, -1103.9], [-6792.1, -1115.5], [-6790.0, -1126.9], [-6787.8, -1138.6], [-6781.0, -1146.2], [-6774.2, -1153.9], [-6766.0, -1163.0], [-6761.3, -1172.0], [-6754.1, -1185.8], [-6743.5, -1194.7], [-6733.5, -1198.9], [-6725.4, -1208.1], [-6718.5, -1215.9], [-6715.9, -1207.5], [-6716.9, -1194.4], [-6720.1, -1188.1], [-6715.1, -1181.8], [-6712.6, -1173.7], [-6701.7, -1163.7], [-6697.3, -1155.3], [-6687.9, -1148.5], [-6674.2, -1146.9], [-6669.9, -1157.1], [-6662.0, -1168.2], [-6656.8, -1182.2], [-6658.5, -1189.0], [-6657.2, -1204.0], [-6659.6, -1217.3], [-6655.9, -1225.5], [-6648.7, -1228.1], [-6642.1, -1223.9], [-6637.7, -1222.2], [-6635.2, -1219.7], [-6628.1, -1214.7], [-6621.7, -1214.6], [-6617.5, -1216.1], [-6616.0, -1214.6], [-6612.5, -1213.5], [-6608.1, -1214.1], [-6603.4, -1215.9], [-6604.9, -1222.8], [-6603.9, -1229.5], [-6604.3, -1239.7], [-6604.7, -1249.7], [-6605.2, -1262.0], [-6605.4, -1268.2], [-6605.7, -1274.8], [-6604.5, -1281.0], [-6606.0, -1289.5], [-6604.5, -1297.7], [-6606.4, -1304.9], [-6612.0, -1307.4], [-6614.9, -1302.3], [-6612.4, -1296.0], [-6612.8, -1290.8], [-6615.3, -1285.7], [-6618.6, -1278.8], [-6622.7, -1270.4], [-6625.8, -1267.4], [-6632.0, -1270.7], [-6633.2, -1275.5], [-6636.3, -1280.0], [-6638.1, -1286.3], [-6640.4, -1294.4], [-6645.6, -1301.1], [-6650.0, -1304.8], [-6657.6, -1303.0], [-6668.4, -1300.5], [-6677.7, -1298.2], [-6680.6, -1288.9], [-6685.2, -1277.8], [-6691.5, -1262.7], [-6695.9, -1252.0], [-6700.3, -1241.4], [-6697.6, -1230.2], [-6700.9, -1215.7], [-6705.7, -1204.3], [-6709.5, -1195.1], [-6708.3, -1183.1], [-6707.0, -1169.2], [-6702.5, -1157.6], [-6696.6, -1142.5], [-6690.9, -1127.8], [-6688.7, -1114.4], [-6686.7, -1102.5], [-6693.4, -1089.8], [-6699.4, -1078.1], [-6706.0, -1065.6], [-6714.8, -1048.7], [-6728.1, -1042.9], [-6744.9, -1035.6], [-6763.5, -1032.4], [-6781.5, -1029.3], [-6794.5, -1029.8], [-6804.9, -1030.2], [-6818.3, -1030.8], [-6830.5, -1026.9], [-6838.4, -1012.2], [-6851.4, -1002.3], [-6864.3, -1001.1], [-6869.1, -1001.1], [-6875.2, -1001.1], [-6884.0, -998.4], [-6892.3, -996.0], [-6900.2, -993.6], [-6906.3, -985.5], [-6911.8, -978.0], [-6919.0, -978.7], [-6929.2, -981.9], [-6940.1, -990.6], [-6947.4, -1011.1], [-6954.3, -1019.4], [-6968.7, -1021.4], [-6988.9, -1033.9], [-7006.0, -1048.6], [-7020.5, -1048.7], [-7037.6, -1034.9], [-7071.2, -1030.0], [-7098.7, -1036.1], [-7118.7, -1033.4], [-7142.0, -1018.8], [-7137.8, -1010.5], [-7136.2, -996.6], [-7122.5, -991.4], [-7101.9, -1001.1], [-7086.4, -1001.0], [-7079.3, -1012.9], [-7072.5, -1025.5], [-7055.7, -1019.9], [-7041.5, -1015.2], [-7033.4, -1004.1], [-7031.8, -996.2], [-7030.5, -987.9]]}}, {"type": "Feature", "properties": {"op": "add"}, "geometry": {"type": "LineString", "coordinates": [[-7141.2, -2395.5], [-7156.8, -2410.4], [-7171.2, -2425.7], [-7183.6, -2444.4], [-7187.9, -2479.8], [-7189.8, -2500.7], [-7191.3, -2532.2], [-7188.0, -2561.1], [-7191.3, -2579.7], [-7182.6, -2615.9], [-7169.3, -2632.2], [-7141.9, -2664.0], [-7114.0, -2695.4], [-7097.7, -2727.8], [-7098.3, -2753.4], [-7107.7, -2783.7], [-7108.9, -2829.2], [-7105.9, -2860.6], [-7099.9, -2902.1], [-7095.5, -2933.3], [-7092.2, -2958.1], [-7086.5, -2999.7], [-7085.4, -3031.1], [-7085.8, -3073.1], [-7086.4, -3115.1], [-7088.0, -3157.1], [-7093.2, -3185.2], [-7095.3, -3221.2], [-7079.4, -3243.4], [-7095.7, -3276.9], [-7112.4, -3303.6], [-7112.0, -3332.6], [-7106.8, -3352.9], [-7096.8, -3404.4], [-7092.4, -3446.1], [-7088.7, -3487.9], [-7084.5, -3529.7], [-7082.1, -3550.6], [-7063.2, -3590.3], [-7049.0, -3609.9], [-7038.7, -3607.7], [-7008.3, -3599.9], [-6975.0, -3575.2], [-6955.9, -3550.1], [-6930.9, -3516.3], [-6911.8, -3491.3], [-6893.0, -3466.1], [-6874.2, -3440.8], [-6862.1, -3423.6], [-6840.7, -3390.7], [-6800.4, -3378.7], [-6769.9, -3386.6], [-6740.1, -3384.9], [-6722.1, -3368.0], [-6704.5, -3341.9], [-6699.2, -3314.9], [-6696.8, -3294.0], [-6704.0, -3260.8], [-6722.4, -3237.1], [-6743.6, -3213.8], [-6764.3, -3175.8], [-6776.5, -3146.7], [-6788.8, -3117.7], [-6801.0, -3088.7], [-6819.9, -3043.8], [-6840.5, -3007.1], [-6852.5, -2989.9], [-6873.2, -2960.2], [-6886.0, -2939.6], [-6878.7, -2919.9], [-6871.1, -2900.3], [-6867.4, -2890.5], [-6862.3, -2862.9], [-6862.8, -2850.3], [-6859.6, -2833.7], [-6847.8, -2801.5], [-6842.7, -2781.2], [-6835.1, -2750.6], [-6832.2, -2731.2], [-6830.4, -2710.3], [-6830.6, -2694.1], [-6833.0, -2675.0], [-6836.7, -2654.3], [-6854.5, -2618.5], [-6853.1, -2597.6], [-6851.0, -2561.2], [-6860.4, -2556.6], [-6882.7, -2545.9], [-6897.4, -2530.9], [-6919.3, -2513.6], [-6942.5, -2479.7], [-6954.3, -2462.3], [-6970.6, -2433.0], [-6970.4, -2409.9], [-6976.3, -2406.8], [-7008.3, -2390.2], [-7036.4, -2366.1], [-7066.5, -2369.1], [-7106.5, -2367.3], [-7113.9, -2372.1], [-7122.8, -2379.0]]}}, {"type": "Feature", "properties": {"op": "add"}, "geometry": {"type": "LineString", "coordinates": [[-7135.3, -2398.7], [-7146.0, -2405.7], [-7159.7, -2413.3], [-7172.4, -2429.0], [-7182.1, -2447.6], [-7184.6, -2460.0], [-7190.2, -2500.9], [-7193.2, -2526.4], [-7189.3, -2540.5], [-7192.2, -2586.0], [-7186.9, -2609.4], [-7182.4, -2629.9], [-7160.2, -2655.0], [-7151.7, -2661.2], [-7126.0, -2679.5], [-7105.3, -2703.2], [-7100.8, -2717.7], [-7101.8, -2754.4], [-7107.8, -2774.5], [-7107.8, -2812.4], [-7111.1, -2834.5], [-7119.4, -2864.8], [-7112.3, -2883.0], [-7098.9, -2908.4], [-7092.9, -2937.1], [-7086.4, -2967.9], [-7080.6, -2998.9], [-7079.2, -3040.8], [-7082.1, -3072.2], [-7086.7, -3112.9], [-7087.7, -3154.8], [-7091.1, -3178.1], [-7095.7, -3209.2], [-7088.9, -3242.6], [-7091.3, -3286.0], [-7097.0, -3306.2], [-7099.6, -3316.4], [-7105.1, -3347.4], [-7105.7, -3373.9], [-7097.7, -3421.1], [-7089.1, -3466.5], [-7087.3, -3497.9], [-7083.5, -3539.7], [-7076.1, -3567.8], [-7046.3, -3608.0], [-7030.4, -3602.4], [-6998.8, -3574.9], [-6967.5, -3546.8], [-6943.2, -3526.7], [-6915.9, -3498.0], [-6890.4, -3468.7], [-6875.9, -3453.5], [-6860.1, -3439.8], [-6835.5, -3420.1], [-6813.0, -3399.2], [-6798.1, -3381.1], [-6773.8, -3386.7], [-6744.9, -3384.9], [-6716.0, -3355.0], [-6698.1, -3321.6], [-6696.8, -3311.2], [-6702.2, -3261.8], [-6723.7, -3235.2], [-6750.2, -3205.9], [-6771.2, -3157.8], [-6787.5, -3132.6], [-6803.6, -3094.7], [-6816.1, -3054.6], [-6839.6, -3007.7], [-6851.8, -2990.5], [-6872.4, -2964.2], [-6882.7, -2937.7], [-6872.1, -2915.9], [-6867.0, -2899.0], [-6865.0, -2888.7], [-6863.0, -2848.1], [-6858.1, -2831.4], [-6848.4, -2809.5], [-6841.6, -2778.8], [-6837.8, -2758.1], [-6834.4, -2726.8], [-6839.9, -2698.4], [-6842.1, -2679.6], [-6838.8, -2660.8], [-6846.8, -2632.0], [-6854.0, -2612.0], [-6851.0, -2561.4], [-6866.8, -2552.6], [-6882.5, -2544.7], [-6905.9, -2523.6], [-6925.1, -2507.5], [-6941.6, -2479.7], [-6958.7, -2455.8], [-6969.8, -2434.4], [-6970.2, -2407.8], [-6992.6, -2400.8], [-7009.3, -2386.8], [-7039.8, -2366.5], [-7059.2, -2365.9], [-7093.3, -2368.0], [-7114.1, -2374.5], [-7116.4, -2388.3]]}}, {"type": "Feature", "properties": {"op": "add"}, "geometry": {"type": "LineString", "coordinates": [[-7141.2, -2395.5], [-7156.8, -2410.4], [-7171.2, -2425.7], [-7183.6, -2444.4], [-7187.9, -2479.8], [-7189.8, -2500.7], [-7191.3, -2532.2], [-7188.0, -2561.1], [-7191.3, -2579.7], [-7182.6, -2615.9], [-7169.3, -2632.2], [-7141.9, -2664.0], [-7114.0, -2695.4], [-7097.7, -2727.8], [-7098.3, -2753.4], [-7107.7, -2783.7], [-7108.9, -2829.2], [-7105.9, -2860.6], [-7099.9, -2902.1], [-7095.5, -2933.3], [-7092.2, -2958.1], [-7086.5, -2999.7], [-7085.4, -3031.1], [-7085.8, -3073.1], [-7086.4, -3115.1], [-7088.0, -3157.1], [-7093.2, -3185.2], [-7095.3, -3221.2], [-7079.4, -3243.4], [-7095.7, -3276.9], [-7112.4, -3303.6], [-7112.0, -3332.6], [-7106.8, -3352.9], [-7096.8, -3404.4], [-7092.4, -3446.1], [-7088.7, -3487.9], [-7084.5, -3529.7], [-7082.1, -3550.6], [-7063.2, -3590.3], [-7049.0, -3609.9], [-7038.7, -3607.7], [-7008.3, -3599.9], [-6975.0, -3575.2], [-6955.9, -3550.1], [-6930.9, -3516.3], [-6911.8, -3491.3], [-6893.0, -3466.1], [-6874.2, -3440.8], [-6862.1, -3423.6], [-6840.7, -3390.7], [-6800.4, -3378.7], [-6769.9, -3386.6], [-6740.1, -3384.9], [-6722.1, -3368.0], [-6704.5, -3341.9], [-6699.2, -3314.9], [-6696.8, -3294.0], [-6704.0, -3260.8], [-6722.4, -3237.1], [-6743.6, -3213.8], [-6764.3, -3175.8], [-6776.5, -3146.7], [-6788.8, -3117.7], [-6801.0, -3088.7], [-6819.9, -3043.8], [-6840.5, -3007.1], [-6852.5, -2989.9], [-6873.2, -2960.2], [-6886.0, -2939.6], [-6878.7, -2919.9], [-6871.1, -2900.3], [-6867.4, -2890.5], [-6862.3, -2862.9], [-6862.8, -2850.3], [-6859.6, -2833.7], [-6847.8, -2801.5], [-6842.7, -2781.2], [-6835.1, -2750.6], [-6832.2, -2731.2], [-6830.4, -2710.3], [-6830.6, -2694.1], [-6833.0, -2675.0], [-6836.7, -2654.3], [-6854.5, -2618.5], [-6853.1, -2597.6], [-6851.0, -2561.2], [-6860.4, -2556.6], [-6882.7, -2545.9], [-6897.4, -2530.9], [-6919.3, -2513.6], [-6942.5, -2479.7], [-6954.3, -2462.3], [-6970.6, -2433.0], [-6970.4, -2409.9], [-6976.3, -2406.8], [-7008.3, -2390.2], [-7036.4, -2366.1], [-7066.5, -2369.1], [-7106.5, -2367.3], [-7113.9, -2372.1], [-7122.8, -2379.0]]}}, {"type": "Feature", "properties": {"op": "add"}, "geometry": {"type": "LineString", "coordinates": [[-7135.3, -2398.7], [-7146.0, -2405.7], [-7159.7, -2413.3], [-7172.4, -2429.0], [-7182.1, -2447.6], [-7184.6, -2460.0], [-7190.2, -2500.9], [-7193.2, -2526.4], [-7189.3, -2540.5], [-7192.2, -2586.0], [-7186.9, -2609.4], [-7182.4, -2629.9], [-7160.2, -2655.0], [-7151.7, -2661.2], [-7126.0, -2679.5], [-7105.3, -2703.2], [-7100.8, -2717.7], [-7101.8, -2754.4], [-7107.8, -2774.5], [-7107.8, -2812.4], [-7111.1, -2834.5], [-7119.4, -2864.8], [-7112.3, -2883.0], [-7098.9, -2908.4], [-7092.9, -2937.1], [-7086.4, -2967.9], [-7080.6, -2998.9], [-7079.2, -3040.8], [-7082.1, -3072.2], [-7086.7, -3112.9], [-7087.7, -3154.8], [-7091.1, -3178.1], [-7095.7, -3209.2], [-7088.9, -3242.6], [-7091.3, -3286.0], [-7097.0, -3306.2], [-7099.6, -3316.4], [-7105.1, -3347.4], [-7105.7, -3373.9], [-7097.7, -3421.1], [-7089.1, -3466.5], [-7087.3, -3497.9], [-7083.5, -3539.7], [-7076.1, -3567.8], [-7046.3, -3608.0], [-7030.4, -3602.4], [-6998.8, -3574.9], [-6967.5, -3546.8], [-6943.2, -3526.7], [-6915.9, -3498.0], [-6890.4, -3468.7], [-6875.9, -3453.5], [-6860.1, -3439.8], [-6835.5, -3420.1], [-6813.0, -3399.2], [-6798.1, -3381.1], [-6773.8, -3386.7], [-6744.9, -3384.9], [-6716.0, -3355.0], [-6698.1, -3321.6], [-6696.8, -3311.2], [-6702.2, -3261.8], [-6723.7, -3235.2], [-6750.2, -3205.9], [-6771.2, -3157.8], [-6787.5, -3132.6], [-6803.6, -3094.7], [-6816.1, -3054.6], [-6839.6, -3007.7], [-6851.8, -2990.5], [-6872.4, -2964.2], [-6882.7, -2937.7], [-6872.1, -2915.9], [-6867.0, -2899.0], [-6865.0, -2888.7], [-6863.0, -2848.1], [-6858.1, -2831.4], [-6848.4, -2809.5], [-6841.6, -2778.8], [-6837.8, -2758.1], [-6834.4, -2726.8], [-6839.9, -2698.4], [-6842.1, -2679.6], [-6838.8, -2660.8], [-6846.8, -2632.0], [-6854.0, -2612.0], [-6851.0, -2561.4], [-6866.8, -2552.6], [-6882.5, -2544.7], [-6905.9, -2523.6], [-6925.1, -2507.5], [-6941.6, -2479.7], [-6958.7, -2455.8], [-6969.8, -2434.4], [-6970.2, -2407.8], [-6992.6, -2400.8], [-7009.3, -2386.8], [-7039.8, -2366.5], [-7059.2, -2365.9], [-7093.3, -2368.0], [-7114.1, -2374.5], [-7116.4, -2388.3]]}}, {"type": "Feature", "properties": {"op": "add"}, "geometry": {"type": "LineString", "coordinates": [[-7077.8, -3543.5], [-7045.7, -3551.2], [-7015.0, -3551.6], [-6982.1, -3518.5], [-6968.3, -3491.3], [-6940.3, -3458.9], [-6921.6, -3465.0], [-6878.9, -3467.0], [-6851.1, -3453.3], [-6826.1, -3458.7], [-6784.6, -3464.2], [-6754.1, -3479.8], [-6715.7, -3483.1], [-6686.9, -3487.3], [-6715.7, -3483.1], [-6754.1, -3479.8], [-6784.6, -3464.2], [-6826.1, -3458.7], [-6851.1, -3453.3], [-6878.9, -3467.0], [-6921.6, -3465.0], [-6940.3, -3458.9], [-6968.3, -3491.3], [-6982.1, -3518.5], [-7015.0, -3551.6], [-7045.7, -3551.2], [-7077.8, -3543.5], [-7107.8, -3528.2]]}}, {"type": "Feature", "properties": {"op": "add"}, "geometry": {"type": "LineString", "coordinates": [[-7141.2, -2395.5], [-7156.8, -2410.4], [-7171.2, -2425.7], [-7183.6, -2444.4], [-7187.9, -2479.8], [-7189.8, -2500.7], [-7191.3, -2532.2], [-7188.0, -2561.1], [-7191.3, -2579.7], [-7182.6, -2615.9], [-7169.3, -2632.2], [-7141.9, -2664.0], [-7114.0, -2695.4], [-7097.7, -2727.8], [-7098.3, -2753.4], [-7107.7, -2783.7], [-7108.9, -2829.2], [-7105.9, -2860.6], [-7099.9, -2902.1], [-7095.5, -2933.3], [-7092.2, -2958.1], [-7086.5, -2999.7], [-7085.4, -3031.1], [-7085.8, -3073.1], [-7086.4, -3115.1], [-7088.0, -3157.1], [-7093.2, -3185.2], [-7095.3, -3221.2], [-7079.4, -3243.4], [-7095.7, -3276.9], [-7112.4, -3303.6], [-7112.0, -3332.6], [-7106.8, -3352.9], [-7096.8, -3404.4], [-7092.4, -3446.1], [-7088.7, -3487.9], [-7084.5, -3529.7], [-7082.1, -3550.6], [-7063.2, -3590.3], [-7049.0, -3609.9], [-7038.7, -3607.7], [-7008.3, -3599.9], [-6975.0, -3575.2], [-6955.9, -3550.1], [-6930.9, -3516.3], [-6911.8, -3491.3], [-6893.0, -3466.1], [-6874.2, -3440.8], [-6862.1, -3423.6], [-6840.7, -3390.7], [-6800.4, -3378.7], [-6769.9, -3386.6], [-6740.1, -3384.9], [-6722.1, -3368.0], [-6704.5, -3341.9], [-6699.2, -3314.9], [-6696.8, -3294.0], [-6704.0, -3260.8], [-6722.4, -3237.1], [-6743.6, -3213.8], [-6764.3, -3175.8], [-6776.5, -3146.7], [-6788.8, -3117.7], [-6801.0, -3088.7], [-6819.9, -3043.8], [-6840.5, -3007.1], [-6852.5, -2989.9], [-6873.2, -2960.2], [-6886.0, -2939.6], [-6878.7, -2919.9], [-6871.1, -2900.3], [-6867.4, -2890.5], [-6862.3, -2862.9], [-6862.8, -2850.3], [-6859.6, -2833.7], [-6847.8, -2801.5], [-6842.7, -2781.2], [-6835.1, -2750.6], [-6832.2, -2731.2], [-6830.4, -2710.3], [-6830.6, -2694.1], [-6833.0, -2675.0], [-6836.7, -2654.3], [-6854.5, -2618.5], [-6853.1, -2597.6], [-6851.0, -2561.2], [-6860.4, -2556.6], [-6882.7, -2545.9], [-6897.4, -2530.9], [-6919.3, -2513.6], [-6942.5, -2479.7], [-6954.3, -2462.3], [-6970.6, -2433.0], [-6970.4, -2409.9], [-6976.3, -2406.8], [-7008.3, -2390.2], [-7036.4, -2366.1], [-7066.5, -2369.1], [-7106.5, -2367.3], [-7113.9, -2372.1], [-7122.8, -2379.0]]}}, {"type": "Feature", "properties": {"op": "add"}, "geometry": {"type": "LineString", "coordinates": [[-7135.3, -2398.7], [-7146.0, -2405.7], [-7159.7, -2413.3], [-7172.4, -2429.0], [-7182.1, -2447.6], [-7184.6, -2460.0], [-7190.2, -2500.9], [-7193.2, -2526.4], [-7189.3, -2540.5], [-7192.2, -2586.0], [-7186.9, -2609.4], [-7182.4, -2629.9], [-7160.2, -2655.0], [-7151.7, -2661.2], [-7126.0, -2679.5], [-7105.3, -2703.2], [-7100.8, -2717.7], [-7101.8, -2754.4], [-7107.8, -2774.5], [-7107.8, -2812.4], [-7111.1, -2834.5], [-7119.4, -2864.8], [-7112.3, -2883.0], [-7098.9, -2908.4], [-7092.9, -2937.1], [-7086.4, -2967.9], [-7080.6, -2998.9], [-7079.2, -3040.8], [-7082.1, -3072.2], [-7086.7, -3112.9], [-7087.7, -3154.8], [-7091.1, -3178.1], [-7095.7, -3209.2], [-7088.9, -3242.6], [-7091.3, -3286.0], [-7097.0, -3306.2], [-7099.6, -3316.4], [-7105.1, -3347.4], [-7105.7, -3373.9], [-7097.7, -3421.1], [-7089.1, -3466.5], [-7087.3, -3497.9], [-7083.5, -3539.7], [-7076.1, -3567.8], [-7046.3, -3608.0], [-7030.4, -3602.4], [-6998.8, -3574.9], [-6967.5, -3546.8], [-6943.2, -3526.7], [-6915.9, -3498.0], [-6890.4, -3468.7], [-6875.9, -3453.5], [-6860.1, -3439.8], [-6835.5, -3420.1], [-6813.0, -3399.2], [-6798.1, -3381.1], [-6773.8, -3386.7], [-6744.9, -3384.9], [-6716.0, -3355.0], [-6698.1, -3321.6], [-6696.8, -3311.2], [-6702.2, -3261.8], [-6723.7, -3235.2], [-6750.2, -3205.9], [-6771.2, -3157.8], [-6787.5, -3132.6], [-6803.6, -3094.7], [-6816.1, -3054.6], [-6839.6, -3007.7], [-6851.8, -2990.5], [-6872.4, -2964.2], [-6882.7, -2937.7], [-6872.1, -2915.9], [-6867.0, -2899.0], [-6865.0, -2888.7], [-6863.0, -2848.1], [-6858.1, -2831.4], [-6848.4, -2809.5], [-6841.6, -2778.8], [-6837.8, -2758.1], [-6834.4, -2726.8], [-6839.9, -2698.4], [-6842.1, -2679.6], [-6838.8, -2660.8], [-6846.8, -2632.0], [-6854.0, -2612.0], [-6851.0, -2561.4], [-6866.8, -2552.6], [-6882.5, -2544.7], [-6905.9, -2523.6], [-6925.1, -2507.5], [-6941.6, -2479.7], [-6958.7, -2455.8], [-6969.8, -2434.4], [-6970.2, -2407.8], [-6992.6, -2400.8], [-7009.3, -2386.8], [-7039.8, -2366.5], [-7059.2, -2365.9], [-7093.3, -2368.0], [-7114.1, -2374.5], [-7116.4, -2388.3]]}}, {"type": "Feature", "properties": {"op": "add"}, "geometry": {"type": "LineString", "coordinates": [[-7147.1, -3335.6], [-7120.9, -3361.0], [-7112.5, -3395.7], [-7093.6, -3428.6], [-7063.8, -3436.2], [-7031.3, -3456.3], [-6998.4, -3486.1], [-6992.3, -3516.3], [-6970.7, -3551.4], [-6947.5, -3554.2], [-6920.0, -3577.4], [-6901.7, -3608.3], [-6891.8, -3634.2], [-6901.7, -3608.3], [-6920.0, -3577.4], [-6947.5, -3554.2], [-6970.7, -3551.4], [-6992.3, -3516.3], [-6998.4, -3486.1], [-7031.3, -3456.3], [-7063.8, -3436.2], [-7093.6, -3428.6], [-7112.5, -3395.7], [-7120.9, -3361.0], [-7147.1, -3335.6], [-7177.7, -3322.5]]}}, {"type": "Feature", "properties": {"op": "add"}, "geometry": {"type": "LineString", "coordinates": [[-5359.7, -2939.8], [-5366.4, -2936.0], [-5372.4, -2932.2], [-5378.1, -2927.3], [-5386.2, -2918.4], [-5393.9, -2909.5], [-5401.5, -2899.9], [-5408.3, -2890.0], [-5416.0, -2884.6], [-5430.8, -2884.1], [-5441.1, -2881.8], [-5451.9, -2880.1], [-5464.4, -2876.7], [-5475.5, -2874.7], [-5487.6, -2872.4], [-5510.6, -2868.1], [-5525.4, -2864.3], [-5534.2, -2861.0], [-5542.4, -2854.5], [-5546.4, -2849.5], [-5554.4, -2839.6], [-5565.1, -2828.5], [-5571.0, -2820.9], [-5586.3, -2811.4], [-5595.0, -2806.9], [-5609.3, -2799.1], [-5623.2, -2792.1], [-5633.0, -2788.0], [-5644.6, -2783.9], [-5653.8, -2780.0], [-5666.2, -2776.1], [-5679.1, -2771.5], [-5688.9, -2767.2], [-5696.2, -2761.0], [-5700.7, -2752.9], [-5703.7, -2741.3], [-5708.1, -2731.2], [-5719.8, -2711.9], [-5724.9, -2704.6], [-5729.3, -2695.4], [-5734.7, -2685.0], [-5741.9, -2675.9], [-5753.9, -2663.8], [-5765.9, -2652.9], [-5780.4, -2638.1], [-5789.4, -2623.7], [-5788.5, -2624.7], [-5782.3, -2636.1], [-5769.2, -2650.3], [-5756.3, -2662.5], [-5744.7, -2672.1], [-5734.9, -2684.7], [-5731.8, -2691.0], [-5728.6, -2700.9], [-5715.0, -2718.7], [-5708.4, -2732.7], [-5702.9, -2742.9], [-5699.3, -2755.4], [-5694.6, -2765.9], [-5685.3, -2770.8], [-5665.5, -2776.2], [-5631.8, -2788.6], [-5620.7, -2794.0], [-5608.8, -2800.2], [-5588.1, -2809.7], [-5573.9, -2819.0], [-5561.2, -2832.7], [-5547.3, -2848.4], [-5540.5, -2856.8], [-5532.6, -2863.2], [-5512.6, -2868.1], [-5487.2, -2872.1], [-5461.1, -2877.8], [-5438.5, -2882.9], [-5418.2, -2884.1], [-5401.1, -2882.8], [-5387.7, -2876.1], [-5372.4, -2865.1], [-5361.9, -2860.2], [-5348.3, -2858.7], [-5333.7, -2859.7], [-5323.2, -2861.2], [-5303.1, -2867.5], [-5289.7, -2875.1], [-5281.1, -2880.2], [-5272.3, -2882.2], [-5261.9, -2883.9], [-5250.4, -2883.8], [-5239.1, -2879.9], [-5228.3, -2871.8], [-5219.3, -2864.0], [-5206.5, -2856.1], [-5194.1, -2850.4], [-5178.4, -2847.1], [-5161.9, -2843.0], [-5141.4, -2839.2], [-5128.1, -2835.5], [-5108.6, -2832.4], [-5094.1, -2830.4], [-5077.9, -2825.8], [-5065.6, -2820.6], [-5050.6, -2814.0], [-5033.3, -2804.2], [-5017.9, -2795.1], [-4998.0, -2786.5], [-4972.0, -2774.7], [-4952.2, -2763.7], [-4942.4, -2755.4], [-4930.3, -2745.4], [-4923.5, -2739.3], [-4916.9, -2733.8], [-4902.9, -2728.6], [-4893.6, -2725.5], [-4878.6, -2721.2], [-4865.1, -2716.9], [-4852.5, -2715.3], [-4838.7, -2712.2], [-4827.9, -2712.3], [-4816.4, -2711.9], [-4800.4, -2711.8], [-4787.2, -2711.8], [-4771.7, -2710.3], [-4762.4, -2709.7], [-4749.9, -2704.8], [-4742.2, -2702.7], [-4724.6, -2699.8], [-4713.9, -2695.4], [-4704.7, -2686.5], [-4717.7, -2696.7], [-4731.3, -2700.6], [-4738.5, -2702.0], [-4745.3, -2704.0], [-4752.6, -2706.0], [-4762.2, -2708.8], [-4770.3, -2710.8], [-4784.5, -2711.7], [-4797.3, -2711.2], [-4808.8, -2710.9], [-4819.8, -2712.0], [-4831.8, -2711.6], [-4841.6, -2712.9], [-4849.7, -2714.0], [-4859.8, -2716.6], [-4870.3, -2717.9], [-4886.9, -2724.1], [-4895.9, -2727.1], [-4901.4, -2726.5], [-4903.7, -2725.2], [-4910.0, -2729.0], [-4918.7, -2734.7], [-4927.2, -2742.5], [-4939.7, -2754.3], [-4950.8, -2763.4], [-4961.1, -2769.4], [-4976.9, -2777.5], [-4987.0, -2781.4], [-4996.4, -2785.3], [-5004.3, -2789.2], [-5018.6, -2794.6], [-5028.5, -2800.2], [-5035.9, -2805.2], [-5043.9, -2810.0], [-5053.0, -2815.2], [-5065.0, -2819.9], [-5076.3, -2824.7], [-5094.4, -2830.0], [-5110.4, -2833.3], [-5123.8, -2834.5], [-5135.4, -2837.2], [-5157.9, -2842.5], [-5174.7, -2846.0], [-5185.7, -2848.4], [-5196.6, -2851.8], [-5207.4, -2856.9], [-5215.6, -2862.4], [-5223.2, -2867.8], [-5231.6, -2874.7], [-5239.2, -2879.8], [-5245.9, -2883.9], [-5258.9, -2894.8], [-5270.1, -2901.6], [-5284.2, -2905.0], [-5295.7, -2907.1], [-5304.2, -2914.3], [-5311.0, -2922.0], [-5316.1, -2929.8], [-5318.2, -2934.0], [-5318.1, -2940.0], [-5316.8, -2945.5], [-5318.4, -2951.3], [-5322.6, -2954.6], [-5329.9, -2956.1], [-5337.4, -2957.1], [-5345.1, -2957.3], [-5351.0, -2950.2], [-5356.0, -2941.3]]}}, {"type": "Feature", "properties": {"op": "add"}, "geometry": {"type": "LineString", "coordinates": [[-5715.0, -3532.6], [-5708.7, -3539.8], [-5696.3, -3549.3], [-5696.0, -3563.1], [-5683.6, -3578.9], [-5673.3, -3598.4], [-5668.7, -3618.7], [-5656.8, -3631.1], [-5637.6, -3647.7], [-5628.4, -3653.3], [-5611.6, -3663.4], [-5599.4, -3675.0], [-5593.3, -3682.6], [-5583.5, -3692.6], [-5558.3, -3718.7], [-5547.1, -3729.8], [-5532.3, -3736.8], [-5518.8, -3743.2], [-5507.8, -3747.7], [-5495.9, -3748.1], [-5485.8, -3751.9], [-5469.5, -3755.6], [-5440.1, -3763.5], [-5425.4, -3766.0], [-5416.9, -3767.4], [-5405.1, -3769.3], [-5381.2, -3768.6], [-5364.7, -3773.1], [-5335.6, -3772.7], [-5313.3, -3774.6], [-5294.3, -3774.4], [-5283.5, -3773.5], [-5270.0, -3770.9], [-5252.3, -3764.2], [-5229.6, -3764.8], [-5209.9, -3759.8], [-5195.9, -3758.0], [-5181.3, -3767.6], [-5171.8, -3774.9], [-5160.5, -3771.2], [-5147.2, -3764.4], [-5140.5, -3761.9], [-5131.1, -3758.4], [-5117.0, -3750.7], [-5106.9, -3743.7], [-5090.9, -3742.1], [-5078.4, -3737.3], [-5069.8, -3734.7], [-5057.9, -3725.0], [-5047.4, -3714.4], [-5035.1, -3699.4], [-5030.0, -3694.5], [-5019.0, -3687.5], [-5005.5, -3679.5], [-4992.9, -3670.7], [-4983.2, -3664.5], [-4974.6, -3659.3], [-4965.2, -3653.2], [-4953.2, -3645.6], [-4936.5, -3629.6], [-4918.5, -3615.8], [-4909.4, -3608.0], [-4899.4, -3601.5], [-4883.7, -3592.1], [-4874.7, -3586.8], [-4858.9, -3579.5], [-4843.6, -3573.5], [-4821.6, -3565.3], [-4808.9, -3569.7], [-4807.4, -3583.8], [-4812.1, -3600.7], [-4819.8, -3613.0], [-4834.8, -3631.4], [-4850.4, -3634.9], [-4869.6, -3639.3], [-4883.7, -3643.1], [-4899.5, -3654.6], [-4911.0, -3659.8], [-4934.4, -3678.3], [-4950.9, -3681.0], [-4967.2, -3692.8], [-4980.7, -3703.5], [-4993.6, -3710.9], [-5013.0, -3714.7], [-5021.8, -3720.3], [-5042.9, -3734.5], [-5056.4, -3743.6], [-5074.1, -3754.0], [-5086.4, -3759.3], [-5121.4, -3770.1], [-5137.7, -3776.5], [-5156.4, -3786.5], [-5171.7, -3796.5], [-5192.4, -3807.6], [-5205.3, -3804.0], [-5222.5, -3816.4], [-5241.0, -3804.8], [-5255.6, -3804.2], [-5270.3, -3806.2], [-5284.8, -3805.6], [-5303.2, -3800.8], [-5320.5, -3803.5], [-5331.9, -3808.2], [-5353.7, -3816.8], [-5372.1, -3824.8], [-5392.9, -3824.3], [-5412.1, -3832.6], [-5425.1, -3829.5], [-5441.6, -3824.7], [-5448.6, -3802.6], [-5451.8, -3790.4], [-5462.9, -3777.3], [-5481.9, -3759.9], [-5490.5, -3756.3], [-5502.1, -3749.4], [-5513.5, -3743.5], [-5528.1, -3739.9], [-5550.6, -3732.0], [-5562.6, -3718.7], [-5584.2, -3693.9], [-5586.2, -3680.7], [-5586.8, -3659.4], [-5598.8, -3642.8], [-5613.2, -3624.7], [-5628.2, -3608.2], [-5641.8, -3598.3], [-5655.5, -3590.6], [-5669.6, -3570.8], [-5683.4, -3553.7], [-5697.9, -3542.6], [-5714.3, -3524.3]]}}, {"type": "Feature", "properties": {"op": "add"}, "geometry": {"type": "LineString", "coordinates": [[2432.2, -5062.7], [2435.2, -5025.6], [2424.1, -4992.4], [2410.1, -4973.5], [2404.1, -4954.0], [2391.3, -4907.7], [2384.2, -4885.8], [2373.3, -4840.1], [2375.6, -4803.1], [2381.4, -4767.0], [2379.3, -4726.2], [2383.8, -4698.7], [2392.9, -4659.6], [2394.1, -4619.1], [2411.8, -4565.2], [2441.8, -4511.3], [2454.1, -4463.9], [2468.1, -4397.6], [2486.8, -4366.4], [2501.2, -4328.5], [2521.7, -4305.6], [2534.1, -4293.3], [2516.9, -4305.9], [2498.2, -4329.5], [2483.1, -4348.9], [2440.1, -4404.1], [2443.1, -4462.8], [2439.7, -4484.2], [2435.4, -4504.7], [2430.5, -4522.1], [2415.9, -4565.1], [2373.5, -4654.0], [2372.2, -4670.7], [2376.4, -4728.1], [2381.2, -4801.4], [2382.6, -4833.2], [2389.9, -4883.0], [2394.3, -4904.3], [2409.1, -4968.5], [2437.0, -5029.5]]}}, {"type": "Feature", "properties": {"op": "add"}, "geometry": {"type": "LineString", "coordinates": [[-832.3, -3205.5], [-860.9, -3218.3], [-888.7, -3243.2], [-914.4, -3273.1], [-935.0, -3286.7], [-969.2, -3298.1], [-999.5, -3300.1], [-1024.0, -3302.8], [-1042.5, -3304.2], [-1071.5, -3303.0], [-1094.4, -3294.4], [-1116.2, -3283.4], [-1134.6, -3275.8], [-1138.2, -3253.6], [-1149.5, -3219.2], [-1154.7, -3191.7], [-1152.2, -3172.7], [-1155.3, -3148.5], [-1156.3, -3118.2], [-1158.3, -3089.0], [-1166.9, -3051.6], [-1173.6, -3018.5], [-1177.6, -2989.7], [-1184.2, -2956.1], [-1199.9, -2932.8], [-1214.7, -2909.0], [-1227.1, -2890.8], [-1239.0, -2873.6], [-1250.4, -2857.4], [-1247.5, -2836.0], [-1248.6, -2794.0], [-1255.6, -2758.5], [-1267.2, -2729.4], [-1284.0, -2715.0], [-1301.6, -2701.5], [-1318.1, -2685.3], [-1337.3, -2665.0], [-1352.0, -2651.6], [-1369.0, -2639.3], [-1386.2, -2625.4], [-1404.1, -2608.6], [-1414.8, -2591.9], [-1421.6, -2568.6], [-1424.3, -2551.3], [-1425.4, -2525.8], [-1427.6, -2500.2], [-1428.9, -2478.0], [-1430.7, -2450.1], [-1432.1, -2430.2], [-1434.0, -2407.0], [-1441.4, -2382.5], [-1456.0, -2352.0], [-1476.1, -2327.7], [-1488.9, -2303.8], [-1480.2, -2280.2], [-1481.9, -2261.9], [-1488.8, -2238.3], [-1478.7, -2221.4], [-1470.3, -2202.2], [-1463.9, -2183.5], [-1462.3, -2166.2], [-1462.6, -2139.3], [-1461.7, -2117.1], [-1462.7, -2096.2], [-1466.7, -2073.2], [-1469.7, -2051.2], [-1470.7, -2035.0], [-1467.5, -2011.9], [-1461.6, -1991.8], [-1453.9, -1976.2], [-1440.5, -1963.3], [-1427.9, -1962.6], [-1403.5, -1960.5], [-1384.4, -1955.4], [-1369.7, -1945.9], [-1350.6, -1921.9], [-1340.8, -1894.5], [-1331.5, -1868.1], [-1324.6, -1843.4], [-1314.4, -1825.2], [-1298.0, -1805.4], [-1277.4, -1794.5], [-1262.5, -1781.5], [-1257.6, -1764.7], [-1254.8, -1740.4], [-1257.2, -1714.8], [-1261.2, -1690.7], [-1270.5, -1675.9], [-1286.6, -1660.7], [-1300.4, -1645.0], [-1308.5, -1627.1], [-1311.5, -1607.6], [-1304.9, -1587.7], [-1294.5, -1572.3], [-1276.3, -1559.6], [-1258.6, -1554.0], [-1247.0, -1555.6], [-1224.0, -1559.1], [-1204.2, -1566.0], [-1181.2, -1574.4], [-1171.8, -1584.8], [-1153.6, -1592.7], [-1135.4, -1600.8], [-1118.6, -1609.0], [-1099.8, -1620.6], [-1086.0, -1629.3], [-1062.3, -1644.2], [-1042.5, -1656.7], [-1023.8, -1668.4], [-1010.5, -1679.6], [-994.2, -1696.3], [-981.3, -1709.7], [-965.1, -1726.4], [-948.9, -1743.2], [-942.3, -1755.5], [-931.3, -1776.0], [-923.3, -1791.6], [-914.8, -1808.2], [-916.2, -1825.7], [-918.0, -1844.3], [-926.8, -1853.6], [-939.2, -1860.1], [-953.2, -1868.6], [-958.6, -1878.9], [-970.9, -1898.7], [-987.4, -1916.7], [-1010.6, -1934.5], [-1031.8, -1949.5], [-1035.5, -1975.9], [-1036.4, -1995.8], [-1038.7, -2015.4], [-1040.2, -2036.3], [-1043.3, -2057.1], [-1044.6, -2074.5], [-1044.4, -2088.5], [-1044.7, -2108.3], [-1045.7, -2125.8], [-1047.0, -2143.3], [-1053.5, -2160.7], [-1062.3, -2175.8], [-1076.3, -2186.1], [-1094.8, -2193.4], [-1107.0, -2197.7], [-1120.0, -2202.6], [-1134.1, -2208.3], [-1147.8, -2215.0], [-1160.4, -2221.2], [-1171.9, -2226.9], [-1189.2, -2236.5], [-1207.6, -2239.8], [-1229.5, -2243.6], [-1244.5, -2246.2], [-1260.5, -2249.0], [-1288.0, -2258.5], [-1312.7, -2265.5], [-1329.9, -2267.8], [-1340.9, -2282.8], [-1346.8, -2306.5], [-1356.5, -2330.4], [-1364.8, -2350.9], [-1376.4, -2371.0], [-1390.0, -2387.0], [-1407.3, -2405.9], [-1420.6, -2420.5], [-1425.0, -2436.2], [-1429.4, -2452.0], [-1435.0, -2478.2], [-1440.6, -2499.6], [-1444.8, -2517.8], [-1445.7, -2534.1], [-1441.8, -2548.7], [-1434.4, -2565.8], [-1425.0, -2590.8], [-1425.7, -2614.1], [-1431.7, -2624.1], [-1442.6, -2636.3], [-1455.7, -2648.0], [-1466.5, -2658.5], [-1465.7, -2675.9], [-1460.7, -2696.3], [-1452.9, -2710.7], [-1439.5, -2733.9], [-1426.6, -2754.7], [-1414.2, -2774.5], [-1409.2, -2793.7], [-1404.0, -2814.1], [-1400.8, -2834.9], [-1393.0, -2846.4], [-1382.8, -2860.7], [-1374.3, -2877.2], [-1366.5, -2891.7], [-1354.5, -2905.8], [-1337.5, -2913.6], [-1322.4, -2942.0], [-1311.8, -2949.2], [-1293.3, -2959.2], [-1286.2, -2968.5], [-1278.3, -2985.3], [-1278.5, -3001.7], [-1276.7, -3021.4], [-1277.9, -3042.3], [-1283.2, -3057.7], [-1285.9, -3073.8], [-1285.9, -3087.8], [-1287.7, -3106.4], [-1291.4, -3123.5], [-1294.9, -3139.4], [-1299.4, -3164.6], [-1291.0, -3179.9], [-1278.2, -3195.1], [-1265.5, -3211.8], [-1254.9, -3225.8], [-1242.0, -3239.2], [-1227.0, -3250.3], [-1209.0, -3258.6], [-1190.4, -3265.4], [-1166.8, -3271.9], [-1142.1, -3278.9], [-1120.0, -3286.2], [-1095.8, -3294.8], [-1074.8, -3302.1], [-1055.2, -3305.0], [-1035.3, -3304.8], [-1014.5, -3304.0], [-990.9, -3298.0], [-970.0, -3295.5], [-944.6, -3292.0], [-932.4, -3285.3], [-913.4, -3271.8], [-897.1, -3255.1], [-881.3, -3241.2], [-867.3, -3227.2], [-850.8, -3216.2], [-834.0, -3205.9], [-816.3, -3196.9]]}}, {"type": "Feature", "properties": {"op": "add"}, "geometry": {"type": "LineString", "coordinates": [[-1528.3, -1843.3], [-1528.2, -1824.0], [-1528.3, -1820.5], [-1528.4, -1818.3], [-1528.6, -1808.8], [-1528.8, -1800.4], [-1528.8, -1795.0], [-1528.8, -1793.4], [-1528.9, -1790.6], [-1528.8, -1785.0], [-1527.5, -1762.2], [-1529.3, -1746.3], [-1529.5, -1732.3], [-1539.9, -1714.0], [-1555.5, -1702.9], [-1570.2, -1696.8], [-1576.2, -1695.2], [-1581.8, -1696.4], [-1584.8, -1700.9], [-1586.2, -1710.8], [-1586.1, -1728.2], [-1583.0, -1743.8], [-1577.8, -1763.7], [-1576.5, -1777.6], [-1574.0, -1787.5], [-1565.4, -1798.8], [-1557.0, -1803.8], [-1540.0, -1805.8], [-1513.4, -1805.7], [-1491.0, -1805.7], [-1466.6, -1803.9], [-1452.9, -1800.9], [-1438.9, -1799.9], [-1425.4, -1803.6], [-1395.9, -1814.7], [-1363.7, -1828.3], [-1337.3, -1839.8], [-1330.7, -1845.8], [-1328.3, -1851.3], [-1329.5, -1861.3], [-1342.8, -1896.3], [-1358.1, -1935.5], [-1375.2, -1977.6], [-1381.1, -2026.2], [-1383.4, -2071.6], [-1386.0, -2110.0], [-1393.3, -2158.4], [-1404.2, -2206.1], [-1417.1, -2243.7], [-1420.5, -2250.0], [-1430.5, -2263.3], [-1441.1, -2277.2], [-1446.8, -2287.5], [-1449.2, -2299.6], [-1449.7, -2327.5], [-1450.0, -2355.5], [-1450.2, -2380.0], [-1450.5, -2397.5], [-1453.9, -2410.5], [-1464.3, -2426.9], [-1462.4, -2436.4], [-1453.7, -2438.5], [-1440.7, -2440.2], [-1424.8, -2453.5], [-1412.6, -2462.7], [-1396.9, -2462.2], [-1380.8, -2455.4], [-1364.9, -2450.5], [-1351.1, -2448.0], [-1336.2, -2448.7], [-1319.9, -2455.0], [-1304.2, -2462.8], [-1289.0, -2471.4], [-1275.5, -2482.8], [-1267.0, -2493.6], [-1254.7, -2512.4], [-1250.2, -2521.4], [-1246.2, -2529.8], [-1242.0, -2535.2], [-1243.0, -2526.8], [-1250.8, -2521.0], [-1254.8, -2513.2], [-1267.2, -2493.9], [-1273.8, -2485.8], [-1289.2, -2471.6], [-1304.0, -2463.0], [-1316.6, -2457.0], [-1335.7, -2449.4], [-1349.5, -2448.5], [-1363.3, -2451.1], [-1379.2, -2455.5], [-1395.6, -2461.5], [-1411.2, -2463.6], [-1424.2, -2454.3], [-1440.9, -2442.1], [-1452.9, -2439.5], [-1461.7, -2436.4], [-1463.4, -2427.9], [-1454.7, -2411.8], [-1451.1, -2399.1], [-1450.1, -2381.6], [-1450.1, -2357.1], [-1450.0, -2329.1], [-1449.4, -2301.1], [-1446.6, -2287.7], [-1442.4, -2279.1], [-1431.9, -2265.2], [-1421.4, -2251.2], [-1418.1, -2245.0], [-1405.3, -2208.7], [-1394.0, -2161.1], [-1386.7, -2112.7], [-1383.8, -2074.3], [-1381.5, -2028.9], [-1375.9, -1979.4], [-1359.0, -1937.2], [-1343.7, -1898.0], [-1329.9, -1863.1], [-1328.3, -1850.9], [-1330.7, -1846.3], [-1336.0, -1841.7], [-1361.6, -1829.2], [-1393.8, -1815.6], [-1423.5, -1804.9], [-1438.3, -1800.1], [-1450.6, -1800.7], [-1464.3, -1803.5], [-1488.2, -1805.9], [-1512.7, -1805.7], [-1537.2, -1806.0], [-1557.7, -1804.1], [-1565.6, -1798.7], [-1574.2, -1787.1], [-1576.5, -1778.7], [-1578.0, -1765.2], [-1582.3, -1746.6], [-1585.8, -1729.5], [-1586.2, -1712.0], [-1584.7, -1701.4], [-1581.7, -1696.9], [-1576.7, -1695.4], [-1570.6, -1696.6], [-1555.0, -1703.1], [-1540.2, -1714.0], [-1529.3, -1731.2], [-1529.1, -1745.1], [-1527.2, -1763.2], [-1528.8, -1786.2], [-1528.8, -1791.1], [-1528.8, -1793.2], [-1528.8, -1795.3], [-1528.7, -1800.3], [-1528.7, -1807.8], [-1528.4, -1819.6], [-1528.3, -1822.1], [-1528.2, -1824.8], [-1528.2, -1829.0], [-1533.2, -1841.5], [-1528.2, -1853.8], [-1528.3, -1843.3]]}}, {"type": "Feature", "properties": {"op": "add"}, "geometry": {"type": "LineString", "coordinates": [[-1552.4, -3029.3], [-1551.3, -3042.2], [-1551.5, -3055.9], [-1558.0, -3065.9], [-1568.4, -3066.6], [-1584.4, -3059.7], [-1604.8, -3043.7], [-1633.5, -3013.1], [-1640.0, -3004.9], [-1645.7, -2989.3], [-1646.0, -2971.9], [-1643.2, -2959.2], [-1639.1, -2945.8], [-1637.7, -2933.3], [-1641.8, -2916.3], [-1644.0, -2901.6], [-1639.0, -2885.9], [-1631.7, -2866.3], [-1625.4, -2842.6], [-1621.0, -2822.1], [-1617.7, -2804.9], [-1613.0, -2777.3], [-1610.1, -2756.5], [-1606.4, -2739.5], [-1598.2, -2724.1], [-1587.0, -2710.7], [-1573.0, -2695.7], [-1564.1, -2685.4], [-1557.9, -2669.1], [-1555.2, -2641.2], [-1555.7, -2620.3], [-1557.2, -2604.9], [-1562.1, -2591.8], [-1567.1, -2571.4], [-1567.6, -2550.5], [-1561.8, -2530.4], [-1555.6, -2517.8], [-1550.4, -2506.8], [-1544.7, -2495.9], [-1537.2, -2488.5], [-1521.3, -2474.9], [-1505.1, -2461.6], [-1491.6, -2450.4], [-1473.7, -2435.0], [-1458.8, -2420.2], [-1451.6, -2406.2], [-1450.2, -2390.1], [-1450.0, -2369.1], [-1450.0, -2348.1], [-1450.3, -2327.1], [-1449.2, -2302.6], [-1445.5, -2285.6], [-1438.7, -2273.4], [-1427.8, -2259.8], [-1417.9, -2245.4], [-1411.2, -2229.2], [-1406.2, -2212.5], [-1399.7, -2185.3], [-1395.1, -2161.2], [-1389.0, -2130.3], [-1385.8, -2095.5], [-1384.0, -2067.5], [-1381.9, -2032.6], [-1379.1, -2001.2], [-1376.4, -1980.4], [-1373.2, -1970.4], [-1362.5, -1944.6], [-1350.4, -1915.5], [-1338.4, -1882.6], [-1329.5, -1856.1], [-1325.9, -1842.6], [-1316.0, -1825.7], [-1306.7, -1815.3], [-1289.4, -1803.4], [-1261.9, -1788.1], [-1249.5, -1783.1], [-1238.5, -1775.7], [-1215.1, -1754.6], [-1194.5, -1735.5], [-1172.0, -1719.1], [-1159.3, -1713.3], [-1139.3, -1706.8], [-1115.8, -1700.0], [-1092.5, -1692.6], [-1068.6, -1687.4], [-1037.3, -1684.4], [-1008.6, -1684.5], [-980.6, -1684.3], [-953.8, -1680.7], [-937.3, -1674.9], [-922.1, -1666.2], [-902.8, -1651.1], [-886.8, -1637.6], [-874.4, -1625.2], [-861.6, -1613.3], [-851.4, -1603.7], [-835.5, -1585.1], [-822.6, -1568.5], [-804.1, -1543.0], [-788.2, -1520.0], [-779.8, -1504.7], [-771.3, -1481.8], [-765.0, -1461.8], [-751.2, -1433.5], [-737.3, -1406.1], [-719.8, -1384.2], [-701.2, -1358.8], [-676.3, -1329.5], [-661.7, -1308.9], [-646.6, -1281.4], [-626.3, -1248.7], [-612.4, -1216.6], [-600.4, -1191.3], [-587.6, -1158.8], [-580.7, -1135.3], [-569.9, -1109.6], [-559.2, -1094.2], [-539.6, -1074.2], [-523.0, -1056.3], [-510.2, -1040.1], [-501.7, -1022.0], [-496.4, -998.2], [-494.7, -980.7], [-491.4, -960.1], [-487.9, -946.5], [-483.7, -929.5], [-479.7, -916.1], [-469.0, -898.1], [-452.1, -875.8], [-436.9, -856.6], [-421.4, -837.6], [-408.9, -820.8], [-396.9, -802.8], [-383.2, -783.4], [-375.5, -777.3], [-357.2, -768.9], [-331.4, -757.9], [-301.8, -747.2], [-275.6, -739.1], [-248.9, -730.4], [-217.8, -723.3], [-196.6, -718.7], [-172.9, -715.8], [-137.9, -715.2], [-105.5, -713.6], [-83.1, -715.9], [-62.1, -717.3], [-34.8, -715.3], [-20.6, -718.5], [-17.5, -725.9], [-18.5, -738.2], [-22.5, -758.7], [-16.7, -786.4], [-17.5, -799.3], [-28.2, -814.1], [-44.6, -826.2], [-52.9, -844.2], [-50.6, -863.4], [-41.2, -876.2], [-29.0, -888.8], [-26.7, -898.0], [-29.8, -903.5], [-33.5, -909.7], [-40.2, -919.1], [-37.9, -916.2], [-30.4, -904.0], [-27.4, -898.9], [-28.9, -890.1], [-39.6, -878.3], [-50.0, -864.7], [-53.5, -847.5], [-45.6, -827.8], [-30.3, -815.7], [-18.7, -801.9], [-16.3, -788.8], [-22.8, -761.1], [-18.7, -740.5], [-17.5, -726.4], [-21.4, -718.7], [-34.1, -715.9], [-60.9, -717.2], [-81.0, -715.9], [-106.4, -713.7], [-137.9, -714.8], [-172.9, -715.9], [-193.7, -718.4], [-216.7, -722.9], [-247.6, -730.4], [-273.7, -738.5], [-299.7, -746.8], [-329.5, -757.2], [-354.5, -768.0], [-375.3, -777.3], [-383.5, -784.0], [-396.6, -802.6], [-409.1, -821.6], [-420.4, -835.9], [-434.7, -853.6], [-451.5, -875.1], [-468.2, -896.7], [-479.4, -916.4], [-483.5, -929.4], [-486.8, -942.7], [-490.3, -955.9], [-494.4, -978.2], [-495.9, -996.4], [-501.9, -1021.3], [-508.3, -1036.2], [-521.6, -1054.6], [-536.9, -1071.4], [-556.4, -1090.4], [-569.5, -1109.0], [-580.3, -1134.0], [-587.9, -1159.8], [-599.7, -1189.4], [-611.2, -1214.1], [-625.7, -1247.5], [-644.6, -1278.5], [-660.1, -1306.3], [-675.7, -1328.7], [-699.1, -1356.5], [-718.1, -1382.1], [-737.8, -1407.1], [-750.2, -1431.4], [-764.2, -1460.0], [-771.3, -1481.6], [-778.7, -1502.1], [-787.0, -1518.0], [-802.5, -1540.4], [-821.0, -1566.4], [-835.0, -1584.3], [-851.5, -1603.0], [-861.1, -1612.7], [-871.0, -1622.1], [-884.1, -1634.7], [-901.2, -1649.7], [-919.0, -1663.8], [-936.4, -1674.2], [-951.7, -1680.2], [-978.6, -1684.3], [-1004.9, -1684.6], [-1036.7, -1684.5], [-1063.9, -1686.7], [-1090.7, -1692.2], [-1112.3, -1699.0], [-1138.5, -1706.7], [-1155.8, -1712.2], [-1171.7, -1719.1], [-1193.8, -1735.0], [-1213.9, -1753.4], [-1237.6, -1774.7], [-1248.8, -1782.4], [-1258.7, -1786.7], [-1286.7, -1801.8], [-1305.1, -1814.1], [-1315.8, -1825.3], [-1325.0, -1840.5], [-1328.8, -1852.5], [-1338.6, -1882.8], [-1349.4, -1912.7], [-1361.6, -1942.2], [-1372.2, -1967.3], [-1376.4, -1980.3], [-1379.0, -1998.3], [-1381.8, -2030.0], [-1384.0, -2066.3], [-1385.6, -2093.6], [-1389.1, -2129.8], [-1395.0, -2161.6], [-1399.4, -2183.9], [-1405.7, -2210.5], [-1410.8, -2227.9], [-1417.7, -2244.8], [-1427.4, -2259.2], [-1438.7, -2273.5], [-1444.6, -2283.4], [-1449.3, -2302.2], [-1450.2, -2324.9], [-1450.1, -2347.7], [-1450.0, -2365.9], [-1450.2, -2388.6], [-1450.8, -2402.2], [-1457.9, -2418.9], [-1473.8, -2435.1], [-1491.0, -2450.0], [-1505.0, -2461.6], [-1519.0, -2473.2], [-1536.5, -2487.8], [-1545.2, -2496.4], [-1550.3, -2506.8], [-1554.2, -2515.0], [-1560.4, -2527.2], [-1567.6, -2549.4], [-1567.3, -2570.3], [-1562.4, -2591.2], [-1557.7, -2604.0], [-1555.9, -2619.4], [-1555.3, -2642.1], [-1558.0, -2669.2], [-1564.2, -2685.9], [-1570.2, -2693.1], [-1585.9, -2709.5], [-1597.4, -2723.0], [-1606.2, -2738.6], [-1610.1, -2756.3], [-1612.5, -2774.3], [-1617.1, -2801.2], [-1620.6, -2819.1], [-1625.1, -2841.4], [-1632.1, -2867.8], [-1638.5, -2884.8], [-1644.0, -2901.4], [-1641.9, -2915.8], [-1637.8, -2933.5], [-1638.9, -2944.2], [-1643.1, -2959.2], [-1646.0, -2971.2], [-1645.9, -2988.9], [-1640.2, -3005.1], [-1634.3, -3012.3], [-1604.8, -3044.1], [-1584.7, -3059.6], [-1569.5, -3066.4], [-1559.2, -3066.5], [-1551.5, -3056.2], [-1551.2, -3043.1], [-1552.5, -3029.3]]}}, {"type": "Feature", "properties": {"op": "add"}, "geometry": {"type": "LineString", "coordinates": [[-339.1, -708.6], [-336.9, -703.8], [-333.1, -693.7], [-329.4, -686.0], [-327.4, -677.5], [-332.2, -668.1], [-345.6, -662.3], [-358.9, -661.1], [-374.3, -662.8], [-392.1, -665.6], [-409.2, -666.3], [-416.3, -655.2], [-422.0, -640.2], [-427.8, -616.1], [-433.2, -596.8], [-438.0, -587.2], [-453.6, -580.8], [-468.3, -575.5], [-490.0, -569.1], [-507.0, -563.9], [-524.4, -559.6], [-539.5, -561.0], [-559.9, -565.1], [-573.0, -572.1], [-591.2, -575.0], [-605.6, -574.2], [-616.6, -570.6], [-628.1, -564.5], [-636.8, -562.5], [-650.0, -559.7], [-660.2, -559.7], [-670.1, -555.0], [-682.9, -548.2], [-677.2, -551.2], [-664.4, -556.8], [-650.5, -558.7], [-637.3, -561.6], [-624.0, -567.6], [-610.4, -572.5], [-597.0, -576.4], [-586.4, -574.6], [-575.1, -572.4], [-549.5, -562.8], [-527.7, -559.9], [-504.5, -565.7], [-482.6, -572.7], [-458.1, -579.3], [-441.6, -584.3], [-434.9, -591.3], [-432.5, -605.6], [-426.8, -625.1], [-421.3, -641.1], [-417.0, -653.9], [-406.3, -668.5], [-393.9, -671.5], [-378.8, -671.6], [-357.7, -669.5], [-335.5, -668.9], [-324.0, -676.1], [-317.4, -680.2], [-306.1, -682.3], [-291.3, -688.3], [-280.2, -698.7], [-271.4, -709.7], [-262.0, -720.8], [-247.9, -725.8], [-230.1, -725.7], [-213.5, -723.0], [-197.7, -720.4], [-180.2, -717.4], [-161.8, -716.4], [-144.8, -716.3], [-123.2, -715.3], [-103.9, -714.8], [-81.9, -716.4], [-64.8, -717.7], [-53.1, -717.8], [-40.9, -716.9], [-30.2, -715.5], [-23.2, -714.8], [-19.0, -720.5], [-18.4, -732.4], [-20.0, -744.7], [-23.6, -753.5], [-22.7, -766.8], [-18.1, -782.9], [-15.6, -794.9], [-23.6, -807.6], [-35.7, -820.7], [-44.7, -826.5], [-52.5, -837.4], [-53.1, -848.3], [-52.2, -862.2], [-47.8, -870.9], [-36.7, -873.6], [-23.6, -876.0], [-33.1, -873.5], [-44.6, -869.1], [-51.3, -862.3], [-54.5, -850.7], [-51.5, -837.3], [-44.5, -826.3], [-32.2, -816.9], [-22.9, -809.4], [-14.8, -797.0], [-17.3, -788.4], [-21.7, -772.2], [-23.2, -757.9], [-21.3, -745.8], [-17.6, -734.5], [-18.7, -722.3], [-21.5, -715.6], [-32.5, -714.4], [-46.9, -717.4], [-64.9, -717.7], [-80.8, -716.4], [-96.4, -714.7], [-113.0, -713.7], [-125.1, -715.5], [-152.8, -716.5], [-169.9, -717.7], [-192.8, -719.6], [-202.8, -721.6], [-216.8, -725.5], [-229.7, -726.8], [-240.3, -728.3], [-255.2, -718.4], [-275.6, -710.2], [-288.3, -698.6], [-294.2, -681.4], [-310.7, -676.8], [-321.3, -676.8], [-328.5, -685.7], [-333.0, -695.0], [-342.1, -714.3]]}}, {"type": "Feature", "properties": {"op": "add"}, "geometry": {"type": "LineString", "coordinates": [[-8572.0, 891.3], [-8564.4, 897.4], [-8543.7, 868.9], [-8537.5, 877.2], [-8549.3, 876.8], [-8528.8, 850.2], [-8566.0, 819.7], [-8561.3, 812.5], [-8574.4, 801.2], [-8581.5, 807.4], [-8622.0, 775.8], [-8591.1, 756.6], [-8580.3, 738.5], [-8596.1, 719.8], [-8578.3, 693.9], [-8562.5, 674.1], [-8537.2, 689.6], [-8522.1, 670.0], [-8510.1, 652.2], [-8534.0, 634.8], [-8551.8, 617.8], [-8566.0, 614.1], [-8575.4, 602.5], [-8584.7, 581.0], [-8578.3, 547.4], [-8559.4, 524.2], [-8544.9, 502.6], [-8535.2, 487.3], [-8539.4, 477.9], [-8548.5, 468.8], [-8533.6, 449.0], [-8518.5, 430.1], [-8497.8, 404.2], [-8477.2, 378.4], [-8457.7, 353.9], [-8441.5, 333.4]]}}, {"type": "Feature", "properties": {"op": "add"}, "geometry": {"type": "LineString", "coordinates": [[-8572.0, 891.3], [-8564.4, 897.4], [-8543.7, 868.9], [-8537.5, 877.2], [-8549.3, 876.8], [-8528.8, 850.2], [-8566.0, 819.7], [-8561.3, 812.5], [-8574.4, 801.2], [-8581.5, 807.4], [-8622.0, 775.8], [-8628.3, 784.3], [-8634.5, 785.6], [-8652.8, 772.5], [-8661.3, 761.4], [-8657.6, 750.0], [-8672.6, 735.8], [-8682.5, 727.8], [-8697.4, 716.1], [-8714.4, 733.4], [-8729.2, 723.8], [-8744.0, 712.0], [-8753.8, 723.5], [-8766.6, 735.1], [-8783.1, 742.5], [-8800.1, 743.3], [-8818.7, 735.1], [-8842.0, 722.6], [-8834.8, 699.9], [-8824.5, 678.3], [-8833.2, 673.0], [-8853.2, 659.7], [-8844.6, 644.8], [-8831.1, 627.6], [-8835.9, 632.1], [-8820.5, 642.9], [-8804.6, 647.8], [-8798.5, 658.1], [-8791.1, 679.6], [-8807.0, 683.4]]}}, {"type": "Feature", "properties": {"op": "add"}, "geometry": {"type": "LineString", "coordinates": [[1596.7, 423.5], [1603.8, 423.4], [1615.0, 423.4], [1630.8, 417.6], [1642.6, 413.8], [1664.0, 406.9], [1679.6, 402.1], [1693.8, 396.8], [1703.9, 384.4], [1716.8, 374.4], [1725.1, 361.5], [1735.0, 346.7], [1720.8, 335.5], [1706.4, 324.2], [1715.1, 313.2], [1722.2, 293.9], [1727.0, 277.6], [1731.6, 258.9], [1730.5, 236.5], [1730.5, 221.1], [1727.8, 206.6], [1721.5, 192.2], [1710.2, 174.5], [1703.0, 162.6], [1703.7, 152.0], [1693.1, 140.8], [1705.4, 128.4], [1718.5, 115.2], [1730.9, 126.0], [1730.8, 115.2], [1716.9, 103.7], [1701.3, 95.5], [1693.8, 80.3], [1675.8, 75.1], [1641.9, 66.7], [1621.2, 62.8], [1606.1, 64.2], [1585.1, 65.9], [1566.8, 63.3], [1549.3, 66.7], [1528.1, 75.3], [1515.8, 76.3], [1498.5, 72.9], [1481.1, 65.2], [1464.1, 62.5], [1450.5, 63.8], [1443.4, 77.7], [1437.2, 95.3], [1431.2, 109.5], [1425.5, 126.7], [1428.2, 147.4], [1430.9, 165.5], [1422.5, 193.8], [1418.0, 221.3], [1417.9, 250.6], [1422.4, 287.3], [1431.0, 310.5], [1431.1, 329.1], [1431.8, 340.7], [1446.9, 345.4], [1457.7, 352.1], [1468.2, 368.5], [1456.5, 382.7], [1438.6, 402.2], [1425.2, 415.9], [1412.5, 427.7], [1398.0, 434.4], [1377.4, 438.5], [1362.5, 436.7], [1343.9, 430.8], [1329.6, 420.6], [1317.7, 406.9], [1310.8, 390.7], [1305.8, 371.9], [1300.8, 354.0], [1287.1, 349.8], [1271.0, 348.1], [1260.8, 335.2], [1271.8, 330.0], [1285.7, 330.0], [1296.8, 326.5], [1293.7, 320.6]]}}, {"type": "Feature", "properties": {"op": "add"}, "geometry": {"type": "LineString", "coordinates": [[278.5, -1279.1], [270.0, -1267.3], [260.9, -1254.4], [251.8, -1237.7], [237.1, -1222.2], [221.4, -1208.8], [206.9, -1195.6], [189.3, -1176.0], [175.5, -1159.1], [167.1, -1142.6], [167.1, -1125.8], [183.1, -1107.9], [190.6, -1101.2], [200.2, -1092.6], [207.0, -1085.2], [210.9, -1081.9], [221.1, -1073.3], [232.3, -1061.5], [252.0, -1057.8], [271.2, -1053.7], [299.1, -1047.5], [308.7, -1043.2], [321.0, -1031.8], [334.3, -1020.7], [340.5, -1009.4], [337.3, -993.5], [337.3, -980.1], [339.3, -963.9], [342.6, -945.2], [347.7, -927.4], [355.8, -912.7], [364.2, -895.0], [367.4, -880.3], [372.7, -859.7], [368.6, -842.3], [360.1, -828.5], [336.5, -819.7], [318.1, -815.1], [297.3, -803.0], [289.0, -784.1], [281.1, -766.8], [282.5, -748.9], [286.4, -728.6], [288.7, -709.2], [296.1, -686.9], [301.2, -663.3], [301.4, -653.4], [292.1, -645.3], [285.0, -638.2], [283.8, -624.8], [279.6, -608.6], [268.1, -600.7], [249.6, -596.5], [243.2, -598.7], [235.7, -605.4], [218.2, -602.1], [204.5, -599.1], [188.0, -593.8], [171.5, -590.4], [154.7, -586.2], [138.3, -582.4], [123.1, -578.7], [93.6, -570.8], [75.9, -556.2], [61.9, -540.3], [54.2, -516.2], [57.9, -487.6], [49.5, -463.3], [47.6, -441.0], [42.6, -416.9], [48.2, -401.0], [61.9, -388.9], [78.2, -375.6], [93.9, -362.6], [113.5, -346.9], [129.8, -335.2], [146.7, -322.2], [158.2, -309.2], [168.2, -287.8], [186.6, -262.5], [202.5, -238.1], [215.3, -225.6], [219.6, -216.4], [224.4, -199.2], [225.6, -181.3], [226.6, -162.2], [239.7, -142.7], [247.2, -132.9], [256.1, -121.4], [265.1, -108.5], [258.1, -92.1], [259.8, -84.0], [268.6, -78.2], [278.7, -73.3], [299.7, -59.9], [310.1, -49.7], [328.4, -38.9], [351.8, -22.6], [371.6, -26.4], [392.8, -25.3], [405.1, -26.0], [425.2, -27.8], [442.1, -24.2], [451.9, -20.0], [472.8, -14.0], [494.8, -20.4], [522.0, -33.5], [558.0, -46.8], [587.9, -53.7], [585.3, -38.8], [588.4, -29.5], [594.7, -24.7], [602.3, -18.2], [602.2, -9.8], [600.9, -1.5], [594.0, 6.3], [592.3, 18.0], [601.5, 22.9], [603.2, 28.6], [602.5, 40.3], [602.3, 49.4], [608.0, 55.4], [613.3, 60.6], [618.5, 64.8], [631.4, 68.5], [637.3, 65.3], [658.0, 46.4], [678.9, 27.8], [699.4, 8.8], [720.8, -9.3], [741.7, -27.9], [762.0, -47.2], [782.6, -66.2], [805.9, -82.1], [828.4, -91.2], [855.5, -96.5], [886.5, -102.3], [896.6, -107.1], [921.7, -126.5], [941.1, -146.6], [959.2, -167.9], [976.4, -190.1], [992.2, -202.1], [1016.1, -216.6], [1031.1, -228.4], [1044.5, -250.7], [1049.8, -273.0], [1055.2, -314.6], [1058.4, -328.2], [1075.2, -365.9], [1084.5, -376.4], [1105.9, -401.8], [1114.9, -417.7], [1124.0, -428.3], [1140.7, -453.7], [1144.1, -467.3], [1149.5, -503.9], [1142.7, -516.2], [1126.3, -538.8], [1109.2, -561.0], [1091.7, -582.9], [1082.6, -593.5], [1064.3, -614.6], [1055.1, -625.2], [1036.6, -646.2], [1017.1, -665.4], [1006.5, -674.5], [974.6, -701.9], [953.3, -720.1], [932.7, -739.0], [913.5, -759.3], [897.3, -776.3], [880.7, -791.9], [872.3, -802.0], [857.3, -825.5], [840.3, -847.8], [867.4, -840.6], [856.6, -849.4], [827.7, -861.7], [813.6, -869.2], [796.8, -882.6], [780.5, -902.1], [779.5, -921.1], [785.4, -930.1], [793.6, -939.3], [802.4, -950.2], [798.5, -963.8], [792.0, -977.6], [780.7, -984.9], [772.5, -996.4], [764.5, -1007.9], [749.7, -1020.1], [722.7, -1024.8], [694.7, -1030.1], [676.3, -1029.7], [666.5, -1028.9], [656.9, -1018.4], [640.8, -1004.6], [627.0, -1020.3], [625.6, -1038.8], [627.1, -1053.2], [620.0, -1085.0], [618.3, -1101.0], [623.2, -1127.2], [631.2, -1142.4], [631.5, -1156.4], [630.8, -1184.4], [630.9, -1206.6], [632.8, -1230.4], [633.3, -1244.4], [634.8, -1269.2], [631.5, -1282.7], [627.1, -1310.5], [626.8, -1329.5], [626.9, -1349.3], [626.9, -1366.5], [633.0, -1391.1], [634.9, -1406.6], [629.4, -1420.5], [621.6, -1454.1], [621.5, -1472.7], [605.1, -1485.7], [589.9, -1508.8], [574.9, -1522.2], [563.0, -1536.5], [539.1, -1529.1], [526.5, -1511.1], [513.2, -1488.3], [493.1, -1472.4], [471.2, -1459.7], [454.7, -1448.9], [432.9, -1436.7], [409.5, -1425.9], [382.1, -1414.2], [355.9, -1397.0], [345.8, -1375.0], [336.3, -1351.4], [325.8, -1330.0], [313.1, -1312.4], [297.0, -1295.9]]}}, {"type": "Feature", "properties": {"op": "add"}, "geometry": {"type": "LineString", "coordinates": [[5527.2, -2652.4], [5524.7, -2662.2], [5525.4, -2676.5], [5532.7, -2701.0], [5533.3, -2714.4], [5523.4, -2735.6], [5506.2, -2749.2], [5482.5, -2761.2], [5460.9, -2772.2], [5438.7, -2789.1], [5421.5, -2812.5], [5414.5, -2826.3], [5413.7, -2838.2], [5416.8, -2863.1], [5419.0, -2884.2], [5415.6, -2899.0], [5407.5, -2916.3], [5396.6, -2923.1], [5381.2, -2930.7], [5365.9, -2936.9], [5329.4, -2954.7], [5286.6, -2974.9], [5272.3, -2986.7], [5261.3, -3006.2], [5254.3, -3035.3], [5252.6, -3071.5], [5256.1, -3097.3], [5270.7, -3127.9], [5285.7, -3134.8], [5307.6, -3133.8], [5324.1, -3127.4], [5347.4, -3135.7], [5361.6, -3145.2], [5374.8, -3155.3], [5361.6, -3145.2], [5347.4, -3135.7], [5324.1, -3127.4], [5307.6, -3133.8], [5285.7, -3134.8], [5270.7, -3127.9], [5256.1, -3097.4], [5252.6, -3071.6], [5254.3, -3035.3], [5261.3, -3006.2], [5272.3, -2986.7], [5286.6, -2974.9], [5329.4, -2954.7], [5365.9, -2936.9], [5381.2, -2930.7], [5396.5, -2923.1], [5407.5, -2916.3], [5415.6, -2899.0], [5419.0, -2884.2], [5416.8, -2863.1], [5413.7, -2838.3], [5414.5, -2826.3], [5421.5, -2812.5], [5438.7, -2789.1], [5460.9, -2772.2], [5482.5, -2761.2], [5506.2, -2749.2], [5523.4, -2735.6], [5533.3, -2714.4], [5532.7, -2701.0], [5525.4, -2676.5], [5524.7, -2662.2], [5527.2, -2652.4], [5531.1, -2645.1], [5527.2, -2652.4]]}}, {"type": "Feature", "properties": {"op": "add"}, "geometry": {"type": "LineString", "coordinates": [[-6773.0, -3163.3], [-6843.2, -3050.9], [-6879.8, -2928.8]]}}, {"type": "Feature", "properties": {"op": "add"}, "geometry": {"type": "LineString", "coordinates": [[-6833.5, -2687.5], [-6819.2, -2597.0]]}}, {"type": "Feature", "properties": {"op": "add"}, "geometry": {"type": "LineString", "coordinates": [[-6942.8, -2481.2], [-7033.9, -2392.8], [-7115.2, -2400.3], [-7179.1, -2409.4], [-7196.2, -2515.0], [-7171.8, -2652.0], [-7119.4, -2668.8]]}}, {"type": "Feature", "properties": {"op": "add"}, "geometry": {"type": "LineString", "coordinates": [[2235.5, 607.5], [2215.2, 635.5], [2195.0, 662.8], [2172.5, 689.2], [2144.1, 711.1], [2132.1, 723.3], [2100.1, 751.4], [2092.3, 776.2], [2092.1, 822.8], [2101.2, 862.4], [2110.9, 899.2], [2120.3, 925.5], [2133.4, 969.9], [2140.2, 995.2], [2159.9, 1015.0], [2203.3, 1060.2], [2177.7, 1034.8], [2138.8, 994.9], [2132.5, 964.6], [2124.3, 937.1], [2111.6, 902.0], [2104.2, 874.2], [2093.2, 832.0], [2090.6, 782.0], [2101.1, 749.1], [2137.6, 717.8], [2165.6, 693.7], [2186.1, 676.5], [2203.0, 651.9], [2230.1, 613.1]]}}, {"type": "Feature", "properties": {"op": "add"}, "geometry": {"type": "LineString", "coordinates": [[2306.9, 397.5], [2284.1, 395.5], [2278.7, 415.8], [2270.7, 446.2], [2261.5, 476.4], [2256.2, 506.9], [2262.6, 536.2], [2250.5, 569.4], [2247.8, 582.2], [2239.2, 602.7], [2196.6, 661.4], [2177.7, 685.9], [2148.3, 707.9], [2134.2, 720.3], [2112.3, 739.8], [2096.4, 759.6], [2092.0, 776.8], [2091.2, 811.5], [2095.5, 841.1], [2106.2, 882.9], [2113.3, 905.2], [2122.7, 933.1], [2133.3, 969.9], [2139.5, 992.6], [2161.8, 1017.2], [2188.4, 1044.5], [2205.8, 1063.9], [2191.3, 1048.7], [2169.4, 1026.1], [2142.1, 998.3], [2133.7, 969.8], [2127.2, 946.9], [2113.2, 907.3], [2102.9, 868.2], [2094.6, 837.8], [2091.7, 793.0], [2093.3, 772.1], [2100.6, 751.7], [2121.1, 731.9], [2152.8, 704.3], [2169.5, 691.8], [2193.8, 664.7], [2233.7, 609.6], [2246.5, 588.5], [2251.4, 564.7], [2263.0, 539.3], [2254.2, 507.6], [2259.4, 484.7], [2268.9, 452.2], [2283.6, 396.2]]}}, {"type": "Feature", "properties": {"op": "add"}, "geometry": {"type": "LineString", "coordinates": [[-10766.4, -4037.2], [-10783.2, -4049.6], [-10803.2, -4069.5], [-10787.2, -4053.9], [-10775.0, -4037.1], [-10759.2, -4056.5], [-10734.5, -4066.7], [-10712.5, -4074.0], [-10693.8, -4088.4], [-10672.6, -4102.0], [-10635.5, -4110.9], [-10617.9, -4125.0], [-10597.0, -4131.1], [-10587.9, -4133.8], [-10568.8, -4145.5], [-10557.0, -4160.6], [-10537.4, -4165.0], [-10517.3, -4171.7], [-10500.0, -4188.9], [-10483.3, -4204.6], [-10477.5, -4209.2], [-10463.7, -4218.4], [-10446.6, -4230.2], [-10452.9, -4226.0], [-10464.8, -4217.7], [-10484.8, -4204.8], [-10498.3, -4190.5], [-10516.5, -4173.4], [-10530.5, -4169.9], [-10556.7, -4162.2], [-10568.8, -4146.3], [-10589.4, -4134.7], [-10616.5, -4121.6], [-10636.1, -4111.1], [-10665.7, -4102.5], [-10683.1, -4095.7], [-10700.2, -4087.6], [-10724.0, -4083.3], [-10732.3, -4076.9], [-10757.8, -4057.7]]}}, {"type": "Feature", "properties": {"op": "add"}, "geometry": {"type": "LineString", "coordinates": [[2238.0, 258.1], [2231.0, 254.4], [2230.6, 230.3], [2240.1, 210.7], [2245.5, 208.0], [2269.3, 207.0], [2290.6, 215.1], [2313.4, 225.2], [2348.2, 239.9], [2397.7, 255.1], [2462.6, 299.1], [2452.6, 333.7], [2454.8, 334.0], [2474.7, 307.8], [2500.3, 319.1], [2550.3, 344.6], [2576.0, 351.9], [2596.8, 351.4], [2622.1, 336.7], [2602.0, 348.3], [2587.6, 352.5], [2566.6, 349.0], [2528.3, 334.2], [2464.9, 295.3], [2403.1, 259.0], [2386.8, 253.3], [2352.2, 245.7], [2334.0, 237.3], [2276.6, 208.9], [2259.5, 206.8], [2241.6, 210.3], [2236.9, 215.9], [2232.1, 231.9], [2231.6, 250.7], [2233.3, 258.0], [2238.3, 258.1], [2237.9, 258.9]]}}, {"type": "Feature", "properties": {"op": "add"}, "geometry": {"type": "LineString", "coordinates": [[-10395.4, -4312.8], [-10362.0, -4336.2], [-10342.1, -4317.2], [-10318.3, -4326.7], [-10300.1, -4338.6], [-10274.1, -4312.7], [-10227.9, -4296.1], [-10207.0, -4284.2], [-10178.6, -4287.6], [-10155.3, -4276.0], [-10136.1, -4257.5], [-10123.6, -4235.4], [-10104.3, -4198.4], [-10079.5, -4206.6], [-10061.0, -4187.8], [-10040.5, -4177.4], [-10000.7, -4197.5], [-9976.1, -4180.7], [-9947.6, -4155.0], [-9932.0, -4132.4], [-9914.6, -4123.7], [-9905.8, -4135.0], [-9883.3, -4130.9], [-9876.1, -4112.9], [-9858.9, -4095.7], [-9834.9, -4087.5], [-9833.8, -4066.3], [-9806.5, -4037.1], [-9771.0, -4021.8], [-9758.9, -3982.2], [-9736.2, -3947.4], [-9758.9, -3982.2], [-9771.0, -4021.8], [-9806.5, -4037.1], [-9833.8, -4066.3], [-9834.9, -4087.5], [-9858.9, -4095.7], [-9876.1, -4112.9], [-9883.3, -4130.9], [-9905.8, -4135.0], [-9914.6, -4123.7], [-9932.0, -4132.4], [-9947.6, -4155.0], [-9976.1, -4180.7], [-10000.7, -4197.5], [-10040.5, -4177.4], [-10061.0, -4187.8], [-10079.5, -4206.6], [-10104.3, -4198.4], [-10123.6, -4235.4], [-10136.1, -4257.5], [-10155.3, -4276.0], [-10178.6, -4287.6], [-10207.0, -4284.2], [-10227.9, -4296.1], [-10274.0, -4312.6], [-10300.1, -4338.6], [-10318.3, -4326.7], [-10342.1, -4317.2], [-10362.0, -4336.2]]}}, {"type": "Feature", "properties": {"op": "add"}, "geometry": {"type": "LineString", "coordinates": [[-10384.6, -2653.0], [-10390.8, -2694.6], [-10424.2, -2726.7], [-10455.4, -2764.0], [-10470.9, -2797.8], [-10495.5, -2835.3], [-10500.6, -2876.1], [-10514.3, -2897.8], [-10518.8, -2919.5], [-10509.6, -2945.4], [-10509.3, -2962.5], [-10524.9, -3004.9], [-10530.7, -3028.1], [-10524.9, -3004.9], [-10509.3, -2962.5], [-10509.6, -2945.4], [-10518.8, -2919.5], [-10514.3, -2897.8], [-10500.6, -2876.1], [-10495.5, -2835.3], [-10470.9, -2797.8], [-10455.4, -2764.0], [-10424.2, -2726.7], [-10390.8, -2694.6]]}}, {"type": "Feature", "properties": {"op": "add"}, "geometry": {"type": "LineString", "coordinates": [[-10641.5, -3982.5], [-10591.0, -3982.2], [-10574.5, -3995.7], [-10556.4, -4008.3], [-10541.2, -4012.2], [-10510.2, -4016.9], [-10482.4, -4010.8], [-10475.6, -4003.6], [-10460.1, -3998.5], [-10434.0, -4005.0], [-10408.6, -4010.3], [-10387.1, -3999.9], [-10363.4, -3997.1], [-10343.3, -4003.7], [-10328.6, -4013.1], [-10335.8, -4029.0], [-10325.5, -4054.1], [-10315.2, -4078.2], [-10296.0, -4123.4], [-10301.0, -4143.6], [-10322.1, -4159.1], [-10357.8, -4178.3], [-10379.9, -4192.3], [-10419.0, -4192.8], [-10441.2, -4185.0], [-10480.0, -4193.1], [-10495.0, -4205.7], [-10511.9, -4209.9], [-10547.4, -4199.1], [-10564.6, -4187.6], [-10581.0, -4203.9], [-10594.0, -4205.6], [-10620.6, -4211.4], [-10673.5, -4191.1], [-10710.4, -4172.4], [-10723.1, -4140.0], [-10745.3, -4114.9], [-10749.3, -4070.5], [-10756.1, -4048.6], [-10742.5, -4002.8], [-10701.2, -3956.8], [-10662.1, -3926.4]]}}, {"type": "Feature", "properties": {"op": "add"}, "geometry": {"type": "LineString", "coordinates": [[-10174.8, -3505.8], [-10199.3, -3489.0], [-10209.0, -3470.3], [-10218.2, -3447.1], [-10217.2, -3422.1], [-10212.0, -3382.2], [-10210.8, -3339.0], [-10208.2, -3308.2], [-10212.2, -3289.0], [-10179.0, -3269.5], [-10151.5, -3240.3], [-10135.2, -3221.3], [-10111.2, -3192.0], [-10116.9, -3159.7], [-10152.5, -3146.1], [-10168.9, -3113.7], [-10202.7, -3103.9], [-10240.6, -3097.7], [-10282.7, -3092.7], [-10309.5, -3074.6], [-10332.0, -3065.3], [-10319.3, -3044.6], [-10300.3, -3007.0], [-10294.1, -2991.9], [-10272.6, -2989.2], [-10239.6, -2988.5], [-10219.9, -2974.8], [-10189.1, -2962.1], [-10178.9, -2963.1], [-10189.1, -2962.1], [-10219.9, -2974.8], [-10239.5, -2988.5], [-10272.6, -2989.2], [-10294.1, -2991.9], [-10300.3, -3007.0], [-10319.3, -3044.6], [-10332.0, -3065.3], [-10309.5, -3074.6], [-10282.7, -3092.7], [-10240.6, -3097.7], [-10202.7, -3103.9], [-10168.9, -3113.7], [-10152.5, -3146.1], [-10116.9, -3159.7], [-10111.2, -3192.0], [-10135.2, -3221.3], [-10151.5, -3240.3], [-10179.0, -3269.5], [-10212.2, -3289.0], [-10208.2, -3308.2], [-10210.8, -3339.0], [-10212.0, -3382.2], [-10217.2, -3422.1], [-10218.3, -3447.1], [-10209.0, -3470.3], [-10199.3, -3489.0]]}}, {"type": "Feature", "properties": {"op": "add"}, "geometry": {"type": "LineString", "coordinates": [[-11024.3, 1458.5], [-11018.3, 1434.5], [-10999.9, 1416.5], [-10983.1, 1410.9], [-10965.8, 1418.5], [-10933.5, 1423.9], [-10915.6, 1419.7], [-10910.1, 1432.7], [-10900.0, 1445.1], [-10885.3, 1457.3], [-10866.9, 1466.7], [-10833.4, 1477.9], [-10799.9, 1489.5], [-10766.5, 1498.0], [-10733.0, 1502.5], [-10700.1, 1502.7], [-10666.7, 1507.1], [-10633.3, 1539.9], [-10600.2, 1555.3], [-10566.9, 1562.5], [-10533.6, 1587.4], [-10508.9, 1614.2], [-10481.2, 1648.1], [-10461.7, 1666.7], [-10462.7, 1691.5], [-10460.4, 1693.6], [-10449.0, 1708.8], [-10426.5, 1743.9], [-10416.6, 1777.7], [-10412.4, 1810.2], [-10404.0, 1849.8], [-10403.2, 1873.6], [-10414.0, 1899.9], [-10439.0, 1920.3], [-10458.1, 1931.1], [-10472.5, 1938.2], [-10464.0, 1955.5], [-10477.6, 1976.3], [-10501.4, 1972.8], [-10511.7, 1961.3], [-10523.6, 1943.5], [-10548.2, 1951.5], [-10570.7, 1980.2]]}}, {"type": "Feature", "properties": {"op": "add"}, "geometry": {"type": "LineString", "coordinates": [[-8317.0, -1006.6], [-8305.2, -1011.5], [-8292.0, -1017.3], [-8278.4, -1025.7], [-8264.8, -1034.1], [-8251.1, -1042.5], [-8237.3, -1051.0], [-8223.5, -1059.6], [-8213.4, -1067.7], [-8203.5, -1075.8], [-8193.5, -1083.9], [-8183.4, -1086.6], [-8167.5, -1090.8], [-8151.6, -1095.0], [-8135.7, -1091.0], [-8119.8, -1086.9], [-8103.9, -1082.9], [-8088.1, -1078.9], [-8072.3, -1075.0], [-8056.3, -1065.3], [-8040.2, -1055.5], [-8030.1, -1041.8], [-8020.2, -1028.1], [-8011.4, -1011.9], [-8002.6, -995.7], [-7999.2, -979.5], [-7995.8, -963.3], [-7992.4, -947.1], [-7989.1, -930.8], [-7985.6, -914.5], [-7978.1, -899.5], [-7970.6, -884.6], [-7971.9, -872.1], [-7973.2, -859.5], [-7982.2, -843.7], [-7991.2, -827.8], [-8003.5, -817.6], [-8015.9, -807.3], [-8028.2, -797.1], [-8040.5, -786.8], [-8052.8, -776.6], [-8066.9, -771.2], [-8081.0, -765.6], [-8094.9, -763.6], [-8109.0, -761.7], [-8123.1, -759.6], [-8133.9, -766.9], [-8144.5, -774.2], [-8155.1, -781.3], [-8164.8, -791.8], [-8174.5, -802.4], [-8184.2, -813.1], [-8188.6, -829.9], [-8193.1, -846.6], [-8192.8, -859.8], [-8192.6, -873.0], [-8192.5, -886.1], [-8196.9, -902.1], [-8201.4, -918.1], [-8206.0, -934.3], [-8210.5, -950.3], [-8221.9, -958.6], [-8233.4, -966.9], [-8244.7, -975.2], [-8249.9, -983.0], [-8255.1, -990.8], [-8254.3, -1008.4], [-8256.6, -1019.4], [-8259.1, -1030.5], [-8269.6, -1025.6], [-8280.1, -1020.8], [-8288.7, -1015.3], [-8297.3, -1009.9], [-8305.9, -1004.6], [-8317.9, -994.6], [-8329.9, -984.5], [-8338.2, -975.4], [-8346.6, -966.3], [-8354.9, -957.0], [-8362.7, -967.1], [-8370.5, -977.2], [-8378.4, -987.2], [-8362.4, -995.8], [-8346.5, -1004.4], [-8331.7, -1005.4]]}}, {"type": "Feature", "properties": {"op": "add"}, "geometry": {"type": "LineString", "coordinates": [[-10567.2, -4384.1], [-10523.7, -4397.8], [-10487.1, -4403.4], [-10474.4, -4409.1], [-10441.0, -4402.8], [-10408.1, -4412.2], [-10354.7, -4410.9], [-10278.6, -4393.3], [-10246.8, -4376.1], [-10213.6, -4366.4], [-10167.5, -4353.1], [-10096.4, -4320.9], [-10078.5, -4326.1], [-10030.0, -4304.9], [-9972.1, -4295.1], [-9948.3, -4278.8], [-9921.0, -4246.1], [-9885.6, -4218.4], [-9816.0, -4147.8], [-9828.7, -4108.5], [-9815.2, -4097.9], [-9799.6, -4085.7], [-9776.8, -4085.0], [-9740.2, -4048.7], [-9692.7, -3984.8], [-9691.7, -3945.3], [-9681.0, -3921.2], [-9705.0, -3936.5], [-9699.4, -3940.9], [-9698.8, -3955.2], [-9702.2, -3992.7], [-9706.0, -4006.0], [-9720.9, -4005.0], [-9746.1, -4043.4], [-9755.3, -4070.8], [-9784.9, -4085.1], [-9797.8, -4092.4], [-9813.6, -4095.4], [-9830.6, -4110.1], [-9838.3, -4123.3], [-9848.1, -4140.3], [-9870.0, -4162.9], [-9866.5, -4198.9], [-9912.6, -4211.0], [-9945.6, -4236.0], [-9979.3, -4250.9], [-9989.0, -4260.4], [-10013.9, -4271.8], [-10046.1, -4271.6], [-10065.4, -4300.9], [-10105.8, -4308.2], [-10149.6, -4316.0], [-10184.0, -4337.9], [-10222.4, -4348.5], [-10242.3, -4367.8], [-10270.6, -4361.0], [-10312.5, -4384.6], [-10370.6, -4377.8], [-10407.1, -4376.6], [-10434.2, -4370.5], [-10494.8, -4373.6], [-10532.7, -4362.4], [-10576.8, -4349.4], [-10612.4, -4347.7], [-10646.2, -4326.1], [-10676.0, -4320.5], [-10711.5, -4307.0], [-10729.4, -4303.4], [-10757.2, -4279.1], [-10780.7, -4249.3], [-10805.3, -4225.9], [-10839.9, -4192.9], [-10875.0, -4174.4], [-10905.4, -4149.9], [-10942.5, -4129.1], [-10978.1, -4104.8], [-11006.6, -4071.3], [-11048.1, -4068.5], [-11073.8, -4044.8], [-11083.1, -4013.8], [-11083.5, -3980.8], [-11078.7, -3963.8], [-11089.7, -3939.8], [-11094.1, -3930.2], [-11081.6, -3910.1], [-11085.5, -3895.0], [-11094.2, -3896.1], [-11099.1, -3889.4], [-11100.3, -3877.0], [-11103.1, -3871.7], [-11101.5, -3862.5], [-11093.0, -3857.4], [-11100.0, -3842.7], [-11100.0, -3829.9], [-11103.7, -3820.6], [-11110.5, -3815.5], [-11121.8, -3819.8], [-11112.8, -3825.4], [-11109.4, -3833.8], [-11105.8, -3849.0], [-11108.1, -3866.4], [-11105.7, -3879.5], [-11096.6, -3899.5], [-11083.5, -3908.4], [-11092.6, -3924.1], [-11096.1, -3930.2], [-11085.1, -3955.6], [-11085.9, -3984.7], [-11078.5, -4029.8], [-11068.9, -4050.1], [-11044.4, -4075.3], [-11047.4, -4108.3], [-11034.3, -4155.7], [-10997.3, -4175.3], [-10973.6, -4195.8], [-10944.0, -4203.0], [-10905.9, -4216.2], [-10875.4, -4218.6], [-10850.2, -4233.5], [-10809.7, -4250.5], [-10772.9, -4266.0], [-10759.2, -4285.3], [-10746.9, -4295.4], [-10723.4, -4306.6], [-10692.6, -4321.1], [-10673.3, -4334.3], [-10647.4, -4355.4], [-10617.3, -4368.1], [-10595.9, -4385.3]]}}, {"type": "Feature", "properties": {"op": "add"}, "geometry": {"type": "LineString", "coordinates": [[-14451.6, 806.2], [-14423.2, 794.4], [-14394.7, 796.7], [-14364.7, 756.2], [-14310.1, 667.1], [-14306.6, 614.4], [-14328.5, 579.8], [-14366.7, 525.8], [-14376.3, 512.2], [-14394.7, 501.3], [-14395.5, 480.0], [-14387.6, 474.0], [-14376.4, 475.3], [-14355.9, 510.1], [-14349.8, 521.8], [-14339.5, 547.6], [-14316.9, 560.7], [-14297.3, 582.5], [-14277.7, 624.4], [-14193.0, 623.1], [-14140.8, 619.2], [-14102.9, 596.1], [-14060.6, 620.1], [-14039.3, 676.1], [-14038.2, 712.9], [-14021.6, 732.8], [-14004.3, 753.5], [-13987.9, 754.8], [-13973.8, 755.2], [-13959.6, 755.7], [-13945.9, 756.9], [-13936.7, 757.8], [-13920.4, 759.0], [-13906.3, 759.7], [-13892.2, 760.3], [-13878.1, 760.8], [-13861.6, 761.3], [-13846.1, 761.9], [-13818.4, 750.6], [-13771.3, 734.0], [-13764.2, 743.4], [-13754.0, 756.8], [-13737.5, 757.6], [-13711.6, 758.7], [-13691.7, 759.6], [-13666.1, 728.8], [-13668.4, 705.5], [-13650.9, 683.3], [-13639.1, 668.5], [-13633.3, 661.1], [-13620.1, 644.4], [-13607.0, 627.9], [-13603.7, 604.5], [-13600.4, 581.1], [-13597.4, 560.1], [-13594.1, 536.7], [-13596.3, 516.1], [-13599.6, 497.5], [-13602.4, 481.2], [-13604.8, 467.3], [-13604.4, 452.8], [-13604.0, 441.8], [-13603.8, 436.1], [-13602.0, 429.6]]}}, {"type": "Feature", "properties": {"op": "add"}, "geometry": {"type": "LineString", "coordinates": [[-3371.9, -2264.5], [-3379.8, -2273.1], [-3385.3, -2283.4], [-3392.1, -2296.5], [-3403.8, -2299.3], [-3414.0, -2301.7], [-3419.0, -2310.4], [-3422.1, -2322.1], [-3425.2, -2333.8], [-3430.5, -2344.8], [-3434.2, -2352.6], [-3438.3, -2361.2], [-3448.1, -2368.1], [-3455.4, -2373.3], [-3466.1, -2380.8], [-3472.7, -2388.1], [-3480.6, -2396.9], [-3489.0, -2406.1], [-3496.9, -2414.8], [-3502.1, -2423.8], [-3506.5, -2431.4], [-3511.6, -2440.3], [-3516.8, -2449.3], [-3522.2, -2458.8], [-3526.2, -2465.7], [-3532.1, -2475.9], [-3537.2, -2484.7], [-3541.8, -2492.8], [-3547.4, -2497.1], [-3553.9, -2502.2], [-3563.0, -2501.6], [-3570.9, -2501.8], [-3577.8, -2503.8], [-3583.3, -2508.2], [-3589.9, -2513.6], [-3595.8, -2518.3], [-3603.3, -2522.8], [-3609.9, -2529.2], [-3612.9, -2536.2], [-3615.5, -2544.0], [-3617.7, -2550.6], [-3619.1, -2558.3], [-3621.1, -2563.5], [-3626.4, -2569.5], [-3631.8, -2574.0], [-3635.9, -2575.6], [-3643.9, -2571.9], [-3648.0, -2576.0], [-3647.1, -2579.4], [-3641.6, -2587.4], [-3636.1, -2590.7], [-3630.9, -2589.4], [-3627.7, -2585.1], [-3621.5, -2577.0], [-3617.7, -2567.7], [-3615.0, -2557.0], [-3612.8, -2548.5], [-3609.6, -2541.1], [-3606.5, -2534.2], [-3603.8, -2527.9], [-3600.2, -2524.5], [-3593.4, -2520.0], [-3586.2, -2512.9], [-3580.3, -2509.8], [-3571.5, -2510.3], [-3560.9, -2508.2], [-3552.7, -2506.5], [-3544.9, -2507.2], [-3537.7, -2502.8], [-3531.4, -2495.9], [-3523.9, -2487.7], [-3517.1, -2480.4], [-3507.4, -2472.9], [-3500.5, -2467.7], [-3494.4, -2460.6], [-3489.5, -2454.8], [-3483.2, -2447.5], [-3477.3, -2440.6], [-3471.6, -2433.9], [-3467.5, -2430.8], [-3460.3, -2425.3], [-3452.7, -2421.7], [-3444.6, -2419.6], [-3437.0, -2417.7], [-3430.2, -2415.9], [-3425.1, -2406.7], [-3425.2, -2397.6], [-3425.4, -2390.6], [-3427.7, -2382.0], [-3427.1, -2372.9], [-3419.5, -2365.2], [-3412.1, -2357.6], [-3406.9, -2348.9], [-3402.0, -2340.5], [-3394.1, -2327.2], [-3387.5, -2315.9], [-3376.7, -2307.8], [-3366.8, -2305.0], [-3356.7, -2302.1], [-3346.0, -2295.2], [-3336.5, -2288.3], [-3331.2, -2283.5], [-3334.7, -2276.0], [-3339.0, -2266.8], [-3338.3, -2260.5], [-3337.2, -2249.7], [-3336.1, -2239.2], [-3334.8, -2226.7], [-3331.2, -2216.8], [-3330.9, -2208.2], [-3328.5, -2201.7], [-3325.4, -2193.2], [-3322.2, -2184.8], [-3319.8, -2178.3], [-3318.3, -2166.8], [-3318.0, -2159.8], [-3323.4, -2151.4], [-3328.2, -2149.0], [-3335.0, -2147.2], [-3341.8, -2145.5], [-3349.5, -2146.8], [-3356.1, -2150.6], [-3362.7, -2154.4], [-3363.4, -2162.0], [-3361.6, -2170.0], [-3360.0, -2176.6], [-3358.1, -2185.1], [-3356.2, -2193.1], [-3361.3, -2201.0], [-3365.5, -2207.5], [-3367.7, -2217.1], [-3369.8, -2226.3], [-3374.3, -2234.9], [-3375.2, -2241.9], [-3375.2, -2252.6], [-3373.1, -2259.1]]}}, {"type": "Feature", "properties": {"op": "add"}, "geometry": {"type": "LineString", "coordinates": [[2978.1, -4307.0], [2977.5, -4299.2], [2976.5, -4290.7], [2975.5, -4280.6], [2974.6, -4271.4], [2974.0, -4256.5], [2973.8, -4245.3], [2972.8, -4237.5], [2971.2, -4226.1], [2972.8, -4236.1], [2973.7, -4245.4], [2973.4, -4261.4], [2973.3, -4269.2], [2973.5, -4280.4], [2974.8, -4293.8], [2977.0, -4305.1], [2977.8, -4316.3], [2979.1, -4326.7], [2980.2, -4336.7], [2980.6, -4351.2], [2977.8, -4364.0], [2975.7, -4372.3], [2974.4, -4379.2], [2973.9, -4387.1], [2973.1, -4394.9], [2972.5, -4401.9], [2971.6, -4413.1], [2970.8, -4424.2], [2970.3, -4433.6], [2970.4, -4441.0], [2970.3, -4451.4], [2970.9, -4459.6], [2971.7, -4470.4], [2972.4, -4479.7], [2973.4, -4492.3], [2974.0, -4501.3], [2974.5, -4509.1], [2976.4, -4523.1], [2973.1, -4533.8], [2967.1, -4547.1], [2958.4, -4562.7], [2950.9, -4577.8], [2944.8, -4592.2], [2937.9, -4605.4], [2928.6, -4615.1], [2921.9, -4625.4], [2915.9, -4641.0], [2911.3, -4652.5], [2905.6, -4667.1], [2899.6, -4678.1], [2905.8, -4668.8], [2913.3, -4657.7], [2922.4, -4643.6], [2931.3, -4628.1], [2935.2, -4618.8], [2939.6, -4608.5], [2944.7, -4597.3], [2951.3, -4583.1], [2956.0, -4572.9], [2962.0, -4560.1], [2967.3, -4549.0], [2974.8, -4533.5], [2976.4, -4520.2], [2975.2, -4509.1], [2973.3, -4497.7], [2970.9, -4482.6], [2968.5, -4469.4], [2968.4, -4460.4], [2967.8, -4451.5], [2967.0, -4442.3], [2966.3, -4434.9], [2966.0, -4423.7], [2969.1, -4411.5], [2973.4, -4398.4], [2974.7, -4390.2], [2975.5, -4380.9], [2976.6, -4370.5], [2982.8, -4355.7], [2980.5, -4345.1], [2977.2, -4326.0]]}}, {"type": "Feature", "properties": {"op": "add"}, "geometry": {"type": "LineString", "coordinates": [[2813.3, -2498.6], [2815.1, -2503.5], [2816.1, -2508.0], [2818.6, -2515.0], [2820.6, -2518.6], [2823.2, -2523.1], [2824.7, -2524.8], [2825.8, -2527.6], [2825.6, -2531.3], [2823.8, -2537.0], [2822.4, -2540.1], [2819.3, -2547.6], [2820.1, -2552.8], [2821.7, -2558.9], [2824.4, -2566.2], [2827.8, -2572.0], [2830.4, -2574.8], [2835.8, -2579.8], [2842.5, -2585.8], [2847.8, -2589.9], [2853.9, -2592.7], [2859.5, -2592.7], [2866.9, -2591.9], [2873.6, -2591.5], [2880.9, -2592.9], [2888.5, -2594.7], [2891.7, -2597.9], [2896.9, -2604.6], [2900.0, -2608.9], [2904.1, -2613.8], [2908.3, -2619.0], [2909.6, -2621.7], [2911.2, -2628.2], [2912.0, -2634.9], [2912.9, -2643.1], [2913.8, -2645.9], [2915.4, -2650.0], [2917.1, -2653.3], [2920.9, -2658.8], [2925.0, -2662.7], [2929.4, -2666.2], [2933.4, -2668.9], [2939.2, -2674.7], [2938.2, -2679.8], [2936.6, -2687.5], [2936.5, -2693.8], [2938.2, -2697.9], [2942.0, -2703.0], [2946.2, -2706.7], [2952.9, -2710.0], [2959.8, -2712.9], [2963.5, -2713.5], [2970.7, -2715.3], [2976.2, -2717.8], [2981.9, -2721.2], [2981.4, -2727.5], [2980.9, -2734.6], [2980.6, -2742.4], [2980.7, -2751.3], [2984.1, -2755.3], [2988.8, -2760.1], [2993.7, -2762.0], [3000.6, -2759.2], [3006.9, -2755.8], [3012.6, -2754.2], [3017.6, -2758.7], [3024.2, -2764.7], [3031.6, -2769.9], [3037.8, -2774.5], [3040.1, -2776.4], [3043.3, -2779.5], [3048.1, -2784.2], [3051.6, -2788.0], [3047.2, -2793.1], [3041.1, -2799.6], [3035.8, -2805.4], [3029.0, -2815.6], [3031.3, -2810.1], [3033.7, -2804.7], [3039.5, -2800.0], [3050.1, -2789.5], [3046.9, -2783.6], [3042.7, -2777.9], [3036.0, -2773.7], [3029.1, -2768.7], [3020.6, -2761.4], [3013.2, -2755.1], [3003.6, -2756.1], [2993.8, -2760.7], [2988.2, -2758.3], [2981.2, -2752.6], [2981.4, -2742.2], [2981.8, -2730.3], [2980.8, -2720.0], [2970.8, -2714.9], [2951.5, -2710.5], [2944.1, -2704.3], [2936.9, -2695.7], [2937.4, -2686.1], [2938.5, -2679.4], [2938.9, -2670.6], [2930.6, -2665.6], [2924.7, -2662.4], [2918.2, -2654.2], [2913.8, -2647.3], [2912.9, -2638.4], [2912.0, -2630.9], [2909.1, -2620.2], [2903.4, -2613.3], [2897.3, -2605.7], [2891.4, -2599.0], [2884.7, -2592.0], [2875.0, -2592.0], [2865.7, -2592.0], [2854.2, -2591.6], [2848.0, -2588.8], [2839.7, -2583.2], [2833.9, -2577.5], [2826.6, -2568.5], [2822.7, -2560.4], [2819.5, -2551.3], [2820.4, -2545.0], [2825.3, -2537.5], [2827.0, -2528.3], [2825.4, -2524.2], [2819.2, -2515.7], [2816.7, -2508.7], [2813.4, -2499.2], [2808.7, -2494.4], [2799.9, -2492.3], [2792.0, -2494.5], [2784.7, -2498.1], [2776.9, -2500.9], [2769.5, -2501.1], [2762.6, -2495.4], [2758.5, -2488.3], [2754.5, -2481.6], [2750.4, -2477.2], [2746.3, -2472.8], [2738.4, -2464.8], [2743.3, -2469.4], [2748.9, -2474.9], [2755.2, -2481.8], [2759.3, -2489.4], [2764.5, -2497.1], [2771.9, -2502.2], [2779.2, -2500.8], [2789.0, -2496.2], [2799.4, -2491.1], [2808.0, -2493.6]]}}, {"type": "Feature", "properties": {"op": "add"}, "geometry": {"type": "LineString", "coordinates": [[664.3, -1027.6], [654.0, -1032.3], [634.6, -1041.4], [622.3, -1055.5], [620.2, -1114.9], [627.2, -1131.6], [631.9, -1149.3], [629.9, -1192.3], [634.0, -1229.1], [634.7, -1271.4], [627.3, -1321.8], [629.4, -1375.6], [643.9, -1408.9], [668.4, -1437.6], [708.7, -1455.9], [745.7, -1459.7], [708.8, -1455.9], [667.9, -1437.4], [643.7, -1408.6], [629.2, -1375.2], [627.4, -1321.6], [634.8, -1271.3], [634.0, -1228.6], [629.9, -1191.8], [631.9, -1148.9], [627.1, -1131.1], [620.1, -1114.7], [622.2, -1055.0], [634.8, -1041.2], [653.8, -1032.3]]}}, {"type": "Feature", "properties": {"op": "add"}, "geometry": {"type": "LineString", "coordinates": [[-8731.6, 541.9], [-8720.5, 530.0], [-8716.6, 522.5], [-8710.4, 522.7], [-8703.0, 528.9], [-8685.8, 540.0], [-8679.2, 551.4], [-8663.9, 554.6], [-8651.8, 548.4], [-8638.9, 537.9], [-8629.6, 534.9], [-8616.8, 517.0], [-8610.9, 516.3], [-8600.7, 525.4], [-8582.7, 540.2], [-8582.6, 557.7], [-8588.5, 571.4], [-8582.8, 582.4], [-8581.1, 597.0], [-8572.6, 609.7], [-8554.3, 617.6], [-8547.3, 628.1], [-8524.8, 636.5], [-8514.6, 643.8], [-8512.1, 652.9], [-8521.8, 666.5], [-8528.0, 675.6], [-8544.5, 685.5], [-8564.7, 672.5], [-8573.9, 661.1], [-8592.2, 657.2], [-8604.5, 656.6], [-8620.4, 652.3], [-8644.6, 658.9], [-8655.9, 660.7], [-8668.3, 676.3], [-8672.0, 683.8], [-8705.2, 725.7], [-8714.5, 732.6], [-8729.4, 723.1], [-8742.2, 710.7], [-8738.5, 700.9], [-8752.6, 688.3], [-8773.1, 671.8], [-8774.2, 667.7], [-8762.7, 649.6], [-8759.1, 635.3], [-8758.8, 629.1], [-8761.8, 618.0], [-8792.6, 593.2], [-8801.2, 592.3], [-8816.1, 613.3], [-8828.9, 627.8], [-8826.6, 637.9], [-8818.0, 645.4], [-8811.9, 639.0], [-8812.1, 630.0], [-8824.5, 623.3], [-8837.9, 642.9], [-8851.6, 652.4], [-8847.9, 662.6], [-8830.1, 673.3], [-8826.7, 680.1], [-8833.9, 697.8], [-8840.9, 711.4], [-8841.0, 722.8], [-8826.6, 729.3], [-8816.8, 738.4], [-8793.3, 743.7], [-8769.0, 740.1], [-8759.3, 727.1], [-8731.6, 697.1], [-8730.4, 687.3], [-8723.2, 673.8], [-8714.7, 664.7], [-8706.4, 636.0], [-8706.0, 611.4], [-8711.1, 594.4], [-8720.1, 591.7], [-8735.0, 576.1], [-8743.7, 570.1], [-8747.0, 560.6]]}}, {"type": "Feature", "properties": {"op": "add"}, "geometry": {"type": "LineString", "coordinates": [[-8591.9, 531.9], [-8581.7, 540.0], [-8575.9, 539.3], [-8563.6, 528.5], [-8553.3, 515.2], [-8548.1, 508.2], [-8545.4, 504.9], [-8541.3, 504.8], [-8521.1, 520.7], [-8513.5, 526.4], [-8501.4, 538.1], [-8482.9, 555.8], [-8464.8, 570.1], [-8446.1, 580.5], [-8442.6, 580.2], [-8424.2, 569.8], [-8413.4, 569.1], [-8405.4, 572.4], [-8389.6, 582.6], [-8386.9, 587.3], [-8384.6, 596.6], [-8386.5, 617.3], [-8382.8, 631.5], [-8382.9, 637.4], [-8389.3, 655.1], [-8397.0, 666.6], [-8404.0, 672.5], [-8411.9, 672.4], [-8425.2, 664.9], [-8439.8, 656.1], [-8443.5, 656.6], [-8455.1, 671.1], [-8469.3, 688.2], [-8469.9, 689.0], [-8473.7, 688.9], [-8490.7, 672.7], [-8505.4, 655.9], [-8510.7, 655.8], [-8519.2, 668.5], [-8520.1, 670.9], [-8533.4, 683.6], [-8540.1, 686.6], [-8548.2, 684.1], [-8563.0, 673.0], [-8570.8, 666.9], [-8596.8, 657.9], [-8610.8, 654.3], [-8612.6, 654.2], [-8633.1, 655.3], [-8649.4, 659.2], [-8657.6, 663.4], [-8660.0, 665.4], [-8664.4, 672.5], [-8670.5, 679.7], [-8671.6, 682.3], [-8683.5, 696.8], [-8691.2, 706.1], [-8700.3, 717.4], [-8708.1, 725.5], [-8711.4, 728.8], [-8712.6, 730.8], [-8717.0, 731.3], [-8726.3, 723.7], [-8729.8, 721.0], [-8741.1, 711.2], [-8741.7, 705.9], [-8738.5, 701.6], [-8740.3, 697.3], [-8756.9, 684.2], [-8770.8, 673.3], [-8776.0, 671.9], [-8786.7, 678.5], [-8792.9, 674.6], [-8796.0, 665.1], [-8800.2, 651.6], [-8812.1, 645.6], [-8818.9, 642.2], [-8829.0, 636.6], [-8835.6, 636.4], [-8846.4, 648.1], [-8855.7, 654.9], [-8861.0, 655.4], [-8864.4, 652.6], [-8877.3, 645.2], [-8885.1, 640.8], [-8906.4, 628.9], [-8913.5, 614.6], [-8921.2, 610.0], [-8923.1, 610.6], [-8930.5, 624.3], [-8929.5, 625.8], [-8922.8, 629.5], [-8912.3, 627.9], [-8906.0, 628.7], [-8900.0, 631.9], [-8884.7, 640.3], [-8880.4, 642.6], [-8869.1, 643.4], [-8856.2, 642.4], [-8852.0, 643.7], [-8850.4, 643.4], [-8833.8, 627.9], [-8819.8, 615.6], [-8809.1, 605.2], [-8796.9, 592.6], [-8793.6, 592.0], [-8779.9, 601.3], [-8772.0, 606.7], [-8768.7, 607.0], [-8751.8, 589.8], [-8740.3, 577.3], [-8739.6, 573.7], [-8744.1, 564.5], [-8744.9, 561.4], [-8743.3, 555.3], [-8735.5, 546.3], [-8726.7, 535.6], [-8715.8, 521.9], [-8719.0, 515.0], [-8719.4, 510.7], [-8707.9, 494.1], [-8697.4, 477.9], [-8696.4, 476.3], [-8696.8, 472.4], [-8708.5, 460.1], [-8712.3, 456.5], [-8721.3, 437.8], [-8724.0, 426.7], [-8723.7, 425.5], [-8725.2, 412.6], [-8723.5, 408.3], [-8719.0, 406.1], [-8713.9, 405.4], [-8695.9, 400.6], [-8684.0, 399.4], [-8671.4, 408.0], [-8659.8, 416.5], [-8658.7, 417.7], [-8645.9, 432.2], [-8643.4, 434.6], [-8637.3, 444.7], [-8633.4, 455.0], [-8639.3, 469.2], [-8642.4, 475.4], [-8642.5, 477.1], [-8641.6, 480.0], [-8624.3, 493.6], [-8614.2, 501.5], [-8609.5, 514.0], [-8608.0, 517.3], [-8601.3, 523.9]]}}, {"type": "Feature", "properties": {"op": "add"}, "geometry": {"type": "LineString", "coordinates": [[-8854.8, 745.0], [-8870.9, 761.1], [-8880.0, 754.1], [-8909.0, 790.7], [-8934.5, 772.8], [-8944.1, 771.3], [-8965.5, 773.7], [-8978.0, 784.0], [-8985.4, 791.3], [-8991.6, 809.2], [-8998.8, 833.9], [-8981.5, 845.3], [-8976.5, 858.7], [-8975.8, 876.3], [-9004.1, 900.9], [-9014.9, 924.1], [-9011.4, 940.3], [-9004.5, 955.0], [-8988.7, 960.3], [-8976.4, 959.8], [-8946.2, 956.5], [-8934.9, 956.0], [-8926.4, 955.1], [-8909.9, 934.3], [-8898.1, 915.3], [-8884.8, 916.9], [-8857.1, 931.8], [-8839.4, 937.3], [-8816.7, 954.8], [-8798.7, 932.6], [-8778.6, 908.6], [-8763.0, 891.6], [-8739.4, 892.2], [-8724.8, 877.7], [-8709.9, 859.7], [-8683.4, 877.5], [-8652.2, 839.0], [-8647.3, 832.1], [-8633.8, 789.0], [-8664.1, 764.0], [-8641.6, 734.2], [-8610.0, 760.4], [-8590.5, 758.2], [-8579.3, 737.9], [-8596.1, 717.0], [-8561.6, 673.6], [-8538.3, 689.0], [-8524.5, 671.7], [-8510.0, 650.1], [-8536.2, 631.9], [-8559.0, 615.6], [-8580.7, 598.0], [-8588.0, 568.8], [-8576.2, 545.8], [-8564.4, 528.9], [-8553.0, 511.9], [-8534.4, 487.4], [-8548.0, 469.7], [-8565.3, 465.8], [-8582.4, 481.4], [-8607.1, 507.4], [-8646.9, 477.2], [-8634.1, 461.0], [-8633.4, 444.2], [-8651.6, 423.1], [-8679.6, 398.9], [-8693.4, 398.3], [-8707.2, 414.5], [-8722.9, 432.1], [-8711.1, 457.3], [-8694.4, 474.7], [-8722.3, 511.9], [-8715.5, 521.9], [-8728.2, 537.0], [-8747.9, 560.4], [-8738.0, 575.0], [-8771.1, 609.2], [-8796.0, 588.7], [-8829.1, 626.2], [-8852.8, 658.7], [-8833.7, 673.0], [-8826.0, 678.2], [-8834.5, 697.7], [-8845.7, 723.0]]}}, {"type": "Feature", "properties": {"op": "add"}, "geometry": {"type": "LineString", "coordinates": [[-8833.5, 545.7], [-8817.1, 561.7], [-8813.1, 569.5], [-8812.0, 571.6], [-8808.1, 577.1], [-8792.0, 589.8], [-8782.3, 597.5], [-8775.0, 603.9], [-8772.6, 605.6], [-8769.0, 606.3], [-8756.1, 592.9], [-8742.3, 579.3], [-8736.1, 575.9], [-8720.8, 589.9], [-8710.4, 595.3], [-8707.6, 600.9], [-8706.5, 630.3], [-8706.9, 636.8], [-8714.2, 658.6], [-8724.8, 677.2], [-8741.4, 706.9], [-8740.5, 713.5], [-8730.4, 721.9], [-8717.3, 732.0], [-8716.8, 732.8], [-8713.4, 732.7], [-8704.0, 723.7], [-8699.9, 719.5], [-8695.9, 718.3], [-8675.3, 733.9], [-8662.3, 743.9], [-8640.7, 741.1], [-8635.2, 741.8], [-8614.1, 758.0], [-8614.7, 762.5], [-8616.3, 764.8], [-8624.4, 774.7], [-8631.7, 783.8], [-8635.0, 784.4], [-8645.8, 776.0], [-8656.4, 767.7], [-8662.8, 745.2], [-8664.8, 743.8], [-8684.8, 727.9], [-8697.6, 717.4], [-8700.7, 717.6], [-8714.6, 732.2], [-8719.6, 732.8], [-8732.2, 723.1], [-8743.2, 715.0], [-8746.9, 715.2], [-8756.2, 726.7], [-8764.0, 734.3], [-8775.3, 740.6], [-8776.9, 741.2], [-8791.8, 745.0], [-8801.6, 743.7], [-8824.3, 732.2], [-8840.8, 723.0], [-8842.2, 718.6], [-8835.1, 702.5], [-8826.3, 683.4], [-8826.9, 677.4], [-8844.4, 666.5], [-8862.8, 653.7], [-8877.1, 645.0], [-8885.8, 640.0], [-8909.8, 628.3], [-8922.6, 629.5], [-8925.8, 628.8], [-8929.7, 625.9], [-8930.6, 623.3], [-8923.9, 611.3], [-8921.1, 610.4], [-8915.2, 613.6], [-8908.2, 626.2], [-8890.4, 637.0], [-8884.1, 639.9], [-8876.1, 643.4], [-8860.1, 642.4], [-8852.0, 643.8], [-8847.8, 642.6], [-8839.0, 623.1], [-8841.1, 615.7], [-8853.4, 607.3], [-8869.5, 596.1], [-8884.6, 584.5], [-8887.2, 577.5], [-8886.2, 574.0], [-8883.2, 571.9], [-8876.6, 573.6], [-8864.8, 583.3], [-8861.6, 585.7], [-8850.6, 598.2], [-8839.3, 610.7], [-8830.6, 619.7], [-8826.5, 619.1], [-8809.7, 605.0], [-8809.2, 602.3], [-8808.2, 601.0], [-8807.9, 599.4], [-8809.8, 590.4], [-8810.7, 586.7], [-8820.5, 572.2], [-8831.2, 555.1], [-8837.7, 542.8], [-8844.5, 532.4], [-8847.9, 526.9], [-8852.0, 527.7], [-8853.0, 534.6], [-8855.6, 538.2], [-8864.7, 534.3], [-8866.0, 529.8], [-8857.1, 515.7], [-8847.1, 500.9], [-8838.0, 489.1], [-8835.5, 485.6], [-8834.7, 484.2], [-8833.3, 480.6], [-8835.7, 478.8], [-8838.5, 481.5], [-8844.8, 493.6], [-8854.6, 508.4], [-8864.5, 525.0], [-8868.2, 530.9], [-8866.3, 535.0], [-8856.6, 538.7], [-8853.1, 537.7], [-8852.8, 527.7], [-8851.7, 525.8], [-8848.8, 525.1], [-8843.9, 532.1], [-8835.5, 543.5]]}}, {"type": "Feature", "properties": {"op": "add"}, "geometry": {"type": "LineString", "coordinates": [[-9180.0, 317.2], [-9177.5, 327.9], [-9170.1, 340.4], [-9163.7, 349.4], [-9152.5, 360.8], [-9143.1, 371.6], [-9129.0, 385.2], [-9113.7, 397.2], [-9101.6, 407.1], [-9113.5, 401.8], [-9128.7, 391.8], [-9138.5, 384.0], [-9147.7, 375.8], [-9158.6, 361.8], [-9169.9, 349.9], [-9177.2, 341.2], [-9181.4, 329.6], [-9183.6, 318.1], [-9183.5, 302.8], [-9184.1, 282.9], [-9184.6, 264.5], [-9186.9, 250.9], [-9191.2, 238.4], [-9195.4, 230.4], [-9199.5, 226.1], [-9210.5, 217.0], [-9219.9, 206.9], [-9230.1, 194.2], [-9237.6, 182.8], [-9244.5, 172.1], [-9249.8, 166.2], [-9257.4, 161.7], [-9270.2, 156.6], [-9285.7, 154.2], [-9305.4, 146.2], [-9323.8, 135.2], [-9340.2, 124.6], [-9353.5, 117.7], [-9363.4, 112.8], [-9374.7, 109.4], [-9391.1, 105.3], [-9403.0, 98.9], [-9418.2, 87.6], [-9438.8, 71.0], [-9428.2, 75.6], [-9414.9, 85.5], [-9406.2, 92.3], [-9390.3, 98.4], [-9374.9, 103.6], [-9363.9, 107.5], [-9348.0, 114.3], [-9331.7, 124.9], [-9315.1, 134.8], [-9302.7, 141.8], [-9291.3, 145.4], [-9275.2, 148.2], [-9262.8, 150.3], [-9253.4, 155.6], [-9243.6, 165.8], [-9231.8, 182.6], [-9219.2, 197.2], [-9208.4, 209.2], [-9197.6, 219.3], [-9190.2, 226.7], [-9184.7, 235.3], [-9179.6, 250.3], [-9177.5, 260.1], [-9177.7, 279.1], [-9178.0, 302.9]]}}, {"type": "Feature", "properties": {"op": "add"}, "geometry": {"type": "LineString", "coordinates": [[-9438.5, 54.6], [-9431.2, 46.6], [-9421.6, 36.5], [-9411.4, 24.5], [-9401.3, 13.4], [-9390.2, -1.1], [-9378.1, -13.0], [-9365.4, -27.7], [-9351.9, -40.3], [-9337.8, -50.2], [-9329.2, -52.8], [-9314.5, -56.5], [-9302.5, -59.1], [-9290.4, -63.4], [-9281.5, -69.3], [-9270.3, -77.2], [-9258.7, -86.9], [-9245.8, -95.5], [-9235.8, -101.6], [-9228.8, -104.1], [-9219.7, -106.7], [-9208.2, -109.8], [-9197.4, -112.2], [-9185.8, -112.7], [-9174.0, -111.8], [-9159.3, -106.8], [-9149.3, -100.7], [-9135.4, -91.5], [-9119.7, -81.0], [-9109.2, -73.0], [-9097.5, -63.8], [-9090.1, -58.4], [-9084.7, -53.0], [-9079.4, -48.9], [-9070.9, -43.4], [-9083.6, -53.4], [-9098.7, -65.6], [-9109.4, -75.7], [-9125.4, -85.2], [-9142.3, -95.9], [-9163.2, -108.5], [-9176.2, -112.0], [-9195.8, -112.8], [-9209.0, -109.3], [-9225.8, -104.7], [-9238.6, -99.0], [-9249.9, -91.5], [-9268.2, -77.9], [-9280.2, -67.7], [-9297.9, -60.6], [-9322.9, -53.6], [-9336.0, -49.4], [-9351.5, -40.1], [-9362.0, -29.9], [-9376.2, -14.8], [-9397.8, 6.9], [-9409.9, 21.2]]}}, {"type": "Feature", "properties": {"op": "add"}, "geometry": {"type": "LineString", "coordinates": [[-9125.5, 390.0], [-9144.0, 376.6], [-9150.4, 370.6], [-9159.8, 359.0], [-9169.7, 347.3], [-9176.4, 336.2], [-9179.0, 324.0], [-9181.6, 310.7], [-9182.4, 299.1], [-9183.6, 286.0], [-9184.2, 259.6], [-9187.5, 239.8], [-9193.9, 228.4], [-9217.1, 204.3], [-9229.9, 191.6], [-9239.1, 181.5], [-9252.9, 160.5], [-9270.5, 152.5], [-9282.0, 150.7], [-9303.5, 142.9], [-9326.5, 133.7], [-9338.2, 126.1], [-9357.1, 114.9], [-9376.0, 105.8], [-9396.5, 100.0], [-9415.7, 90.1], [-9430.0, 79.5], [-9441.9, 69.1], [-9459.1, 62.0], [-9471.8, 63.6], [-9492.8, 58.9], [-9502.2, 40.7], [-9513.7, 15.7], [-9520.0, 3.7], [-9526.7, -8.6], [-9535.5, -27.9], [-9544.9, -53.4], [-9550.6, -84.4], [-9550.7, -113.8], [-9549.1, -80.8], [-9544.0, -52.8], [-9537.0, -30.6], [-9529.3, -15.0], [-9522.5, -4.7], [-9517.4, 9.1], [-9508.0, 28.5], [-9496.2, 50.3], [-9493.6, 67.2], [-9486.8, 89.7], [-9484.0, 102.3], [-9480.2, 126.3], [-9482.9, 145.3], [-9485.4, 167.4], [-9484.8, 180.1], [-9493.0, 196.9], [-9508.5, 218.1], [-9533.1, 242.2], [-9519.2, 232.4], [-9515.6, 227.5], [-9503.7, 216.6], [-9498.0, 202.4], [-9486.0, 183.4], [-9483.6, 166.1], [-9481.7, 150.4], [-9481.9, 138.4], [-9483.6, 118.8], [-9486.3, 100.3], [-9487.6, 81.9], [-9485.3, 71.6], [-9479.7, 67.2], [-9467.9, 61.3], [-9454.6, 66.6], [-9415.6, 86.6], [-9402.7, 93.9], [-9383.6, 105.1], [-9362.6, 111.7], [-9337.4, 124.5], [-9316.5, 136.1], [-9298.2, 143.4], [-9273.1, 151.2], [-9256.8, 159.3], [-9242.9, 174.2], [-9232.3, 186.1], [-9217.8, 203.7], [-9201.4, 220.1], [-9188.2, 236.9], [-9183.0, 255.8], [-9182.2, 275.1], [-9180.9, 301.3], [-9178.2, 323.0], [-9173.9, 335.8], [-9168.7, 347.0], [-9156.1, 363.7], [-9142.4, 376.0]]}}, {"type": "Feature", "properties": {"op": "add"}, "geometry": {"type": "LineString", "coordinates": [[-9619.2, -1036.5], [-9621.6, -1009.8], [-9623.0, -993.5], [-9616.8, -971.5], [-9605.7, -952.9], [-9589.6, -935.5], [-9581.8, -917.2], [-9582.1, -892.8], [-9587.0, -870.2], [-9603.1, -848.4], [-9635.4, -813.7], [-9646.8, -797.6], [-9651.2, -783.7], [-9651.5, -762.6], [-9656.3, -740.7], [-9656.6, -723.1], [-9649.0, -701.8], [-9643.4, -663.4], [-9628.8, -641.7], [-9622.4, -603.8], [-9619.7, -574.7], [-9617.3, -551.6], [-9611.5, -532.1], [-9602.3, -517.9], [-9593.4, -504.3], [-9589.5, -487.5], [-9590.7, -469.7], [-9600.5, -453.0], [-9608.5, -436.1], [-9614.5, -416.3], [-9617.9, -395.9], [-9619.9, -371.5], [-9620.9, -344.2], [-9620.9, -320.5], [-9618.6, -297.6], [-9612.6, -276.4], [-9608.7, -255.3], [-9598.7, -228.6], [-9588.3, -202.7], [-9578.5, -171.5], [-9568.0, -151.0], [-9553.5, -136.3], [-9549.2, -112.0], [-9548.4, -83.4], [-9546.6, -64.2], [-9542.0, -44.0], [-9531.7, -17.7], [-9518.5, 4.6], [-9505.7, 31.6], [-9495.0, 54.7], [-9492.8, 64.4], [-9497.9, 48.8], [-9503.1, 36.4], [-9509.8, 23.9], [-9517.8, 6.7], [-9529.7, -15.7], [-9541.4, -44.9], [-9547.4, -72.0], [-9549.5, -109.4], [-9556.7, -136.6], [-9567.8, -151.0], [-9578.9, -170.3], [-9586.8, -195.1], [-9598.2, -224.7], [-9608.6, -258.1], [-9614.8, -289.1], [-9618.1, -313.0], [-9620.3, -340.6], [-9619.8, -371.0], [-9618.1, -393.7], [-9610.8, -427.7], [-9602.8, -445.2], [-9596.1, -461.8], [-9591.1, -476.3], [-9591.5, -488.5], [-9593.8, -501.4], [-9598.5, -512.5], [-9609.8, -533.6], [-9616.0, -550.8], [-9619.0, -571.0], [-9620.5, -590.8], [-9623.5, -620.7], [-9629.0, -638.2], [-9636.7, -653.1], [-9641.3, -663.9], [-9645.3, -681.2], [-9650.7, -701.9], [-9653.7, -722.3], [-9654.6, -742.4], [-9652.6, -766.5], [-9648.0, -793.0], [-9638.6, -808.6], [-9626.8, -822.3], [-9613.6, -836.7], [-9600.5, -851.8], [-9589.8, -865.7], [-9585.5, -875.6], [-9584.8, -898.9], [-9586.1, -915.4], [-9592.0, -931.5], [-9598.1, -942.4], [-9607.8, -959.0], [-9615.5, -974.2], [-9620.9, -993.4], [-9620.6, -1003.7], [-9620.3, -1014.1], [-9620.0, -1024.7]]}}, {"type": "Feature", "properties": {"op": "add"}, "geometry": {"type": "LineString", "coordinates": [[-11391.3, 1802.2], [-11399.1, 1794.0], [-11396.7, 1784.3], [-11391.3, 1779.7], [-11372.8, 1782.6], [-11356.2, 1796.6], [-11350.3, 1823.5], [-11321.7, 1902.0], [-11262.6, 1967.1], [-11216.7, 1991.5], [-11192.8, 1996.1], [-11114.3, 2017.5], [-11086.1, 2043.9], [-11037.5, 2059.2], [-10997.1, 2069.7], [-10961.7, 2067.0], [-10939.8, 2081.0], [-10940.9, 2093.3], [-10952.9, 2096.8], [-10974.5, 2090.2], [-10996.4, 2080.6], [-11048.6, 2062.7], [-11084.2, 2026.6], [-11144.1, 2021.2], [-11173.4, 1999.3], [-11193.8, 1995.3], [-11225.6, 1989.1], [-11274.5, 1954.8], [-11303.4, 1934.5], [-11334.3, 1888.5], [-11354.1, 1848.8], [-11359.6, 1831.6], [-11391.3, 1802.2]]}}, {"type": "Feature", "properties": {"op": "add"}, "geometry": {"type": "LineString", "coordinates": [[-6941.3, -1629.5], [-6932.6, -1641.1], [-6927.8, -1648.6], [-6923.4, -1655.5], [-6920.0, -1668.8], [-6915.4, -1674.1], [-6908.4, -1682.3], [-6900.8, -1691.2], [-6894.2, -1694.8], [-6884.2, -1697.5], [-6878.1, -1700.9], [-6871.7, -1699.1], [-6866.1, -1695.7], [-6858.9, -1693.5], [-6844.4, -1691.9], [-6832.2, -1685.0], [-6825.0, -1680.9], [-6818.0, -1680.9], [-6814.3, -1673.2], [-6823.9, -1671.5], [-6837.3, -1671.9], [-6849.3, -1678.3], [-6860.0, -1679.1], [-6856.3, -1688.2], [-6851.7, -1699.5], [-6857.5, -1710.7], [-6862.2, -1719.9], [-6859.4, -1733.2], [-6850.1, -1747.6], [-6853.9, -1758.5], [-6861.1, -1771.2], [-6863.6, -1761.9], [-6867.2, -1748.0], [-6872.0, -1743.3], [-6876.7, -1738.8], [-6881.9, -1733.7], [-6886.9, -1732.3], [-6894.0, -1739.0], [-6902.5, -1747.0], [-6898.2, -1754.4], [-6893.7, -1762.0], [-6897.4, -1769.1], [-6900.8, -1775.4], [-6894.5, -1781.5], [-6889.9, -1791.8], [-6882.9, -1798.0], [-6874.4, -1800.0], [-6868.0, -1801.5], [-6863.0, -1805.0], [-6857.7, -1807.3], [-6853.4, -1809.1], [-6848.1, -1811.4], [-6845.5, -1805.4], [-6844.6, -1800.8], [-6845.8, -1791.6], [-6846.7, -1783.6], [-6843.6, -1774.6], [-6839.1, -1776.9], [-6831.6, -1783.8], [-6823.1, -1786.5], [-6813.0, -1786.4], [-6802.7, -1782.8], [-6792.6, -1776.0], [-6787.4, -1764.3], [-6782.0, -1755.8], [-6780.6, -1744.1], [-6782.1, -1736.1], [-6781.8, -1727.1], [-6784.4, -1718.5], [-6790.1, -1709.2], [-6779.0, -1707.6], [-6773.5, -1710.8], [-6773.4, -1717.8], [-6776.3, -1735.0], [-6775.3, -1750.6], [-6771.3, -1760.0], [-6765.7, -1772.9], [-6752.5, -1788.0], [-6745.1, -1800.1], [-6740.7, -1811.5], [-6731.4, -1812.5], [-6720.8, -1817.6], [-6709.3, -1812.6], [-6694.3, -1809.9], [-6680.8, -1804.4], [-6674.1, -1794.2], [-6670.4, -1788.5], [-6665.7, -1781.5], [-6662.8, -1769.5], [-6649.6, -1770.8], [-6640.1, -1775.7], [-6635.9, -1777.9], [-6631.3, -1774.5], [-6631.5, -1764.5], [-6627.8, -1757.9], [-6620.2, -1757.8], [-6614.8, -1757.7], [-6607.8, -1757.5], [-6605.0, -1769.5], [-6615.3, -1800.4], [-6615.0, -1829.0], [-6609.7, -1847.2], [-6614.7, -1865.4], [-6627.6, -1873.7], [-6653.0, -1877.5], [-6672.9, -1886.5], [-6692.4, -1895.3], [-6714.3, -1889.6], [-6761.3, -1871.4], [-6791.8, -1859.7], [-6800.7, -1847.3], [-6816.0, -1847.0], [-6830.9, -1846.7], [-6846.2, -1839.1], [-6865.7, -1834.9], [-6877.2, -1826.6], [-6887.1, -1804.3], [-6898.0, -1779.7], [-6896.8, -1764.2], [-6896.2, -1756.7], [-6900.4, -1747.0], [-6899.0, -1739.5], [-6895.1, -1726.8], [-6894.5, -1720.7], [-6895.6, -1714.0], [-6897.9, -1701.1], [-6896.9, -1691.6], [-6899.2, -1677.7], [-6892.3, -1668.0], [-6883.0, -1647.4], [-6864.1, -1631.5], [-6848.5, -1618.3], [-6850.2, -1603.1], [-6857.3, -1581.8], [-6870.4, -1562.5], [-6885.8, -1544.6], [-6905.1, -1548.2], [-6930.5, -1545.4], [-6944.4, -1543.8], [-6958.4, -1531.6], [-6966.4, -1510.7], [-6973.5, -1492.3], [-6982.6, -1468.6], [-6982.9, -1443.9], [-6989.2, -1421.8], [-6993.1, -1408.4], [-6992.7, -1385.0], [-6982.2, -1384.7], [-6962.6, -1377.5], [-6961.2, -1365.2], [-6974.9, -1355.7], [-6985.7, -1339.1], [-7002.7, -1328.9], [-7018.7, -1327.2], [-7036.4, -1331.5], [-7042.9, -1345.7], [-7044.6, -1366.2], [-7047.6, -1389.7], [-7041.4, -1407.5], [-7045.9, -1420.8], [-7052.5, -1428.9], [-7041.5, -1448.8], [-7046.3, -1467.5], [-7063.7, -1488.3], [-7059.5, -1496.8], [-7053.0, -1509.9], [-7037.6, -1526.3], [-7023.8, -1538.7], [-6998.2, -1547.0], [-6978.8, -1565.5], [-6972.6, -1583.5], [-6960.1, -1603.7], [-6940.5, -1620.5]]}}, {"type": "Feature", "properties": {"op": "add"}, "geometry": {"type": "LineString", "coordinates": [[-10647.5, 1012.4], [-10642.8, 1016.7], [-10620.2, 1000.9], [-10594.0, 987.9], [-10564.6, 975.7], [-10532.9, 962.0], [-10500.2, 952.6], [-10466.9, 953.8], [-10433.2, 982.0], [-10410.5, 994.7], [-10400.4, 992.5], [-10386.8, 984.1], [-10367.4, 980.6], [-10333.5, 978.8], [-10300.2, 965.6], [-10285.6, 964.1], [-10273.9, 970.7], [-10267.6, 983.4], [-10260.9, 989.9], [-10234.0, 996.3], [-10215.9, 994.5], [-10200.1, 989.4], [-10190.0, 984.9], [-10166.8, 986.7], [-10133.6, 990.6], [-10116.7, 990.1], [-10100.2, 999.2], [-10116.7, 990.1], [-10133.6, 990.6], [-10166.8, 986.7], [-10190.0, 984.9], [-10200.1, 989.4], [-10215.9, 994.5], [-10234.0, 996.3], [-10260.9, 989.9], [-10267.6, 983.4], [-10273.9, 970.7], [-10285.6, 964.1], [-10300.2, 965.6], [-10333.5, 978.8], [-10367.4, 980.6], [-10386.8, 984.1], [-10400.4, 992.5], [-10410.5, 994.7], [-10433.2, 982.0], [-10466.9, 953.8], [-10500.2, 952.6], [-10532.9, 962.0], [-10564.6, 975.7], [-10594.0, 987.9], [-10620.2, 1000.9], [-10642.8, 1016.7]]}}, {"type": "Feature", "properties": {"op": "add"}, "geometry": {"type": "LineString", "coordinates": [[-10634.0, 1085.9], [-10634.2, 1072.2], [-10640.8, 1056.6], [-10655.1, 1038.7], [-10663.5, 1028.5], [-10699.4, 1034.0], [-10720.4, 1033.0], [-10733.6, 1026.3], [-10749.0, 1018.6], [-10767.4, 1017.6], [-10800.8, 1018.2], [-10833.5, 1008.6], [-10867.0, 1006.2], [-10899.6, 999.1], [-10909.7, 983.9], [-10942.5, 967.6], [-10949.2, 940.7], [-10946.8, 934.3], [-10914.5, 901.6], [-10916.4, 868.9], [-10926.3, 852.3], [-10929.2, 832.7], [-10919.8, 800.1], [-10900.7, 777.6], [-10880.3, 749.3], [-10877.1, 732.9], [-10871.7, 699.8], [-10866.9, 665.4], [-10871.7, 699.8], [-10877.1, 732.9], [-10880.3, 749.3], [-10900.7, 777.6], [-10919.8, 800.1], [-10929.2, 832.7], [-10926.3, 852.3], [-10916.4, 868.9], [-10914.5, 901.6], [-10946.8, 934.3], [-10949.2, 940.7], [-10942.5, 967.6], [-10909.7, 983.9], [-10899.6, 999.1], [-10867.0, 1006.2], [-10833.5, 1008.6], [-10800.8, 1018.2], [-10767.4, 1017.6], [-10749.0, 1018.6], [-10733.6, 1026.3], [-10720.4, 1033.0], [-10699.4, 1034.0], [-10663.5, 1028.5], [-10655.1, 1038.7], [-10640.8, 1056.6], [-10634.2, 1072.2]]}}, {"type": "Feature", "properties": {"op": "add"}, "geometry": {"type": "LineString", "coordinates": [[-10015.9, 1922.5], [-10037.3, 1937.3], [-10081.5, 1964.1], [-10106.9, 1986.4], [-10151.4, 2001.8], [-10184.6, 2013.4], [-10214.2, 2028.7], [-10232.9, 2024.7], [-10241.4, 2018.2], [-10244.9, 2010.9], [-10241.1, 2003.6], [-10234.5, 1998.5], [-10224.2, 1997.1], [-10205.3, 1998.9], [-10169.9, 1989.2], [-10150.4, 1983.8], [-10121.0, 1960.9], [-10089.8, 1936.5], [-10052.1, 1920.0], [-10040.7, 1900.9], [-10004.9, 1891.7], [-9981.3, 1885.7], [-9962.4, 1873.8], [-9944.7, 1847.4], [-9931.9, 1819.3], [-9932.6, 1792.8], [-9928.5, 1776.1], [-9915.7, 1761.0], [-9906.1, 1757.8], [-9879.2, 1756.9], [-9867.6, 1750.9], [-9828.8, 1719.2], [-9807.8, 1702.1], [-9790.3, 1674.3], [-9776.6, 1660.2], [-9749.4, 1645.2], [-9715.6, 1626.4], [-9694.3, 1607.6], [-9693.0, 1579.5], [-9680.5, 1555.0], [-9651.1, 1506.7], [-9630.6, 1473.0], [-9627.5, 1439.5], [-9639.0, 1419.9], [-9657.7, 1388.0], [-9663.9, 1360.7], [-9663.4, 1331.1], [-9669.5, 1289.9], [-9665.7, 1248.6], [-9661.6, 1203.7], [-9659.8, 1184.3], [-9652.2, 1158.1], [-9676.0, 1140.1], [-9671.4, 1115.9], [-9670.7, 1092.5], [-9667.6, 1061.2], [-9651.2, 1034.2], [-9634.1, 1029.1], [-9614.7, 1034.0], [-9601.5, 1046.2], [-9601.5, 1052.8], [-9616.7, 1071.9], [-9633.2, 1106.6], [-9628.1, 1143.5], [-9629.2, 1158.3], [-9638.9, 1198.4], [-9639.0, 1224.0], [-9639.4, 1285.7]]}}, {"type": "Feature", "properties": {"op": "add"}, "geometry": {"type": "LineString", "coordinates": [[-9648.3, 1534.4], [-9663.5, 1559.7], [-9663.5, 1602.7], [-9680.0, 1616.3], [-9720.4, 1649.5], [-9749.8, 1673.6], [-9786.2, 1703.6], [-9831.3, 1746.4], [-9852.2, 1766.4], [-9887.8, 1805.7], [-9912.3, 1848.3], [-9927.7, 1875.1], [-9954.6, 1892.3]]}}, {"type": "Feature", "properties": {"op": "add"}, "geometry": {"type": "LineString", "coordinates": [[-10439.1, 2062.0], [-10453.6, 2070.5], [-10477.8, 2074.8], [-10492.2, 2076.8], [-10507.0, 2072.5], [-10515.8, 2074.3], [-10529.7, 2077.1], [-10541.6, 2077.6], [-10551.1, 2075.5], [-10561.6, 2071.7], [-10571.6, 2068.7], [-10583.0, 2064.0], [-10604.8, 2057.8], [-10614.9, 2057.3], [-10625.6, 2059.0], [-10637.3, 2060.9], [-10671.7, 2061.8], [-10679.8, 2062.2], [-10692.1, 2064.6], [-10702.0, 2067.8], [-10711.4, 2070.1], [-10724.8, 2071.4], [-10744.4, 2073.9], [-10751.8, 2074.4], [-10764.5, 2075.6], [-10767.6, 2085.2], [-10771.7, 2099.5], [-10758.7, 2094.8], [-10748.5, 2093.1], [-10732.8, 2092.8], [-10703.7, 2094.2], [-10689.0, 2082.8], [-10672.9, 2070.7], [-10665.7, 2068.7], [-10654.9, 2070.0], [-10642.0, 2073.4], [-10625.9, 2073.7], [-10619.7, 2076.2], [-10611.4, 2079.6], [-10603.4, 2078.0], [-10593.2, 2075.4], [-10586.0, 2073.5], [-10578.3, 2072.4], [-10572.3, 2072.0], [-10563.8, 2072.4], [-10554.9, 2073.1], [-10549.8, 2074.4], [-10540.9, 2078.2], [-10531.2, 2078.5], [-10515.2, 2078.6], [-10507.5, 2077.3], [-10494.6, 2069.8], [-10483.9, 2066.6], [-10469.4, 2063.2], [-10455.5, 2060.3], [-10447.3, 2059.3], [-10435.7, 2059.0], [-10422.0, 2060.0], [-10407.9, 2061.2], [-10398.2, 2060.6], [-10380.6, 2057.6], [-10364.1, 2052.9], [-10350.7, 2046.0], [-10336.4, 2046.7], [-10315.1, 2036.7], [-10306.1, 2033.2], [-10296.9, 2029.0], [-10281.7, 2028.9], [-10259.8, 2027.2], [-10261.1, 2040.2], [-10266.9, 2054.0], [-10277.9, 2059.4], [-10312.8, 2065.8], [-10332.9, 2065.0], [-10353.5, 2058.5], [-10365.3, 2059.9], [-10379.8, 2061.5], [-10390.2, 2062.3], [-10409.2, 2064.1], [-10416.2, 2064.2], [-10436.4, 2067.9]]}}, {"type": "Feature", "properties": {"op": "add"}, "geometry": {"type": "LineString", "coordinates": [[-8752.7, 984.5], [-8741.4, 994.8], [-8735.9, 1002.7], [-8734.9, 1018.3], [-8735.4, 1033.5], [-8738.4, 1050.5], [-8739.4, 1058.0], [-8744.1, 1061.8], [-8764.4, 1064.7], [-8781.7, 1077.0], [-8796.3, 1093.0], [-8795.5, 1119.6], [-8793.8, 1130.8], [-8782.7, 1143.7], [-8759.2, 1146.6], [-8748.1, 1147.7], [-8733.5, 1142.4], [-8721.4, 1127.4], [-8718.2, 1123.0], [-8718.4, 1096.8], [-8724.4, 1080.5], [-8736.3, 1072.9], [-8738.4, 1069.7], [-8732.6, 1047.4], [-8729.5, 1031.0], [-8730.0, 1006.4], [-8731.8, 984.7], [-8734.5, 966.1], [-8736.2, 951.7], [-8736.0, 948.7], [-8733.7, 942.3], [-8722.1, 928.1], [-8711.8, 915.7], [-8713.0, 911.0], [-8726.7, 898.9], [-8731.2, 894.3], [-8731.5, 892.3], [-8733.2, 890.3], [-8722.3, 874.5], [-8714.8, 864.8], [-8712.0, 860.9], [-8712.6, 853.2], [-8723.9, 837.8], [-8726.8, 822.6], [-8725.5, 812.5], [-8722.3, 807.4], [-8719.1, 796.5], [-8717.5, 793.3], [-8723.1, 780.7], [-8729.8, 771.3], [-8731.2, 765.4], [-8728.5, 758.7], [-8725.5, 753.3], [-8715.9, 738.8], [-8716.2, 735.0], [-8718.5, 733.4], [-8731.6, 723.1], [-8741.3, 712.3], [-8742.8, 707.9], [-8738.0, 701.5], [-8739.0, 697.4], [-8753.7, 686.6], [-8772.6, 672.1], [-8777.9, 672.0], [-8789.3, 682.2], [-8800.5, 685.0], [-8803.9, 685.0], [-8814.7, 680.5], [-8828.9, 674.8], [-8832.7, 673.7], [-8844.0, 665.8], [-8861.9, 654.5], [-8863.6, 653.2], [-8876.3, 645.3], [-8884.7, 640.3], [-8909.1, 626.4], [-8915.6, 613.5], [-8922.3, 609.8], [-8925.1, 610.6], [-8931.4, 623.5], [-8930.3, 626.0], [-8922.1, 630.4], [-8911.5, 628.2], [-8906.3, 629.2], [-8884.8, 640.6], [-8876.5, 645.3], [-8862.7, 654.1], [-8859.2, 656.4], [-8841.0, 668.0], [-8826.7, 677.3], [-8826.3, 681.9], [-8837.2, 705.0], [-8847.3, 725.7], [-8856.1, 741.0], [-8868.8, 758.4], [-8873.3, 758.8], [-8880.4, 757.0], [-8892.2, 770.7], [-8907.8, 787.9], [-8911.6, 788.2], [-8925.0, 778.2], [-8928.8, 775.1], [-8939.7, 771.8], [-8959.1, 771.1], [-8969.3, 773.2], [-8978.0, 783.1], [-8986.0, 792.7], [-8989.8, 800.1], [-8991.4, 807.9], [-8993.9, 818.3], [-8993.0, 827.0], [-8987.5, 839.1], [-8980.9, 845.2], [-8976.3, 854.5], [-8975.9, 871.2], [-8975.7, 875.9], [-8976.4, 878.9], [-8982.0, 885.6], [-8996.2, 896.0], [-9002.9, 900.9], [-9005.2, 902.9], [-9006.4, 904.8], [-9012.4, 916.3], [-9015.4, 922.4], [-9015.7, 923.0], [-9016.0, 929.0], [-9011.4, 939.1], [-9008.4, 946.8], [-9005.0, 954.5], [-9000.2, 957.9], [-8989.1, 960.3], [-8987.8, 960.5], [-8969.9, 957.6], [-8953.6, 955.6], [-8941.3, 952.4], [-8926.3, 948.6], [-8919.6, 947.2], [-8916.0, 943.7], [-8905.6, 928.1], [-8896.1, 914.5], [-8891.9, 913.6], [-8873.4, 923.2], [-8854.9, 932.1], [-8848.9, 931.5], [-8835.2, 940.1], [-8820.1, 951.8], [-8816.2, 952.0], [-8815.0, 952.0], [-8805.0, 944.1], [-8801.2, 944.5], [-8789.4, 953.6], [-8772.8, 966.9], [-8765.2, 973.4], [-8757.3, 979.7]]}}, {"type": "Feature", "properties": {"op": "add"}, "geometry": {"type": "LineString", "coordinates": [[1129.9, -260.8], [1099.4, -246.6], [1043.0, -219.0], [987.8, -183.1], [944.3, -133.4], [896.2, -88.7], [822.5, -70.0], [777.7, -43.4], [724.6, 15.5], [681.5, 86.9], [614.5, 189.9], [555.1, 231.3], [517.0, 275.0], [525.9, 251.6], [569.7, 221.1], [633.0, 163.2], [667.4, 98.6], [711.5, 41.2], [745.5, -14.6], [801.7, -56.7], [869.8, -83.0], [933.6, -117.3], [962.6, -156.1], [1031.8, -216.4], [1118.5, -252.1], [1186.5, -265.6], [1153.3, -262.6]]}}, {"type": "Feature", "properties": {"op": "add"}, "geometry": {"type": "LineString", "coordinates": [[2806.6, -4475.7], [2801.0, -4481.7], [2789.9, -4493.9], [2780.4, -4504.1], [2770.8, -4514.3], [2750.6, -4533.7], [2738.0, -4543.6], [2725.9, -4550.7], [2701.7, -4564.7], [2677.7, -4579.1], [2665.6, -4586.1], [2653.4, -4593.1], [2641.2, -4600.0], [2629.2, -4607.1], [2617.2, -4614.4], [2605.3, -4621.6], [2581.3, -4636.2], [2569.3, -4643.4], [2555.9, -4651.3], [2542.0, -4653.3], [2528.1, -4655.1], [2505.8, -4656.6], [2494.4, -4653.2], [2490.2, -4650.1], [2478.6, -4642.3], [2455.8, -4629.1], [2443.2, -4623.0], [2419.3, -4612.0], [2406.4, -4606.6], [2387.1, -4601.9], [2373.1, -4602.0], [2359.2, -4602.4], [2329.0, -4604.9], [2315.5, -4608.5], [2290.8, -4615.1], [2264.2, -4623.9], [2251.0, -4628.5], [2237.8, -4633.3], [2233.7, -4634.8], [2219.9, -4636.2], [2198.3, -4635.8], [2179.8, -4630.2], [2167.2, -4624.1], [2154.8, -4617.6], [2137.9, -4608.2], [2117.1, -4592.4], [2107.2, -4582.5], [2097.3, -4572.6], [2082.8, -4558.1], [2073.0, -4548.2], [2064.0, -4537.4], [2054.7, -4526.9], [2039.0, -4511.3], [2018.6, -4522.0], [2007.3, -4530.4], [1996.5, -4539.3], [1978.1, -4555.6], [1972.0, -4568.3], [1966.2, -4581.0], [1961.3, -4594.1], [1955.0, -4614.2], [1947.6, -4631.2], [1937.7, -4647.9], [1926.2, -4661.1], [1905.6, -4675.2], [1881.0, -4688.6], [1869.0, -4695.8], [1860.0, -4701.3], [1849.8, -4710.9], [1837.3, -4725.4], [1830.2, -4738.1], [1820.2, -4764.2], [1815.3, -4777.3], [1811.0, -4790.6], [1807.7, -4804.2], [1803.6, -4821.5], [1794.4, -4846.3], [1790.2, -4862.2], [1787.5, -4875.9], [1784.8, -4889.7], [1782.0, -4903.4], [1779.6, -4917.2], [1775.0, -4944.8], [1772.0, -4958.5], [1764.6, -4979.4], [1756.7, -4990.9], [1740.7, -5013.9], [1733.4, -5025.8], [1726.5, -5037.8], [1721.8, -5051.0], [1717.0, -5064.1], [1707.5, -5090.4], [1702.7, -5103.6], [1697.9, -5116.8], [1689.4, -5143.4], [1688.4, -5155.8], [1688.2, -5178.9], [1691.0, -5191.2], [1692.9, -5206.0], [1693.0, -5219.5], [1692.8, -5230.7], [1692.5, -5244.6], [1692.2, -5258.6], [1691.8, -5284.0], [1689.0, -5297.8], [1674.8, -5326.3], [1662.8, -5333.8], [1664.5, -5346.0], [1670.2, -5354.8], [1675.9, -5362.8], [1672.2, -5376.3], [1665.1, -5396.9], [1661.5, -5407.4], [1652.0, -5433.8], [1647.1, -5446.9], [1644.2, -5454.8], [1636.3, -5476.1], [1634.7, -5480.0], [1626.7, -5497.1], [1637.6, -5473.4], [1642.5, -5459.9], [1645.0, -5453.2], [1648.6, -5443.4], [1652.9, -5431.9], [1657.9, -5418.2], [1663.0, -5403.4], [1667.4, -5390.1], [1676.3, -5365.8], [1681.7, -5360.5], [1691.7, -5355.5], [1697.7, -5349.0], [1696.7, -5338.6], [1685.3, -5319.3], [1689.2, -5291.6], [1691.7, -5277.8], [1692.3, -5264.6], [1692.1, -5250.6], [1692.6, -5236.6], [1692.8, -5208.3], [1691.5, -5194.2], [1689.0, -5179.5], [1688.4, -5167.2], [1689.2, -5148.9], [1692.9, -5135.4], [1696.7, -5122.0], [1701.1, -5108.7], [1705.4, -5095.4], [1710.0, -5082.1], [1719.4, -5055.8], [1724.3, -5043.5], [1730.7, -5031.0], [1737.7, -5018.9], [1745.3, -5007.2], [1753.9, -4996.1], [1767.4, -4976.9], [1776.0, -4950.2], [1776.5, -4947.3], [1777.5, -4926.1], [1780.1, -4912.3], [1783.3, -4898.7], [1789.7, -4871.5], [1793.0, -4857.9], [1797.0, -4844.4], [1805.1, -4817.7], [1808.6, -4804.2], [1816.9, -4777.4], [1821.5, -4764.2], [1826.0, -4750.9], [1831.0, -4737.9], [1839.5, -4721.3], [1845.3, -4714.4], [1860.7, -4701.6], [1872.7, -4694.2], [1885.1, -4687.9], [1904.2, -4677.6], [1912.2, -4672.7], [1924.9, -4662.3], [1931.1, -4654.4], [1938.7, -4643.4], [1946.2, -4630.9], [1953.1, -4617.6], [1959.1, -4602.8], [1963.2, -4589.4], [1972.3, -4563.1], [1979.4, -4554.0], [2001.0, -4536.2], [2011.9, -4527.4], [2023.7, -4518.0], [2035.2, -4516.8], [2046.4, -4516.9], [2056.4, -4529.0], [2066.8, -4540.8], [2076.2, -4551.2], [2085.6, -4561.5], [2095.4, -4571.5], [2105.6, -4581.1], [2116.0, -4590.4], [2130.0, -4601.9], [2141.5, -4609.9], [2152.9, -4617.2], [2165.3, -4623.6], [2178.2, -4628.9], [2203.6, -4635.3], [2219.2, -4635.9], [2232.8, -4632.4], [2246.4, -4629.1], [2259.8, -4625.2], [2288.9, -4616.4], [2302.4, -4612.8], [2329.7, -4606.8], [2343.6, -4604.8], [2378.0, -4602.6], [2386.8, -4602.7], [2418.2, -4611.2], [2443.5, -4622.9], [2454.5, -4628.3], [2463.5, -4635.0], [2474.8, -4643.3], [2494.2, -4656.8], [2502.1, -4656.9], [2516.0, -4656.4], [2538.2, -4655.0], [2557.7, -4649.5], [2564.9, -4646.9], [2589.3, -4633.4], [2601.2, -4625.9], [2624.8, -4610.9], [2646.0, -4598.0], [2670.2, -4584.0], [2682.3, -4577.0], [2706.5, -4562.9], [2718.6, -4555.8], [2740.7, -4542.5], [2761.0, -4523.3], [2771.0, -4513.5], [2780.7, -4503.4], [2800.0, -4483.1], [2809.6, -4472.9], [2828.7, -4451.2], [2836.2, -4439.4], [2843.6, -4427.5], [2851.5, -4414.4], [2865.8, -4390.4], [2876.4, -4370.7], [2884.9, -4344.0], [2887.9, -4330.3], [2892.6, -4302.7], [2894.8, -4288.9], [2898.8, -4261.2], [2900.4, -4247.3], [2903.9, -4219.5], [2905.9, -4205.7], [2910.4, -4178.0], [2913.0, -4164.3], [2919.1, -4136.9], [2922.0, -4123.3], [2928.1, -4095.9], [2932.8, -4076.0], [2942.1, -4049.6], [2947.2, -4036.6], [2960.6, -4002.0], [2966.8, -3987.6], [2970.9, -3977.2], [2975.8, -3964.2], [2982.1, -3948.8], [2984.8, -3935.7], [2986.6, -3923.1], [2990.0, -3910.1], [2993.7, -3896.8], [3002.8, -3870.4], [3010.1, -3844.5], [3015.4, -3831.5], [3020.5, -3818.5], [3028.9, -3797.8], [3034.3, -3784.9], [3039.4, -3771.8], [3044.4, -3758.8], [3054.8, -3732.8], [3060.0, -3719.8], [3066.2, -3696.9], [3061.1, -3682.1], [3054.6, -3669.7], [3048.2, -3657.3], [3039.7, -3639.1], [3040.5, -3611.1], [3040.5, -3583.1], [3040.8, -3569.1], [3043.9, -3543.6], [3045.5, -3533.8], [3048.9, -3516.3], [3054.5, -3499.3], [3060.7, -3486.8], [3066.7, -3475.8], [3073.6, -3465.6], [3087.1, -3450.2], [3096.2, -3439.5], [3105.3, -3428.8], [3118.7, -3414.4], [3130.8, -3404.0], [3154.7, -3400.0], [3164.9, -3393.8], [3174.8, -3390.4], [3188.7, -3388.7], [3202.6, -3386.9], [3216.5, -3385.1], [3241.9, -3382.5], [3265.3, -3381.1], [3282.5, -3380.5], [3308.6, -3380.2], [3317.5, -3384.5], [3323.5, -3378.4], [3316.8, -3374.4], [3308.9, -3379.2], [3298.5, -3379.3], [3282.1, -3379.5], [3268.2, -3380.2], [3240.3, -3382.4], [3226.4, -3383.9], [3212.5, -3385.4], [3198.6, -3387.1], [3173.4, -3390.5], [3160.5, -3395.8], [3147.8, -3401.8], [3125.2, -3408.0], [3116.4, -3415.6], [3104.3, -3429.5], [3095.1, -3440.1], [3085.9, -3450.6], [3076.8, -3461.3], [3061.5, -3480.1], [3057.0, -3490.3], [3048.0, -3517.6], [3045.7, -3531.4], [3043.4, -3550.1], [3041.8, -3564.0], [3040.6, -3584.3], [3040.4, -3612.3], [3040.4, -3633.6], [3041.6, -3643.5], [3045.9, -3655.0], [3056.2, -3673.6], [3061.2, -3684.5], [3063.6, -3708.1], [3059.8, -3719.8], [3049.7, -3746.0], [3044.7, -3759.0], [3034.5, -3785.1], [3029.7, -3797.1], [3024.2, -3809.9], [3018.7, -3822.8], [3013.3, -3835.7], [3008.5, -3848.9], [3001.5, -3870.5], [2997.3, -3883.9], [2993.2, -3897.2], [2989.5, -3910.7], [2985.6, -3924.2], [2982.1, -3947.5], [2978.7, -3956.6], [2972.8, -3969.3], [2967.5, -3982.2], [2962.5, -3995.3], [2952.6, -4021.5], [2947.6, -4034.6], [2942.7, -4047.7], [2933.0, -4073.9], [2925.5, -4096.8], [2922.7, -4110.5], [2919.9, -4124.2], [2917.2, -4138.0], [2911.7, -4165.4], [2907.0, -4193.0], [2905.2, -4206.9], [2901.4, -4234.6], [2897.6, -4262.4], [2893.6, -4290.1], [2892.1, -4304.0], [2889.1, -4328.2], [2881.2, -4355.1], [2876.1, -4368.1], [2870.4, -4380.9], [2857.3, -4405.6], [2850.0, -4417.6], [2835.1, -4441.2], [2823.3, -4458.6]]}}, {"type": "Feature", "properties": {"op": "add"}, "geometry": {"type": "LineString", "coordinates": [[2806.6, -4475.7], [2801.0, -4481.7], [2789.9, -4493.9], [2780.4, -4504.1], [2770.8, -4514.3], [2750.6, -4533.7], [2738.0, -4543.6], [2725.9, -4550.7], [2701.7, -4564.7], [2677.7, -4579.1], [2665.6, -4586.1], [2653.4, -4593.1], [2641.2, -4600.0], [2629.2, -4607.1], [2617.2, -4614.4], [2605.3, -4621.6], [2581.3, -4636.2], [2569.3, -4643.4], [2555.9, -4651.3], [2542.0, -4653.3], [2528.1, -4655.1], [2505.8, -4656.6], [2494.4, -4653.2], [2490.2, -4650.1], [2478.6, -4642.3], [2455.8, -4629.1], [2443.2, -4623.0], [2419.3, -4612.0], [2406.4, -4606.6], [2387.1, -4601.9], [2373.1, -4602.0], [2359.2, -4602.4], [2329.0, -4604.9], [2315.5, -4608.5], [2290.8, -4615.1], [2264.2, -4623.9], [2251.0, -4628.5], [2237.8, -4633.3], [2233.7, -4634.8], [2219.9, -4636.2], [2198.3, -4635.8], [2179.8, -4630.2], [2167.2, -4624.1], [2154.8, -4617.6], [2137.9, -4608.2], [2117.1, -4592.4], [2107.2, -4582.5], [2097.3, -4572.6], [2082.8, -4558.1], [2073.0, -4548.2], [2064.0, -4537.4], [2054.7, -4526.9], [2039.0, -4511.3], [2018.6, -4522.0], [2007.3, -4530.4], [1996.5, -4539.3], [1978.1, -4555.6], [1972.0, -4568.3], [1966.2, -4581.0], [1961.3, -4594.1], [1955.0, -4614.2], [1947.6, -4631.2], [1937.7, -4647.9], [1926.2, -4661.1], [1905.6, -4675.2], [1881.0, -4688.6], [1869.0, -4695.8], [1860.0, -4701.3], [1849.8, -4710.9], [1837.3, -4725.4], [1830.2, -4738.1], [1820.2, -4764.2], [1815.3, -4777.3], [1811.0, -4790.6], [1807.7, -4804.2], [1803.6, -4821.5], [1794.4, -4846.3], [1790.2, -4862.2], [1787.5, -4875.9], [1784.8, -4889.7], [1782.0, -4903.4], [1779.6, -4917.2], [1775.0, -4944.8], [1772.0, -4958.5], [1764.6, -4979.4], [1756.7, -4990.9], [1740.7, -5013.9], [1733.4, -5025.8], [1726.5, -5037.8], [1721.8, -5051.0], [1717.0, -5064.1], [1707.5, -5090.4], [1702.7, -5103.6], [1697.9, -5116.8], [1689.4, -5143.4], [1688.4, -5155.8], [1688.2, -5178.9], [1691.0, -5191.2], [1692.9, -5206.0], [1693.0, -5219.5], [1692.8, -5230.7], [1692.5, -5244.6], [1692.2, -5258.6], [1691.8, -5284.0], [1689.0, -5297.8], [1674.8, -5326.3], [1662.8, -5333.8], [1664.5, -5346.0], [1670.2, -5354.8], [1675.9, -5362.8], [1672.2, -5376.3], [1665.1, -5396.9], [1661.5, -5407.4], [1652.0, -5433.8], [1647.1, -5446.9], [1644.2, -5454.8], [1636.3, -5476.1], [1634.7, -5480.0], [1626.7, -5497.1], [1637.6, -5473.4], [1642.5, -5459.9], [1645.0, -5453.2], [1648.6, -5443.4], [1652.9, -5431.9], [1657.9, -5418.2], [1663.0, -5403.4], [1667.4, -5390.1], [1676.3, -5365.8], [1681.7, -5360.5], [1691.7, -5355.5], [1697.7, -5349.0], [1696.7, -5338.6], [1685.3, -5319.3], [1689.2, -5291.6], [1691.7, -5277.8], [1692.3, -5264.6], [1692.1, -5250.6], [1692.6, -5236.6], [1692.8, -5208.3], [1691.5, -5194.2], [1689.0, -5179.5], [1688.4, -5167.2], [1689.2, -5148.9], [1692.9, -5135.4], [1696.7, -5122.0], [1701.1, -5108.7], [1705.4, -5095.4], [1710.0, -5082.1], [1719.4, -5055.8], [1724.3, -5043.5], [1730.7, -5031.0], [1737.7, -5018.9], [1745.3, -5007.2], [1753.9, -4996.1], [1767.4, -4976.9], [1776.0, -4950.2], [1776.5, -4947.3], [1777.5, -4926.1], [1780.1, -4912.3], [1783.3, -4898.7], [1789.7, -4871.5], [1793.0, -4857.9], [1797.0, -4844.4], [1805.1, -4817.7], [1808.6, -4804.2], [1816.9, -4777.4], [1821.5, -4764.2], [1826.0, -4750.9], [1831.0, -4737.9], [1839.5, -4721.3], [1845.3, -4714.4], [1860.7, -4701.6], [1872.7, -4694.2], [1885.1, -4687.9], [1904.2, -4677.6], [1912.2, -4672.7], [1924.9, -4662.3], [1931.1, -4654.4], [1938.7, -4643.4], [1946.2, -4630.9], [1953.1, -4617.6], [1959.1, -4602.8], [1963.2, -4589.4], [1972.3, -4563.1], [1979.4, -4554.0], [2001.0, -4536.2], [2011.9, -4527.4], [2023.7, -4518.0], [2035.2, -4516.8], [2046.4, -4516.9], [2056.4, -4529.0], [2066.8, -4540.8], [2076.2, -4551.2], [2085.6, -4561.5], [2095.4, -4571.5], [2105.6, -4581.1], [2116.0, -4590.4], [2130.0, -4601.9], [2141.5, -4609.9], [2152.9, -4617.2], [2165.3, -4623.6], [2178.2, -4628.9], [2203.6, -4635.3], [2219.2, -4635.9], [2232.8, -4632.4], [2246.4, -4629.1], [2259.8, -4625.2], [2288.9, -4616.4], [2302.4, -4612.8], [2329.7, -4606.8], [2343.6, -4604.8], [2378.0, -4602.6], [2386.8, -4602.7], [2418.2, -4611.2], [2443.5, -4622.9], [2454.5, -4628.3], [2463.5, -4635.0], [2474.8, -4643.3], [2494.2, -4656.8], [2502.1, -4656.9], [2516.0, -4656.4], [2538.2, -4655.0], [2557.7, -4649.5], [2564.9, -4646.9], [2589.3, -4633.4], [2601.2, -4625.9], [2624.8, -4610.9], [2646.0, -4598.0], [2670.2, -4584.0], [2682.3, -4577.0], [2706.5, -4562.9], [2718.6, -4555.8], [2740.7, -4542.5], [2761.0, -4523.3], [2771.0, -4513.5], [2780.7, -4503.4], [2800.0, -4483.1], [2809.6, -4472.9], [2828.7, -4451.2], [2836.2, -4439.4], [2843.6, -4427.5], [2851.5, -4414.4], [2865.8, -4390.4], [2876.4, -4370.7], [2884.9, -4344.0], [2887.9, -4330.3], [2892.6, -4302.7], [2894.8, -4288.9], [2898.8, -4261.2], [2900.4, -4247.3], [2903.9, -4219.5], [2905.9, -4205.7], [2910.4, -4178.0], [2913.0, -4164.3], [2919.1, -4136.9], [2922.0, -4123.3], [2928.1, -4095.9], [2932.8, -4076.0], [2942.1, -4049.6], [2947.2, -4036.6], [2960.6, -4002.0], [2966.8, -3987.6], [2970.9, -3977.2], [2975.8, -3964.2], [2982.1, -3948.8], [2984.8, -3935.7], [2986.6, -3923.1], [2990.0, -3910.1], [2993.7, -3896.8], [3002.8, -3870.4], [3010.1, -3844.5], [3015.4, -3831.5], [3020.5, -3818.5], [3028.9, -3797.8], [3034.3, -3784.9], [3039.4, -3771.8], [3044.4, -3758.8], [3054.8, -3732.8], [3060.0, -3719.8], [3066.2, -3696.9], [3061.1, -3682.1], [3054.6, -3669.7], [3048.2, -3657.3], [3039.7, -3639.1], [3040.5, -3611.1], [3040.5, -3583.1], [3040.8, -3569.1], [3043.9, -3543.6], [3045.5, -3533.8], [3048.9, -3516.3], [3054.5, -3499.3], [3060.7, -3486.8], [3066.7, -3475.8], [3073.6, -3465.6], [3087.1, -3450.2], [3096.2, -3439.5], [3105.3, -3428.8], [3118.7, -3414.4], [3130.8, -3404.0], [3154.7, -3400.0], [3164.9, -3393.8], [3174.8, -3390.4], [3188.7, -3388.7], [3202.6, -3386.9], [3216.5, -3385.1], [3241.9, -3382.5], [3265.3, -3381.1], [3282.5, -3380.5], [3308.6, -3380.2], [3317.5, -3384.5], [3323.5, -3378.4], [3316.8, -3374.4], [3308.9, -3379.2], [3298.5, -3379.3], [3282.1, -3379.5], [3268.2, -3380.2], [3240.3, -3382.4], [3226.4, -3383.9], [3212.5, -3385.4], [3198.6, -3387.1], [3173.4, -3390.5], [3160.5, -3395.8], [3147.8, -3401.8], [3125.2, -3408.0], [3116.4, -3415.6], [3104.3, -3429.5], [3095.1, -3440.1], [3085.9, -3450.6], [3076.8, -3461.3], [3061.5, -3480.1], [3057.0, -3490.3], [3048.0, -3517.6], [3045.7, -3531.4], [3043.4, -3550.1], [3041.8, -3564.0], [3040.6, -3584.3], [3040.4, -3612.3], [3040.4, -3633.6], [3041.6, -3643.5], [3045.9, -3655.0], [3056.2, -3673.6], [3061.2, -3684.5], [3063.6, -3708.1], [3059.8, -3719.8], [3049.7, -3746.0], [3044.7, -3759.0], [3034.5, -3785.1], [3029.7, -3797.1], [3024.2, -3809.9], [3018.7, -3822.8], [3013.3, -3835.7], [3008.5, -3848.9], [3001.5, -3870.5], [2997.3, -3883.9], [2993.2, -3897.2], [2989.5, -3910.7], [2985.6, -3924.2], [2982.1, -3947.5], [2978.7, -3956.6], [2972.8, -3969.3], [2967.5, -3982.2], [2962.5, -3995.3], [2952.6, -4021.5], [2947.6, -4034.6], [2942.7, -4047.7], [2933.0, -4073.9], [2925.5, -4096.8], [2922.7, -4110.5], [2919.9, -4124.2], [2917.2, -4138.0], [2911.7, -4165.4], [2907.0, -4193.0], [2905.2, -4206.9], [2901.4, -4234.6], [2897.6, -4262.4], [2893.6, -4290.1], [2892.1, -4304.0], [2889.1, -4328.2], [2881.2, -4355.1], [2876.1, -4368.1], [2870.4, -4380.9], [2857.3, -4405.6], [2850.0, -4417.6], [2835.1, -4441.2], [2823.3, -4458.6]]}}, {"type": "Feature", "properties": {"op": "add"}, "geometry": {"type": "LineString", "coordinates": [[2806.6, -4475.7], [2801.0, -4481.7], [2789.9, -4493.9], [2780.4, -4504.1], [2770.8, -4514.3], [2750.6, -4533.7], [2738.0, -4543.6], [2725.9, -4550.7], [2701.7, -4564.7], [2677.7, -4579.1], [2665.6, -4586.1], [2653.4, -4593.1], [2641.2, -4600.0], [2629.2, -4607.1], [2617.2, -4614.4], [2605.3, -4621.6], [2581.3, -4636.2], [2569.3, -4643.4], [2555.9, -4651.3], [2542.0, -4653.3], [2528.1, -4655.1], [2505.8, -4656.6], [2494.4, -4653.2], [2490.2, -4650.1], [2478.6, -4642.3], [2455.8, -4629.1], [2443.2, -4623.0], [2419.3, -4612.0], [2406.4, -4606.6], [2387.1, -4601.9], [2373.1, -4602.0], [2359.2, -4602.4], [2329.0, -4604.9], [2315.5, -4608.5], [2290.8, -4615.1], [2264.2, -4623.9], [2251.0, -4628.5], [2237.8, -4633.3], [2233.7, -4634.8], [2219.9, -4636.2], [2198.3, -4635.8], [2179.8, -4630.2], [2167.2, -4624.1], [2154.8, -4617.6], [2137.9, -4608.2], [2117.1, -4592.4], [2107.2, -4582.5], [2097.3, -4572.6], [2082.8, -4558.1], [2073.0, -4548.2], [2064.0, -4537.4], [2054.7, -4526.9], [2039.0, -4511.3], [2018.6, -4522.0], [2007.3, -4530.4], [1996.5, -4539.3], [1978.1, -4555.6], [1972.0, -4568.3], [1966.2, -4581.0], [1961.3, -4594.1], [1955.0, -4614.2], [1947.6, -4631.2], [1937.7, -4647.9], [1926.2, -4661.1], [1905.6, -4675.2], [1881.0, -4688.6], [1869.0, -4695.8], [1860.0, -4701.3], [1849.8, -4710.9], [1837.3, -4725.4], [1830.2, -4738.1], [1820.2, -4764.2], [1815.3, -4777.3], [1811.0, -4790.6], [1807.7, -4804.2], [1803.6, -4821.5], [1794.4, -4846.3], [1790.2, -4862.2], [1787.5, -4875.9], [1784.8, -4889.7], [1782.0, -4903.4], [1779.6, -4917.2], [1775.0, -4944.8], [1772.0, -4958.5], [1764.6, -4979.4], [1756.7, -4990.9], [1740.7, -5013.9], [1733.4, -5025.8], [1726.5, -5037.8], [1721.8, -5051.0], [1717.0, -5064.1], [1707.5, -5090.4], [1702.7, -5103.6], [1697.9, -5116.8], [1689.4, -5143.4], [1688.4, -5155.8], [1688.2, -5178.9], [1691.0, -5191.2], [1692.9, -5206.0], [1693.0, -5219.5], [1692.8, -5230.7], [1692.5, -5244.6], [1692.2, -5258.6], [1691.8, -5284.0], [1689.0, -5297.8], [1674.8, -5326.3], [1662.8, -5333.8], [1664.5, -5346.0], [1670.2, -5354.8], [1675.9, -5362.8], [1672.2, -5376.3], [1665.1, -5396.9], [1661.5, -5407.4], [1652.0, -5433.8], [1647.1, -5446.9], [1644.2, -5454.8], [1636.3, -5476.1], [1634.7, -5480.0], [1626.7, -5497.1], [1637.6, -5473.4], [1642.5, -5459.9], [1645.0, -5453.2], [1648.6, -5443.4], [1652.9, -5431.9], [1657.9, -5418.2], [1663.0, -5403.4], [1667.4, -5390.1], [1676.3, -5365.8], [1681.7, -5360.5], [1691.7, -5355.5], [1697.7, -5349.0], [1696.7, -5338.6], [1685.3, -5319.3], [1689.2, -5291.6], [1691.7, -5277.8], [1692.3, -5264.6], [1692.1, -5250.6], [1692.6, -5236.6], [1692.8, -5208.3], [1691.5, -5194.2], [1689.0, -5179.5], [1688.4, -5167.2], [1689.2, -5148.9], [1692.9, -5135.4], [1696.7, -5122.0], [1701.1, -5108.7], [1705.4, -5095.4], [1710.0, -5082.1], [1719.4, -5055.8], [1724.3, -5043.5], [1730.7, -5031.0], [1737.7, -5018.9], [1745.3, -5007.2], [1753.9, -4996.1], [1767.4, -4976.9], [1776.0, -4950.2], [1776.5, -4947.3], [1777.5, -4926.1], [1780.1, -4912.3], [1783.3, -4898.7], [1789.7, -4871.5], [1793.0, -4857.9], [1797.0, -4844.4], [1805.1, -4817.7], [1808.6, -4804.2], [1816.9, -4777.4], [1821.5, -4764.2], [1826.0, -4750.9], [1831.0, -4737.9], [1839.5, -4721.3], [1845.3, -4714.4], [1860.7, -4701.6], [1872.7, -4694.2], [1885.1, -4687.9], [1904.2, -4677.6], [1912.2, -4672.7], [1924.9, -4662.3], [1931.1, -4654.4], [1938.7, -4643.4], [1946.2, -4630.9], [1953.1, -4617.6], [1959.1, -4602.8], [1963.2, -4589.4], [1972.3, -4563.1], [1979.4, -4554.0], [2001.0, -4536.2], [2011.9, -4527.4], [2023.7, -4518.0], [2035.2, -4516.8], [2046.4, -4516.9], [2056.4, -4529.0], [2066.8, -4540.8], [2076.2, -4551.2], [2085.6, -4561.5], [2095.4, -4571.5], [2105.6, -4581.1], [2116.0, -4590.4], [2130.0, -4601.9], [2141.5, -4609.9], [2152.9, -4617.2], [2165.3, -4623.6], [2178.2, -4628.9], [2203.6, -4635.3], [2219.2, -4635.9], [2232.8, -4632.4], [2246.4, -4629.1], [2259.8, -4625.2], [2288.9, -4616.4], [2302.4, -4612.8], [2329.7, -4606.8], [2343.6, -4604.8], [2378.0, -4602.6], [2386.8, -4602.7], [2418.2, -4611.2], [2443.5, -4622.9], [2454.5, -4628.3], [2463.5, -4635.0], [2474.8, -4643.3], [2494.2, -4656.8], [2502.1, -4656.9], [2516.0, -4656.4], [2538.2, -4655.0], [2557.7, -4649.5], [2564.9, -4646.9], [2589.3, -4633.4], [2601.2, -4625.9], [2624.8, -4610.9], [2646.0, -4598.0], [2670.2, -4584.0], [2682.3, -4577.0], [2706.5, -4562.9], [2718.6, -4555.8], [2740.7, -4542.5], [2761.0, -4523.3], [2771.0, -4513.5], [2780.7, -4503.4], [2800.0, -4483.1], [2809.6, -4472.9], [2828.7, -4451.2], [2836.2, -4439.4], [2843.6, -4427.5], [2851.5, -4414.4], [2865.8, -4390.4], [2876.4, -4370.7], [2884.9, -4344.0], [2887.9, -4330.3], [2892.6, -4302.7], [2894.8, -4288.9], [2898.8, -4261.2], [2900.4, -4247.3], [2903.9, -4219.5], [2905.9, -4205.7], [2910.4, -4178.0], [2913.0, -4164.3], [2919.1, -4136.9], [2922.0, -4123.3], [2928.1, -4095.9], [2932.8, -4076.0], [2942.1, -4049.6], [2947.2, -4036.6], [2960.6, -4002.0], [2966.8, -3987.6], [2970.9, -3977.2], [2975.8, -3964.2], [2982.1, -3948.8], [2984.8, -3935.7], [2986.6, -3923.1], [2990.0, -3910.1], [2993.7, -3896.8], [3002.8, -3870.4], [3010.1, -3844.5], [3015.4, -3831.5], [3020.5, -3818.5], [3028.9, -3797.8], [3034.3, -3784.9], [3039.4, -3771.8], [3044.4, -3758.8], [3054.8, -3732.8], [3060.0, -3719.8], [3066.2, -3696.9], [3061.1, -3682.1], [3054.6, -3669.7], [3048.2, -3657.3], [3039.7, -3639.1], [3040.5, -3611.1], [3040.5, -3583.1], [3040.8, -3569.1], [3043.9, -3543.6], [3045.5, -3533.8], [3048.9, -3516.3], [3054.5, -3499.3], [3060.7, -3486.8], [3066.7, -3475.8], [3073.6, -3465.6], [3087.1, -3450.2], [3096.2, -3439.5], [3105.3, -3428.8], [3118.7, -3414.4], [3130.8, -3404.0], [3154.7, -3400.0], [3164.9, -3393.8], [3174.8, -3390.4], [3188.7, -3388.7], [3202.6, -3386.9], [3216.5, -3385.1], [3241.9, -3382.5], [3265.3, -3381.1], [3282.5, -3380.5], [3308.6, -3380.2], [3317.5, -3384.5], [3323.5, -3378.4], [3316.8, -3374.4], [3308.9, -3379.2], [3298.5, -3379.3], [3282.1, -3379.5], [3268.2, -3380.2], [3240.3, -3382.4], [3226.4, -3383.9], [3212.5, -3385.4], [3198.6, -3387.1], [3173.4, -3390.5], [3160.5, -3395.8], [3147.8, -3401.8], [3125.2, -3408.0], [3116.4, -3415.6], [3104.3, -3429.5], [3095.1, -3440.1], [3085.9, -3450.6], [3076.8, -3461.3], [3061.5, -3480.1], [3057.0, -3490.3], [3048.0, -3517.6], [3045.7, -3531.4], [3043.4, -3550.1], [3041.8, -3564.0], [3040.6, -3584.3], [3040.4, -3612.3], [3040.4, -3633.6], [3041.6, -3643.5], [3045.9, -3655.0], [3056.2, -3673.6], [3061.2, -3684.5], [3063.6, -3708.1], [3059.8, -3719.8], [3049.7, -3746.0], [3044.7, -3759.0], [3034.5, -3785.1], [3029.7, -3797.1], [3024.2, -3809.9], [3018.7, -3822.8], [3013.3, -3835.7], [3008.5, -3848.9], [3001.5, -3870.5], [2997.3, -3883.9], [2993.2, -3897.2], [2989.5, -3910.7], [2985.6, -3924.2], [2982.1, -3947.5], [2978.7, -3956.6], [2972.8, -3969.3], [2967.5, -3982.2], [2962.5, -3995.3], [2952.6, -4021.5], [2947.6, -4034.6], [2942.7, -4047.7], [2933.0, -4073.9], [2925.5, -4096.8], [2922.7, -4110.5], [2919.9, -4124.2], [2917.2, -4138.0], [2911.7, -4165.4], [2907.0, -4193.0], [2905.2, -4206.9], [2901.4, -4234.6], [2897.6, -4262.4], [2893.6, -4290.1], [2892.1, -4304.0], [2889.1, -4328.2], [2881.2, -4355.1], [2876.1, -4368.1], [2870.4, -4380.9], [2857.3, -4405.6], [2850.0, -4417.6], [2835.1, -4441.2], [2823.3, -4458.6]]}}, {"type": "Feature", "properties": {"op": "add"}, "geometry": {"type": "LineString", "coordinates": [[2806.6, -4475.7], [2801.0, -4481.7], [2789.9, -4493.9], [2780.4, -4504.1], [2770.8, -4514.3], [2750.6, -4533.7], [2738.0, -4543.6], [2725.9, -4550.7], [2701.7, -4564.7], [2677.7, -4579.1], [2665.6, -4586.1], [2653.4, -4593.1], [2641.2, -4600.0], [2629.2, -4607.1], [2617.2, -4614.4], [2605.3, -4621.6], [2581.3, -4636.2], [2569.3, -4643.4], [2555.9, -4651.3], [2542.0, -4653.3], [2528.1, -4655.1], [2505.8, -4656.6], [2494.4, -4653.2], [2490.2, -4650.1], [2478.6, -4642.3], [2455.8, -4629.1], [2443.2, -4623.0], [2419.3, -4612.0], [2406.4, -4606.6], [2387.1, -4601.9], [2373.1, -4602.0], [2359.2, -4602.4], [2329.0, -4604.9], [2315.5, -4608.5], [2290.8, -4615.1], [2264.2, -4623.9], [2251.0, -4628.5], [2237.8, -4633.3], [2233.7, -4634.8], [2219.9, -4636.2], [2198.3, -4635.8], [2179.8, -4630.2], [2167.2, -4624.1], [2154.8, -4617.6], [2137.9, -4608.2], [2117.1, -4592.4], [2107.2, -4582.5], [2097.3, -4572.6], [2082.8, -4558.1], [2073.0, -4548.2], [2064.0, -4537.4], [2054.7, -4526.9], [2039.0, -4511.3], [2018.6, -4522.0], [2007.3, -4530.4], [1996.5, -4539.3], [1978.1, -4555.6], [1972.0, -4568.3], [1966.2, -4581.0], [1961.3, -4594.1], [1955.0, -4614.2], [1947.6, -4631.2], [1937.7, -4647.9], [1926.2, -4661.1], [1905.6, -4675.2], [1881.0, -4688.6], [1869.0, -4695.8], [1860.0, -4701.3], [1849.8, -4710.9], [1837.3, -4725.4], [1830.2, -4738.1], [1820.2, -4764.2], [1815.3, -4777.3], [1811.0, -4790.6], [1807.7, -4804.2], [1803.6, -4821.5], [1794.4, -4846.3], [1790.2, -4862.2], [1787.5, -4875.9], [1784.8, -4889.7], [1782.0, -4903.4], [1779.6, -4917.2], [1775.0, -4944.8], [1772.0, -4958.5], [1764.6, -4979.4], [1756.7, -4990.9], [1740.7, -5013.9], [1733.4, -5025.8], [1726.5, -5037.8], [1721.8, -5051.0], [1717.0, -5064.1], [1707.5, -5090.4], [1702.7, -5103.6], [1697.9, -5116.8], [1689.4, -5143.4], [1688.4, -5155.8], [1688.2, -5178.9], [1691.0, -5191.2], [1692.9, -5206.0], [1693.0, -5219.5], [1692.8, -5230.7], [1692.5, -5244.6], [1692.2, -5258.6], [1691.8, -5284.0], [1689.0, -5297.8], [1674.8, -5326.3], [1662.8, -5333.8], [1664.5, -5346.0], [1670.2, -5354.8], [1675.9, -5362.8], [1672.2, -5376.3], [1665.1, -5396.9], [1661.5, -5407.4], [1652.0, -5433.8], [1647.1, -5446.9], [1644.2, -5454.8], [1636.3, -5476.1], [1634.7, -5480.0], [1626.7, -5497.1], [1637.6, -5473.4], [1642.5, -5459.9], [1645.0, -5453.2], [1648.6, -5443.4], [1652.9, -5431.9], [1657.9, -5418.2], [1663.0, -5403.4], [1667.4, -5390.1], [1676.3, -5365.8], [1681.7, -5360.5], [1691.7, -5355.5], [1697.7, -5349.0], [1696.7, -5338.6], [1685.3, -5319.3], [1689.2, -5291.6], [1691.7, -5277.8], [1692.3, -5264.6], [1692.1, -5250.6], [1692.6, -5236.6], [1692.8, -5208.3], [1691.5, -5194.2], [1689.0, -5179.5], [1688.4, -5167.2], [1689.2, -5148.9], [1692.9, -5135.4], [1696.7, -5122.0], [1701.1, -5108.7], [1705.4, -5095.4], [1710.0, -5082.1], [1719.4, -5055.8], [1724.3, -5043.5], [1730.7, -5031.0], [1737.7, -5018.9], [1745.3, -5007.2], [1753.9, -4996.1], [1767.4, -4976.9], [1776.0, -4950.2], [1776.5, -4947.3], [1777.5, -4926.1], [1780.1, -4912.3], [1783.3, -4898.7], [1789.7, -4871.5], [1793.0, -4857.9], [1797.0, -4844.4], [1805.1, -4817.7], [1808.6, -4804.2], [1816.9, -4777.4], [1821.5, -4764.2], [1826.0, -4750.9], [1831.0, -4737.9], [1839.5, -4721.3], [1845.3, -4714.4], [1860.7, -4701.6], [1872.7, -4694.2], [1885.1, -4687.9], [1904.2, -4677.6], [1912.2, -4672.7], [1924.9, -4662.3], [1931.1, -4654.4], [1938.7, -4643.4], [1946.2, -4630.9], [1953.1, -4617.6], [1959.1, -4602.8], [1963.2, -4589.4], [1972.3, -4563.1], [1979.4, -4554.0], [2001.0, -4536.2], [2011.9, -4527.4], [2023.7, -4518.0], [2035.2, -4516.8], [2046.4, -4516.9], [2056.4, -4529.0], [2066.8, -4540.8], [2076.2, -4551.2], [2085.6, -4561.5], [2095.4, -4571.5], [2105.6, -4581.1], [2116.0, -4590.4], [2130.0, -4601.9], [2141.5, -4609.9], [2152.9, -4617.2], [2165.3, -4623.6], [2178.2, -4628.9], [2203.6, -4635.3], [2219.2, -4635.9], [2232.8, -4632.4], [2246.4, -4629.1], [2259.8, -4625.2], [2288.9, -4616.4], [2302.4, -4612.8], [2329.7, -4606.8], [2343.6, -4604.8], [2378.0, -4602.6], [2386.8, -4602.7], [2418.2, -4611.2], [2443.5, -4622.9], [2454.5, -4628.3], [2463.5, -4635.0], [2474.8, -4643.3], [2494.2, -4656.8], [2502.1, -4656.9], [2516.0, -4656.4], [2538.2, -4655.0], [2557.7, -4649.5], [2564.9, -4646.9], [2589.3, -4633.4], [2601.2, -4625.9], [2624.8, -4610.9], [2646.0, -4598.0], [2670.2, -4584.0], [2682.3, -4577.0], [2706.5, -4562.9], [2718.6, -4555.8], [2740.7, -4542.5], [2761.0, -4523.3], [2771.0, -4513.5], [2780.7, -4503.4], [2800.0, -4483.1], [2809.6, -4472.9], [2828.7, -4451.2], [2836.2, -4439.4], [2843.6, -4427.5], [2851.5, -4414.4], [2865.8, -4390.4], [2876.4, -4370.7], [2884.9, -4344.0], [2887.9, -4330.3], [2892.6, -4302.7], [2894.8, -4288.9], [2898.8, -4261.2], [2900.4, -4247.3], [2903.9, -4219.5], [2905.9, -4205.7], [2910.4, -4178.0], [2913.0, -4164.3], [2919.1, -4136.9], [2922.0, -4123.3], [2928.1, -4095.9], [2932.8, -4076.0], [2942.1, -4049.6], [2947.2, -4036.6], [2960.6, -4002.0], [2966.8, -3987.6], [2970.9, -3977.2], [2975.8, -3964.2], [2982.1, -3948.8], [2984.8, -3935.7], [2986.6, -3923.1], [2990.0, -3910.1], [2993.7, -3896.8], [3002.8, -3870.4], [3010.1, -3844.5], [3015.4, -3831.5], [3020.5, -3818.5], [3028.9, -3797.8], [3034.3, -3784.9], [3039.4, -3771.8], [3044.4, -3758.8], [3054.8, -3732.8], [3060.0, -3719.8], [3066.2, -3696.9], [3061.1, -3682.1], [3054.6, -3669.7], [3048.2, -3657.3], [3039.7, -3639.1], [3040.5, -3611.1], [3040.5, -3583.1], [3040.8, -3569.1], [3043.9, -3543.6], [3045.5, -3533.8], [3048.9, -3516.3], [3054.5, -3499.3], [3060.7, -3486.8], [3066.7, -3475.8], [3073.6, -3465.6], [3087.1, -3450.2], [3096.2, -3439.5], [3105.3, -3428.8], [3118.7, -3414.4], [3130.8, -3404.0], [3154.7, -3400.0], [3164.9, -3393.8], [3174.8, -3390.4], [3188.7, -3388.7], [3202.6, -3386.9], [3216.5, -3385.1], [3241.9, -3382.5], [3265.3, -3381.1], [3282.5, -3380.5], [3308.6, -3380.2], [3317.5, -3384.5], [3323.5, -3378.4], [3316.8, -3374.4], [3308.9, -3379.2], [3298.5, -3379.3], [3282.1, -3379.5], [3268.2, -3380.2], [3240.3, -3382.4], [3226.4, -3383.9], [3212.5, -3385.4], [3198.6, -3387.1], [3173.4, -3390.5], [3160.5, -3395.8], [3147.8, -3401.8], [3125.2, -3408.0], [3116.4, -3415.6], [3104.3, -3429.5], [3095.1, -3440.1], [3085.9, -3450.6], [3076.8, -3461.3], [3061.5, -3480.1], [3057.0, -3490.3], [3048.0, -3517.6], [3045.7, -3531.4], [3043.4, -3550.1], [3041.8, -3564.0], [3040.6, -3584.3], [3040.4, -3612.3], [3040.4, -3633.6], [3041.6, -3643.5], [3045.9, -3655.0], [3056.2, -3673.6], [3061.2, -3684.5], [3063.6, -3708.1], [3059.8, -3719.8], [3049.7, -3746.0], [3044.7, -3759.0], [3034.5, -3785.1], [3029.7, -3797.1], [3024.2, -3809.9], [3018.7, -3822.8], [3013.3, -3835.7], [3008.5, -3848.9], [3001.5, -3870.5], [2997.3, -3883.9], [2993.2, -3897.2], [2989.5, -3910.7], [2985.6, -3924.2], [2982.1, -3947.5], [2978.7, -3956.6], [2972.8, -3969.3], [2967.5, -3982.2], [2962.5, -3995.3], [2952.6, -4021.5], [2947.6, -4034.6], [2942.7, -4047.7], [2933.0, -4073.9], [2925.5, -4096.8], [2922.7, -4110.5], [2919.9, -4124.2], [2917.2, -4138.0], [2911.7, -4165.4], [2907.0, -4193.0], [2905.2, -4206.9], [2901.4, -4234.6], [2897.6, -4262.4], [2893.6, -4290.1], [2892.1, -4304.0], [2889.1, -4328.2], [2881.2, -4355.1], [2876.1, -4368.1], [2870.4, -4380.9], [2857.3, -4405.6], [2850.0, -4417.6], [2835.1, -4441.2], [2823.3, -4458.6]]}}, {"type": "Feature", "properties": {"op": "add"}, "geometry": {"type": "LineString", "coordinates": [[2806.6, -4475.7], [2801.0, -4481.7], [2789.9, -4493.9], [2780.4, -4504.1], [2770.8, -4514.3], [2750.6, -4533.7], [2738.0, -4543.6], [2725.9, -4550.7], [2701.7, -4564.7], [2677.7, -4579.1], [2665.6, -4586.1], [2653.4, -4593.1], [2641.2, -4600.0], [2629.2, -4607.1], [2617.2, -4614.4], [2605.3, -4621.6], [2581.3, -4636.2], [2569.3, -4643.4], [2555.9, -4651.3], [2542.0, -4653.3], [2528.1, -4655.1], [2505.8, -4656.6], [2494.4, -4653.2], [2490.2, -4650.1], [2478.6, -4642.3], [2455.8, -4629.1], [2443.2, -4623.0], [2419.3, -4612.0], [2406.4, -4606.6], [2387.1, -4601.9], [2373.1, -4602.0], [2359.2, -4602.4], [2329.0, -4604.9], [2315.5, -4608.5], [2290.8, -4615.1], [2264.2, -4623.9], [2251.0, -4628.5], [2237.8, -4633.3], [2233.7, -4634.8], [2219.9, -4636.2], [2198.3, -4635.8], [2179.8, -4630.2], [2167.2, -4624.1], [2154.8, -4617.6], [2137.9, -4608.2], [2117.1, -4592.4], [2107.2, -4582.5], [2097.3, -4572.6], [2082.8, -4558.1], [2073.0, -4548.2], [2064.0, -4537.4], [2054.7, -4526.9], [2039.0, -4511.3], [2018.6, -4522.0], [2007.3, -4530.4], [1996.5, -4539.3], [1978.1, -4555.6], [1972.0, -4568.3], [1966.2, -4581.0], [1961.3, -4594.1], [1955.0, -4614.2], [1947.6, -4631.2], [1937.7, -4647.9], [1926.2, -4661.1], [1905.6, -4675.2], [1881.0, -4688.6], [1869.0, -4695.8], [1860.0, -4701.3], [1849.8, -4710.9], [1837.3, -4725.4], [1830.2, -4738.1], [1820.2, -4764.2], [1815.3, -4777.3], [1811.0, -4790.6], [1807.7, -4804.2], [1803.6, -4821.5], [1794.4, -4846.3], [1790.2, -4862.2], [1787.5, -4875.9], [1784.8, -4889.7], [1782.0, -4903.4], [1779.6, -4917.2], [1775.0, -4944.8], [1772.0, -4958.5], [1764.6, -4979.4], [1756.7, -4990.9], [1740.7, -5013.9], [1733.4, -5025.8], [1726.5, -5037.8], [1721.8, -5051.0], [1717.0, -5064.1], [1707.5, -5090.4], [1702.7, -5103.6], [1697.9, -5116.8], [1689.4, -5143.4], [1688.4, -5155.8], [1688.2, -5178.9], [1691.0, -5191.2], [1692.9, -5206.0], [1693.0, -5219.5], [1692.8, -5230.7], [1692.5, -5244.6], [1692.2, -5258.6], [1691.8, -5284.0], [1689.0, -5297.8], [1674.8, -5326.3], [1662.8, -5333.8], [1664.5, -5346.0], [1670.2, -5354.8], [1675.9, -5362.8], [1672.2, -5376.3], [1665.1, -5396.9], [1661.5, -5407.4], [1652.0, -5433.8], [1647.1, -5446.9], [1644.2, -5454.8], [1636.3, -5476.1], [1634.7, -5480.0], [1626.7, -5497.1], [1637.6, -5473.4], [1642.5, -5459.9], [1645.0, -5453.2], [1648.6, -5443.4], [1652.9, -5431.9], [1657.9, -5418.2], [1663.0, -5403.4], [1667.4, -5390.1], [1676.3, -5365.8], [1681.7, -5360.5], [1691.7, -5355.5], [1697.7, -5349.0], [1696.7, -5338.6], [1685.3, -5319.3], [1689.2, -5291.6], [1691.7, -5277.8], [1692.3, -5264.6], [1692.1, -5250.6], [1692.6, -5236.6], [1692.8, -5208.3], [1691.5, -5194.2], [1689.0, -5179.5], [1688.4, -5167.2], [1689.2, -5148.9], [1692.9, -5135.4], [1696.7, -5122.0], [1701.1, -5108.7], [1705.4, -5095.4], [1710.0, -5082.1], [1719.4, -5055.8], [1724.3, -5043.5], [1730.7, -5031.0], [1737.7, -5018.9], [1745.3, -5007.2], [1753.9, -4996.1], [1767.4, -4976.9], [1776.0, -4950.2], [1776.5, -4947.3], [1777.5, -4926.1], [1780.1, -4912.3], [1783.3, -4898.7], [1789.7, -4871.5], [1793.0, -4857.9], [1797.0, -4844.4], [1805.1, -4817.7], [1808.6, -4804.2], [1816.9, -4777.4], [1821.5, -4764.2], [1826.0, -4750.9], [1831.0, -4737.9], [1839.5, -4721.3], [1845.3, -4714.4], [1860.7, -4701.6], [1872.7, -4694.2], [1885.1, -4687.9], [1904.2, -4677.6], [1912.2, -4672.7], [1924.9, -4662.3], [1931.1, -4654.4], [1938.7, -4643.4], [1946.2, -4630.9], [1953.1, -4617.6], [1959.1, -4602.8], [1963.2, -4589.4], [1972.3, -4563.1], [1979.4, -4554.0], [2001.0, -4536.2], [2011.9, -4527.4], [2023.7, -4518.0], [2035.2, -4516.8], [2046.4, -4516.9], [2056.4, -4529.0], [2066.8, -4540.8], [2076.2, -4551.2], [2085.6, -4561.5], [2095.4, -4571.5], [2105.6, -4581.1], [2116.0, -4590.4], [2130.0, -4601.9], [2141.5, -4609.9], [2152.9, -4617.2], [2165.3, -4623.6], [2178.2, -4628.9], [2203.6, -4635.3], [2219.2, -4635.9], [2232.8, -4632.4], [2246.4, -4629.1], [2259.8, -4625.2], [2288.9, -4616.4], [2302.4, -4612.8], [2329.7, -4606.8], [2343.6, -4604.8], [2378.0, -4602.6], [2386.8, -4602.7], [2418.2, -4611.2], [2443.5, -4622.9], [2454.5, -4628.3], [2463.5, -4635.0], [2474.8, -4643.3], [2494.2, -4656.8], [2502.1, -4656.9], [2516.0, -4656.4], [2538.2, -4655.0], [2557.7, -4649.5], [2564.9, -4646.9], [2589.3, -4633.4], [2601.2, -4625.9], [2624.8, -4610.9], [2646.0, -4598.0], [2670.2, -4584.0], [2682.3, -4577.0], [2706.5, -4562.9], [2718.6, -4555.8], [2740.7, -4542.5], [2761.0, -4523.3], [2771.0, -4513.5], [2780.7, -4503.4], [2800.0, -4483.1], [2809.6, -4472.9], [2828.7, -4451.2], [2836.2, -4439.4], [2843.6, -4427.5], [2851.5, -4414.4], [2865.8, -4390.4], [2876.4, -4370.7], [2884.9, -4344.0], [2887.9, -4330.3], [2892.6, -4302.7], [2894.8, -4288.9], [2898.8, -4261.2], [2900.4, -4247.3], [2903.9, -4219.5], [2905.9, -4205.7], [2910.4, -4178.0], [2913.0, -4164.3], [2919.1, -4136.9], [2922.0, -4123.3], [2928.1, -4095.9], [2932.8, -4076.0], [2942.1, -4049.6], [2947.2, -4036.6], [2960.6, -4002.0], [2966.8, -3987.6], [2970.9, -3977.2], [2975.8, -3964.2], [2982.1, -3948.8], [2984.8, -3935.7], [2986.6, -3923.1], [2990.0, -3910.1], [2993.7, -3896.8], [3002.8, -3870.4], [3010.1, -3844.5], [3015.4, -3831.5], [3020.5, -3818.5], [3028.9, -3797.8], [3034.3, -3784.9], [3039.4, -3771.8], [3044.4, -3758.8], [3054.8, -3732.8], [3060.0, -3719.8], [3066.2, -3696.9], [3061.1, -3682.1], [3054.6, -3669.7], [3048.2, -3657.3], [3039.7, -3639.1], [3040.5, -3611.1], [3040.5, -3583.1], [3040.8, -3569.1], [3043.9, -3543.6], [3045.5, -3533.8], [3048.9, -3516.3], [3054.5, -3499.3], [3060.7, -3486.8], [3066.7, -3475.8], [3073.6, -3465.6], [3087.1, -3450.2], [3096.2, -3439.5], [3105.3, -3428.8], [3118.7, -3414.4], [3130.8, -3404.0], [3154.7, -3400.0], [3164.9, -3393.8], [3174.8, -3390.4], [3188.7, -3388.7], [3202.6, -3386.9], [3216.5, -3385.1], [3241.9, -3382.5], [3265.3, -3381.1], [3282.5, -3380.5], [3308.6, -3380.2], [3317.5, -3384.5], [3323.5, -3378.4], [3316.8, -3374.4], [3308.9, -3379.2], [3298.5, -3379.3], [3282.1, -3379.5], [3268.2, -3380.2], [3240.3, -3382.4], [3226.4, -3383.9], [3212.5, -3385.4], [3198.6, -3387.1], [3173.4, -3390.5], [3160.5, -3395.8], [3147.8, -3401.8], [3125.2, -3408.0], [3116.4, -3415.6], [3104.3, -3429.5], [3095.1, -3440.1], [3085.9, -3450.6], [3076.8, -3461.3], [3061.5, -3480.1], [3057.0, -3490.3], [3048.0, -3517.6], [3045.7, -3531.4], [3043.4, -3550.1], [3041.8, -3564.0], [3040.6, -3584.3], [3040.4, -3612.3], [3040.4, -3633.6], [3041.6, -3643.5], [3045.9, -3655.0], [3056.2, -3673.6], [3061.2, -3684.5], [3063.6, -3708.1], [3059.8, -3719.8], [3049.7, -3746.0], [3044.7, -3759.0], [3034.5, -3785.1], [3029.7, -3797.1], [3024.2, -3809.9], [3018.7, -3822.8], [3013.3, -3835.7], [3008.5, -3848.9], [3001.5, -3870.5], [2997.3, -3883.9], [2993.2, -3897.2], [2989.5, -3910.7], [2985.6, -3924.2], [2982.1, -3947.5], [2978.7, -3956.6], [2972.8, -3969.3], [2967.5, -3982.2], [2962.5, -3995.3], [2952.6, -4021.5], [2947.6, -4034.6], [2942.7, -4047.7], [2933.0, -4073.9], [2925.5, -4096.8], [2922.7, -4110.5], [2919.9, -4124.2], [2917.2, -4138.0], [2911.7, -4165.4], [2907.0, -4193.0], [2905.2, -4206.9], [2901.4, -4234.6], [2897.6, -4262.4], [2893.6, -4290.1], [2892.1, -4304.0], [2889.1, -4328.2], [2881.2, -4355.1], [2876.1, -4368.1], [2870.4, -4380.9], [2857.3, -4405.6], [2850.0, -4417.6], [2835.1, -4441.2], [2823.3, -4458.6]]}}, {"type": "Feature", "properties": {"op": "add"}, "geometry": {"type": "LineString", "coordinates": [[92.7, -2488.8], [34.2, -2612.0]]}}, {"type": "Feature", "properties": {"op": "add"}, "geometry": {"type": "LineString", "coordinates": [[171.7, -2338.1], [197.2, -2249.2], [274.2, -2162.3]]}}, {"type": "Feature", "properties": {"op": "add"}, "geometry": {"type": "LineString", "coordinates": [[-29.9, -4668.9], [-33.3, -4657.5], [-34.3, -4646.3], [-37.5, -4628.7], [-48.3, -4611.8], [-58.6, -4601.5], [-70.3, -4592.2], [-87.3, -4581.5], [-103.0, -4580.4], [-117.9, -4576.0], [-130.9, -4570.6], [-156.6, -4559.5], [-176.1, -4539.3], [-189.1, -4523.3], [-212.3, -4516.3], [-227.3, -4504.5], [-243.8, -4484.3], [-257.6, -4474.9], [-266.5, -4458.4], [-247.9, -4458.5], [-231.0, -4468.8], [-219.4, -4476.6], [-187.4, -4500.1], [-165.8, -4517.9], [-149.3, -4536.7], [-130.3, -4552.3], [-111.2, -4564.7], [-90.4, -4570.6], [-72.7, -4581.0], [-60.5, -4592.0], [-46.1, -4605.5], [-30.5, -4619.9], [-19.7, -4628.9], [9.4, -4654.3], [36.1, -4679.2], [54.5, -4690.9], [69.8, -4698.8], [84.5, -4703.2], [103.7, -4705.8], [119.6, -4709.7], [131.0, -4716.8], [128.3, -4727.3], [118.6, -4737.4], [104.6, -4733.8], [91.0, -4726.1], [70.3, -4712.8], [48.1, -4702.5], [28.7, -4696.7], [9.9, -4689.5], [-10.2, -4678.9]]}}, {"type": "Feature", "properties": {"op": "add"}, "geometry": {"type": "LineString", "coordinates": [[-11277.3, 1021.9], [-11257.1, 988.2], [-11244.4, 962.3], [-11240.5, 948.9], [-11212.6, 921.4], [-11194.6, 895.3], [-11172.6, 876.8], [-11146.3, 866.0], [-11126.0, 851.4], [-11086.8, 834.9], [-11059.5, 846.8], [-11039.1, 843.3], [-11012.4, 812.0], [-11002.7, 788.4], [-10982.7, 761.7], [-10962.6, 736.8], [-10913.9, 722.1], [-10867.7, 699.7], [-10866.5, 667.4], [-10869.9, 687.6], [-10844.1, 724.1], [-10844.1, 750.5], [-10895.0, 742.7], [-10962.6, 736.8], [-10982.7, 761.7], [-11002.7, 788.4], [-11012.4, 812.0], [-11039.1, 843.3], [-11059.5, 846.8], [-11086.8, 834.9], [-11126.0, 851.4], [-11146.3, 866.0], [-11172.6, 876.8], [-11194.6, 895.3], [-11212.6, 921.4], [-11240.5, 948.9], [-11244.4, 962.3], [-11257.1, 988.2]]}}, {"type": "Feature", "properties": {"op": "add"}, "geometry": {"type": "LineString", "coordinates": [[-11685.9, -2955.4], [-11704.9, -2918.9], [-11721.9, -2867.2], [-11692.8, -2852.4], [-11654.9, -2802.5], [-11594.6, -2801.7], [-11578.9, -2802.2], [-11561.7, -2802.7], [-11518.3, -2804.0], [-11468.7, -2803.1], [-11441.5, -2832.7], [-11421.9, -2859.6], [-11414.2, -2880.7], [-11404.8, -2929.4], [-11392.8, -2992.8], [-11386.5, -3007.4], [-11382.6, -3016.5], [-11373.4, -3038.0], [-11362.3, -3063.7], [-11357.1, -3075.8], [-11328.8, -3083.4], [-11316.1, -3085.7], [-11287.7, -3120.0], [-11251.2, -3120.2], [-11234.2, -3110.4], [-11200.2, -3089.6], [-11182.9, -3058.2], [-11183.2, -3018.5], [-11148.3, -2985.8], [-11120.2, -2949.3], [-11101.2, -2939.9], [-11095.8, -2924.6], [-11083.4, -2891.4], [-11073.1, -2866.1], [-11064.5, -2849.3], [-11049.5, -2837.4], [-11043.8, -2832.8], [-11037.4, -2827.8], [-11030.5, -2822.2], [-11021.7, -2815.2], [-11004.0, -2801.1], [-11013.1, -2775.6], [-11025.7, -2775.4], [-11055.4, -2789.8], [-11067.3, -2780.7], [-11084.6, -2767.6], [-11109.8, -2755.5], [-11138.8, -2739.8], [-11177.6, -2739.1], [-11214.6, -2738.5], [-11237.7, -2727.9], [-11253.9, -2728.6], [-11273.1, -2729.4], [-11313.8, -2740.8], [-11338.3, -2762.4], [-11350.4, -2800.8], [-11365.3, -2847.9], [-11396.5, -2872.6], [-11416.6, -2888.5], [-11422.0, -2896.1], [-11425.9, -2927.1], [-11430.5, -2964.4], [-11462.2, -3005.2], [-11465.0, -3031.9], [-11465.2, -3043.9], [-11473.9, -3055.0], [-11481.6, -3064.8], [-11475.1, -3084.5], [-11468.7, -3104.1], [-11483.1, -3127.3], [-11500.7, -3130.3], [-11519.2, -3138.5], [-11526.6, -3151.1], [-11540.6, -3174.9], [-11556.5, -3188.1], [-11569.7, -3188.4], [-11571.2, -3181.6], [-11576.3, -3170.7], [-11581.3, -3160.0], [-11587.0, -3147.6], [-11591.9, -3137.1], [-11612.2, -3089.7], [-11633.3, -3067.2], [-11648.6, -3050.9], [-11661.6, -3027.8], [-11683.1, -2999.7]]}}, {"type": "Feature", "properties": {"op": "add"}, "geometry": {"type": "LineString", "coordinates": [[-8198.2, -918.0], [-8189.8, -894.3], [-8188.5, -850.9], [-8187.6, -816.5], [-8166.8, -790.4], [-8131.4, -768.8], [-8102.3, -775.7], [-8022.6, -800.5], [-7986.7, -829.9], [-7979.0, -852.1], [-7968.9, -881.3], [-7984.9, -904.9], [-7993.8, -934.8]]}}, {"type": "Feature", "properties": {"op": "add"}, "geometry": {"type": "LineString", "coordinates": [[-8039.2, -1086.7], [-8053.9, -1148.7], [-8076.8, -1189.4], [-8094.7, -1230.1], [-8117.8, -1237.5], [-8143.4, -1219.7], [-8157.7, -1206.5], [-8159.2, -1194.0], [-8152.9, -1167.8], [-8150.1, -1140.2], [-8145.0, -1088.0], [-8142.5, -1062.5], [-8146.2, -1022.5], [-8169.4, -998.3], [-8194.4, -964.9], [-8197.2, -939.2]]}}, {"type": "Feature", "properties": {"op": "add"}, "geometry": {"type": "LineString", "coordinates": [[-8971.6, -3540.0], [-8963.6, -3546.3]]}}, {"type": "Feature", "properties": {"op": "add"}, "geometry": {"type": "LineString", "coordinates": [[-8810.4, -3367.5], [-8828.8, -3337.5], [-8850.6, -3337.2], [-8905.3, -3401.4]]}}, {"type": "Feature", "properties": {"op": "add"}, "geometry": {"type": "LineString", "coordinates": [[-5007.0, -1177.8], [-5001.6, -1154.0], [-4997.4, -1127.3], [-5000.0, -1114.5], [-4997.1, -1109.3], [-4994.9, -1099.0], [-4994.4, -1087.4], [-4992.2, -1050.2], [-4990.4, -1041.2], [-4986.5, -1020.5], [-4958.6, -977.0], [-4896.1, -925.1], [-4858.8, -910.9], [-4822.9, -906.5], [-4812.9, -906.4], [-4783.4, -907.8], [-4775.2, -907.4], [-4761.8, -907.3], [-4755.1, -910.2], [-4702.4, -937.6], [-4693.9, -961.5], [-4691.4, -974.3], [-4718.8, -982.9], [-4744.3, -984.1], [-4779.1, -1024.8], [-4807.4, -1032.7], [-4812.8, -1069.2], [-4836.5, -1086.7], [-4862.2, -1086.4], [-4890.8, -1113.3], [-4911.9, -1119.4], [-4937.2, -1180.6], [-4958.1, -1185.4], [-5005.4, -1177.0]]}}, {"type": "Feature", "properties": {"op": "add"}, "geometry": {"type": "LineString", "coordinates": [[-5007.0, -1177.8], [-5001.6, -1154.0], [-4997.4, -1127.3], [-5000.0, -1114.5], [-4997.1, -1109.3], [-4994.9, -1099.0], [-4994.4, -1087.4], [-4992.2, -1050.2], [-4990.4, -1041.2], [-4986.5, -1020.5], [-4958.6, -977.0], [-4896.1, -925.1], [-4858.8, -910.9], [-4822.9, -906.5], [-4812.9, -906.4], [-4783.4, -907.8], [-4775.2, -907.4], [-4761.8, -907.3], [-4755.1, -910.2], [-4702.4, -937.6], [-4693.9, -961.5], [-4691.4, -974.3], [-4718.8, -982.9], [-4744.3, -984.1], [-4779.1, -1024.8], [-4807.4, -1032.7], [-4812.8, -1069.2], [-4836.5, -1086.7], [-4862.2, -1086.4], [-4890.8, -1113.3], [-4911.9, -1119.4], [-4937.2, -1180.6], [-4958.1, -1185.4], [-5005.4, -1177.0]]}}, {"type": "Feature", "properties": {"op": "add"}, "geometry": {"type": "LineString", "coordinates": [[-5007.0, -1177.8], [-5001.6, -1154.0], [-4997.4, -1127.3], [-5000.0, -1114.5], [-4997.1, -1109.3], [-4994.9, -1099.0], [-4994.4, -1087.4], [-4992.2, -1050.2], [-4990.4, -1041.2], [-4986.5, -1020.5], [-4958.6, -977.0], [-4896.1, -925.1], [-4858.8, -910.9], [-4822.9, -906.5], [-4812.9, -906.4], [-4783.4, -907.8], [-4775.2, -907.4], [-4761.8, -907.3], [-4755.1, -910.2], [-4702.4, -937.6], [-4693.9, -961.5], [-4691.4, -974.3], [-4718.8, -982.9], [-4744.3, -984.1], [-4779.1, -1024.8], [-4807.4, -1032.7], [-4812.8, -1069.2], [-4836.5, -1086.7], [-4862.2, -1086.4], [-4890.8, -1113.3], [-4911.9, -1119.4], [-4937.2, -1180.6], [-4958.1, -1185.4], [-5005.4, -1177.0]]}}, {"type": "Feature", "properties": {"op": "add"}, "geometry": {"type": "LineString", "coordinates": [[-5007.0, -1177.8], [-5001.6, -1154.0], [-4997.4, -1127.3], [-5000.0, -1114.5], [-4997.1, -1109.3], [-4994.9, -1099.0], [-4994.4, -1087.4], [-4992.2, -1050.2], [-4990.4, -1041.2], [-4986.5, -1020.5], [-4958.6, -977.0], [-4896.1, -925.1], [-4858.8, -910.9], [-4822.9, -906.5], [-4812.9, -906.4], [-4783.4, -907.8], [-4775.2, -907.4], [-4761.8, -907.3], [-4755.1, -910.2], [-4702.4, -937.6], [-4693.9, -961.5], [-4691.4, -974.3], [-4718.8, -982.9], [-4744.3, -984.1], [-4779.1, -1024.8], [-4807.4, -1032.7], [-4812.8, -1069.2], [-4836.5, -1086.7], [-4862.2, -1086.4], [-4890.8, -1113.3], [-4911.9, -1119.4], [-4937.2, -1180.6], [-4958.1, -1185.4], [-5005.4, -1177.0]]}}, {"type": "Feature", "properties": {"op": "add"}, "geometry": {"type": "LineString", "coordinates": [[-5007.0, -1177.8], [-5001.6, -1154.0], [-4997.4, -1127.3], [-5000.0, -1114.5], [-4997.1, -1109.3], [-4994.9, -1099.0], [-4994.4, -1087.4], [-4992.2, -1050.2], [-4990.4, -1041.2], [-4986.5, -1020.5], [-4958.6, -977.0], [-4896.1, -925.1], [-4858.8, -910.9], [-4822.9, -906.5], [-4812.9, -906.4], [-4783.4, -907.8], [-4775.2, -907.4], [-4761.8, -907.3], [-4755.1, -910.2], [-4702.4, -937.6], [-4693.9, -961.5], [-4691.4, -974.3], [-4718.8, -982.9], [-4744.3, -984.1], [-4779.1, -1024.8], [-4807.4, -1032.7], [-4812.8, -1069.2], [-4836.5, -1086.7], [-4862.2, -1086.4], [-4890.8, -1113.3], [-4911.9, -1119.4], [-4937.2, -1180.6], [-4958.1, -1185.4], [-5005.4, -1177.0]]}}, {"type": "Feature", "properties": {"op": "add"}, "geometry": {"type": "LineString", "coordinates": [[-5007.0, -1177.8], [-5001.6, -1154.0], [-4997.4, -1127.3], [-5000.0, -1114.5], [-4997.1, -1109.3], [-4994.9, -1099.0], [-4994.4, -1087.4], [-4992.2, -1050.2], [-4990.4, -1041.2], [-4986.5, -1020.5], [-4958.6, -977.0], [-4896.1, -925.1], [-4858.8, -910.9], [-4822.9, -906.5], [-4812.9, -906.4], [-4783.4, -907.8], [-4775.2, -907.4], [-4761.8, -907.3], [-4755.1, -910.2], [-4702.4, -937.6], [-4693.9, -961.5], [-4691.4, -974.3], [-4718.8, -982.9], [-4744.3, -984.1], [-4779.1, -1024.8], [-4807.4, -1032.7], [-4812.8, -1069.2], [-4836.5, -1086.7], [-4862.2, -1086.4], [-4890.8, -1113.3], [-4911.9, -1119.4], [-4937.2, -1180.6], [-4958.1, -1185.4], [-5005.4, -1177.0]]}}, {"type": "Feature", "properties": {"op": "add"}, "geometry": {"type": "LineString", "coordinates": [[-8570.5, 536.1], [-8562.1, 527.6], [-8545.0, 501.8], [-8518.9, 522.0], [-8491.9, 555.9], [-8471.6, 569.6], [-8446.6, 586.0], [-8429.3, 570.0], [-8410.3, 568.2], [-8394.1, 575.5], [-8382.3, 593.9], [-8390.5, 617.0], [-8372.6, 633.3], [-8352.1, 628.1], [-8372.6, 633.3], [-8390.5, 617.0], [-8382.3, 593.9], [-8394.1, 575.5], [-8410.3, 568.2], [-8429.3, 570.0], [-8446.6, 586.0], [-8471.6, 569.6], [-8491.9, 555.9], [-8510.1, 529.3], [-8544.5, 500.9], [-8562.7, 528.1], [-8577.1, 542.8], [-8597.8, 526.6], [-8611.8, 514.1], [-8634.4, 537.3], [-8657.6, 553.6], [-8678.6, 549.4], [-8697.5, 533.3], [-8713.7, 518.9], [-8730.4, 539.6], [-8748.4, 560.3], [-8735.9, 575.6], [-8770.7, 608.7], [-8799.6, 588.3], [-8819.5, 617.9], [-8840.7, 642.2], [-8851.3, 660.1], [-8825.0, 677.8], [-8845.7, 720.8], [-8870.1, 760.4], [-8880.9, 754.5], [-8909.6, 791.2], [-8899.2, 803.0], [-8898.7, 825.0], [-8907.0, 846.5], [-8894.6, 867.0], [-8887.7, 890.8], [-8894.5, 911.8], [-8854.1, 933.5], [-8894.5, 911.8], [-8887.7, 890.8], [-8894.6, 867.0], [-8907.0, 846.5], [-8898.7, 825.0], [-8899.2, 803.1], [-8909.6, 791.2], [-8880.9, 754.5], [-8870.1, 760.4], [-8845.8, 720.8], [-8825.0, 677.8], [-8851.3, 660.1], [-8840.7, 642.3], [-8819.5, 617.9], [-8799.6, 588.3], [-8770.7, 608.7], [-8735.9, 575.6], [-8748.4, 560.3], [-8730.6, 539.7], [-8713.7, 518.9], [-8697.5, 533.3], [-8678.6, 549.4], [-8657.6, 553.6], [-8634.4, 537.3], [-8611.8, 514.1], [-8597.8, 526.6], [-8577.1, 542.8]]}}, {"type": "Feature", "properties": {"op": "add"}, "geometry": {"type": "LineString", "coordinates": [[-8570.5, 536.1], [-8562.1, 527.6], [-8545.0, 501.8], [-8518.9, 522.0], [-8491.9, 555.9], [-8471.6, 569.6], [-8446.6, 586.0], [-8429.3, 570.0], [-8410.3, 568.2], [-8394.1, 575.5], [-8382.3, 593.9], [-8390.5, 617.0], [-8372.6, 633.3], [-8352.1, 628.1], [-8372.6, 633.3], [-8390.5, 617.0], [-8382.3, 593.9], [-8394.1, 575.5], [-8410.3, 568.2], [-8429.3, 570.0], [-8446.6, 586.0], [-8471.6, 569.6], [-8491.9, 555.9], [-8510.1, 529.3], [-8544.5, 500.9], [-8562.7, 528.1], [-8577.1, 542.8], [-8597.8, 526.6], [-8611.8, 514.1], [-8634.4, 537.3], [-8657.6, 553.6], [-8678.6, 549.4], [-8697.5, 533.3], [-8713.7, 518.9], [-8730.4, 539.6], [-8748.4, 560.3], [-8735.9, 575.6], [-8770.7, 608.7], [-8799.6, 588.3], [-8819.5, 617.9], [-8840.7, 642.2], [-8851.3, 660.1], [-8825.0, 677.8], [-8845.7, 720.8], [-8870.1, 760.4], [-8880.9, 754.5], [-8909.6, 791.2], [-8899.2, 803.0], [-8898.7, 825.0], [-8907.0, 846.5], [-8894.6, 867.0], [-8887.7, 890.8], [-8894.5, 911.8], [-8854.1, 933.5], [-8894.5, 911.8], [-8887.7, 890.8], [-8894.6, 867.0], [-8907.0, 846.5], [-8898.7, 825.0], [-8899.2, 803.1], [-8909.6, 791.2], [-8880.9, 754.5], [-8870.1, 760.4], [-8845.8, 720.8], [-8825.0, 677.8], [-8851.3, 660.1], [-8840.7, 642.3], [-8819.5, 617.9], [-8799.6, 588.3], [-8770.7, 608.7], [-8735.9, 575.6], [-8748.4, 560.3], [-8730.6, 539.7], [-8713.7, 518.9], [-8697.5, 533.3], [-8678.6, 549.4], [-8657.6, 553.6], [-8634.4, 537.3], [-8611.8, 514.1], [-8597.8, 526.6], [-8577.1, 542.8]]}}, {"type": "Feature", "properties": {"op": "add"}, "geometry": {"type": "LineString", "coordinates": [[-8570.5, 536.1], [-8562.1, 527.6], [-8545.0, 501.8], [-8518.9, 522.0], [-8491.9, 555.9], [-8471.6, 569.6], [-8446.6, 586.0], [-8429.3, 570.0], [-8410.3, 568.2], [-8394.1, 575.5], [-8382.3, 593.9], [-8390.5, 617.0], [-8372.6, 633.3], [-8352.1, 628.1], [-8372.6, 633.3], [-8390.5, 617.0], [-8382.3, 593.9], [-8394.1, 575.5], [-8410.3, 568.2], [-8429.3, 570.0], [-8446.6, 586.0], [-8471.6, 569.6], [-8491.9, 555.9], [-8510.1, 529.3], [-8544.5, 500.9], [-8562.7, 528.1], [-8577.1, 542.8], [-8597.8, 526.6], [-8611.8, 514.1], [-8634.4, 537.3], [-8657.6, 553.6], [-8678.6, 549.4], [-8697.5, 533.3], [-8713.7, 518.9], [-8730.4, 539.6], [-8748.4, 560.3], [-8735.9, 575.6], [-8770.7, 608.7], [-8799.6, 588.3], [-8819.5, 617.9], [-8840.7, 642.2], [-8851.3, 660.1], [-8825.0, 677.8], [-8845.7, 720.8], [-8870.1, 760.4], [-8880.9, 754.5], [-8909.6, 791.2], [-8899.2, 803.0], [-8898.7, 825.0], [-8907.0, 846.5], [-8894.6, 867.0], [-8887.7, 890.8], [-8894.5, 911.8], [-8854.1, 933.5], [-8894.5, 911.8], [-8887.7, 890.8], [-8894.6, 867.0], [-8907.0, 846.5], [-8898.7, 825.0], [-8899.2, 803.1], [-8909.6, 791.2], [-8880.9, 754.5], [-8870.1, 760.4], [-8845.8, 720.8], [-8825.0, 677.8], [-8851.3, 660.1], [-8840.7, 642.3], [-8819.5, 617.9], [-8799.6, 588.3], [-8770.7, 608.7], [-8735.9, 575.6], [-8748.4, 560.3], [-8730.6, 539.7], [-8713.7, 518.9], [-8697.5, 533.3], [-8678.6, 549.4], [-8657.6, 553.6], [-8634.4, 537.3], [-8611.8, 514.1], [-8597.8, 526.6], [-8577.1, 542.8]]}}, {"type": "Feature", "properties": {"op": "add"}, "geometry": {"type": "LineString", "coordinates": [[-8570.5, 536.1], [-8562.1, 527.6], [-8545.0, 501.8], [-8518.9, 522.0], [-8491.9, 555.9], [-8471.6, 569.6], [-8446.6, 586.0], [-8429.3, 570.0], [-8410.3, 568.2], [-8394.1, 575.5], [-8382.3, 593.9], [-8390.5, 617.0], [-8372.6, 633.3], [-8352.1, 628.1], [-8372.6, 633.3], [-8390.5, 617.0], [-8382.3, 593.9], [-8394.1, 575.5], [-8410.3, 568.2], [-8429.3, 570.0], [-8446.6, 586.0], [-8471.6, 569.6], [-8491.9, 555.9], [-8510.1, 529.3], [-8544.5, 500.9], [-8562.7, 528.1], [-8577.1, 542.8], [-8597.8, 526.6], [-8611.8, 514.1], [-8634.4, 537.3], [-8657.6, 553.6], [-8678.6, 549.4], [-8697.5, 533.3], [-8713.7, 518.9], [-8730.4, 539.6], [-8748.4, 560.3], [-8735.9, 575.6], [-8770.7, 608.7], [-8799.6, 588.3], [-8819.5, 617.9], [-8840.7, 642.2], [-8851.3, 660.1], [-8825.0, 677.8], [-8845.7, 720.8], [-8870.1, 760.4], [-8880.9, 754.5], [-8909.6, 791.2], [-8899.2, 803.0], [-8898.7, 825.0], [-8907.0, 846.5], [-8894.6, 867.0], [-8887.7, 890.8], [-8894.5, 911.8], [-8854.1, 933.5], [-8894.5, 911.8], [-8887.7, 890.8], [-8894.6, 867.0], [-8907.0, 846.5], [-8898.7, 825.0], [-8899.2, 803.1], [-8909.6, 791.2], [-8880.9, 754.5], [-8870.1, 760.4], [-8845.8, 720.8], [-8825.0, 677.8], [-8851.3, 660.1], [-8840.7, 642.3], [-8819.5, 617.9], [-8799.6, 588.3], [-8770.7, 608.7], [-8735.9, 575.6], [-8748.4, 560.3], [-8730.6, 539.7], [-8713.7, 518.9], [-8697.5, 533.3], [-8678.6, 549.4], [-8657.6, 553.6], [-8634.4, 537.3], [-8611.8, 514.1], [-8597.8, 526.6], [-8577.1, 542.8]]}}, {"type": "Feature", "properties": {"op": "add"}, "geometry": {"type": "LineString", "coordinates": [[-8570.5, 536.1], [-8562.1, 527.6], [-8545.0, 501.8], [-8518.9, 522.0], [-8491.9, 555.9], [-8471.6, 569.6], [-8446.6, 586.0], [-8429.3, 570.0], [-8410.3, 568.2], [-8394.1, 575.5], [-8382.3, 593.9], [-8390.5, 617.0], [-8372.6, 633.3], [-8352.1, 628.1], [-8372.6, 633.3], [-8390.5, 617.0], [-8382.3, 593.9], [-8394.1, 575.5], [-8410.3, 568.2], [-8429.3, 570.0], [-8446.6, 586.0], [-8471.6, 569.6], [-8491.9, 555.9], [-8510.1, 529.3], [-8544.5, 500.9], [-8562.7, 528.1], [-8577.1, 542.8], [-8597.8, 526.6], [-8611.8, 514.1], [-8634.4, 537.3], [-8657.6, 553.6], [-8678.6, 549.4], [-8697.5, 533.3], [-8713.7, 518.9], [-8730.4, 539.6], [-8748.4, 560.3], [-8735.9, 575.6], [-8770.7, 608.7], [-8799.6, 588.3], [-8819.5, 617.9], [-8840.7, 642.2], [-8851.3, 660.1], [-8825.0, 677.8], [-8845.7, 720.8], [-8870.1, 760.4], [-8880.9, 754.5], [-8909.6, 791.2], [-8899.2, 803.0], [-8898.7, 825.0], [-8907.0, 846.5], [-8894.6, 867.0], [-8887.7, 890.8], [-8894.5, 911.8], [-8854.1, 933.5], [-8894.5, 911.8], [-8887.7, 890.8], [-8894.6, 867.0], [-8907.0, 846.5], [-8898.7, 825.0], [-8899.2, 803.1], [-8909.6, 791.2], [-8880.9, 754.5], [-8870.1, 760.4], [-8845.8, 720.8], [-8825.0, 677.8], [-8851.3, 660.1], [-8840.7, 642.3], [-8819.5, 617.9], [-8799.6, 588.3], [-8770.7, 608.7], [-8735.9, 575.6], [-8748.4, 560.3], [-8730.6, 539.7], [-8713.7, 518.9], [-8697.5, 533.3], [-8678.6, 549.4], [-8657.6, 553.6], [-8634.4, 537.3], [-8611.8, 514.1], [-8597.8, 526.6], [-8577.1, 542.8]]}}, {"type": "Feature", "properties": {"op": "add"}, "geometry": {"type": "LineString", "coordinates": [[-8570.5, 536.1], [-8562.1, 527.6], [-8545.0, 501.8], [-8518.9, 522.0], [-8491.9, 555.9], [-8471.6, 569.6], [-8446.6, 586.0], [-8429.3, 570.0], [-8410.3, 568.2], [-8394.1, 575.5], [-8382.3, 593.9], [-8390.5, 617.0], [-8372.6, 633.3], [-8352.1, 628.1], [-8372.6, 633.3], [-8390.5, 617.0], [-8382.3, 593.9], [-8394.1, 575.5], [-8410.3, 568.2], [-8429.3, 570.0], [-8446.6, 586.0], [-8471.6, 569.6], [-8491.9, 555.9], [-8510.1, 529.3], [-8544.5, 500.9], [-8562.7, 528.1], [-8577.1, 542.8], [-8597.8, 526.6], [-8611.8, 514.1], [-8634.4, 537.3], [-8657.6, 553.6], [-8678.6, 549.4], [-8697.5, 533.3], [-8713.7, 518.9], [-8730.4, 539.6], [-8748.4, 560.3], [-8735.9, 575.6], [-8770.7, 608.7], [-8799.6, 588.3], [-8819.5, 617.9], [-8840.7, 642.2], [-8851.3, 660.1], [-8825.0, 677.8], [-8845.7, 720.8], [-8870.1, 760.4], [-8880.9, 754.5], [-8909.6, 791.2], [-8899.2, 803.0], [-8898.7, 825.0], [-8907.0, 846.5], [-8894.6, 867.0], [-8887.7, 890.8], [-8894.5, 911.8], [-8854.1, 933.5], [-8894.5, 911.8], [-8887.7, 890.8], [-8894.6, 867.0], [-8907.0, 846.5], [-8898.7, 825.0], [-8899.2, 803.1], [-8909.6, 791.2], [-8880.9, 754.5], [-8870.1, 760.4], [-8845.8, 720.8], [-8825.0, 677.8], [-8851.3, 660.1], [-8840.7, 642.3], [-8819.5, 617.9], [-8799.6, 588.3], [-8770.7, 608.7], [-8735.9, 575.6], [-8748.4, 560.3], [-8730.6, 539.7], [-8713.7, 518.9], [-8697.5, 533.3], [-8678.6, 549.4], [-8657.6, 553.6], [-8634.4, 537.3], [-8611.8, 514.1], [-8597.8, 526.6], [-8577.1, 542.8]]}}, {"type": "Feature", "properties": {"op": "add"}, "geometry": {"type": "LineString", "coordinates": [[-9540.3, -4662.3], [-9511.0, -4663.5], [-9502.7, -4656.4], [-9484.8, -4625.7], [-9474.9, -4617.9], [-9453.2, -4604.3], [-9448.9, -4584.6], [-9450.7, -4599.8], [-9468.3, -4614.0], [-9478.9, -4620.0], [-9501.0, -4653.2], [-9504.5, -4660.5], [-9534.6, -4662.5], [-9550.0, -4674.6], [-9567.7, -4705.6], [-9565.9, -4723.8], [-9574.3, -4754.1], [-9573.1, -4773.9], [-9570.6, -4793.9], [-9568.1, -4809.9], [-9566.8, -4822.0], [-9570.7, -4837.5], [-9579.8, -4850.7], [-9595.7, -4862.6], [-9610.9, -4861.9], [-9628.0, -4851.8], [-9636.6, -4843.3], [-9641.5, -4824.0], [-9642.2, -4820.0], [-9660.7, -4806.0], [-9680.1, -4801.0], [-9699.9, -4802.8], [-9719.0, -4798.7], [-9733.3, -4791.4], [-9741.4, -4778.4], [-9750.4, -4755.8], [-9751.8, -4752.0], [-9774.5, -4735.8], [-9780.6, -4732.2], [-9798.1, -4722.0], [-9809.8, -4706.0], [-9829.9, -4685.8], [-9814.8, -4699.3], [-9803.7, -4716.1], [-9787.8, -4727.9], [-9780.9, -4732.1], [-9755.9, -4745.4], [-9751.8, -4751.8], [-9744.4, -4770.6], [-9738.8, -4785.7], [-9722.9, -4797.0], [-9707.8, -4802.6], [-9688.5, -4800.6], [-9668.7, -4803.1], [-9647.5, -4814.1], [-9642.3, -4819.6], [-9639.4, -4835.5], [-9634.2, -4846.0], [-9618.6, -4858.6], [-9603.6, -4863.3], [-9586.1, -4856.2], [-9572.6, -4841.5], [-9567.1, -4826.1], [-9567.5, -4814.3], [-9570.0, -4798.3], [-9572.1, -4781.3], [-9574.9, -4762.3], [-9566.6, -4731.7], [-9568.6, -4712.3], [-9554.2, -4681.1], [-9542.5, -4665.1]]}}, {"type": "Feature", "properties": {"op": "add"}, "geometry": {"type": "LineString", "coordinates": [[-10017.7, -4647.9], [-10003.8, -4654.6], [-9981.6, -4663.9], [-9950.3, -4671.7], [-9929.5, -4683.9], [-9912.7, -4695.2], [-9898.6, -4702.3], [-9872.6, -4694.8], [-9854.3, -4686.1], [-9838.5, -4683.0], [-9814.1, -4695.9], [-9796.9, -4706.6], [-9791.8, -4729.2], [-9794.2, -4713.2], [-9807.5, -4700.0], [-9831.7, -4685.3], [-9846.9, -4684.3], [-9865.6, -4691.6], [-9893.5, -4703.2], [-9908.0, -4697.8], [-9924.9, -4686.9], [-9945.2, -4673.7], [-9976.3, -4665.6], [-9995.4, -4658.9], [-10009.2, -4650.6], [-10032.4, -4648.6], [-10053.4, -4659.3], [-10088.8, -4662.2], [-10113.1, -4674.9], [-10131.5, -4683.1], [-10151.2, -4681.2], [-10179.1, -4682.7], [-10196.7, -4691.4], [-10211.6, -4705.1], [-10242.4, -4709.6], [-10266.2, -4705.9], [-10293.8, -4699.0], [-10321.1, -4694.1], [-10301.1, -4697.6], [-10273.6, -4704.3], [-10249.8, -4708.8], [-10217.4, -4708.9], [-10202.5, -4696.2], [-10189.7, -4686.5], [-10158.4, -4681.2], [-10138.5, -4683.9], [-10119.4, -4678.6], [-10099.2, -4665.4], [-10063.9, -4662.4], [-10039.5, -4649.9]]}}, {"type": "Feature", "properties": {"op": "add"}, "geometry": {"type": "LineString", "coordinates": [[3195.7, 1723.3], [3172.2, 1728.7], [3159.8, 1742.1], [3150.5, 1759.8], [3145.2, 1780.0], [3150.7, 1795.5], [3159.0, 1808.9], [3147.0, 1829.8], [3124.4, 1836.3], [3110.2, 1853.6], [3099.0, 1879.0], [3099.8, 1899.6], [3093.3, 1918.6], [3074.2, 1939.8], [3047.8, 1955.8], [3028.5, 1970.4], [3019.2, 1982.8], [2988.3, 1998.3], [2980.8, 2004.9], [2954.5, 2018.0], [2925.3, 2045.1], [2893.0, 2053.5], [2865.8, 2054.3], [2843.8, 2055.2], [2822.5, 2054.1], [2788.7, 2062.9], [2765.5, 2066.2], [2788.7, 2062.9], [2822.5, 2054.1], [2843.8, 2055.2], [2865.8, 2054.3], [2893.0, 2053.5], [2925.3, 2045.1], [2954.5, 2018.0], [2980.8, 2004.9], [2988.3, 1998.3], [3019.2, 1982.8], [3028.5, 1970.4], [3047.8, 1955.8], [3074.2, 1939.8], [3093.3, 1918.6], [3099.8, 1899.6], [3099.0, 1879.0], [3110.2, 1853.6], [3124.4, 1836.3], [3147.0, 1829.8], [3159.0, 1808.9], [3150.7, 1795.5], [3145.2, 1780.0], [3150.5, 1759.9], [3159.8, 1742.1], [3172.2, 1728.7], [3195.7, 1723.3], [3222.9, 1722.4]]}}, {"type": "Feature", "properties": {"op": "add"}, "geometry": {"type": "LineString", "coordinates": [[3219.9, 1066.7], [3207.9, 1090.4], [3194.6, 1111.7], [3181.1, 1131.8], [3178.3, 1156.4], [3176.9, 1185.6], [3180.2, 1206.3], [3190.4, 1227.3], [3193.4, 1253.5], [3191.8, 1284.2], [3213.6, 1302.7], [3226.4, 1327.9], [3227.7, 1352.5], [3220.8, 1378.1], [3223.3, 1416.3], [3237.0, 1444.5], [3225.3, 1473.3], [3215.7, 1516.2], [3199.5, 1542.9], [3186.1, 1575.3], [3189.7, 1608.8], [3207.2, 1630.4], [3223.1, 1654.7], [3245.6, 1679.7], [3243.0, 1723.9], [3245.6, 1679.7], [3223.1, 1654.7], [3207.2, 1630.4], [3189.7, 1608.8], [3186.1, 1575.3], [3199.5, 1542.9], [3215.7, 1516.2], [3225.3, 1473.3], [3237.0, 1444.5], [3223.3, 1416.3], [3220.8, 1378.1], [3227.7, 1352.5], [3226.4, 1327.9], [3213.6, 1302.7], [3191.8, 1284.2], [3193.4, 1253.5], [3190.4, 1227.3], [3180.2, 1206.3], [3176.9, 1185.6], [3178.3, 1156.4], [3181.1, 1131.8], [3194.6, 1111.7], [3207.9, 1090.5], [3219.9, 1066.7], [3229.6, 1042.3]]}}, {"type": "Feature", "properties": {"op": "add"}, "geometry": {"type": "LineString", "coordinates": [[3237.6, 529.1], [3246.0, 509.6], [3244.2, 480.2], [3236.8, 451.5], [3229.5, 421.8], [3232.3, 398.5], [3232.1, 378.4], [3236.1, 354.2], [3225.4, 330.0], [3209.6, 308.7], [3194.0, 283.0], [3184.9, 250.5], [3180.7, 215.7], [3190.1, 191.4], [3202.5, 172.9], [3198.7, 154.5], [3191.7, 129.4], [3199.2, 111.0], [3215.4, 80.8], [3226.0, 70.9], [3215.5, 39.5], [3218.1, 14.8], [3232.9, 2.2], [3241.4, -16.7], [3240.3, -45.9], [3236.3, -72.9], [3225.4, -94.1], [3215.2, -125.0], [3198.2, -144.4], [3195.2, -160.0], [3190.2, -188.4], [3194.9, -215.7], [3213.6, -245.6], [3233.1, -275.7], [3235.0, -304.3], [3220.8, -329.9], [3197.9, -345.3], [3181.1, -362.4], [3170.6, -379.9], [3167.3, -395.3], [3162.1, -435.3], [3167.3, -395.3], [3170.6, -379.9], [3181.1, -362.4], [3197.9, -345.3], [3220.8, -329.9], [3235.0, -304.3], [3233.1, -275.7], [3213.6, -245.6], [3194.9, -215.7], [3190.2, -188.4], [3195.2, -160.0], [3198.2, -144.4], [3215.2, -125.0], [3225.4, -94.1], [3236.3, -72.9], [3240.3, -45.9], [3241.4, -16.7], [3232.9, 2.2], [3218.1, 14.8], [3215.5, 39.5], [3226.0, 70.9], [3215.4, 80.8], [3199.2, 111.0], [3191.7, 129.4], [3198.7, 154.5], [3202.5, 172.9], [3190.1, 191.4], [3180.7, 215.7], [3184.9, 250.5], [3194.0, 283.0], [3209.6, 308.7], [3225.4, 330.0], [3236.1, 354.2], [3232.1, 378.4], [3232.3, 398.5], [3229.5, 421.8], [3236.8, 451.5], [3244.2, 480.2], [3246.0, 509.6], [3237.6, 529.1], [3222.1, 543.1]]}}, {"type": "Feature", "properties": {"op": "add"}, "geometry": {"type": "LineString", "coordinates": [[-10290.1, 73.7], [-10290.4, 81.5], [-10283.2, 86.7], [-10271.1, 83.6], [-10266.0, 76.1], [-10272.4, 65.8], [-10283.4, 59.2], [-10300.2, 45.8], [-10315.3, 45.1], [-10324.4, 38.7], [-10330.2, 27.1], [-10335.3, 13.4], [-10342.2, 3.4], [-10354.6, -13.0], [-10379.4, -27.1], [-10401.0, -30.8], [-10416.5, -28.5], [-10436.4, -34.2], [-10468.7, -38.9], [-10500.2, -44.7], [-10539.1, -39.3], [-10568.0, -35.1], [-10585.6, -37.5], [-10606.3, -51.7], [-10629.2, -64.2], [-10645.9, -73.5], [-10671.0, -81.8], [-10687.6, -85.6], [-10702.8, -89.3], [-10709.1, -97.6], [-10725.6, -101.3], [-10748.0, -99.2], [-10759.9, -93.1], [-10774.9, -89.8], [-10788.6, -86.7], [-10802.7, -88.6], [-10811.5, -97.2], [-10821.4, -121.3], [-10826.2, -134.4], [-10830.6, -148.3], [-10835.3, -164.2], [-10840.4, -182.6], [-10843.3, -193.1], [-10848.7, -215.2], [-10851.7, -235.8], [-10857.4, -264.0], [-10866.6, -293.5], [-10882.9, -332.6], [-10900.0, -365.3], [-10904.1, -393.8], [-10905.7, -432.0], [-10908.0, -461.9], [-10911.2, -510.5], [-10915.1, -533.8], [-10927.0, -565.7], [-10936.5, -581.6], [-10950.1, -597.4], [-10957.9, -619.6], [-10958.8, -637.2], [-10954.3, -652.5], [-10931.8, -681.6], [-10916.9, -710.7], [-10902.9, -734.1], [-10878.3, -760.1], [-10851.1, -787.8], [-10831.9, -818.7], [-10825.2, -833.2], [-10808.3, -873.5], [-10796.7, -912.7], [-10796.1, -934.6], [-10800.5, -949.7], [-10807.1, -969.0], [-10806.8, -992.2], [-10804.6, -1030.4], [-10801.3, -1047.3], [-10787.8, -1074.5], [-10783.3, -1095.1], [-10781.2, -1112.7], [-10763.6, -1138.9], [-10738.0, -1158.0], [-10705.3, -1179.3], [-10682.3, -1190.5], [-10662.5, -1193.1], [-10641.6, -1189.9], [-10615.7, -1182.8], [-10586.8, -1177.3], [-10576.4, -1179.3], [-10566.7, -1189.3], [-10557.0, -1192.4], [-10553.9, -1186.0], [-10563.2, -1177.1]]}}, {"type": "Feature", "properties": {"op": "add"}, "geometry": {"type": "LineString", "coordinates": [[-10508.4, 1068.0], [-10518.3, 1074.8], [-10534.8, 1081.9], [-10546.5, 1084.9], [-10555.3, 1084.5], [-10566.6, 1083.5], [-10575.8, 1082.3], [-10585.7, 1081.1], [-10600.1, 1078.2], [-10608.7, 1076.1], [-10621.3, 1073.0], [-10638.1, 1060.2], [-10655.9, 1039.0], [-10664.7, 1030.5], [-10708.7, 1033.9], [-10754.4, 1017.9], [-10802.3, 1018.0], [-10832.6, 1009.0], [-10866.6, 1006.5], [-10880.0, 1005.1], [-10892.5, 1001.3], [-10906.1, 997.1], [-10922.3, 1002.2], [-10936.3, 1023.4], [-10933.3, 1052.6], [-10940.2, 1077.7], [-10957.1, 1099.3], [-10956.5, 1119.9], [-10939.3, 1150.8], [-10915.1, 1202.1], [-10892.6, 1257.0], [-10891.9, 1306.7], [-10896.2, 1327.9], [-10906.0, 1368.0], [-10910.2, 1389.3], [-10915.4, 1417.7], [-10926.4, 1421.2], [-10952.3, 1421.7], [-10980.0, 1411.4], [-11006.1, 1420.5], [-11022.0, 1450.6], [-11025.4, 1491.6], [-11036.1, 1508.3], [-11060.7, 1526.7], [-11072.8, 1527.8]]}}, {"type": "Feature", "properties": {"op": "add"}, "geometry": {"type": "LineString", "coordinates": [[-8747.3, 535.5], [-8753.8, 529.0], [-8763.1, 535.1], [-8763.0, 547.0], [-8752.1, 560.4], [-8746.0, 564.9], [-8729.9, 581.3], [-8719.6, 591.0], [-8712.0, 594.0], [-8707.3, 600.7], [-8704.5, 616.4], [-8705.6, 629.1], [-8708.7, 645.8], [-8716.5, 666.6], [-8724.1, 676.5], [-8728.5, 684.2], [-8733.5, 695.2], [-8743.6, 709.9], [-8762.5, 733.0], [-8781.2, 743.1], [-8794.7, 752.2], [-8795.9, 771.8], [-8794.7, 752.2], [-8798.6, 744.7], [-8845.0, 722.5], [-8851.8, 733.4], [-8860.6, 747.2], [-8869.5, 760.8], [-8863.4, 769.9], [-8830.0, 794.5], [-8820.5, 843.1], [-8829.2, 895.1], [-8850.9, 928.8], [-8843.9, 933.5], [-8816.6, 953.4], [-8828.9, 972.5], [-8838.3, 972.2], [-8846.4, 965.7], [-8840.7, 958.6], [-8846.4, 965.7], [-8838.3, 972.2], [-8828.9, 972.5], [-8816.6, 953.4], [-8767.5, 895.5], [-8753.5, 892.0], [-8740.3, 893.6], [-8726.6, 877.2], [-8711.8, 859.4], [-8709.6, 858.7], [-8712.5, 853.7], [-8718.1, 846.1], [-8727.4, 831.6], [-8726.4, 812.8], [-8717.0, 798.2], [-8717.0, 792.9], [-8728.1, 775.3], [-8733.6, 764.2], [-8722.2, 747.9], [-8711.9, 732.9], [-8698.6, 714.3], [-8691.6, 704.8], [-8683.3, 695.7], [-8671.8, 683.6], [-8669.8, 678.0], [-8662.7, 666.6], [-8654.1, 660.4], [-8639.4, 656.6], [-8631.8, 655.6], [-8620.6, 654.4], [-8598.0, 657.9], [-8593.0, 656.8], [-8578.8, 662.1], [-8561.9, 674.7], [-8556.5, 676.8], [-8542.8, 686.8], [-8532.8, 688.5], [-8528.0, 682.7], [-8522.2, 670.6], [-8519.8, 666.4], [-8512.9, 656.6], [-8513.1, 648.7], [-8518.2, 642.4], [-8538.0, 630.7], [-8554.0, 617.8], [-8564.5, 613.5], [-8576.1, 601.8], [-8582.4, 589.6], [-8586.7, 575.6], [-8586.0, 565.9], [-8578.9, 546.0], [-8581.7, 541.0], [-8590.1, 533.9], [-8598.3, 527.2], [-8605.7, 520.9], [-8610.3, 515.7], [-8613.4, 514.7], [-8618.8, 518.8], [-8635.2, 535.2], [-8647.4, 546.7], [-8655.8, 552.9], [-8671.9, 552.9], [-8679.7, 549.7], [-8689.6, 540.3], [-8699.0, 530.3], [-8712.6, 520.2], [-8715.2, 521.6], [-8720.8, 528.7], [-8729.8, 539.9], [-8736.0, 547.1], [-8745.8, 557.7], [-8755.9, 556.4], [-8763.0, 547.0], [-8763.1, 535.1], [-8753.8, 529.0]]}}, {"type": "Feature", "properties": {"op": "add"}, "geometry": {"type": "LineString", "coordinates": [[-8953.9, 862.5], [-8932.1, 857.9], [-8909.0, 850.2], [-8896.6, 865.8], [-8890.2, 881.9], [-8888.2, 893.7], [-8890.1, 901.4], [-8890.8, 903.8], [-8894.2, 909.8], [-8890.7, 911.8], [-8870.3, 923.3], [-8855.9, 931.2], [-8843.9, 933.5], [-8835.3, 938.7], [-8825.0, 946.6], [-8816.6, 953.4], [-8767.5, 895.5], [-8753.5, 892.0], [-8740.3, 893.6], [-8726.6, 877.2], [-8719.9, 868.7], [-8711.8, 859.4], [-8714.2, 851.7], [-8724.6, 835.1], [-8727.5, 820.1], [-8723.4, 808.0], [-8717.8, 795.7], [-8720.9, 784.2], [-8730.4, 769.8], [-8730.0, 761.6], [-8726.1, 754.0], [-8714.4, 738.0], [-8728.7, 725.1], [-8738.1, 715.5], [-8742.7, 709.5], [-8737.2, 700.6], [-8776.2, 670.5], [-8760.5, 647.0], [-8759.1, 627.8], [-8763.2, 616.2], [-8780.0, 602.3], [-8793.4, 590.4], [-8817.3, 614.7], [-8849.8, 659.5], [-8834.4, 672.4], [-8825.5, 677.1], [-8838.3, 708.9], [-8851.3, 736.8], [-8870.7, 760.0], [-8881.0, 757.0], [-8909.7, 790.2], [-8918.1, 784.5], [-8930.3, 773.2], [-8961.2, 770.9], [-8981.0, 783.2], [-8990.4, 800.7], [-8995.0, 823.2], [-8990.5, 849.7], [-8992.5, 859.1]]}}, {"type": "Feature", "properties": {"op": "add"}, "geometry": {"type": "LineString", "coordinates": [[2941.5, -1391.8], [2940.6, -1393.3], [2934.8, -1403.6], [2932.1, -1408.3], [2917.9, -1403.0], [2919.7, -1398.4], [2923.0, -1389.8], [2925.9, -1386.7], [2946.8, -1396.5], [2948.7, -1392.8], [2951.9, -1386.7], [2953.8, -1383.2], [2951.2, -1382.0], [2946.5, -1379.6], [2943.0, -1377.8], [2935.6, -1392.7], [2920.6, -1385.0], [2915.2, -1395.4], [2926.4, -1401.3], [2930.4, -1403.5], [2933.6, -1405.2], [2930.8, -1412.7], [2924.0, -1426.3], [2917.3, -1439.7], [2914.6, -1445.1], [2911.0, -1452.2], [2911.5, -1460.8], [2915.3, -1471.8], [2917.2, -1477.3], [2937.9, -1475.8], [2948.6, -1483.6], [2950.5, -1502.3], [2949.3, -1521.3], [2950.6, -1538.7], [2930.1, -1562.5], [2916.4, -1578.3], [2909.5, -1586.3], [2902.1, -1590.5], [2888.1, -1592.0], [2876.4, -1591.6], [2862.5, -1593.0], [2846.5, -1603.0], [2836.1, -1612.4], [2827.6, -1620.1], [2820.5, -1623.2], [2804.8, -1620.2], [2791.1, -1617.4], [2780.4, -1615.9], [2773.0, -1623.8], [2766.0, -1631.7], [2759.1, -1639.5], [2752.1, -1647.4], [2745.1, -1655.2], [2738.1, -1663.1], [2732.0, -1674.5], [2725.5, -1682.9], [2718.0, -1692.7], [2713.4, -1700.0], [2703.1, -1714.3], [2694.9, -1729.8], [2689.7, -1746.0], [2689.1, -1763.3], [2690.1, -1774.1], [2691.4, -1786.2], [2692.2, -1800.2], [2692.7, -1810.7], [2697.6, -1818.2], [2700.7, -1829.3], [2699.4, -1845.2], [2696.6, -1856.4], [2694.1, -1870.3], [2693.3, -1873.6], [2675.4, -1891.9], [2669.3, -1898.1]]}}, {"type": "Feature", "properties": {"op": "add"}, "geometry": {"type": "LineString", "coordinates": [[-8856.3, 741.9], [-8860.3, 747.9], [-8866.1, 756.3], [-8870.5, 760.4], [-8879.5, 756.1], [-8883.5, 758.2], [-8907.5, 788.3], [-8906.3, 794.4], [-8899.1, 801.2], [-8899.9, 815.0], [-8899.1, 826.7], [-8905.6, 841.4], [-8905.3, 845.9], [-8898.1, 863.9], [-8893.4, 873.1], [-8888.6, 889.2], [-8888.8, 897.5], [-8896.3, 913.3], [-8904.3, 926.3], [-8919.4, 948.5], [-8966.4, 954.0], [-8982.4, 966.4], [-8999.4, 965.0], [-9012.4, 953.6], [-9008.4, 945.3], [-9000.9, 940.9], [-8998.4, 939.9], [-8996.3, 945.2], [-8999.0, 940.6], [-9002.6, 941.7], [-9012.4, 947.6], [-9012.5, 951.7], [-9004.8, 962.0], [-8998.6, 965.8], [-8983.9, 966.4], [-8980.0, 965.3], [-8971.0, 960.6], [-8957.9, 953.4], [-8920.7, 947.6], [-8908.7, 932.6], [-8903.2, 925.2], [-8899.7, 918.7], [-8894.5, 911.5], [-8877.5, 920.8], [-8855.0, 933.4], [-8848.9, 930.7], [-8834.6, 940.9], [-8818.3, 953.2], [-8815.1, 952.7], [-8804.0, 942.3], [-8802.4, 937.0], [-8777.2, 909.3], [-8766.8, 893.9], [-8737.0, 892.8], [-8731.9, 886.3], [-8723.1, 875.0], [-8712.3, 861.7], [-8712.2, 853.6], [-8725.9, 834.5], [-8726.6, 813.6], [-8717.1, 795.8], [-8721.8, 782.6], [-8732.2, 766.0], [-8724.9, 751.4], [-8713.3, 732.5], [-8699.0, 715.7], [-8661.6, 744.7], [-8660.3, 765.9], [-8634.4, 787.4], [-8632.4, 787.4], [-8606.2, 761.2], [-8592.1, 756.8], [-8579.7, 737.7], [-8594.5, 717.7], [-8581.7, 697.6], [-8561.1, 673.8], [-8536.5, 690.1], [-8530.8, 685.6], [-8528.4, 679.1], [-8517.6, 662.8], [-8510.4, 651.6], [-8516.7, 643.4], [-8557.2, 615.3], [-8563.6, 615.4], [-8583.8, 586.2], [-8584.4, 560.7], [-8578.2, 543.5], [-8593.4, 531.0], [-8609.9, 515.6], [-8616.9, 517.6], [-8657.5, 553.0], [-8673.6, 552.9], [-8713.7, 519.8], [-8717.2, 525.0], [-8724.5, 533.8], [-8734.4, 545.4], [-8745.4, 557.0], [-8745.0, 566.1], [-8738.1, 576.5], [-8769.9, 608.2], [-8795.5, 589.7], [-8832.6, 630.4], [-8851.5, 661.1], [-8824.7, 678.6], [-8847.3, 726.8]]}}, {"type": "Feature", "properties": {"op": "add"}, "geometry": {"type": "LineString", "coordinates": [[-8824.6, 677.4], [-8844.1, 721.3], [-8794.7, 745.7], [-8765.7, 737.3], [-8744.1, 711.7], [-8736.1, 717.6], [-8714.1, 735.7], [-8698.8, 714.6], [-8657.5, 748.0], [-8658.7, 767.9], [-8634.5, 787.4], [-8662.2, 821.2], [-8653.5, 826.7], [-8608.6, 861.8], [-8600.3, 850.1], [-8616.1, 837.9], [-8637.5, 816.9], [-8629.6, 781.9], [-8623.9, 775.0], [-8623.3, 775.5], [-8621.9, 776.6], [-8594.1, 757.7], [-8578.9, 737.9], [-8596.8, 717.4], [-8562.2, 673.3], [-8536.5, 690.4], [-8532.5, 688.7], [-8528.0, 682.7], [-8522.2, 670.6], [-8508.8, 650.2], [-8557.7, 615.0], [-8568.1, 613.4], [-8581.1, 593.1], [-8585.6, 562.9], [-8573.5, 540.8], [-8535.7, 488.1], [-8538.7, 479.4], [-8548.3, 467.5], [-8544.9, 464.1], [-8564.2, 466.0], [-8583.3, 481.0], [-8606.1, 504.9], [-8633.1, 534.8], [-8655.9, 552.8], [-8671.5, 554.1], [-8713.5, 519.8], [-8731.2, 542.0], [-8750.0, 561.8], [-8736.9, 574.6], [-8770.5, 609.4], [-8795.9, 587.9], [-8827.8, 624.7], [-8928.9, 540.5], [-8907.7, 509.1], [-8933.2, 488.1], [-8911.6, 505.6], [-8925.2, 543.3], [-8833.3, 620.8], [-8854.7, 660.0], [-8838.5, 670.3]]}}, {"type": "Feature", "properties": {"op": "add"}, "geometry": {"type": "LineString", "coordinates": [[495.4, -3478.3], [492.7, -3486.1], [487.2, -3485.8], [476.9, -3489.9], [467.2, -3493.4], [460.0, -3497.0], [439.6, -3500.7], [428.3, -3495.9], [424.7, -3489.4], [424.1, -3470.9], [421.8, -3449.2], [404.2, -3429.4], [335.5, -3430.7], [317.2, -3426.7], [331.2, -3464.0], [336.4, -3501.9], [337.3, -3544.8], [337.7, -3565.4], [336.0, -3597.4], [324.6, -3622.9], [308.0, -3648.6], [276.3, -3685.7], [240.0, -3717.3], [225.0, -3730.2], [198.7, -3768.3], [183.8, -3791.1], [178.1, -3801.6], [149.1, -3855.4], [121.0, -3907.0], [96.8, -3951.5]]}}, {"type": "Feature", "properties": {"op": "add"}, "geometry": {"type": "LineString", "coordinates": [[-7006.9, -1744.0], [-7007.8, -1732.0], [-7005.5, -1724.6], [-7001.1, -1727.6], [-6991.6, -1734.2], [-6983.9, -1734.9], [-6976.7, -1724.4], [-6974.2, -1720.4], [-6973.4, -1715.8], [-6971.9, -1711.4], [-6961.4, -1700.4], [-6956.4, -1695.6], [-6952.6, -1692.9], [-6941.6, -1686.3], [-6931.6, -1680.2], [-6925.6, -1676.7], [-6916.7, -1671.3], [-6906.4, -1669.1], [-6895.0, -1666.7], [-6888.4, -1671.6], [-6883.9, -1675.2], [-6878.1, -1679.1], [-6866.5, -1680.5], [-6847.8, -1680.2], [-6837.3, -1680.1], [-6824.5, -1679.9], [-6809.5, -1682.4], [-6807.5, -1685.2], [-6800.0, -1697.0], [-6791.6, -1705.0], [-6783.9, -1712.2], [-6779.7, -1724.4], [-6779.4, -1740.7], [-6778.4, -1750.0], [-6776.4, -1761.4], [-6772.3, -1785.6], [-6761.2, -1794.1], [-6748.4, -1802.2], [-6731.7, -1812.9], [-6717.9, -1815.5], [-6700.6, -1817.8], [-6685.6, -1820.3], [-6675.3, -1831.5], [-6661.4, -1848.7], [-6654.5, -1859.5], [-6641.5, -1877.5], [-6628.6, -1895.5], [-6616.6, -1909.8], [-6604.0, -1915.8], [-6592.9, -1919.3], [-6572.4, -1923.5], [-6551.6, -1931.2], [-6528.8, -1943.1], [-6509.1, -1953.3], [-6484.2, -1966.2], [-6461.5, -1975.1], [-6444.5, -1979.3], [-6432.8, -1979.7], [-6414.2, -1981.0], [-6401.4, -1981.3], [-6388.2, -1984.2]]}}, {"type": "Feature", "properties": {"op": "add"}, "geometry": {"type": "LineString", "coordinates": [[-8641.4, 912.3], [-8661.7, 894.7], [-8679.1, 881.0], [-8681.1, 877.7], [-8679.3, 873.1], [-8660.0, 849.3], [-8640.0, 825.1], [-8636.7, 813.0], [-8634.0, 793.0], [-8635.9, 785.6], [-8651.4, 775.2], [-8661.4, 765.0], [-8662.6, 758.1], [-8647.7, 738.6], [-8630.7, 726.6], [-8618.9, 712.0], [-8614.7, 709.5], [-8606.1, 711.3], [-8598.1, 712.9], [-8588.2, 706.9], [-8566.1, 678.5], [-8561.9, 674.7], [-8556.5, 676.8], [-8542.8, 686.8], [-8532.8, 688.5], [-8528.0, 682.7], [-8522.2, 670.6], [-8519.8, 666.4], [-8512.9, 656.6], [-8513.1, 648.7], [-8518.2, 642.4], [-8538.0, 630.7], [-8554.0, 617.8], [-8564.5, 613.5], [-8576.1, 601.8], [-8582.4, 589.6], [-8586.7, 575.6], [-8586.0, 565.9], [-8578.9, 546.0], [-8581.7, 541.0], [-8590.1, 533.9], [-8598.3, 527.2], [-8605.7, 520.9], [-8610.3, 515.7], [-8613.4, 514.7], [-8618.8, 518.8], [-8635.2, 535.2], [-8647.4, 546.7], [-8655.8, 552.9], [-8671.9, 552.9], [-8679.7, 549.7], [-8689.6, 540.3], [-8699.0, 530.3], [-8712.6, 520.2], [-8715.2, 521.6], [-8720.8, 528.7], [-8729.8, 539.9], [-8736.0, 547.1], [-8745.8, 557.7], [-8746.0, 564.9], [-8729.9, 581.3], [-8719.6, 591.0], [-8712.0, 594.0], [-8707.3, 600.7], [-8704.5, 616.4], [-8705.6, 629.1], [-8708.7, 645.8], [-8716.5, 666.6], [-8724.1, 676.5], [-8728.5, 684.2], [-8733.5, 695.2], [-8743.6, 709.9], [-8741.1, 714.6], [-8734.5, 720.1], [-8726.8, 726.2], [-8718.1, 733.7], [-8716.4, 737.3], [-8721.0, 746.8], [-8731.0, 759.1], [-8732.0, 769.4], [-8724.6, 778.1], [-8717.5, 792.8], [-8728.3, 817.7], [-8726.8, 830.5], [-8723.4, 841.4], [-8709.6, 857.8], [-8692.4, 870.6], [-8679.4, 881.0], [-8661.2, 896.2], [-8643.7, 912.2], [-8634.6, 918.9]]}}, {"type": "Feature", "properties": {"op": "add"}, "geometry": {"type": "LineString", "coordinates": [[-7694.9, -1446.2], [-7693.1, -1447.1], [-7670.1, -1458.4], [-7675.1, -1464.9], [-7682.2, -1471.0], [-7695.9, -1473.6], [-7708.7, -1472.2], [-7711.3, -1470.4], [-7718.3, -1483.8], [-7726.4, -1499.2], [-7738.8, -1503.0], [-7752.8, -1497.2], [-7768.0, -1491.1], [-7788.9, -1488.9], [-7819.8, -1484.6], [-7828.0, -1480.2], [-7839.9, -1470.9], [-7849.8, -1470.2], [-7855.2, -1476.2], [-7868.7, -1461.7], [-7888.4, -1431.3], [-7900.4, -1426.9], [-7907.2, -1425.3], [-7922.0, -1421.9], [-7939.6, -1410.3], [-7953.7, -1383.5], [-7970.5, -1358.2], [-7994.3, -1337.4], [-8003.6, -1325.4], [-8006.9, -1297.6], [-8010.0, -1272.2], [-8022.8, -1248.6], [-8024.3, -1233.5], [-8016.1, -1199.5], [-7998.6, -1162.9], [-7971.6, -1137.0], [-7947.8, -1131.4], [-7916.3, -1132.4], [-7882.6, -1132.1], [-7846.4, -1132.5], [-7817.4, -1130.0], [-7807.1, -1128.8], [-7751.6, -1121.8], [-7743.7, -1097.5], [-7731.5, -1088.5], [-7696.8, -1084.3], [-7677.2, -1058.1], [-7651.6, -1034.1], [-7620.6, -1020.6], [-7593.1, -1015.0], [-7564.2, -1017.9], [-7541.2, -1031.8], [-7513.8, -1051.4], [-7496.5, -1073.6], [-7476.1, -1068.6], [-7451.1, -1062.5], [-7431.3, -1061.5], [-7415.5, -1073.5], [-7408.2, -1101.8], [-7383.9, -1099.2], [-7359.4, -1101.3], [-7335.2, -1089.9], [-7310.6, -1070.2], [-7296.4, -1064.7], [-7274.7, -1073.5], [-7263.1, -1073.0], [-7239.8, -1072.4], [-7214.7, -1071.9], [-7190.9, -1078.7]]}}, {"type": "Feature", "properties": {"op": "add"}, "geometry": {"type": "LineString", "coordinates": [[954.5, -1433.0], [961.5, -1454.0], [970.4, -1466.5], [1012.4, -1461.8], [1031.5, -1473.0], [1038.9, -1494.2], [1038.8, -1516.2], [1036.9, -1547.9], [1035.8, -1574.9], [1035.3, -1622.3], [1036.2, -1633.6], [1038.2, -1653.7], [1041.6, -1665.2], [1059.8, -1702.2], [1078.5, -1721.8], [1104.2, -1742.0], [1150.3, -1758.5], [1154.9, -1765.0], [1151.3, -1771.6], [1133.8, -1779.8], [1121.9, -1785.3], [1101.9, -1795.6], [1090.5, -1799.0], [1048.4, -1804.3], [1028.7, -1807.5], [1013.4, -1812.5], [1007.3, -1814.3], [981.8, -1822.2], [979.2, -1820.7], [977.9, -1823.2], [976.1, -1823.8]]}}]}