{
 "type": "FeatureCollection",
 "features": [
  {
   "type": "Feature",
   "properties": {
    "op": "add",
    "source": "recorded",
    "zone": "Tirisfal Glades",
    "time": 1790375544,
    "trim": true
   },
   "geometry": {
    "type": "LineString",
    "coordinates": [
     [
      2173.9,
      -445.2
     ],
     [
      2174.5,
      -439.9
     ],
     [
      2177,
      -435.1
     ],
     [
      2179.4,
      -430.4
     ]
    ]
   }
  },
  {
   "type": "Feature",
   "properties": {
    "op": "add",
    "source": "recorded",
    "zone": "Tirisfal Glades",
    "time": 1790375577,
    "trim": true
   },
   "geometry": {
    "type": "LineString",
    "coordinates": [
     [
      2268.2,
      -278.9
     ],
     [
      2262.9,
      -278.3
     ],
     [
      2257.4,
      -277.8
     ],
     [
      2252.1,
      -277.3
     ],
     [
      2246.8,
      -276.8
     ],
     [
      2241.6,
      -275.6
     ],
     [
      2236.6,
      -273.8
     ],
     [
      2231.6,
      -272
     ],
     [
      2226.6,
      -270.2
     ],
     [
      2221.6,
      -268.3
     ],
     [
      2216.9,
      -266
     ],
     [
      2212.1,
      -263.4
     ],
     [
      2207.6,
      -260.4
     ],
     [
      2203.1,
      -257.5
     ],
     [
      2198.4,
      -254.5
     ],
     [
      2193.9,
      -251.6
     ],
     [
      2189.4,
      -248.7
     ],
     [
      2184.9,
      -245.8
     ],
     [
      2180.3,
      -242.8
     ],
     [
      2175.8,
      -239.9
     ],
     [
      2171.2,
      -236.9
     ],
     [
      2166.6,
      -233.9
     ],
     [
      2162.1,
      -231
     ],
     [
      2157.6,
      -228.1
     ],
     [
      2153.6,
      -224.7
     ],
     [
      2150.1,
      -220.6
     ],
     [
      2146.6,
      -216.5
     ],
     [
      2142.9,
      -212.5
     ],
     [
      2139.5,
      -208.3
     ],
     [
      2136.4,
      -203.8
     ],
     [
      2133.5,
      -199.3
     ],
     [
      2130.7,
      -194.6
     ],
     [
      2128.5,
      -189.8
     ],
     [
      2126.5,
      -184.8
     ],
     [
      2125,
      -179.7
     ],
     [
      2123.8,
      -174.5
     ],
     [
      2122.7,
      -169.2
     ],
     [
      2122.5,
      -163.8
     ],
     [
      2122.5,
      -158.5
     ],
     [
      2122.5,
      -153.1
     ],
     [
      2122.6,
      -147.7
     ],
     [
      2122.4,
      -142.2
     ],
     [
      2121.6,
      -136.9
     ],
     [
      2120.7,
      -131.6
     ],
     [
      2119.5,
      -126.3
     ],
     [
      2118.2,
      -121
     ],
     [
      2116.9,
      -115.7
     ],
     [
      2115.5,
      -110.5
     ],
     [
      2114.1,
      -105.5
     ],
     [
      2112.5,
      -100.4
     ],
     [
      2110.9,
      -95.2
     ],
     [
      2109.2,
      -90.1
     ],
     [
      2107.6,
      -85
     ],
     [
      2106,
      -79.7
     ],
     [
      2104.5,
      -74.5
     ],
     [
      2103.2,
      -69.3
     ],
     [
      2101.8,
      -64.1
     ],
     [
      2100.4,
      -58.9
     ],
     [
      2099.1,
      -53.8
     ],
     [
      2097.7,
      -48.6
     ],
     [
      2096.4,
      -43.5
     ]
    ]
   }
  },
  {
   "type": "Feature",
   "properties": {
    "op": "add",
    "source": "recorded",
    "zone": "Tirisfal Glades",
    "time": 1790376195,
    "trim": true
   },
   "geometry": {
    "type": "LineString",
    "coordinates": [
     [
      2097.8,
      -36.3
     ],
     [
      2098.6,
      -41.2
     ],
     [
      2099.5,
      -46.6
     ],
     [
      2100.3,
      -51.9
     ],
     [
      2101.2,
      -57.2
     ],
     [
      2102,
      -62.5
     ],
     [
      2102.9,
      -67.8
     ],
     [
      2103.9,
      -73
     ],
     [
      2105.3,
      -78.1
     ],
     [
      2106.7,
      -83.3
     ],
     [
      2108,
      -88.4
     ],
     [
      2109.4,
      -93.6
     ],
     [
      2110.8,
      -98.8
     ],
     [
      2112.2,
      -104.1
     ],
     [
      2113.6,
      -109.3
     ],
     [
      2115,
      -114.4
     ],
     [
      2116.4,
      -119.6
     ],
     [
      2117.8,
      -124.7
     ],
     [
      2119.2,
      -129.9
     ],
     [
      2120.5,
      -135
     ],
     [
      2121.9,
      -140.2
     ],
     [
      2123.3,
      -145.4
     ],
     [
      2124.1,
      -150.8
     ],
     [
      2124.8,
      -156.3
     ],
     [
      2125.6,
      -161.6
     ],
     [
      2126.3,
      -166.9
     ],
     [
      2127.1,
      -172.2
     ],
     [
      2127.9,
      -177.6
     ],
     [
      2128.7,
      -182.9
     ],
     [
      2130.2,
      -187.9
     ],
     [
      2132.6,
      -192.6
     ],
     [
      2135.2,
      -197.2
     ],
     [
      2138.3,
      -201.6
     ],
     [
      2141.9,
      -205.5
     ],
     [
      2145.5,
      -209.6
     ],
     [
      2149.3,
      -213.4
     ],
     [
      2153.2,
      -217
     ],
     [
      2157.1,
      -220.6
     ],
     [
      2161,
      -224.2
     ],
     [
      2164.9,
      -227.7
     ],
     [
      2168.9,
      -231.3
     ],
     [
      2172.9,
      -234.7
     ],
     [
      2177.3,
      -237.9
     ]
    ]
   }
  },
  {
   "type": "Feature",
   "properties": {
    "op": "add",
    "source": "recorded",
    "zone": "Tirisfal Glades",
    "time": 1790376792,
    "trim": true
   },
   "geometry": {
    "type": "LineString",
    "coordinates": [
     [
      2263.9,
      -278.3
     ],
     [
      2268.4,
      -279.5
     ],
     [
      2273.6,
      -280.8
     ],
     [
      2278.8,
      -281.8
     ],
     [
      2284.3,
      -282.6
     ],
     [
      2289.5,
      -283.3
     ],
     [
      2295,
      -284.1
     ],
     [
      2300,
      -284
     ],
     [
      2304.9,
      -284.2
     ],
     [
      2309.9,
      -286.3
     ],
     [
      2314.8,
      -288.4
     ],
     [
      2319.8,
      -290.6
     ],
     [
      2324.7,
      -291.9
     ],
     [
      2329.4,
      -293.8
     ],
     [
      2333.8,
      -296.1
     ],
     [
      2338.1,
      -299.1
     ]
    ]
   }
  },
  {
   "type": "Feature",
   "properties": {
    "op": "add",
    "source": "recorded",
    "zone": "Tirisfal Glades",
    "time": 1790551904,
    "trim": true
   },
   "geometry": {
    "type": "LineString",
    "coordinates": [
     [
      2337.2,
      -294.2
     ],
     [
      2346.6,
      -303.6
     ],
     [
      2356,
      -313
     ],
     [
      2363.6,
      -324.3
     ],
     [
      2367.3,
      -337.5
     ],
     [
      2369.2,
      -350.6
     ],
     [
      2361.7,
      -361.9
     ],
     [
      2354.2,
      -373.2
     ],
     [
      2352.3,
      -388.3
     ],
     [
      2350.4,
      -401.5
     ],
     [
      2350.4,
      -414.7
     ],
     [
      2350.4,
      -427.8
     ],
     [
      2350.4,
      -441
     ],
     [
      2356,
      -454.2
     ],
     [
      2365.4,
      -467.4
     ],
     [
      2374.9,
      -476.8
     ],
     [
      2384.3,
      -488.1
     ],
     [
      2393.7,
      -499.4
     ],
     [
      2401.2,
      -510.7
     ],
     [
      2406.9,
      -523.8
     ],
     [
      2416.3,
      -535.1
     ],
     [
      2423.8,
      -546.4
     ],
     [
      2433.2,
      -557.7
     ],
     [
      2440.8,
      -569
     ],
     [
      2450.2,
      -578.4
     ],
     [
      2461.5,
      -587.9
     ],
     [
      2470.9,
      -597.3
     ],
     [
      2478.4,
      -608.6
     ],
     [
      2487.8,
      -619.9
     ],
     [
      2497.2,
      -631.2
     ],
     [
      2504.8,
      -642.5
     ],
     [
      2517.9,
      -648.1
     ]
    ]
   }
  },
  {
   "type": "Feature",
   "properties": {
    "op": "add",
    "source": "recorded",
    "zone": "Tirisfal Glades",
    "time": 1790551926,
    "trim": true
   },
   "geometry": {
    "type": "LineString",
    "coordinates": [
     [
      2654.3,
      -573.4
     ],
     [
      2658.8,
      -562.9
     ],
     [
      2664.8,
      -553.8
     ],
     [
      2670.8,
      -544.8
     ],
     [
      2678.4,
      -537.3
     ],
     [
      2687.4,
      -529.7
     ],
     [
      2696.4,
      -522.2
     ],
     [
      2707,
      -517.7
     ],
     [
      2717.5,
      -514.7
     ],
     [
      2728.1,
      -510.1
     ],
     [
      2738.6,
      -505.6
     ],
     [
      2749.1,
      -501.1
     ],
     [
      2759.7,
      -499.6
     ],
     [
      2770.2,
      -496.6
     ],
     [
      2780.8,
      -495.1
     ],
     [
      2791.3,
      -495.1
     ],
     [
      2801.9,
      -493.6
     ],
     [
      2812.4,
      -495.1
     ],
     [
      2821.4,
      -501.1
     ],
     [
      2829,
      -508.6
     ],
     [
      2838,
      -514.7
     ],
     [
      2848.5,
      -517.7
     ],
     [
      2859.1,
      -522.2
     ],
     [
      2868.1,
      -528.2
     ],
     [
      2878.7,
      -532.7
     ],
     [
      2889.2,
      -535.7
     ],
     [
      2899.8,
      -540.3
     ],
     [
      2910.3,
      -543.3
     ],
     [
      2920.8,
      -547.8
     ],
     [
      2931.4,
      -552.3
     ],
     [
      2941.9,
      -555.3
     ],
     [
      2952.5,
      -556.8
     ],
     [
      2963,
      -555.3
     ],
     [
      2973.6,
      -552.3
     ],
     [
      2984.1,
      -552.3
     ],
     [
      2994.6,
      -552.3
     ],
     [
      3005.2,
      -553.8
     ],
     [
      3015.7,
      -558.3
     ],
     [
      3026.3,
      -558.3
     ]
    ]
   }
  },
  {
   "type": "Feature",
   "properties": {
    "op": "add",
    "source": "recorded",
    "zone": "Tirisfal Glades",
    "time": 1790552841,
    "trim": true
   },
   "geometry": {
    "type": "LineString",
    "coordinates": [
     [
      2772.2,
      880.1
     ],
     [
      2769.5,
      881.2
     ],
     [
      2767.2,
      882.8
     ],
     [
      2765.3,
      884.7
     ],
     [
      2763.7,
      887
     ],
     [
      2762.2,
      889.3
     ],
     [
      2760.7,
      892
     ],
     [
      2759.1,
      894.7
     ],
     [
      2758,
      897.4
     ],
     [
      2756.4,
      899.7
     ],
     [
      2754.9,
      902
     ],
     [
      2753,
      903.9
     ],
     [
      2751.5,
      906.2
     ],
     [
      2750.3,
      908.9
     ],
     [
      2748.8,
      911.2
     ],
     [
      2747.2,
      913.5
     ],
     [
      2745.7,
      916.2
     ],
     [
      2744.2,
      918.9
     ],
     [
      2742.6,
      921.2
     ],
     [
      2741.9,
      923.8
     ],
     [
      2741.1,
      926.5
     ],
     [
      2740.7,
      929.2
     ],
     [
      2740.3,
      931.9
     ],
     [
      2739.6,
      934.6
     ],
     [
      2739.2,
      937.3
     ],
     [
      2738.4,
      940
     ],
     [
      2738,
      942.6
     ],
     [
      2736.9,
      945.3
     ],
     [
      2736.1,
      948
     ],
     [
      2734.9,
      950.7
     ],
     [
      2734.6,
      953.4
     ],
     [
      2734.6,
      956.1
     ],
     [
      2734.2,
      958.8
     ],
     [
      2734.2,
      961.5
     ],
     [
      2734.2,
      964.1
     ],
     [
      2734.6,
      966.8
     ],
     [
      2736.1,
      969.1
     ],
     [
      2738.8,
      970.7
     ],
     [
      2740.7,
      972.6
     ],
     [
      2742.2,
      974.9
     ],
     [
      2744.2,
      976.8
     ],
     [
      2746.1,
      978.7
     ],
     [
      2748.4,
      980.6
     ],
     [
      2751.1,
      981.8
     ],
     [
      2753.8,
      983.3
     ],
     [
      2755.7,
      985.2
     ],
     [
      2757.6,
      987.2
     ],
     [
      2759.5,
      989.1
     ],
     [
      2761.4,
      991
     ],
     [
      2763.4,
      992.9
     ],
     [
      2764.5,
      995.6
     ],
     [
      2766,
      997.9
     ],
     [
      2767.6,
      1000.2
     ],
     [
      2768.7,
      1002.9
     ],
     [
      2769.5,
      1005.6
     ],
     [
      2769.9,
      1008.3
     ],
     [
      2770.3,
      1011
     ],
     [
      2770.3,
      1013.7
     ],
     [
      2770.6,
      1016.3
     ],
     [
      2771,
      1019
     ],
     [
      2771.4,
      1022.1
     ],
     [
      2771.4,
      1024.8
     ],
     [
      2771.8,
      1027.5
     ],
     [
      2772.2,
      1030.2
     ],
     [
      2772.6,
      1032.8
     ],
     [
      2772.9,
      1035.5
     ],
     [
      2773.3,
      1038.2
     ],
     [
      2773.7,
      1040.9
     ],
     [
      2774.1,
      1043.6
     ],
     [
      2774.5,
      1046.3
     ],
     [
      2774.5,
      1049
     ]
    ]
   }
  },
  {
   "type": "Feature",
   "properties": {
    "op": "remove",
    "source": "recorded",
    "zone": "Tirisfal Glades",
    "time": 1790553172,
    "trim": true
   },
   "geometry": {
    "type": "LineString",
    "coordinates": [
     [
      2808.3,
      860.2
     ],
     [
      2808.3,
      857.9
     ],
     [
      2808.6,
      855.6
     ],
     [
      2808.9,
      853.3
     ],
     [
      2811.2,
      852
     ],
     [
      2813.5,
      851.3
     ],
     [
      2815.8,
      850.3
     ],
     [
      2818.1,
      849
     ],
     [
      2820.4,
      848.1
     ],
     [
      2822.4,
      846.7
     ],
     [
      2824,
      844.8
     ]
    ]
   }
  },
  {
   "type": "Feature",
   "properties": {
    "op": "remove",
    "source": "recorded",
    "zone": "Tirisfal Glades",
    "time": 1790553194,
    "trim": true
   },
   "geometry": {
    "type": "LineString",
    "coordinates": [
     [
      2798.8,
      848.4
     ],
     [
      2796.5,
      847.1
     ],
     [
      2794.9,
      845.1
     ],
     [
      2793.2,
      843.1
     ],
     [
      2791.9,
      841.2
     ],
     [
      2790,
      839.9
     ],
     [
      2787.7,
      838.6
     ],
     [
      2785.4,
      837.6
     ],
     [
      2782.8,
      836.9
     ],
     [
      2780.1,
      836.9
     ],
     [
      2777.9,
      836.9
     ],
     [
      2775.6,
      837.9
     ],
     [
      2773.3,
      839.2
     ],
     [
      2771.3,
      840.9
     ]
    ]
   }
  },
  {
   "type": "Feature",
   "properties": {
    "op": "add",
    "source": "recorded",
    "zone": "Tirisfal Glades",
    "time": 1790553201,
    "trim": true
   },
   "geometry": {
    "type": "LineString",
    "coordinates": [
     [
      2758.9,
      835.6
     ],
     [
      2761.2,
      836.3
     ],
     [
      2763.5,
      836.9
     ],
     [
      2765.7,
      837.3
     ],
     [
      2768,
      837.9
     ],
     [
      2770.3,
      838.6
     ],
     [
      2772.6,
      839.2
     ],
     [
      2774.9,
      839.9
     ],
     [
      2777.2,
      840.5
     ],
     [
      2779.5,
      841.2
     ],
     [
      2781.8,
      841.8
     ],
     [
      2784.1,
      842.8
     ],
     [
      2786.4,
      843.1
     ],
     [
      2789,
      843.8
     ],
     [
      2791.3,
      844.5
     ],
     [
      2793.6,
      845.1
     ],
     [
      2795.9,
      845.1
     ],
     [
      2798.1,
      845.1
     ],
     [
      2800.4,
      845.1
     ],
     [
      2802.7,
      845.1
     ],
     [
      2805,
      845.1
     ],
     [
      2807.3,
      844.8
     ],
     [
      2809.6,
      844.8
     ],
     [
      2811.9,
      844.5
     ],
     [
      2814.2,
      844.1
     ],
     [
      2816.5,
      844.1
     ],
     [
      2818.8,
      843.8
     ],
     [
      2821,
      843.8
     ],
     [
      2823.3,
      843.5
     ],
     [
      2825.6,
      843.1
     ],
     [
      2827.9,
      842.5
     ],
     [
      2830.2,
      842.2
     ],
     [
      2832.5,
      841.8
     ],
     [
      2834.8,
      841.5
     ],
     [
      2837.1,
      841.5
     ],
     [
      2839.4,
      841.5
     ]
    ]
   }
  },
  {
   "type": "Feature",
   "properties": {
    "op": "add",
    "source": "recorded",
    "zone": "Tirisfal Glades",
    "time": 1790553298,
    "trim": true
   },
   "geometry": {
    "type": "LineString",
    "coordinates": [
     [
      2795.7,
      862
     ],
     [
      2796.8,
      860.5
     ],
     [
      2797.8,
      858.9
     ],
     [
      2798.9,
      857.3
     ],
     [
      2799.9,
      855.5
     ],
     [
      2800.7,
      853.6
     ],
     [
      2802,
      852.3
     ],
     [
      2803.3,
      850.8
     ],
     [
      2804.4,
      849.2
     ],
     [
      2805.4,
      847.6
     ],
     [
      2806.7,
      846.3
     ]
    ]
   }
  },
  {
   "type": "Feature",
   "properties": {
    "op": "add",
    "source": "recorded",
    "zone": "Tirisfal Glades",
    "time": 1790553302,
    "trim": true
   },
   "geometry": {
    "type": "LineString",
    "coordinates": [
     [
      2796,
      862
     ],
     [
      2797.6,
      860.7
     ],
     [
      2799.1,
      859.4
     ],
     [
      2800.7,
      857.8
     ],
     [
      2802.6,
      856.3
     ],
     [
      2804.1,
      855
     ],
     [
      2805.4,
      853.6
     ],
     [
      2807,
      852.3
     ],
     [
      2808.3,
      851
     ],
     [
      2809.6,
      849.7
     ],
     [
      2811.2,
      848.4
     ],
     [
      2812.8,
      846.8
     ],
     [
      2814.3,
      845.3
     ],
     [
      2815.6,
      844
     ],
     [
      2817.2,
      842.9
     ],
     [
      2818.8,
      841.6
     ],
     [
      2820.4,
      842.6
     ]
    ]
   }
  },
  {
   "type": "Feature",
   "properties": {
    "op": "add",
    "source": "recorded",
    "zone": "Tirisfal Glades",
    "time": 1790553307,
    "trim": true
   },
   "geometry": {
    "type": "LineString",
    "coordinates": [
     [
      2836.6,
      842.6
     ],
     [
      2834.8,
      843.2
     ],
     [
      2832.7,
      843.4
     ],
     [
      2830.8,
      844
     ],
     [
      2828.7,
      844.2
     ],
     [
      2826.9,
      844.5
     ],
     [
      2825.1,
      845
     ],
     [
      2823,
      845
     ],
     [
      2820.9,
      845
     ],
     [
      2819,
      845
     ],
     [
      2817.2,
      845.3
     ],
     [
      2815.4,
      845.5
     ],
     [
      2813.3,
      846.1
     ],
     [
      2811.2,
      846.3
     ],
     [
      2809.1,
      846.8
     ],
     [
      2807,
      847.4
     ],
     [
      2804.9,
      848.1
     ],
     [
      2803.1,
      848.9
     ],
     [
      2801.5,
      850
     ],
     [
      2799.9,
      851
     ],
     [
      2798.4,
      852.3
     ],
     [
      2797.1,
      853.6
     ],
     [
      2796,
      855.2
     ],
     [
      2795.5,
      857
     ],
     [
      2795,
      859.1
     ],
     [
      2794.2,
      861
     ],
     [
      2793.1,
      862.8
     ],
     [
      2792.1,
      864.6
     ],
     [
      2791,
      866.2
     ],
     [
      2789.5,
      868
     ],
     [
      2787.9,
      869.6
     ],
     [
      2786.6,
      870.9
     ],
     [
      2785.3,
      872.2
     ],
     [
      2783.7,
      873.3
     ],
     [
      2781.9,
      874.3
     ],
     [
      2780.6,
      875.6
     ],
     [
      2779,
      876.9
     ],
     [
      2777.2,
      876.9
     ]
    ]
   }
  },
  {
   "type": "Feature",
   "properties": {
    "op": "add",
    "source": "recorded",
    "zone": "Tirisfal Glades",
    "time": 1790553311,
    "trim": true
   },
   "geometry": {
    "type": "LineString",
    "coordinates": [
     [
      2764.6,
      890.6
     ],
     [
      2765.9,
      888.7
     ],
     [
      2767.2,
      886.6
     ],
     [
      2768.8,
      884.8
     ],
     [
      2770.1,
      882.7
     ],
     [
      2771.4,
      880.3
     ],
     [
      2772.4,
      878
     ],
     [
      2773.5,
      876.4
     ],
     [
      2774.8,
      874.6
     ],
     [
      2776.4,
      872.8
     ],
     [
      2777.9,
      870.9
     ],
     [
      2779.3,
      869.6
     ],
     [
      2780.8,
      868.3
     ],
     [
      2782.9,
      867
     ],
     [
      2784.8,
      865.4
     ],
     [
      2786.6,
      864.4
     ],
     [
      2788.7,
      862.8
     ],
     [
      2790.5,
      861.8
     ],
     [
      2792.3,
      860.5
     ],
     [
      2794.4,
      859.4
     ],
     [
      2796.5,
      858.1
     ],
     [
      2798.9,
      856.8
     ],
     [
      2800.5,
      855.7
     ],
     [
      2802,
      854.7
     ],
     [
      2803.6,
      853.6
     ],
     [
      2805.4,
      852.1
     ],
     [
      2807.3,
      851
     ],
     [
      2808.8,
      850
     ],
     [
      2810.4,
      848.9
     ],
     [
      2812,
      847.9
     ],
     [
      2813.8,
      846.8
     ],
     [
      2815.6,
      845.8
     ],
     [
      2817.7,
      844.7
     ],
     [
      2819.6,
      843.7
     ],
     [
      2821.4,
      842.9
     ],
     [
      2823.2,
      842.1
     ],
     [
      2825.3,
      841.9
     ],
     [
      2827.2,
      841.1
     ],
     [
      2829,
      840.6
     ],
     [
      2831.1,
      840
     ],
     [
      2833.2,
      839.8
     ],
     [
      2835.5,
      839.5
     ],
     [
      2837.4,
      839.2
     ],
     [
      2839.2,
      839.2
     ],
     [
      2841,
      839.2
     ],
     [
      2843.1,
      838.7
     ],
     [
      2845,
      838.7
     ],
     [
      2847.1,
      838.7
     ],
     [
      2849.2,
      838.5
     ],
     [
      2851,
      838.5
     ],
     [
      2852.8,
      837.9
     ],
     [
      2854.7,
      837.7
     ],
     [
      2856.5,
      837.7
     ],
     [
      2858.3,
      837.7
     ],
     [
      2860.1,
      837.7
     ],
     [
      2862.2,
      837.7
     ],
     [
      2864.3,
      837.7
     ],
     [
      2866.4,
      837.9
     ],
     [
      2868.8,
      838.2
     ],
     [
      2870.6,
      838.5
     ]
    ]
   }
  },
  {
   "type": "Feature",
   "properties": {
    "op": "add",
    "source": "recorded",
    "zone": "Tirisfal Glades",
    "time": 1790553382,
    "trim": true
   },
   "geometry": {
    "type": "LineString",
    "coordinates": [
     [
      2795.2,
      863.3
     ],
     [
      2796.5,
      861.5
     ],
     [
      2797.6,
      859.9
     ],
     [
      2798.9,
      858.4
     ],
     [
      2800.5,
      857
     ],
     [
      2802,
      856
     ],
     [
      2804.1,
      855
     ],
     [
      2806,
      853.9
     ],
     [
      2807.8,
      852.9
     ],
     [
      2809.6,
      851.5
     ],
     [
      2811.2,
      850.2
     ],
     [
      2812.8,
      849.2
     ],
     [
      2814.9,
      848.1
     ],
     [
      2817,
      846.8
     ],
     [
      2819,
      845.8
     ],
     [
      2820.9,
      845
     ],
     [
      2822.7,
      844
     ],
     [
      2824.5,
      842.9
     ],
     [
      2826.6,
      842.1
     ],
     [
      2828.5,
      841.6
     ],
     [
      2830.8,
      841.1
     ],
     [
      2833.2,
      841.1
     ],
     [
      2835,
      840.8
     ],
     [
      2836.8,
      840.6
     ],
     [
      2838.7,
      840.6
     ],
     [
      2840.5,
      840.6
     ],
     [
      2842.3,
      840.6
     ]
    ]
   }
  },
  {
   "type": "Feature",
   "properties": {
    "op": "add",
    "source": "recorded",
    "zone": "Tirisfal Glades",
    "time": 1790553946,
    "trim": true
   },
   "geometry": {
    "type": "LineString",
    "coordinates": [
     [
      2795.4,
      862.2
     ],
     [
      2796.2,
      860.9
     ],
     [
      2797.5,
      859.9
     ],
     [
      2798.7,
      858.9
     ],
     [
      2799.8,
      857.8
     ],
     [
      2800.8,
      856.8
     ],
     [
      2801.9,
      855.5
     ],
     [
      2802.9,
      854.5
     ],
     [
      2804,
      853.4
     ],
     [
      2805,
      852.4
     ],
     [
      2806.3,
      851.3
     ],
     [
      2807.5,
      850.3
     ],
     [
      2808.8,
      849.2
     ],
     [
      2810,
      848.2
     ],
     [
      2811.5,
      847.3
     ],
     [
      2813,
      846.5
     ],
     [
      2814.4,
      845.9
     ],
     [
      2815.9,
      845.2
     ],
     [
      2817.4,
      844.6
     ],
     [
      2818.8,
      844
     ],
     [
      2820.3,
      843.4
     ]
    ]
   }
  },
  {
   "type": "Feature",
   "properties": {
    "op": "add",
    "source": "recorded",
    "zone": "Tirisfal Glades",
    "time": 1790553956,
    "trim": true
   },
   "geometry": {
    "type": "LineString",
    "coordinates": [
     [
      2770.7,
      881.7
     ],
     [
      2771.7,
      880.4
     ],
     [
      2773.2,
      879
     ],
     [
      2774.6,
      877.7
     ],
     [
      2776.3,
      876.2
     ],
     [
      2777.4,
      875.2
     ],
     [
      2778.8,
      873.7
     ],
     [
      2780.3,
      872.3
     ],
     [
      2781.8,
      870.6
     ],
     [
      2783.2,
      869.3
     ],
     [
      2784.7,
      868.1
     ],
     [
      2786,
      867.2
     ],
     [
      2787.2,
      866.4
     ],
     [
      2788.9,
      865.3
     ],
     [
      2790.4,
      864.3
     ],
     [
      2791.8,
      863
     ],
     [
      2793.1,
      862
     ],
     [
      2794.3,
      861.2
     ],
     [
      2796,
      860.5
     ],
     [
      2797.7,
      859.7
     ],
     [
      2799.2,
      858.6
     ],
     [
      2801,
      857.6
     ],
     [
      2802.3,
      856.6
     ],
     [
      2803.8,
      855.3
     ],
     [
      2805.2,
      854.2
     ],
     [
      2806.3,
      853.2
     ],
     [
      2807.5,
      852.4
     ],
     [
      2808.8,
      851.3
     ],
     [
      2810.3,
      850.5
     ],
     [
      2811.7,
      849.6
     ],
     [
      2813.4,
      848.8
     ],
     [
      2814.9,
      848
     ],
     [
      2816.3,
      847.3
     ],
     [
      2817.8,
      846.7
     ],
     [
      2819.5,
      845.9
     ],
     [
      2821.1,
      845
     ],
     [
      2822.6,
      844.6
     ],
     [
      2824.1,
      844.2
     ],
     [
      2825.8,
      843.8
     ],
     [
      2827.4,
      843.4
     ],
     [
      2828.9,
      843.4
     ],
     [
      2830.4,
      843.1
     ],
     [
      2831.8,
      842.7
     ],
     [
      2833.3,
      842.7
     ],
     [
      2834.8,
      842.3
     ],
     [
      2836.2,
      842.1
     ],
     [
      2837.7,
      841.7
     ],
     [
      2839.2,
      841.3
     ],
     [
      2840.6,
      840.8
     ],
     [
      2842.3,
      840.4
     ],
     [
      2843.8,
      840.2
     ],
     [
      2845.2,
      839.8
     ],
     [
      2846.7,
      839.4
     ],
     [
      2848.2,
      839
     ],
     [
      2849.8,
      838.7
     ],
     [
      2851.3,
      838.3
     ],
     [
      2852.8,
      838.1
     ],
     [
      2854.2,
      838.1
     ],
     [
      2855.9,
      838.1
     ],
     [
      2857.6,
      838.1
     ],
     [
      2859.3,
      838.1
     ],
     [
      2860.7,
      838.3
     ],
     [
      2862.2,
      838.5
     ],
     [
      2863.7,
      838.7
     ]
    ]
   }
  },
  {
   "type": "Feature",
   "properties": {
    "op": "add",
    "source": "recorded",
    "zone": "Tirisfal Glades",
    "time": 1790553968,
    "trim": true
   },
   "geometry": {
    "type": "LineString",
    "coordinates": [
     [
      2770.4,
      883.8
     ],
     [
      2773,
      878.7
     ],
     [
      2776.2,
      875.5
     ],
     [
      2779.4,
      871
     ],
     [
      2782.6,
      867.8
     ],
     [
      2786.4,
      864.6
     ],
     [
      2789.6,
      861.4
     ],
     [
      2794.1,
      858.9
     ],
     [
      2797.9,
      856.3
     ],
     [
      2802.4,
      853.8
     ],
     [
      2806.8,
      850.6
     ],
     [
      2811.3,
      847.4
     ],
     [
      2815.8,
      844.8
     ],
     [
      2820.3,
      842.3
     ],
     [
      2825.4,
      840.3
     ],
     [
      2830.5,
      839.1
     ],
     [
      2835,
      837.8
     ],
     [
      2840.1,
      835.9
     ],
     [
      2845.2,
      835.2
     ],
     [
      2850.3,
      835.2
     ],
     [
      2855.4,
      835.2
     ],
     [
      2860.5,
      835.2
     ],
     [
      2865,
      835.2
     ],
     [
      2869.5,
      835.9
     ],
     [
      2874,
      836.5
     ],
     [
      2878.4,
      837.1
     ],
     [
      2882.9,
      838.4
     ],
     [
      2887.4,
      839.1
     ],
     [
      2892.5,
      839.1
     ],
     [
      2897.6,
      839.7
     ],
     [
      2902.1,
      839.7
     ],
     [
      2906.6,
      839.7
     ],
     [
      2911,
      839.7
     ],
     [
      2915.5,
      839.7
     ],
     [
      2920,
      839.7
     ],
     [
      2925.1,
      839.7
     ],
     [
      2929.6,
      839.1
     ],
     [
      2934.7,
      838.4
     ],
     [
      2939.2,
      837.1
     ],
     [
      2943.6,
      835.9
     ],
     [
      2948.1,
      833.9
     ],
     [
      2951.9,
      831.4
     ],
     [
      2955.8,
      828.2
     ],
     [
      2958.3,
      824.4
     ],
     [
      2960.2,
      819.9
     ],
     [
      2962.2,
      815.4
     ],
     [
      2962.2,
      810.9
     ],
     [
      2961.5,
      806.5
     ],
     [
      2959,
      802.6
     ],
     [
      2957,
      798.1
     ],
     [
      2955.1,
      793.7
     ],
     [
      2953.2,
      788.6
     ],
     [
      2952.6,
      784.1
     ],
     [
      2951.3,
      779
     ],
     [
      2950.7,
      774.5
     ],
     [
      2950,
      770
     ],
     [
      2948.7,
      765.6
     ],
     [
      2946.8,
      761.1
     ],
     [
      2944.3,
      757.2
     ],
     [
      2941.1,
      754
     ],
     [
      2937.9,
      749.6
     ],
     [
      2935.3,
      745.1
     ],
     [
      2933.4,
      740.6
     ],
     [
      2931.5,
      736.1
     ],
     [
      2930.2,
      731.7
     ],
     [
      2928.3,
      727.2
     ],
     [
      2925.7,
      722.7
     ],
     [
      2923.2,
      718.9
     ],
     [
      2920,
      715.7
     ],
     [
      2918.1,
      711.2
     ],
     [
      2916.1,
      706.7
     ],
     [
      2914.9,
      702.3
     ],
     [
      2914.2,
      697.8
     ],
     [
      2913.6,
      693.3
     ],
     [
      2912.9,
      688.9
     ],
     [
      2912.9,
      684.4
     ],
     [
      2912.9,
      679.9
     ],
     [
      2912.9,
      675.4
     ],
     [
      2912.9,
      671
     ],
     [
      2912.9,
      666.5
     ],
     [
      2912.9,
      661.4
     ],
     [
      2913.6,
      656.9
     ],
     [
      2915.5,
      652.4
     ],
     [
      2916.1,
      647.9
     ],
     [
      2916.8,
      643.5
     ],
     [
      2918.1,
      639
     ],
     [
      2918.1,
      634.5
     ],
     [
      2918.7,
      629.4
     ],
     [
      2920.6,
      624.9
     ],
     [
      2923.2,
      620.5
     ],
     [
      2925.7,
      616.6
     ],
     [
      2929.6,
      614.1
     ],
     [
      2932.8,
      610.9
     ],
     [
      2936.6,
      608.3
     ],
     [
      2939.8,
      605.1
     ],
     [
      2943,
      601.9
     ],
     [
      2947.5,
      601.3
     ],
     [
      2950,
      605.1
     ],
     [
      2953.2,
      608.3
     ],
     [
      2956.4,
      611.5
     ],
     [
      2960.9,
      614.1
     ],
     [
      2964.7,
      617.3
     ],
     [
      2968.6,
      620.5
     ],
     [
      2972.4,
      623.7
     ],
     [
      2976.2,
      626.2
     ],
     [
      2980.1,
      628.8
     ]
    ]
   }
  },
  {
   "type": "Feature",
   "properties": {
    "op": "add",
    "source": "recorded",
    "zone": "Tirisfal Glades",
    "time": 1790553979,
    "trim": true
   },
   "geometry": {
    "type": "LineString",
    "coordinates": [
     [
      2904.3,
      920.2
     ],
     [
      2901.4,
      919.3
     ],
     [
      2899.1,
      917.9
     ],
     [
      2896.8,
      916.6
     ],
     [
      2894.8,
      915.3
     ],
     [
      2892.9,
      914
     ],
     [
      2890.6,
      912.7
     ],
     [
      2888.6,
      911.1
     ],
     [
      2887,
      909.4
     ],
     [
      2885.3,
      907.1
     ],
     [
      2883.7,
      905.5
     ],
     [
      2881.7,
      903.9
     ],
     [
      2880.1,
      901.9
     ],
     [
      2878.1,
      900.3
     ],
     [
      2876.2,
      899
     ],
     [
      2874.2,
      897.7
     ],
     [
      2872.3,
      896.3
     ],
     [
      2870.3,
      895
     ],
     [
      2868.3,
      893.4
     ],
     [
      2866.4,
      892.1
     ],
     [
      2863.7,
      890.8
     ],
     [
      2861.5,
      889.5
     ],
     [
      2859.5,
      887.8
     ],
     [
      2857.9,
      886.2
     ],
     [
      2856.5,
      884.2
     ],
     [
      2855.2,
      882.3
     ],
     [
      2853.9,
      880.3
     ],
     [
      2852.3,
      878.7
     ],
     [
      2850.3,
      877.4
     ],
     [
      2848.4,
      875.7
     ],
     [
      2846.4,
      874.4
     ],
     [
      2844.1,
      873.4
     ],
     [
      2841.8,
      872.1
     ],
     [
      2839.5,
      871.5
     ],
     [
      2837.2,
      870.5
     ],
     [
      2834.9,
      870.2
     ],
     [
      2832.7,
      868.9
     ],
     [
      2830.4,
      867.9
     ],
     [
      2828.4,
      866.6
     ],
     [
      2826.1,
      864.9
     ],
     [
      2823.8,
      863.6
     ],
     [
      2821.9,
      862.3
     ],
     [
      2819.9,
      861
     ],
     [
      2817.6,
      859.7
     ],
     [
      2815.3,
      858.7
     ],
     [
      2813,
      857.4
     ],
     [
      2810.7,
      856.4
     ],
     [
      2808.8,
      855.1
     ],
     [
      2806.8,
      853.8
     ],
     [
      2804.8,
      852.5
     ],
     [
      2802.9,
      851.2
     ],
     [
      2800.9,
      849.9
     ],
     [
      2798.6,
      848.9
     ],
     [
      2796.3,
      848.6
     ],
     [
      2794,
      848.2
     ],
     [
      2791.4,
      847.6
     ],
     [
      2788.8,
      847.3
     ],
     [
      2786.5,
      846.6
     ],
     [
      2784.2,
      846
     ],
     [
      2781.6,
      845
     ],
     [
      2779.3,
      844.3
     ],
     [
      2777,
      844
     ],
     [
      2774.7,
      843
     ],
     [
      2772.4,
      842.7
     ],
     [
      2770.1,
      841.7
     ],
     [
      2767.9,
      840.7
     ],
     [
      2765.6,
      839.7
     ],
     [
      2763.3,
      838.4
     ],
     [
      2761,
      837.4
     ],
     [
      2758.7,
      836.5
     ],
     [
      2756.1,
      835.5
     ],
     [
      2754.1,
      834.2
     ],
     [
      2751.5,
      832.9
     ],
     [
      2749.5,
      831.2
     ],
     [
      2747.2,
      829.9
     ],
     [
      2745.6,
      828.3
     ],
     [
      2743.6,
      826.6
     ],
     [
      2742,
      824.7
     ],
     [
      2740.4,
      822.7
     ],
     [
      2738.1,
      821.7
     ],
     [
      2735.8,
      821.1
     ],
     [
      2733.2,
      820.1
     ],
     [
      2731.2,
      818.8
     ]
    ]
   }
  },
  {
   "type": "Feature",
   "properties": {
    "op": "add",
    "source": "recorded",
    "zone": "Tirisfal Glades",
    "time": 1790553989,
    "trim": true
   },
   "geometry": {
    "type": "LineString",
    "coordinates": [
     [
      2903.7,
      920.2
     ],
     [
      2906.3,
      920.6
     ],
     [
      2908.6,
      921.2
     ],
     [
      2911.2,
      922.2
     ],
     [
      2913.5,
      922.5
     ],
     [
      2915.8,
      922.9
     ],
     [
      2918.1,
      923.2
     ],
     [
      2920.4,
      923.2
     ],
     [
      2922.6,
      922.2
     ],
     [
      2924.9,
      921.2
     ],
     [
      2926.9,
      919.9
     ],
     [
      2929.2,
      919.3
     ],
     [
      2931.2,
      917.9
     ],
     [
      2932.1,
      915.7
     ],
     [
      2932.5,
      913.4
     ],
     [
      2932.5,
      911.1
     ],
     [
      2931.8,
      908.8
     ],
     [
      2931.2,
      906.5
     ],
     [
      2930.5,
      904.2
     ],
     [
      2929.2,
      902.2
     ],
     [
      2928.2,
      899.9
     ],
     [
      2926.9,
      898
     ]
    ]
   }
  },
  {
   "type": "Feature",
   "properties": {
    "op": "add",
    "source": "recorded",
    "zone": "Tirisfal Glades",
    "time": 1790553995,
    "trim": true
   },
   "geometry": {
    "type": "LineString",
    "coordinates": [
     [
      2909.2,
      920.9
     ],
     [
      2908.9,
      923.2
     ],
     [
      2908.9,
      925.5
     ],
     [
      2908.3,
      927.8
     ],
     [
      2907.9,
      930.1
     ],
     [
      2907.3,
      932.3
     ],
     [
      2906.6,
      934.6
     ],
     [
      2906.3,
      937.3
     ],
     [
      2906,
      939.5
     ],
     [
      2905.6,
      941.8
     ],
     [
      2905,
      944.5
     ],
     [
      2904.3,
      946.7
     ],
     [
      2904,
      949
     ],
     [
      2903.7,
      951.7
     ],
     [
      2903.3,
      953.9
     ],
     [
      2903,
      956.2
     ],
     [
      2903,
      958.5
     ],
     [
      2902.4,
      960.8
     ],
     [
      2902,
      963.1
     ],
     [
      2901.7,
      965.7
     ],
     [
      2901.1,
      968
     ],
     [
      2900.4,
      970.6
     ],
     [
      2899.4,
      972.9
     ],
     [
      2899.1,
      975.5
     ],
     [
      2898.4,
      977.8
     ],
     [
      2898.1,
      980.5
     ],
     [
      2897.8,
      983.1
     ],
     [
      2897.5,
      985.4
     ],
     [
      2897.5,
      987.7
     ],
     [
      2897.1,
      989.9
     ],
     [
      2896.8,
      992.2
     ],
     [
      2896.8,
      994.5
     ],
     [
      2896.5,
      996.8
     ],
     [
      2896.1,
      999.4
     ],
     [
      2896.1,
      1001.7
     ],
     [
      2896.1,
      1004
     ],
     [
      2896.1,
      1006.6
     ],
     [
      2896.1,
      1008.9
     ],
     [
      2896.1,
      1011.5
     ],
     [
      2896.1,
      1013.8
     ],
     [
      2896.1,
      1016.1
     ],
     [
      2896.1,
      1018.4
     ],
     [
      2896.1,
      1020.7
     ],
     [
      2896.1,
      1023
     ],
     [
      2896.1,
      1025.6
     ],
     [
      2896.1,
      1027.9
     ],
     [
      2896.1,
      1030.2
     ],
     [
      2896.1,
      1032.5
     ],
     [
      2896.1,
      1034.8
     ],
     [
      2895.8,
      1037.4
     ],
     [
      2895.8,
      1040
     ],
     [
      2895.8,
      1042.3
     ],
     [
      2895.5,
      1044.6
     ],
     [
      2894.8,
      1046.9
     ],
     [
      2894.5,
      1049.5
     ],
     [
      2894.2,
      1051.8
     ],
     [
      2893.5,
      1054.1
     ],
     [
      2893.2,
      1056.4
     ]
    ]
   }
  },
  {
   "type": "Feature",
   "properties": {
    "op": "remove",
    "source": "recorded",
    "zone": "Tirisfal Glades",
    "time": 1790553999,
    "trim": true
   },
   "geometry": {
    "type": "LineString",
    "coordinates": [
     [
      2931.8,
      919.9
     ],
     [
      2931.5,
      917.3
     ],
     [
      2930.8,
      914.7
     ],
     [
      2930.5,
      912.4
     ],
     [
      2929.8,
      909.8
     ],
     [
      2929.2,
      907.5
     ],
     [
      2928.5,
      904.9
     ],
     [
      2928.5,
      902.2
     ],
     [
      2928.2,
      899.9
     ],
     [
      2928.2,
      897.3
     ]
    ]
   }
  },
  {
   "type": "Feature",
   "properties": {
    "op": "remove",
    "source": "recorded",
    "zone": "Tirisfal Glades",
    "time": 1790554000,
    "trim": true
   },
   "geometry": {
    "type": "LineString",
    "coordinates": [
     [
      2916.1,
      928.4
     ],
     [
      2916.1,
      926.1
     ],
     [
      2915.8,
      923.5
     ],
     [
      2915.8,
      920.9
     ],
     [
      2915.8,
      918.6
     ]
    ]
   }
  },
  {
   "type": "Feature",
   "properties": {
    "op": "add",
    "source": "recorded",
    "zone": "Tirisfal Glades",
    "time": 1790554003,
    "trim": true
   },
   "geometry": {
    "type": "LineString",
    "coordinates": [
     [
      2902.4,
      918.6
     ],
     [
      2904,
      920.2
     ],
     [
      2906,
      921.5
     ],
     [
      2907.6,
      923.2
     ],
     [
      2908.6,
      925.5
     ],
     [
      2909.6,
      927.8
     ],
     [
      2909.6,
      930.1
     ],
     [
      2908.9,
      932.3
     ],
     [
      2907.9,
      934.6
     ],
     [
      2906.6,
      936.9
     ]
    ]
   }
  },
  {
   "type": "Feature",
   "properties": {
    "op": "add",
    "source": "recorded",
    "zone": "Tirisfal Glades",
    "time": 1790554006,
    "trim": true
   },
   "geometry": {
    "type": "LineString",
    "coordinates": [
     [
      2902,
      962.5
     ],
     [
      2902.4,
      960.2
     ],
     [
      2902.7,
      957.5
     ],
     [
      2903,
      955.3
     ],
     [
      2903.3,
      952.6
     ],
     [
      2903.3,
      949.7
     ],
     [
      2903.7,
      947.1
     ],
     [
      2904,
      944.8
     ],
     [
      2904.3,
      942.5
     ],
     [
      2904.7,
      939.9
     ],
     [
      2905.3,
      937.3
     ],
     [
      2905.6,
      934.6
     ],
     [
      2905.6,
      932
     ],
     [
      2905.6,
      929.7
     ],
     [
      2905.6,
      927.4
     ],
     [
      2905.3,
      925.1
     ],
     [
      2904.3,
      922.9
     ],
     [
      2903.3,
      920.6
     ],
     [
      2901.4,
      918.9
     ],
     [
      2899.4,
      917.6
     ],
     [
      2897.5,
      915.7
     ],
     [
      2895.8,
      914
     ],
     [
      2894.2,
      912.4
     ],
     [
      2892.5,
      910.4
     ],
     [
      2890.9,
      908.5
     ],
     [
      2888.6,
      906.8
     ],
     [
      2886.3,
      905.2
     ],
     [
      2884,
      904.2
     ],
     [
      2881.7,
      903.9
     ]
    ]
   }
  },
  {
   "type": "Feature",
   "properties": {
    "op": "add",
    "source": "recorded",
    "zone": "Tirisfal Glades",
    "time": 1790554015,
    "trim": true
   },
   "geometry": {
    "type": "LineString",
    "coordinates": [
     [
      2743,
      919.3
     ],
     [
      2743.3,
      917
     ],
     [
      2745,
      914.7
     ],
     [
      2746.9,
      911.7
     ],
     [
      2748.9,
      909.4
     ],
     [
      2751.2,
      907.1
     ],
     [
      2753.5,
      904.5
     ],
     [
      2755.8,
      901.9
     ],
     [
      2757.7,
      899.3
     ],
     [
      2759.7,
      897.3
     ],
     [
      2762,
      895.4
     ],
     [
      2764.3,
      894.1
     ],
     [
      2766.9,
      891.8
     ],
     [
      2769.2,
      889.1
     ],
     [
      2770.8,
      887.5
     ],
     [
      2773.1,
      885.5
     ],
     [
      2775.7,
      883.6
     ],
     [
      2777.3,
      881.9
     ],
     [
      2779,
      880.3
     ],
     [
      2780.9,
      878.7
     ],
     [
      2782.6,
      876.7
     ],
     [
      2784.5,
      874.8
     ],
     [
      2786.2,
      872.8
     ],
     [
      2787.8,
      871.2
     ],
     [
      2789.5,
      869.5
     ],
     [
      2790.8,
      867.6
     ],
     [
      2792.1,
      865.6
     ],
     [
      2793.7,
      863.3
     ],
     [
      2795.7,
      861
     ],
     [
      2797.3,
      859.4
     ],
     [
      2798.9,
      857.7
     ],
     [
      2800.9,
      855.8
     ],
     [
      2803.2,
      854.5
     ],
     [
      2805.5,
      853.2
     ],
     [
      2807.5,
      851.8
     ],
     [
      2809.7,
      850.5
     ],
     [
      2812,
      849.6
     ],
     [
      2814.7,
      848.6
     ],
     [
      2816.9,
      847.9
     ],
     [
      2819.6,
      846.9
     ],
     [
      2821.9,
      846.3
     ],
     [
      2824.8,
      845.3
     ],
     [
      2827.1,
      844.6
     ],
     [
      2829.4,
      844
     ],
     [
      2832.3,
      843
     ],
     [
      2835.3,
      842.4
     ],
     [
      2838.5,
      841.7
     ],
     [
      2840.8,
      841.4
     ],
     [
      2843.1,
      840.7
     ],
     [
      2845.4,
      840.1
     ],
     [
      2848,
      839.4
     ],
     [
      2850.7,
      839.1
     ],
     [
      2853.3,
      838.8
     ],
     [
      2855.9,
      838.1
     ],
     [
      2858.5,
      837.4
     ],
     [
      2860.8,
      837.1
     ],
     [
      2863.4,
      836.5
     ],
     [
      2865.7,
      836.1
     ],
     [
      2868.3,
      835.8
     ],
     [
      2870.6,
      835.5
     ]
    ]
   }
  },
  {
   "type": "Feature",
   "properties": {
    "op": "add",
    "source": "recorded",
    "zone": "Tirisfal Glades",
    "time": 1790554021,
    "trim": true
   },
   "geometry": {
    "type": "LineString",
    "coordinates": [
     [
      2765.6,
      884.9
     ],
     [
      2767.5,
      883.6
     ],
     [
      2769.5,
      881.9
     ],
     [
      2771.5,
      880.6
     ],
     [
      2773.1,
      879
     ],
     [
      2775.4,
      877.7
     ],
     [
      2777.3,
      876.4
     ],
     [
      2779.6,
      875.1
     ],
     [
      2781.6,
      873.8
     ],
     [
      2783.6,
      872.5
     ],
     [
      2785.9,
      871.5
     ],
     [
      2788.1,
      870.2
     ],
     [
      2790.4,
      868.9
     ],
     [
      2792.7,
      867.6
     ],
     [
      2794.7,
      866.2
     ],
     [
      2796,
      864.3
     ],
     [
      2797.3,
      862.3
     ],
     [
      2797.6,
      860
     ],
     [
      2798,
      857.7
     ],
     [
      2798,
      855.4
     ],
     [
      2797,
      853.2
     ],
     [
      2795.3,
      851.2
     ],
     [
      2793.4,
      849.6
     ],
     [
      2791.1,
      848.6
     ],
     [
      2788.8,
      847.9
     ],
     [
      2786.2,
      847.3
     ],
     [
      2783.6,
      846.6
     ],
     [
      2781.3,
      846
     ],
     [
      2779,
      845.6
     ],
     [
      2776.7,
      845
     ],
     [
      2774.4,
      844.3
     ],
     [
      2771.8,
      843.3
     ],
     [
      2769.2,
      842.4
     ],
     [
      2766.6,
      841
     ],
     [
      2764.3,
      840.1
     ],
     [
      2762,
      839.1
     ],
     [
      2760,
      837.8
     ],
     [
      2758,
      836.5
     ],
     [
      2756.4,
      834.8
     ],
     [
      2754.1,
      833.5
     ],
     [
      2752.5,
      831.9
     ],
     [
      2750.5,
      830.2
     ],
     [
      2747.9,
      828.9
     ],
     [
      2746.3,
      827.3
     ],
     [
      2744.6,
      825.3
     ]
    ]
   }
  },
  {
   "type": "Feature",
   "properties": {
    "op": "add",
    "source": "recorded",
    "zone": "Tirisfal Glades",
    "time": 1790554049,
    "trim": true
   },
   "geometry": {
    "type": "LineString",
    "coordinates": [
     [
      1713.8,
      1633.9
     ],
     [
      1711.3,
      1630.8
     ],
     [
      1709.2,
      1627.7
     ],
     [
      1707.2,
      1624.7
     ],
     [
      1705.1,
      1621.1
     ],
     [
      1703.6,
      1617.5
     ],
     [
      1702.1,
      1613.9
     ],
     [
      1701,
      1610.3
     ],
     [
      1699.5,
      1606.8
     ],
     [
      1698.5,
      1603.2
     ],
     [
      1697.5,
      1599.6
     ],
     [
      1696.4,
      1596
     ],
     [
      1695.9,
      1592.4
     ],
     [
      1695.4,
      1588.9
     ],
     [
      1694.4,
      1585.3
     ],
     [
      1693.9,
      1581.7
     ],
     [
      1693.4,
      1578.1
     ],
     [
      1693.4,
      1574.5
     ],
     [
      1692.9,
      1571
     ],
     [
      1692.9,
      1567.4
     ],
     [
      1692.9,
      1563.8
     ]
    ]
   }
  },
  {
   "type": "Feature",
   "properties": {
    "op": "remove",
    "source": "recorded",
    "zone": "Tirisfal Glades",
    "time": 1790558294,
    "trim": true
   },
   "geometry": {
    "type": "LineString",
    "coordinates": [
     [
      2802.1,
      844.7
     ],
     [
      2802.4,
      845.6
     ],
     [
      2802.8,
      847.1
     ],
     [
      2803,
      848
     ],
     [
      2803.2,
      849
     ],
     [
      2803.4,
      850
     ],
     [
      2803.6,
      851.1
     ],
     [
      2803.7,
      852
     ],
     [
      2803.8,
      853.1
     ],
     [
      2804,
      854.2
     ],
     [
      2804,
      855.1
     ],
     [
      2804.1,
      856.1
     ],
     [
      2804.1,
      857.4
     ],
     [
      2804.2,
      858.8
     ],
     [
      2804.5,
      860
     ],
     [
      2804.6,
      860.9
     ],
     [
      2804.8,
      861.8
     ],
     [
      2805,
      862.8
     ],
     [
      2805.7,
      861.4
     ],
     [
      2806,
      860.5
     ],
     [
      2806.2,
      859.2
     ],
     [
      2806.8,
      857.5
     ],
     [
      2807.3,
      855.8
     ],
     [
      2807.9,
      854.2
     ],
     [
      2808.5,
      852.6
     ],
     [
      2809.2,
      851.4
     ],
     [
      2809.9,
      850.2
     ],
     [
      2810.5,
      849.1
     ],
     [
      2811.6,
      847.9
     ],
     [
      2812.4,
      846.8
     ],
     [
      2813.1,
      846
     ],
     [
      2813.8,
      844.7
     ],
     [
      2814,
      843.6
     ],
     [
      2814.3,
      842.7
     ],
     [
      2815.2,
      843.7
     ],
     [
      2815.9,
      845.2
     ],
     [
      2816.6,
      847
     ],
     [
      2817.2,
      848.7
     ],
     [
      2817.8,
      850.6
     ],
     [
      2818,
      852.2
     ],
     [
      2818.2,
      853.1
     ],
     [
      2818.4,
      851.9
     ],
     [
      2818.8,
      850.4
     ],
     [
      2819.2,
      849
     ],
     [
      2819.8,
      847.1
     ],
     [
      2820.2,
      844.9
     ],
     [
      2820.6,
      843.3
     ],
     [
      2820.9,
      842.3
     ],
     [
      2821.1,
      841.2
     ],
     [
      2821.1,
      842.4
     ],
     [
      2820.7,
      843.3
     ],
     [
      2820.3,
      844.4
     ]
    ]
   }
  },
  {
   "type": "Feature",
   "properties": {
    "op": "add",
    "source": "recorded",
    "zone": "Tirisfal Glades",
    "time": 1790558299,
    "trim": true
   },
   "geometry": {
    "type": "LineString",
    "coordinates": [
     [
      2835.7,
      842.4
     ],
     [
      2834.8,
      842.5
     ],
     [
      2833.7,
      842.8
     ],
     [
      2832.7,
      843.1
     ],
     [
      2831.6,
      843.3
     ],
     [
      2830.5,
      843.5
     ],
     [
      2829.4,
      843.6
     ],
     [
      2828.2,
      844
     ],
     [
      2827,
      844.3
     ],
     [
      2826.1,
      844.7
     ],
     [
      2825.1,
      844.9
     ],
     [
      2824.2,
      845.2
     ],
     [
      2823.3,
      845.3
     ],
     [
      2822.2,
      845.5
     ],
     [
      2821,
      845.6
     ],
     [
      2819.8,
      845.7
     ],
     [
      2818.8,
      845.9
     ],
     [
      2817.9,
      845.9
     ],
     [
      2817,
      846
     ],
     [
      2815.8,
      846
     ],
     [
      2814.8,
      846.2
     ],
     [
      2813.8,
      846.3
     ],
     [
      2812.8,
      846.3
     ],
     [
      2811.5,
      846.6
     ],
     [
      2810.5,
      846.7
     ],
     [
      2809.5,
      847
     ],
     [
      2808.4,
      847.2
     ],
     [
      2807.5,
      847.5
     ],
     [
      2806.4,
      847.6
     ],
     [
      2805.2,
      847.9
     ],
     [
      2803.8,
      848.2
     ],
     [
      2802.8,
      848.3
     ],
     [
      2801.7,
      848.4
     ],
     [
      2800.6,
      848.4
     ],
     [
      2799.5,
      848.2
     ],
     [
      2798.6,
      848
     ],
     [
      2797.5,
      848
     ],
     [
      2796.6,
      847.9
     ],
     [
      2795.7,
      847.9
     ],
     [
      2794.6,
      847.9
     ],
     [
      2793.5,
      847.9
     ],
     [
      2792.3,
      848
     ],
     [
      2791.2,
      848.2
     ],
     [
      2790.3,
      848.3
     ],
     [
      2789.4,
      848.3
     ],
     [
      2788.3,
      848.3
     ],
     [
      2787.3,
      848.4
     ],
     [
      2786.4,
      848
     ],
     [
      2785.5,
      847.5
     ]
    ]
   }
  },
  {
   "type": "Feature",
   "properties": {
    "op": "add",
    "source": "recorded",
    "zone": "Tirisfal Glades",
    "time": 1790558302,
    "trim": true
   },
   "geometry": {
    "type": "LineString",
    "coordinates": [
     [
      2825.4,
      864.9
     ],
     [
      2824.6,
      864.4
     ],
     [
      2823.7,
      863.8
     ],
     [
      2822.6,
      863.3
     ],
     [
      2821.8,
      862.8
     ],
     [
      2821,
      862.1
     ],
     [
      2820.2,
      861.3
     ],
     [
      2819.4,
      860.6
     ],
     [
      2818.7,
      860
     ],
     [
      2817.9,
      859.3
     ],
     [
      2817.1,
      858.6
     ],
     [
      2816.3,
      857.9
     ],
     [
      2815.5,
      857.3
     ],
     [
      2814.6,
      856.3
     ],
     [
      2813.6,
      855.7
     ],
     [
      2812.8,
      855.1
     ],
     [
      2811.9,
      854.6
     ],
     [
      2810.9,
      853.9
     ],
     [
      2810.1,
      853.3
     ],
     [
      2809.5,
      852.6
     ],
     [
      2808.5,
      851.9
     ],
     [
      2807.7,
      851.4
     ],
     [
      2806.9,
      850.7
     ],
     [
      2806.1,
      849.8
     ],
     [
      2805.3,
      849.2
     ],
     [
      2804.5,
      848.7
     ],
     [
      2803.7,
      848.2
     ]
    ]
   }
  },
  {
   "type": "Feature",
   "properties": {
    "op": "add",
    "source": "recorded",
    "zone": "Tirisfal Glades",
    "time": 1790558305,
    "trim": true
   },
   "geometry": {
    "type": "LineString",
    "coordinates": [
     [
      2793.2,
      867.7
     ],
     [
      2793.8,
      866.9
     ],
     [
      2794.5,
      866.3
     ],
     [
      2795.1,
      865.5
     ],
     [
      2795.7,
      864.6
     ],
     [
      2796.3,
      864
     ],
     [
      2796.7,
      863
     ],
     [
      2797.3,
      862.1
     ],
     [
      2797.8,
      861
     ],
     [
      2798.2,
      860.1
     ],
     [
      2798.7,
      859.2
     ],
     [
      2799.3,
      858.1
     ],
     [
      2799.7,
      857.1
     ],
     [
      2800.2,
      856.3
     ],
     [
      2800.8,
      855.5
     ],
     [
      2801.2,
      854.6
     ],
     [
      2801.7,
      853.8
     ],
     [
      2802,
      852.9
     ],
     [
      2802.5,
      851.9
     ],
     [
      2802.9,
      851
     ],
     [
      2803.3,
      850
     ],
     [
      2803.7,
      849.1
     ],
     [
      2804.4,
      848.4
     ]
    ]
   }
  },
  {
   "type": "Feature",
   "properties": {
    "op": "add",
    "source": "recorded",
    "zone": "Tirisfal Glades",
    "time": 1790558366,
    "trim": true
   },
   "geometry": {
    "type": "LineString",
    "coordinates": [
     [
      2756.5,
      -1640
     ],
     [
      2752.5,
      -1644
     ],
     [
      2749.3,
      -1648.8
     ],
     [
      2746.1,
      -1653.6
     ],
     [
      2742.9,
      -1658.4
     ],
     [
      2740.5,
      -1664
     ],
     [
      2738.1,
      -1669.6
     ],
     [
      2734.9,
      -1675.2
     ],
     [
      2731.7,
      -1680
     ],
     [
      2727.7,
      -1684
     ],
     [
      2724.5,
      -1688.8
     ],
     [
      2721.3,
      -1693.6
     ],
     [
      2718.1,
      -1698.4
     ],
     [
      2714.9,
      -1703.2
     ],
     [
      2711,
      -1707.9
     ],
     [
      2707.8,
      -1712.7
     ],
     [
      2703.8,
      -1717.5
     ],
     [
      2699.8,
      -1721.5
     ],
     [
      2696.6,
      -1727.1
     ],
     [
      2695,
      -1732.7
     ],
     [
      2695,
      -1738.3
     ],
     [
      2694.2,
      -1743.9
     ],
     [
      2694.2,
      -1749.5
     ],
     [
      2694.2,
      -1755.1
     ],
     [
      2693.4,
      -1760.7
     ],
     [
      2692.6,
      -1766.3
     ],
     [
      2692.6,
      -1771.9
     ],
     [
      2692.6,
      -1777.5
     ],
     [
      2692.6,
      -1783.1
     ],
     [
      2693.4,
      -1788.6
     ],
     [
      2693.4,
      -1794.2
     ],
     [
      2693.4,
      -1799.8
     ],
     [
      2694.2,
      -1805.4
     ],
     [
      2695,
      -1811
     ],
     [
      2696.6,
      -1816.6
     ],
     [
      2697.4,
      -1822.2
     ],
     [
      2699.8,
      -1827.8
     ],
     [
      2701.4,
      -1833.4
     ],
     [
      2701.4,
      -1839
     ],
     [
      2701.4,
      -1844.6
     ],
     [
      2700.6,
      -1850.2
     ],
     [
      2699,
      -1855.8
     ],
     [
      2696.6,
      -1861.3
     ],
     [
      2693.4,
      -1866.9
     ],
     [
      2690.2,
      -1871.7
     ],
     [
      2686.2,
      -1875.7
     ],
     [
      2682.2,
      -1880.5
     ],
     [
      2678.2,
      -1884.5
     ],
     [
      2673.4,
      -1888.5
     ],
     [
      2668.6,
      -1891.7
     ],
     [
      2663.8,
      -1894.9
     ],
     [
      2659,
      -1898.1
     ],
     [
      2654.2,
      -1901.3
     ],
     [
      2648.6,
      -1904.5
     ],
     [
      2643.8,
      -1907.7
     ],
     [
      2639,
      -1910.9
     ],
     [
      2633.5,
      -1913.3
     ],
     [
      2627.9,
      -1914.9
     ],
     [
      2622.3,
      -1917.3
     ],
     [
      2616.7,
      -1919.7
     ],
     [
      2611.1,
      -1922.9
     ],
     [
      2605.5,
      -1924.5
     ],
     [
      2599.9,
      -1926.9
     ],
     [
      2594.3,
      -1927.7
     ],
     [
      2588.7,
      -1927.7
     ],
     [
      2583.1,
      -1928.5
     ],
     [
      2577.5,
      -1929.3
     ],
     [
      2571.9,
      -1930.1
     ],
     [
      2565.5,
      -1930.1
     ],
     [
      2559.9,
      -1930.9
     ],
     [
      2554.4,
      -1931.7
     ],
     [
      2548.8,
      -1931.7
     ],
     [
      2543.2,
      -1933.3
     ],
     [
      2537.6,
      -1933.3
     ],
     [
      2532,
      -1934.1
     ],
     [
      2526.4,
      -1934.1
     ],
     [
      2520.8,
      -1934.9
     ],
     [
      2515.2,
      -1935.7
     ],
     [
      2509.6,
      -1936.5
     ],
     [
      2503.2,
      -1936.5
     ],
     [
      2497.6,
      -1937.3
     ],
     [
      2492,
      -1938
     ],
     [
      2486.4,
      -1938
     ],
     [
      2480.9,
      -1938.8
     ],
     [
      2475.3,
      -1938.8
     ],
     [
      2469.7,
      -1938.8
     ],
     [
      2464.1,
      -1938
     ],
     [
      2458.5,
      -1937.3
     ],
     [
      2452.9,
      -1937.3
     ],
     [
      2447.3,
      -1935.7
     ],
     [
      2441.7,
      -1934.9
     ],
     [
      2436.1,
      -1934.1
     ],
     [
      2429.7,
      -1933.3
     ],
     [
      2424.1,
      -1932.5
     ],
     [
      2417.7,
      -1932.5
     ],
     [
      2412.1,
      -1932.5
     ],
     [
      2406.5,
      -1932.5
     ],
     [
      2401,
      -1931.7
     ],
     [
      2395.4,
      -1931.7
     ],
     [
      2389.8,
      -1930.1
     ],
     [
      2384.2,
      -1930.1
     ],
     [
      2378.6,
      -1928.5
     ],
     [
      2373,
      -1926.1
     ],
     [
      2367.4,
      -1923.7
     ],
     [
      2361.8,
      -1921.3
     ],
     [
      2356.2,
      -1919.7
     ],
     [
      2350.6,
      -1917.3
     ],
     [
      2345,
      -1915.7
     ],
     [
      2339.4,
      -1914.1
     ],
     [
      2333.8,
      -1910.9
     ],
     [
      2328.3,
      -1908.5
     ],
     [
      2323.5,
      -1905.3
     ],
     [
      2318.7,
      -1902.1
     ],
     [
      2313.9,
      -1898.1
     ],
     [
      2309.9,
      -1894.1
     ],
     [
      2305.9,
      -1890.1
     ],
     [
      2301.9,
      -1885.3
     ],
     [
      2297.9,
      -1881.3
     ],
     [
      2293.9,
      -1876.5
     ],
     [
      2289.9,
      -1872.5
     ],
     [
      2285.9,
      -1867.7
     ],
     [
      2282.7,
      -1862.9
     ],
     [
      2278.7,
      -1858.2
     ],
     [
      2274.7,
      -1853.4
     ],
     [
      2270.7,
      -1848.6
     ],
     [
      2267.5,
      -1843.8
     ],
     [
      2263.5,
      -1839.8
     ],
     [
      2259.5,
      -1835.8
     ],
     [
      2255.5,
      -1831.8
     ],
     [
      2251.6,
      -1827.8
     ],
     [
      2248.4,
      -1823
     ],
     [
      2244.4,
      -1819
     ],
     [
      2241.2,
      -1814.2
     ],
     [
      2238,
      -1809.4
     ],
     [
      2234.8,
      -1804.6
     ],
     [
      2231.6,
      -1799.8
     ],
     [
      2228.4,
      -1795
     ],
     [
      2224.4,
      -1790.2
     ],
     [
      2221.2,
      -1785.4
     ],
     [
      2217.2,
      -1780.7
     ],
     [
      2214,
      -1775.9
     ],
     [
      2210.8,
      -1771.1
     ],
     [
      2207.6,
      -1766.3
     ],
     [
      2204.4,
      -1761.5
     ],
     [
      2200.4,
      -1757.5
     ],
     [
      2195.6,
      -1753.5
     ],
     [
      2190.8,
      -1749.5
     ],
     [
      2186,
      -1746.3
     ],
     [
      2181.2,
      -1743.1
     ],
     [
      2176.4,
      -1739.9
     ],
     [
      2171.7,
      -1736.7
     ],
     [
      2166.9,
      -1733.5
     ],
     [
      2162.1,
      -1730.3
     ]
    ]
   }
  },
  {
   "type": "Feature",
   "properties": {
    "op": "add",
    "source": "recorded",
    "zone": "Tirisfal Glades",
    "time": 1790558375,
    "trim": true
   },
   "geometry": {
    "type": "LineString",
    "coordinates": [
     [
      1746.6,
      -1723.9
     ],
     [
      1752.2,
      -1723.1
     ],
     [
      1757.8,
      -1723.1
     ],
     [
      1763.4,
      -1723.1
     ],
     [
      1769,
      -1723.1
     ],
     [
      1774.6,
      -1722.3
     ],
     [
      1780.2,
      -1722.3
     ],
     [
      1785.8,
      -1720.7
     ],
     [
      1791.4,
      -1719.9
     ],
     [
      1796.9,
      -1718.3
     ],
     [
      1802.5,
      -1715.9
     ],
     [
      1808.1,
      -1712.7
     ],
     [
      1812.9,
      -1709.5
     ],
     [
      1816.9,
      -1705.6
     ],
     [
      1820.1,
      -1700.8
     ],
     [
      1823.3,
      -1696
     ],
     [
      1828.1,
      -1692.8
     ],
     [
      1832.1,
      -1688.8
     ],
     [
      1835.3,
      -1683.2
     ],
     [
      1837.7,
      -1677.6
     ],
     [
      1840.9,
      -1672.8
     ],
     [
      1844.1,
      -1668
     ],
     [
      1846.5,
      -1662.4
     ]
    ]
   }
  },
  {
   "type": "Feature",
   "properties": {
    "op": "add",
    "source": "recorded",
    "zone": "Tirisfal Glades",
    "time": 1790558383,
    "trim": true
   },
   "geometry": {
    "type": "LineString",
    "coordinates": [
     [
      1814.5,
      -1708.7
     ],
     [
      1820.1,
      -1708.7
     ],
     [
      1825.7,
      -1709.5
     ],
     [
      1831.3,
      -1710.3
     ],
     [
      1836.9,
      -1711.9
     ],
     [
      1842.5,
      -1713.5
     ],
     [
      1848.1,
      -1714.3
     ],
     [
      1853.7,
      -1716.7
     ],
     [
      1859.3,
      -1719.1
     ],
     [
      1864.9,
      -1721.5
     ],
     [
      1870.4,
      -1723.9
     ],
     [
      1876,
      -1724.7
     ],
     [
      1881.6,
      -1724.7
     ],
     [
      1887.2,
      -1724.7
     ],
     [
      1892.8,
      -1723.9
     ],
     [
      1898.4,
      -1723.1
     ],
     [
      1904,
      -1721.5
     ],
     [
      1909.6,
      -1719.1
     ],
     [
      1914.4,
      -1715.9
     ],
     [
      1919.2,
      -1712.7
     ],
     [
      1923.2,
      -1708.7
     ],
     [
      1928,
      -1704.8
     ],
     [
      1932,
      -1700
     ],
     [
      1936,
      -1696
     ],
     [
      1941.6,
      -1693.6
     ],
     [
      1947.1,
      -1692
     ],
     [
      1952.7,
      -1690.4
     ],
     [
      1958.3,
      -1690.4
     ],
     [
      1963.9,
      -1691.2
     ],
     [
      1969.5,
      -1692
     ],
     [
      1975.1,
      -1692
     ],
     [
      1980.7,
      -1692
     ],
     [
      1986.3,
      -1692.8
     ],
     [
      1991.9,
      -1692.8
     ],
     [
      1997.5,
      -1690.4
     ],
     [
      2003.1,
      -1688.8
     ],
     [
      2007.9,
      -1685.6
     ],
     [
      2012.7,
      -1682.4
     ],
     [
      2018.3,
      -1682.4
     ],
     [
      2023.8,
      -1680.8
     ],
     [
      2029.4,
      -1680
     ],
     [
      2035,
      -1679.2
     ],
     [
      2040.6,
      -1679.2
     ],
     [
      2046.2,
      -1679.2
     ],
     [
      2051.8,
      -1679.2
     ],
     [
      2057.4,
      -1681.6
     ],
     [
      2063,
      -1682.4
     ],
     [
      2068.6,
      -1680.8
     ],
     [
      2073.4,
      -1677.6
     ],
     [
      2078.2,
      -1674.4
     ],
     [
      2083.8,
      -1672
     ],
     [
      2088.6,
      -1668.8
     ],
     [
      2094.2,
      -1667.2
     ],
     [
      2099.7,
      -1664.8
     ],
     [
      2105.3,
      -1663.2
     ],
     [
      2110.9,
      -1661.6
     ],
     [
      2116.5,
      -1660.8
     ],
     [
      2122.1,
      -1660
     ],
     [
      2127.7,
      -1661.6
     ],
     [
      2133.3,
      -1664
     ],
     [
      2138.1,
      -1667.2
     ],
     [
      2142.1,
      -1671.2
     ]
    ]
   }
  },
  {
   "type": "Feature",
   "properties": {
    "op": "add",
    "source": "recorded",
    "zone": "Tirisfal Glades",
    "time": 1790558417,
    "trim": true
   },
   "geometry": {
    "type": "LineString",
    "coordinates": [
     [
      2420.8,
      -4613
     ],
     [
      2423.7,
      -4614.2
     ],
     [
      2426.5,
      -4615.4
     ],
     [
      2429,
      -4617.1
     ],
     [
      2431.8,
      -4618.7
     ],
     [
      2434.7,
      -4620.4
     ],
     [
      2437.2,
      -4622
     ],
     [
      2440,
      -4623.6
     ],
     [
      2442.5,
      -4625.3
     ],
     [
      2444.9,
      -4626.9
     ],
     [
      2447.8,
      -4628.1
     ],
     [
      2450.7,
      -4630.2
     ],
     [
      2453.5,
      -4631.4
     ],
     [
      2456.4,
      -4633
     ],
     [
      2459.2,
      -4634.3
     ],
     [
      2462.5,
      -4635.5
     ],
     [
      2465.4,
      -4636.7
     ],
     [
      2468.2,
      -4637.5
     ],
     [
      2471.1,
      -4638.8
     ],
     [
      2474,
      -4640
     ],
     [
      2476.8,
      -4641.2
     ],
     [
      2479.7,
      -4642.9
     ],
     [
      2482.6,
      -4644.5
     ],
     [
      2485,
      -4646.1
     ],
     [
      2487.5,
      -4648.2
     ],
     [
      2489.9,
      -4650.2
     ],
     [
      2492.4,
      -4651.8
     ],
     [
      2494.8,
      -4653.5
     ],
     [
      2496.9,
      -4655.5
     ]
    ]
   }
  },
  {
   "type": "Feature",
   "properties": {
    "op": "add",
    "source": "recorded",
    "zone": "Tirisfal Glades",
    "time": 1790558473,
    "trim": true
   },
   "geometry": {
    "type": "LineString",
    "coordinates": [
     [
      -152.7,
      -4139.7
     ],
     [
      -151.9,
      -4145.3
     ],
     [
      -149.5,
      -4150.9
     ],
     [
      -146.3,
      -4155.7
     ],
     [
      -143.1,
      -4160.4
     ],
     [
      -139.9,
      -4165.2
     ],
     [
      -136.8,
      -4170
     ],
     [
      -133.6,
      -4174.8
     ],
     [
      -132.8,
      -4180.4
     ],
     [
      -134.4,
      -4186
     ],
     [
      -138.3,
      -4190
     ],
     [
      -142.3,
      -4194
     ],
     [
      -145.5,
      -4198.8
     ],
     [
      -147.9,
      -4204.4
     ],
     [
      -149.5,
      -4210
     ],
     [
      -147.1,
      -4215.6
     ],
     [
      -143.1,
      -4219.6
     ],
     [
      -139.1,
      -4223.6
     ],
     [
      -136,
      -4228.4
     ],
     [
      -132.8,
      -4233.2
     ],
     [
      -132.8,
      -4238.7
     ],
     [
      -132.8,
      -4244.3
     ],
     [
      -133.6,
      -4249.9
     ],
     [
      -136,
      -4255.5
     ],
     [
      -138.3,
      -4261.1
     ],
     [
      -141.5,
      -4265.9
     ],
     [
      -144.7,
      -4270.7
     ],
     [
      -147.1,
      -4276.3
     ],
     [
      -151.1,
      -4281.1
     ],
     [
      -154.3,
      -4285.9
     ],
     [
      -159.1,
      -4289.1
     ],
     [
      -163.9,
      -4292.3
     ],
     [
      -169.5,
      -4294.7
     ],
     [
      -175.1,
      -4294.7
     ],
     [
      -180.7,
      -4297.1
     ],
     [
      -184.7,
      -4301.1
     ],
     [
      -188.7,
      -4305.1
     ],
     [
      -192.7,
      -4309.1
     ],
     [
      -195.9,
      -4313.8
     ],
     [
      -199.1,
      -4318.6
     ],
     [
      -203.1,
      -4323.4
     ],
     [
      -206.3,
      -4328.2
     ],
     [
      -211.1,
      -4332.2
     ],
     [
      -215.8,
      -4335.4
     ],
     [
      -219,
      -4340.2
     ],
     [
      -223,
      -4345
     ],
     [
      -226.2,
      -4349.8
     ],
     [
      -229.4,
      -4354.6
     ],
     [
      -231,
      -4360.2
     ],
     [
      -231,
      -4365.8
     ],
     [
      -231,
      -4371.4
     ],
     [
      -227.8,
      -4376.2
     ],
     [
      -223.8,
      -4380.2
     ],
     [
      -218.2,
      -4383.4
     ],
     [
      -212.7,
      -4385.8
     ],
     [
      -207.9,
      -4389
     ],
     [
      -203.9,
      -4392.9
     ],
     [
      -199.9,
      -4396.9
     ],
     [
      -195.9,
      -4400.9
     ],
     [
      -191.9,
      -4404.9
     ],
     [
      -187.9,
      -4408.9
     ],
     [
      -185.5,
      -4414.5
     ],
     [
      -183.1,
      -4420.1
     ],
     [
      -179.9,
      -4425.7
     ],
     [
      -176.7,
      -4430.5
     ],
     [
      -172.7,
      -4434.5
     ],
     [
      -168.7,
      -4438.5
     ],
     [
      -163.9,
      -4441.7
     ],
     [
      -159.9,
      -4446.5
     ],
     [
      -155.9,
      -4451.3
     ],
     [
      -151.1,
      -4454.5
     ],
     [
      -146.3,
      -4458.5
     ],
     [
      -141.5,
      -4461.7
     ],
     [
      -136.8,
      -4464.9
     ],
     [
      -132.8,
      -4468.8
     ],
     [
      -128,
      -4472.8
     ],
     [
      -124,
      -4476.8
     ],
     [
      -120.8,
      -4481.6
     ],
     [
      -116.8,
      -4486.4
     ],
     [
      -112.8,
      -4490.4
     ],
     [
      -108.8,
      -4494.4
     ],
     [
      -104.8,
      -4498.4
     ],
     [
      -100.8,
      -4502.4
     ],
     [
      -97.6,
      -4507.2
     ],
     [
      -96.8,
      -4512.8
     ],
     [
      -96.8,
      -4518.4
     ],
     [
      -96.8,
      -4524
     ],
     [
      -96.8,
      -4529.6
     ],
     [
      -96,
      -4535.2
     ]
    ]
   }
  },
  {
   "type": "Feature",
   "properties": {
    "op": "add",
    "source": "recorded",
    "zone": "Tirisfal Glades",
    "time": 1790558579,
    "trim": true
   },
   "geometry": {
    "type": "LineString",
    "coordinates": [
     [
      2508.3,
      -645.5
     ],
     [
      2511,
      -645.9
     ],
     [
      2514.1,
      -645.9
     ],
     [
      2516.8,
      -645.9
     ],
     [
      2519.5,
      -645.5
     ],
     [
      2522.2,
      -645.5
     ],
     [
      2524.8,
      -646.7
     ],
     [
      2527.5,
      -647.8
     ],
     [
      2530.2,
      -649.3
     ],
     [
      2532.9,
      -650.1
     ],
     [
      2535.6,
      -650.5
     ]
    ]
   }
  },
  {
   "type": "Feature",
   "properties": {
    "op": "add",
    "source": "recorded",
    "zone": "Tirisfal Glades",
    "time": 1790558939,
    "trim": true
   },
   "geometry": {
    "type": "LineString",
    "coordinates": [
     [
      -518.5,
      -4537
     ],
     [
      -521.8,
      -4537.5
     ],
     [
      -525.2,
      -4538
     ],
     [
      -528.6,
      -4538.4
     ],
     [
      -531.9,
      -4538.9
     ],
     [
      -535.3,
      -4539.9
     ],
     [
      -538.6,
      -4541.3
     ],
     [
      -542,
      -4542.8
     ],
     [
      -545.4,
      -4544.2
     ],
     [
      -548.7,
      -4545.6
     ],
     [
      -551.6,
      -4548
     ],
     [
      -554,
      -4550.4
     ],
     [
      -555.9,
      -4553.3
     ],
     [
      -557.8,
      -4556.2
     ],
     [
      -558.3,
      -4559.6
     ],
     [
      -558.8,
      -4562.9
     ],
     [
      -559.3,
      -4566.3
     ],
     [
      -559.3,
      -4569.6
     ],
     [
      -559.3,
      -4573
     ],
     [
      -557.3,
      -4576.3
     ],
     [
      -555.4,
      -4579.2
     ],
     [
      -554.5,
      -4582.6
     ],
     [
      -553.5,
      -4585.9
     ],
     [
      -553,
      -4589.3
     ],
     [
      -553,
      -4592.7
     ],
     [
      -553.5,
      -4596
     ],
     [
      -554.5,
      -4599.4
     ],
     [
      -556.4,
      -4602.7
     ],
     [
      -557.8,
      -4606.1
     ],
     [
      -559.7,
      -4609
     ],
     [
      -562.6,
      -4610.9
     ],
     [
      -565.5,
      -4612.8
     ],
     [
      -568.9,
      -4613.8
     ],
     [
      -572.2,
      -4614.7
     ],
     [
      -575.6,
      -4615.7
     ],
     [
      -578.9,
      -4616.2
     ],
     [
      -582.3,
      -4616.6
     ],
     [
      -585.7,
      -4616.6
     ],
     [
      -588.5,
      -4618.6
     ],
     [
      -590.9,
      -4621
     ],
     [
      -593.3,
      -4623.4
     ],
     [
      -596.2,
      -4625.3
     ],
     [
      -599.1,
      -4627.2
     ],
     [
      -601.5,
      -4629.6
     ],
     [
      -603.4,
      -4632.5
     ],
     [
      -605.3,
      -4635.8
     ],
     [
      -607.2,
      -4639.2
     ],
     [
      -608.7,
      -4642.6
     ],
     [
      -610.6,
      -4645.9
     ],
     [
      -612,
      -4649.3
     ],
     [
      -614,
      -4652.6
     ],
     [
      -614.9,
      -4656
     ],
     [
      -615.4,
      -4659.3
     ],
     [
      -617.3,
      -4662.2
     ],
     [
      -619.2,
      -4665.1
     ],
     [
      -621.2,
      -4668
     ],
     [
      -623.6,
      -4670.9
     ],
     [
      -624.5,
      -4674.2
     ]
    ]
   }
  },
  {
   "type": "Feature",
   "properties": {
    "op": "add",
    "source": "recorded",
    "zone": "Tirisfal Glades",
    "time": 1790558943,
    "trim": true
   },
   "geometry": {
    "type": "LineString",
    "coordinates": [
     [
      -559.3,
      -4571.1
     ],
     [
      -562.6,
      -4572
     ],
     [
      -566,
      -4572
     ],
     [
      -569.3,
      -4571.6
     ],
     [
      -572.7,
      -4570.6
     ],
     [
      -576.1,
      -4569.2
     ],
     [
      -579.4,
      -4567.7
     ],
     [
      -582.8,
      -4566.3
     ],
     [
      -585.2,
      -4563.4
     ],
     [
      -587.6,
      -4560.5
     ]
    ]
   }
  },
  {
   "type": "Feature",
   "properties": {
    "op": "add",
    "source": "recorded",
    "zone": "Tirisfal Glades",
    "time": 1790559003,
    "trim": true
   },
   "geometry": {
    "type": "LineString",
    "coordinates": [
     [
      26.9,
      -1582.5
     ],
     [
      31.4,
      -1579.5
     ],
     [
      35.1,
      -1575.7
     ],
     [
      39.6,
      -1572
     ],
     [
      43.4,
      -1568.2
     ],
     [
      46.4,
      -1563.7
     ],
     [
      49.4,
      -1559.2
     ],
     [
      52.4,
      -1554.7
     ],
     [
      55.4,
      -1550.2
     ],
     [
      56.9,
      -1545
     ],
     [
      59.1,
      -1539.7
     ],
     [
      59.9,
      -1534.5
     ],
     [
      61.4,
      -1529.2
     ],
     [
      63.6,
      -1524
     ],
     [
      63.6,
      -1518.7
     ],
     [
      62.1,
      -1513.5
     ],
     [
      59.1,
      -1509
     ],
     [
      55.4,
      -1504.5
     ],
     [
      52.4,
      -1500
     ],
     [
      49.4,
      -1495.5
     ],
     [
      45.6,
      -1491.8
     ],
     [
      42.6,
      -1487.3
     ],
     [
      38.9,
      -1483.5
     ],
     [
      35.9,
      -1479
     ],
     [
      32.1,
      -1475.3
     ],
     [
      28.4,
      -1471.5
     ],
     [
      25.4,
      -1467
     ],
     [
      21.6,
      -1463.3
     ],
     [
      17.9,
      -1458.8
     ],
     [
      14.2,
      -1455
     ],
     [
      11.2,
      -1450.5
     ],
     [
      8.2,
      -1446
     ],
     [
      5.2,
      -1441.5
     ],
     [
      2.2,
      -1436.3
     ],
     [
      -0.8,
      -1431.8
     ],
     [
      -3.8,
      -1427.3
     ],
     [
      -7.6,
      -1423.5
     ],
     [
      -10.6,
      -1419
     ],
     [
      -15.8,
      -1416.8
     ],
     [
      -21.1,
      -1415.3
     ],
     [
      -25.6,
      -1412.3
     ],
     [
      -30.8,
      -1410.8
     ],
     [
      -36.1,
      -1410.8
     ],
     [
      -41.3,
      -1412.3
     ],
     [
      -46.6,
      -1413.8
     ],
     [
      -51.8,
      -1414.6
     ],
     [
      -57.1,
      -1415.3
     ],
     [
      -62.3,
      -1415.3
     ],
     [
      -67.6,
      -1413.8
     ],
     [
      -70.6,
      -1409.3
     ],
     [
      -71.3,
      -1404.1
     ],
     [
      -72.1,
      -1398.8
     ],
     [
      -68.3,
      -1395.1
     ],
     [
      -65.3,
      -1390.6
     ],
     [
      -60.8,
      -1387.6
     ],
     [
      -56.3,
      -1384.6
     ],
     [
      -51.1,
      -1382.3
     ],
     [
      -45.8,
      -1380.1
     ],
     [
      -40.6,
      -1377.8
     ],
     [
      -36.1,
      -1374.8
     ],
     [
      -31.6,
      -1371.8
     ],
     [
      -27.1,
      -1368.1
     ],
     [
      -23.3,
      -1364.3
     ],
     [
      -21.8,
      -1359.1
     ],
     [
      -21.8,
      -1353.8
     ],
     [
      -24.1,
      -1348.6
     ],
     [
      -28.6,
      -1345.6
     ],
     [
      -33.8,
      -1343.3
     ],
     [
      -39.1,
      -1342.6
     ],
     [
      -44.3,
      -1342.6
     ],
     [
      -49.6,
      -1345.6
     ],
     [
      -54.8,
      -1347.1
     ],
     [
      -60.1,
      -1347.8
     ],
     [
      -65.3,
      -1347.8
     ],
     [
      -70.6,
      -1348.6
     ],
     [
      -75.8,
      -1348.6
     ],
     [
      -81.1,
      -1349.3
     ],
     [
      -86.3,
      -1349.3
     ],
     [
      -91.5,
      -1349.3
     ],
     [
      -96.8,
      -1349.3
     ],
     [
      -102,
      -1349.3
     ],
     [
      -107.3,
      -1349.3
     ],
     [
      -112.5,
      -1347.8
     ],
     [
      -117.8,
      -1346.3
     ],
     [
      -122.3,
      -1343.3
     ]
    ]
   }
  },
  {
   "type": "Feature",
   "properties": {
    "op": "add",
    "source": "recorded",
    "zone": "Tirisfal Glades",
    "time": 1790559024,
    "trim": true
   },
   "geometry": {
    "type": "LineString",
    "coordinates": [
     [
      165.3,
      -979.5
     ],
     [
      169.5,
      -980.7
     ],
     [
      174.3,
      -981.3
     ],
     [
      179.1,
      -983.1
     ],
     [
      183.3,
      -983.7
     ],
     [
      188.1,
      -984.3
     ],
     [
      192.3,
      -984.9
     ],
     [
      196.5,
      -984.9
     ],
     [
      200.7,
      -984.9
     ],
     [
      204.9,
      -983.7
     ],
     [
      209.1,
      -981.9
     ],
     [
      213.3,
      -980.1
     ],
     [
      216.9,
      -977.7
     ],
     [
      219.9,
      -974.7
     ],
     [
      223.5,
      -971.7
     ],
     [
      227.1,
      -969.3
     ],
     [
      231.3,
      -967.5
     ],
     [
      235.5,
      -965.7
     ],
     [
      239.6,
      -964.5
     ],
     [
      244.4,
      -963.3
     ],
     [
      248.6,
      -962.1
     ],
     [
      252.8,
      -960.9
     ],
     [
      257.6,
      -959.7
     ],
     [
      261.8,
      -958.5
     ],
     [
      266,
      -957.9
     ],
     [
      270.2,
      -956.7
     ],
     [
      275,
      -954.9
     ],
     [
      279.8,
      -953.7
     ],
     [
      284,
      -952.5
     ],
     [
      288.2,
      -951.9
     ],
     [
      292.4,
      -951.9
     ],
     [
      296.6,
      -950.7
     ],
     [
      300.8,
      -950.1
     ],
     [
      305.6,
      -949.5
     ],
     [
      309.8,
      -948.9
     ],
     [
      314,
      -948.3
     ],
     [
      318.2,
      -947.7
     ],
     [
      322.4,
      -947.1
     ],
     [
      326.6,
      -947.1
     ],
     [
      330.8,
      -946.5
     ],
     [
      335,
      -946.5
     ],
     [
      339.2,
      -946.5
     ],
     [
      344,
      -946.5
     ],
     [
      348.8,
      -946.5
     ],
     [
      353,
      -947.7
     ],
     [
      357.2,
      -948.9
     ],
     [
      361.4,
      -950.1
     ],
     [
      365.6,
      -951.9
     ],
     [
      369.8,
      -953.7
     ],
     [
      373.4,
      -956.1
     ],
     [
      376.4,
      -959.7
     ],
     [
      379.4,
      -962.7
     ]
    ]
   }
  },
  {
   "type": "Feature",
   "properties": {
    "op": "add",
    "source": "recorded",
    "zone": "Tirisfal Glades",
    "time": 1790559047,
    "trim": true
   },
   "geometry": {
    "type": "LineString",
    "coordinates": [
     [
      -671.6,
      38.3
     ],
     [
      -666.4,
      38.3
     ],
     [
      -661.1,
      38.3
     ],
     [
      -655.9,
      38.3
     ],
     [
      -650.6,
      38.3
     ],
     [
      -645.4,
      39
     ],
     [
      -640.1,
      39.8
     ],
     [
      -634.9,
      39.8
     ],
     [
      -629.6,
      38.3
     ],
     [
      -625.2,
      35.3
     ],
     [
      -621.4,
      31.5
     ],
     [
      -617.7,
      27
     ],
     [
      -613.9,
      23.3
     ],
     [
      -610.2,
      19.5
     ],
     [
      -605.7,
      15.8
     ],
     [
      -601.2,
      12
     ],
     [
      -596.7,
      9
     ],
     [
      -591.4,
      6.8
     ],
     [
      -586.2,
      6
     ],
     [
      -580.9,
      5.3
     ],
     [
      -575.7,
      3.8
     ],
     [
      -570.4,
      3.8
     ],
     [
      -565.9,
      6.8
     ],
     [
      -561.4,
      9.8
     ],
     [
      -556.9,
      13.5
     ],
     [
      -554.7,
      18.8
     ],
     [
      -550.9,
      22.5
     ]
    ]
   }
  },
  {
   "type": "Feature",
   "properties": {
    "op": "add",
    "source": "recorded",
    "zone": "Tirisfal Glades",
    "time": 1790559053,
    "trim": true
   },
   "geometry": {
    "type": "LineString",
    "coordinates": [
     [
      -569.7,
      3
     ],
     [
      -566.7,
      -1.5
     ],
     [
      -562.2,
      -4.5
     ],
     [
      -558.4,
      -8.2
     ],
     [
      -555.4,
      -12.7
     ],
     [
      -551.7,
      -16.5
     ],
     [
      -548.7,
      -21
     ],
     [
      -545.7,
      -25.5
     ],
     [
      -542.7,
      -30
     ],
     [
      -541.2,
      -35.2
     ],
     [
      -538.9,
      -40.5
     ],
     [
      -536.7,
      -45.7
     ],
     [
      -535.2,
      -51
     ],
     [
      -533.7,
      -56.2
     ],
     [
      -532.9,
      -61.4
     ],
     [
      -532.9,
      -66.7
     ],
     [
      -533.7,
      -71.9
     ],
     [
      -535.2,
      -77.2
     ],
     [
      -536.7,
      -82.4
     ],
     [
      -539.7,
      -86.9
     ],
     [
      -542.7,
      -91.4
     ]
    ]
   }
  },
  {
   "type": "Feature",
   "properties": {
    "op": "add",
    "source": "recorded",
    "zone": "Tirisfal Glades",
    "time": 1790559059,
    "trim": true
   },
   "geometry": {
    "type": "LineString",
    "coordinates": [
     [
      -553.2,
      21
     ],
     [
      -547.9,
      21.8
     ],
     [
      -542.7,
      23.3
     ],
     [
      -537.4,
      24.8
     ],
     [
      -532.2,
      25.5
     ],
     [
      -526.9,
      26.3
     ],
     [
      -521.7,
      26.3
     ],
     [
      -516.5,
      26.3
     ],
     [
      -511.2,
      26.3
     ],
     [
      -506,
      26.3
     ],
     [
      -500.7,
      25.5
     ],
     [
      -495.5,
      24.8
     ],
     [
      -490.2,
      23.3
     ],
     [
      -485,
      21.8
     ],
     [
      -479.7,
      21
     ],
     [
      -474.5,
      21
     ],
     [
      -469.2,
      21.8
     ],
     [
      -464,
      23.3
     ],
     [
      -458.7,
      24.8
     ],
     [
      -453.5,
      25.5
     ],
     [
      -448.2,
      26.3
     ],
     [
      -443,
      27
     ],
     [
      -437.7,
      27
     ],
     [
      -432.5,
      27.8
     ],
     [
      -427.2,
      27.8
     ],
     [
      -422,
      26.3
     ],
     [
      -416.8,
      24
     ],
     [
      -411.5,
      21.8
     ],
     [
      -406.3,
      20.3
     ],
     [
      -401,
      20.3
     ],
     [
      -395.8,
      20.3
     ],
     [
      -390.5,
      20.3
     ],
     [
      -385.3,
      20.3
     ],
     [
      -380,
      20.3
     ],
     [
      -374.8,
      20.3
     ],
     [
      -368.8,
      20.3
     ],
     [
      -363.5,
      21
     ],
     [
      -358.3,
      21.8
     ],
     [
      -353,
      22.5
     ],
     [
      -347.8,
      24.8
     ],
     [
      -342.5,
      26.3
     ],
     [
      -337.3,
      27.8
     ],
     [
      -332,
      29.3
     ],
     [
      -326.8,
      30
     ],
     [
      -321.6,
      31.5
     ],
     [
      -316.3,
      33
     ],
     [
      -311.1,
      33.8
     ],
     [
      -305.8,
      34.5
     ],
     [
      -300.6,
      35.3
     ],
     [
      -295.3,
      35.3
     ]
    ]
   }
  },
  {
   "type": "Feature",
   "properties": {
    "op": "add",
    "source": "recorded",
    "zone": "Tirisfal Glades",
    "time": 1790559063,
    "trim": true
   },
   "geometry": {
    "type": "LineString",
    "coordinates": [
     [
      -356.8,
      21
     ],
     [
      -356.8,
      27
     ],
     [
      -356.8,
      32.3
     ],
     [
      -356.8,
      37.5
     ],
     [
      -356.8,
      42.8
     ],
     [
      -356,
      48
     ],
     [
      -354.5,
      53.2
     ],
     [
      -353,
      58.5
     ],
     [
      -351.5,
      63.7
     ],
     [
      -350.8,
      69
     ],
     [
      -350.8,
      74.2
     ]
    ]
   }
  },
  {
   "type": "Feature",
   "properties": {
    "op": "add",
    "source": "recorded",
    "zone": "Tirisfal Glades",
    "time": 1790559066,
    "trim": true
   },
   "geometry": {
    "type": "LineString",
    "coordinates": [
     [
      -454.2,
      24.8
     ],
     [
      -451.2,
      20.3
     ],
     [
      -446.7,
      16.5
     ],
     [
      -443,
      12.8
     ],
     [
      -439.2,
      9
     ],
     [
      -434.7,
      5.3
     ],
     [
      -431.7,
      0.8
     ],
     [
      -429.5,
      -4.5
     ],
     [
      -428.7,
      -9.7
     ],
     [
      -427.2,
      -15
     ],
     [
      -426.5,
      -20.2
     ],
     [
      -425.8,
      -25.5
     ],
     [
      -425.8,
      -30.7
     ],
     [
      -425,
      -36
     ],
     [
      -425,
      -41.2
     ],
     [
      -424.3,
      -46.5
     ],
     [
      -423.5,
      -51.7
     ],
     [
      -424.3,
      -56.9
     ],
     [
      -425,
      -62.2
     ],
     [
      -425.8,
      -67.4
     ],
     [
      -428,
      -72.7
     ],
     [
      -429.5,
      -77.9
     ],
     [
      -433.2,
      -81.7
     ],
     [
      -434.7,
      -86.9
     ],
     [
      -437,
      -92.2
     ]
    ]
   }
  },
  {
   "type": "Feature",
   "properties": {
    "op": "add",
    "source": "recorded",
    "zone": "Tirisfal Glades",
    "time": 1790559068,
    "trim": true
   },
   "geometry": {
    "type": "LineString",
    "coordinates": [
     [
      -508.2,
      31.5
     ],
     [
      -507.5,
      36.8
     ],
     [
      -505.2,
      42
     ],
     [
      -502.2,
      46.5
     ]
    ]
   }
  },
  {
   "type": "Feature",
   "properties": {
    "op": "add",
    "source": "recorded",
    "zone": "Tirisfal Glades",
    "time": 1790559071,
    "trim": true
   },
   "geometry": {
    "type": "LineString",
    "coordinates": [
     [
      -507.5,
      26.3
     ],
     [
      -507.5,
      32.3
     ],
     [
      -507.5,
      37.5
     ],
     [
      -505.2,
      42.8
     ],
     [
      -502.2,
      47.2
     ]
    ]
   }
  },
  {
   "type": "Feature",
   "properties": {
    "op": "add",
    "source": "recorded",
    "zone": "Tirisfal Glades",
    "time": 1790559100,
    "trim": true
   },
   "geometry": {
    "type": "LineString",
    "coordinates": [
     [
      -461.4,
      -576.7
     ],
     [
      -467.9,
      -574.8
     ],
     [
      -474.5,
      -573.9
     ],
     [
      -481,
      -573.9
     ],
     [
      -487.6,
      -572
     ],
     [
      -494.2,
      -569.2
     ],
     [
      -500.7,
      -566.4
     ],
     [
      -507.3,
      -564.5
     ],
     [
      -513.8,
      -561.7
     ],
     [
      -520.4,
      -558.9
     ],
     [
      -527,
      -557
     ],
     [
      -533.5,
      -556.1
     ],
     [
      -540.1,
      -556.1
     ],
     [
      -546.6,
      -558.9
     ],
     [
      -553.2,
      -560.8
     ],
     [
      -559.8,
      -563.6
     ],
     [
      -566.3,
      -566.4
     ],
     [
      -572.9,
      -568.3
     ],
     [
      -579.4,
      -571.1
     ],
     [
      -586,
      -572
     ],
     [
      -592.6,
      -573.9
     ],
     [
      -599.1,
      -574.8
     ],
     [
      -605.7,
      -573
     ],
     [
      -612.2,
      -571.1
     ],
     [
      -618.8,
      -567.4
     ],
     [
      -625.4,
      -563.6
     ],
     [
      -631.9,
      -561.7
     ],
     [
      -638.5,
      -560.8
     ],
     [
      -645,
      -558.9
     ],
     [
      -651.6,
      -558
     ],
     [
      -658.1,
      -558
     ],
     [
      -664.7,
      -560.8
     ],
     [
      -671.3,
      -563.6
     ],
     [
      -677.8,
      -567.4
     ],
     [
      -684.4,
      -567.4
     ],
     [
      -690.9,
      -568.3
     ],
     [
      -697.5,
      -567.4
     ],
     [
      -704.1,
      -565.5
     ],
     [
      -709.7,
      -561.7
     ],
     [
      -715.3,
      -558
     ],
     [
      -720.9,
      -553.3
     ],
     [
      -726.6,
      -549.5
     ],
     [
      -733.1,
      -546.7
     ],
     [
      -739.7,
      -543.9
     ],
     [
      -746.2,
      -543.9
     ],
     [
      -752.8,
      -544.9
     ],
     [
      -759.3,
      -545.8
     ],
     [
      -765.9,
      -545.8
     ],
     [
      -772.5,
      -543.9
     ],
     [
      -779,
      -542.1
     ],
     [
      -785.6,
      -540.2
     ],
     [
      -792.1,
      -537.4
     ],
     [
      -798.7,
      -534.6
     ]
    ]
   }
  },
  {
   "type": "Feature",
   "properties": {
    "op": "add",
    "source": "recorded",
    "zone": "Tirisfal Glades",
    "time": 1790559113,
    "trim": true
   },
   "geometry": {
    "type": "LineString",
    "coordinates": [
     [
      -794.9,
      -536
     ],
     [
      -800.2,
      -534.5
     ],
     [
      -805.4,
      -533.7
     ],
     [
      -809.9,
      -530.7
     ],
     [
      -814.4,
      -527.7
     ],
     [
      -818.9,
      -524
     ],
     [
      -824.2,
      -522.5
     ],
     [
      -829.4,
      -521.7
     ],
     [
      -833.9,
      -524.7
     ],
     [
      -839.2,
      -526.2
     ],
     [
      -844.4,
      -527
     ],
     [
      -849.7,
      -529.2
     ],
     [
      -854.9,
      -530.7
     ],
     [
      -859.4,
      -533.7
     ],
     [
      -864.7,
      -535.2
     ],
     [
      -869.9,
      -536.7
     ],
     [
      -874.4,
      -539.7
     ],
     [
      -879.6,
      -542
     ],
     [
      -884.9,
      -542.7
     ],
     [
      -890.1,
      -542
     ],
     [
      -895.4,
      -542
     ],
     [
      -898.4,
      -546.5
     ],
     [
      -902.1,
      -550.2
     ],
     [
      -907.4,
      -551
     ],
     [
      -912.6,
      -551
     ],
     [
      -917.9,
      -549.5
     ],
     [
      -923.1,
      -548
     ],
     [
      -927.6,
      -545
     ],
     [
      -932.1,
      -542
     ],
     [
      -937.4,
      -539.7
     ],
     [
      -942.6,
      -539
     ],
     [
      -947.9,
      -539
     ],
     [
      -953.1,
      -539.7
     ],
     [
      -958.4,
      -540.5
     ],
     [
      -963.6,
      -540.5
     ]
    ]
   }
  },
  {
   "type": "Feature",
   "properties": {
    "op": "add",
    "source": "recorded",
    "zone": "Tirisfal Glades",
    "time": 1790559210,
    "trim": true
   },
   "geometry": {
    "type": "LineString",
    "coordinates": [
     [
      -1188.8,
      -1730.3
     ],
     [
      -1183.2,
      -1735
     ],
     [
      -1176.6,
      -1737.8
     ],
     [
      -1170.1,
      -1740.6
     ],
     [
      -1164.5,
      -1744.4
     ],
     [
      -1159.8,
      -1749.1
     ],
     [
      -1155.1,
      -1753.8
     ],
     [
      -1151.3,
      -1760.3
     ],
     [
      -1149.5,
      -1766.9
     ],
     [
      -1147.6,
      -1773.4
     ],
     [
      -1145.7,
      -1780
     ],
     [
      -1144.8,
      -1786.6
     ],
     [
      -1144.8,
      -1793.1
     ],
     [
      -1143.8,
      -1799.7
     ],
     [
      -1141,
      -1806.2
     ],
     [
      -1137.3,
      -1811.9
     ],
     [
      -1132.6,
      -1817.5
     ],
     [
      -1127.9,
      -1823.1
     ],
     [
      -1124.2,
      -1828.7
     ],
     [
      -1120.4,
      -1834.3
     ],
     [
      -1117.6,
      -1840.9
     ],
     [
      -1116.7,
      -1847.5
     ],
     [
      -1114.8,
      -1854
     ],
     [
      -1112,
      -1860.6
     ],
     [
      -1106.4,
      -1864.3
     ],
     [
      -1099.8,
      -1868.1
     ],
     [
      -1093.2,
      -1870.9
     ],
     [
      -1086.7,
      -1871.8
     ],
     [
      -1080.1,
      -1873.7
     ],
     [
      -1074.5,
      -1877.5
     ],
     [
      -1070.8,
      -1883.1
     ],
     [
      -1067,
      -1888.7
     ],
     [
      -1063.3,
      -1894.3
     ],
     [
      -1058.6,
      -1899
     ],
     [
      -1054.8,
      -1904.6
     ],
     [
      -1050.1,
      -1910.2
     ],
     [
      -1046.4,
      -1916.8
     ],
     [
      -1042.6,
      -1923.4
     ],
     [
      -1038,
      -1929
     ],
     [
      -1034.2,
      -1934.6
     ],
     [
      -1030.5,
      -1940.2
     ],
     [
      -1025.8,
      -1944.9
     ],
     [
      -1021.1,
      -1949.6
     ],
     [
      -1015.5,
      -1953.4
     ],
     [
      -1009.8,
      -1957.1
     ],
     [
      -1003.3,
      -1960.8
     ],
     [
      -996.7,
      -1964.6
     ],
     [
      -990.2,
      -1966.5
     ],
     [
      -983.6,
      -1966.5
     ],
     [
      -977,
      -1966.5
     ],
     [
      -970.5,
      -1968.3
     ],
     [
      -964.9,
      -1972.1
     ],
     [
      -960.2,
      -1976.8
     ],
     [
      -954.6,
      -1980.5
     ],
     [
      -948.9,
      -1984.3
     ],
     [
      -944.3,
      -1989
     ],
     [
      -939.6,
      -1993.6
     ],
     [
      -936.8,
      -2000.2
     ],
     [
      -932.1,
      -2005.8
     ],
     [
      -931.1,
      -2012.4
     ]
    ]
   }
  },
  {
   "type": "Feature",
   "properties": {
    "op": "add",
    "source": "recorded",
    "zone": "Tirisfal Glades",
    "time": 1790559239,
    "trim": true
   },
   "geometry": {
    "type": "LineString",
    "coordinates": [
     [
      -775.6,
      -1486.7
     ],
     [
      -778.4,
      -1480.2
     ],
     [
      -781.2,
      -1473.6
     ],
     [
      -785,
      -1468
     ],
     [
      -790.6,
      -1464.2
     ],
     [
      -796.2,
      -1460.5
     ],
     [
      -802.8,
      -1456.7
     ],
     [
      -809.3,
      -1453
     ],
     [
      -815.9,
      -1450.2
     ],
     [
      -821.5,
      -1446.4
     ],
     [
      -828.1,
      -1442.7
     ],
     [
      -834.6,
      -1440.8
     ],
     [
      -841.2,
      -1440.8
     ],
     [
      -847.7,
      -1440.8
     ],
     [
      -854.3,
      -1438.9
     ],
     [
      -859,
      -1434.2
     ],
     [
      -862.7,
      -1428.6
     ],
     [
      -868.4,
      -1424.9
     ],
     [
      -874,
      -1420.2
     ],
     [
      -879.6,
      -1416.4
     ],
     [
      -886.2,
      -1412.7
     ],
     [
      -892.7,
      -1409.9
     ],
     [
      -899.3,
      -1408
     ],
     [
      -905.8,
      -1407.1
     ],
     [
      -912.4,
      -1407.1
     ],
     [
      -919,
      -1404.3
     ],
     [
      -924.6,
      -1400.5
     ],
     [
      -930.2,
      -1396.8
     ],
     [
      -934.9,
      -1392.1
     ],
     [
      -939.6,
      -1387.4
     ],
     [
      -944.3,
      -1382.7
     ],
     [
      -948,
      -1377.1
     ],
     [
      -951.7,
      -1371.5
     ],
     [
      -955.5,
      -1364.9
     ],
     [
      -957.4,
      -1358.3
     ],
     [
      -961.1,
      -1352.7
     ],
     [
      -964.9,
      -1347.1
     ],
     [
      -968.6,
      -1341.5
     ],
     [
      -973.3,
      -1336.8
     ],
     [
      -977,
      -1331.2
     ],
     [
      -981.7,
      -1326.5
     ],
     [
      -984.5,
      -1319.9
     ],
     [
      -987.4,
      -1313.4
     ],
     [
      -989.2,
      -1306.8
     ],
     [
      -991.1,
      -1300.2
     ],
     [
      -994.9,
      -1294.6
     ],
     [
      -999.5,
      -1289.9
     ],
     [
      -1003.3,
      -1284.3
     ],
     [
      -1008.9,
      -1279.6
     ],
     [
      -1014.5,
      -1275.9
     ],
     [
      -1021.1,
      -1274
     ],
     [
      -1025.8,
      -1269.3
     ],
     [
      -1030.5,
      -1264.6
     ],
     [
      -1035.1,
      -1260
     ],
     [
      -1040.8,
      -1255.3
     ],
     [
      -1045.5,
      -1250.6
     ],
     [
      -1050.1,
      -1245.9
     ],
     [
      -1054.8,
      -1241.2
     ],
     [
      -1058.6,
      -1235.6
     ],
     [
      -1064.2,
      -1231.8
     ],
     [
      -1069.8,
      -1228.1
     ],
     [
      -1075.4,
      -1224.3
     ],
     [
      -1081.1,
      -1220.6
     ],
     [
      -1085.7,
      -1215.9
     ],
     [
      -1090.4,
      -1210.3
     ],
     [
      -1094.2,
      -1204.7
     ],
     [
      -1098.9,
      -1199
     ],
     [
      -1102.6,
      -1193.4
     ],
     [
      -1107.3,
      -1188.7
     ],
     [
      -1111,
      -1183.1
     ],
     [
      -1115.7,
      -1178.4
     ],
     [
      -1121.4,
      -1174.7
     ],
     [
      -1127.9,
      -1172.8
     ],
     [
      -1134.5,
      -1170.9
     ],
     [
      -1142,
      -1170
     ],
     [
      -1148.5,
      -1170
     ],
     [
      -1154.1,
      -1173.7
     ],
     [
      -1160.7,
      -1172.8
     ],
     [
      -1167.3,
      -1171.9
     ],
     [
      -1173.8,
      -1170
     ],
     [
      -1180.4,
      -1166.2
     ],
     [
      -1186.9,
      -1163.4
     ],
     [
      -1193.5,
      -1161.6
     ],
     [
      -1200.1,
      -1161.6
     ],
     [
      -1206.6,
      -1163.4
     ],
     [
      -1213.2,
      -1165.3
     ],
     [
      -1219.7,
      -1167.2
     ],
     [
      -1226.3,
      -1169.1
     ],
     [
      -1231.9,
      -1172.8
     ],
     [
      -1237.5,
      -1176.6
     ],
     [
      -1243.2,
      -1180.3
     ],
     [
      -1248.8,
      -1184.1
     ]
    ]
   }
  },
  {
   "type": "Feature",
   "properties": {
    "op": "remove",
    "source": "recorded",
    "zone": "Tirisfal Glades",
    "time": 1790559256,
    "trim": true
   },
   "geometry": {
    "type": "LineString",
    "coordinates": [
     [
      -991.5,
      -994.2
     ],
     [
      -1004.4,
      -990.6
     ],
     [
      -1015.3,
      -983.3
     ],
     [
      -1028.2,
      -977.8
     ],
     [
      -1041,
      -972.3
     ],
     [
      -1053.8,
      -968.6
     ],
     [
      -1066.6,
      -965
     ],
     [
      -1079.4,
      -961.3
     ],
     [
      -1092.2,
      -955.8
     ],
     [
      -1105,
      -954
     ],
     [
      -1117.8,
      -950.3
     ],
     [
      -1130.6,
      -944.8
     ],
     [
      -1139.8,
      -935.7
     ],
     [
      -1139.8,
      -921
     ],
     [
      -1138,
      -904.6
     ],
     [
      -1136.1,
      -891.8
     ],
     [
      -1136.1,
      -878.9
     ],
     [
      -1141.6,
      -866.1
     ],
     [
      -1147.1,
      -849.7
     ],
     [
      -1150.8,
      -835
     ],
     [
      -1154.4,
      -822.2
     ],
     [
      -1158.1,
      -809.4
     ],
     [
      -1159.9,
      -796.6
     ],
     [
      -1163.6,
      -781.9
     ],
     [
      -1165.4,
      -765.5
     ],
     [
      -1167.2,
      -750.8
     ],
     [
      -1167.2,
      -738
     ],
     [
      -1169.1,
      -725.2
     ],
     [
      -1169.1,
      -708.7
     ],
     [
      -1170.9,
      -692.3
     ],
     [
      -1170.9,
      -675.8
     ],
     [
      -1170.9,
      -661.2
     ],
     [
      -1170.9,
      -648.3
     ],
     [
      -1169.1,
      -635.5
     ],
     [
      -1167.2,
      -622.7
     ],
     [
      -1167.2,
      -608.1
     ],
     [
      -1167.2,
      -595.3
     ],
     [
      -1169.1,
      -578.8
     ],
     [
      -1172.7,
      -566
     ],
     [
      -1176.4,
      -553.2
     ],
     [
      -1180.1,
      -538.5
     ],
     [
      -1185.5,
      -523.9
     ],
     [
      -1194.7,
      -509.3
     ],
     [
      -1202,
      -496.4
     ],
     [
      -1207.5,
      -483.6
     ],
     [
      -1213,
      -469
     ],
     [
      -1220.3,
      -454.4
     ],
     [
      -1227.6,
      -436.1
     ],
     [
      -1233.1,
      -423.2
     ],
     [
      -1236.8,
      -408.6
     ],
     [
      -1240.4,
      -395.8
     ],
     [
      -1245.9,
      -383
     ],
     [
      -1249.6,
      -370.2
     ],
     [
      -1256.9,
      -355.5
     ],
     [
      -1264.2,
      -344.5
     ],
     [
      -1275.2,
      -333.6
     ],
     [
      -1288,
      -324.4
     ],
     [
      -1302.7,
      -317.1
     ],
     [
      -1319.1,
      -306.1
     ],
     [
      -1330.1,
      -297
     ],
     [
      -1342.9,
      -289.6
     ],
     [
      -1355.7,
      -284.1
     ],
     [
      -1368.6,
      -278.7
     ],
     [
      -1383.2,
      -275
     ],
     [
      -1396,
      -271.3
     ],
     [
      -1408.8,
      -269.5
     ],
     [
      -1425.3,
      -271.3
     ],
     [
      -1443.6,
      -275
     ],
     [
      -1461.9,
      -278.7
     ],
     [
      -1480.2,
      -289.6
     ],
     [
      -1491.2,
      -298.8
     ],
     [
      -1502.2,
      -307.9
     ],
     [
      -1513.1,
      -317.1
     ],
     [
      -1524.1,
      -329.9
     ],
     [
      -1531.4,
      -344.5
     ],
     [
      -1535.1,
      -357.4
     ],
     [
      -1538.8,
      -370.2
     ],
     [
      -1546.1,
      -381.1
     ],
     [
      -1558.9,
      -384.8
     ],
     [
      -1573.5,
      -386.6
     ],
     [
      -1588.2,
      -388.5
     ],
     [
      -1602.8,
      -390.3
     ],
     [
      -1617.5,
      -392.1
     ],
     [
      -1632.1,
      -390.3
     ],
     [
      -1644.9,
      -381.1
     ],
     [
      -1657.7,
      -373.8
     ],
     [
      -1666.9,
      -362.8
     ],
     [
      -1676,
      -353.7
     ],
     [
      -1685.2,
      -344.5
     ],
     [
      -1698,
      -335.4
     ],
     [
      -1710.8,
      -328.1
     ],
     [
      -1725.4,
      -322.6
     ],
     [
      -1740.1,
      -318.9
     ],
     [
      -1754.7,
      -318.9
     ],
     [
      -1769.4,
      -322.6
     ],
     [
      -1784,
      -326.2
     ],
     [
      -1800.5,
      -328.1
     ],
     [
      -1815.1,
      -329.9
     ],
     [
      -1827.9,
      -333.6
     ],
     [
      -1840.7,
      -337.2
     ],
     [
      -1853.5,
      -337.2
     ],
     [
      -1866.4,
      -337.2
     ],
     [
      -1871.8,
      -350
     ],
     [
      -1870,
      -362.8
     ],
     [
      -1862.7,
      -383
     ],
     [
      -1859,
      -395.8
     ],
     [
      -1855.4,
      -408.6
     ],
     [
      -1851.7,
      -423.2
     ],
     [
      -1849.9,
      -437.9
     ],
     [
      -1848.1,
      -456.2
     ],
     [
      -1848.1,
      -469
     ],
     [
      -1846.2,
      -481.8
     ],
     [
      -1846.2,
      -496.4
     ],
     [
      -1844.4,
      -511.1
     ],
     [
      -1840.7,
      -523.9
     ],
     [
      -1840.7,
      -538.5
     ],
     [
      -1838.9,
      -556.8
     ],
     [
      -1838.9,
      -573.3
     ],
     [
      -1838.9,
      -589.8
     ],
     [
      -1837.1,
      -604.4
     ],
     [
      -1833.4,
      -617.2
     ],
     [
      -1831.6,
      -630
     ],
     [
      -1827.9,
      -648.3
     ],
     [
      -1822.4,
      -666.6
     ],
     [
      -1818.8,
      -683.1
     ],
     [
      -1818.8,
      -697.8
     ],
     [
      -1824.3,
      -717.9
     ],
     [
      -1826.1,
      -730.7
     ],
     [
      -1827.9,
      -747.2
     ],
     [
      -1831.6,
      -760
     ],
     [
      -1838.9,
      -771
     ],
     [
      -1851.7,
      -781.9
     ],
     [
      -1860.9,
      -791.1
     ],
     [
      -1871.8,
      -802.1
     ],
     [
      -1884.7,
      -813.1
     ],
     [
      -1893.8,
      -822.2
     ],
     [
      -1908.4,
      -833.2
     ],
     [
      -1919.4,
      -846
     ],
     [
      -1930.4,
      -853.3
     ],
     [
      -1945,
      -862.5
     ],
     [
      -1959.7,
      -871.6
     ],
     [
      -1970.7,
      -880.8
     ],
     [
      -1979.8,
      -889.9
     ],
     [
      -1987.1,
      -900.9
     ],
     [
      -1998.1,
      -908.2
     ],
     [
      -2014.6,
      -917.4
     ],
     [
      -2034.7,
      -924.7
     ],
     [
      -2051.2,
      -926.5
     ],
     [
      -2064,
      -926.5
     ],
     [
      -2076.8,
      -926.5
     ],
     [
      -2093.3,
      -926.5
     ],
     [
      -2111.6,
      -924.7
     ],
     [
      -2129.9,
      -922.9
     ],
     [
      -2144.5,
      -921
     ],
     [
      -2157.3,
      -917.4
     ],
     [
      -2170.2,
      -913.7
     ],
     [
      -2186.6,
      -906.4
     ],
     [
      -2201.3,
      -900.9
     ],
     [
      -2217.7,
      -895.4
     ],
     [
      -2234.2,
      -888.1
     ],
     [
      -2247,
      -884.4
     ],
     [
      -2261.7,
      -875.3
     ],
     [
      -2270.8,
      -866.1
     ],
     [
      -2280,
      -855.2
     ],
     [
      -2289.1,
      -842.3
     ],
     [
      -2298.3,
      -827.7
     ],
     [
      -2311.1,
      -816.7
     ],
     [
      -2323.9,
      -809.4
     ],
     [
      -2336.7,
      -800.2
     ],
     [
      -2345.8,
      -791.1
     ],
     [
      -2351.3,
      -778.3
     ],
     [
      -2358.7,
      -767.3
     ],
     [
      -2366,
      -756.3
     ],
     [
      -2380.6,
      -750.8
     ],
     [
      -2393.4,
      -750.8
     ],
     [
      -2406.2,
      -752.7
     ],
     [
      -2417.2,
      -761.8
     ],
     [
      -2428.2,
      -769.1
     ]
    ]
   }
  },
  {
   "type": "Feature",
   "properties": {
    "op": "remove",
    "source": "recorded",
    "zone": "Tirisfal Glades",
    "time": 1790559261,
    "trim": true
   },
   "geometry": {
    "type": "LineString",
    "coordinates": [
     [
      -1077.6,
      -977.8
     ],
     [
      -1090.4,
      -979.6
     ],
     [
      -1105,
      -979.6
     ],
     [
      -1105,
      -966.8
     ],
     [
      -1092.2,
      -959.5
     ],
     [
      -1110.5,
      -961.3
     ],
     [
      -1125.1,
      -961.3
     ],
     [
      -1136.1,
      -950.3
     ],
     [
      -1147.1,
      -941.2
     ],
     [
      -1145.3,
      -928.4
     ],
     [
      -1143.5,
      -913.7
     ],
     [
      -1141.6,
      -900.9
     ],
     [
      -1139.8,
      -888.1
     ]
    ]
   }
  },
  {
   "type": "Feature",
   "properties": {
    "op": "remove",
    "source": "recorded",
    "zone": "Tirisfal Glades",
    "time": 1790559264,
    "trim": true
   },
   "geometry": {
    "type": "LineString",
    "coordinates": [
     [
      -1147.1,
      -813.1
     ],
     [
      -1147.1,
      -800.2
     ],
     [
      -1147.1,
      -787.4
     ],
     [
      -1145.3,
      -772.8
     ],
     [
      -1145.3,
      -758.2
     ],
     [
      -1145.3,
      -743.5
     ],
     [
      -1145.3,
      -727
     ],
     [
      -1145.3,
      -710.6
     ],
     [
      -1145.3,
      -697.8
     ],
     [
      -1145.3,
      -679.5
     ],
     [
      -1145.3,
      -666.6
     ],
     [
      -1145.3,
      -650.2
     ],
     [
      -1145.3,
      -631.9
     ],
     [
      -1145.3,
      -617.2
     ],
     [
      -1145.3,
      -604.4
     ],
     [
      -1145.3,
      -591.6
     ],
     [
      -1145.3,
      -577
     ],
     [
      -1145.3,
      -564.2
     ],
     [
      -1152.6,
      -553.2
     ]
    ]
   }
  },
  {
   "type": "Feature",
   "properties": {
    "op": "remove",
    "source": "recorded",
    "zone": "Tirisfal Glades",
    "time": 1790559267,
    "trim": true
   },
   "geometry": {
    "type": "LineString",
    "coordinates": [
     [
      -1187.4,
      -494.6
     ],
     [
      -1189.2,
      -480
     ],
     [
      -1191,
      -463.5
     ],
     [
      -1194.7,
      -450.7
     ],
     [
      -1196.5,
      -437.9
     ],
     [
      -1202,
      -421.4
     ],
     [
      -1207.5,
      -408.6
     ],
     [
      -1211.2,
      -395.8
     ],
     [
      -1218.5,
      -383
     ],
     [
      -1224,
      -370.2
     ],
     [
      -1229.5,
      -357.4
     ],
     [
      -1240.4,
      -350
     ]
    ]
   }
  },
  {
   "type": "Feature",
   "properties": {
    "op": "remove",
    "source": "recorded",
    "zone": "Tirisfal Glades",
    "time": 1790559271,
    "trim": true
   },
   "geometry": {
    "type": "LineString",
    "coordinates": [
     [
      -1229.5,
      -419.6
     ],
     [
      -1224,
      -432.4
     ],
     [
      -1213,
      -441.5
     ],
     [
      -1200.2,
      -443.4
     ],
     [
      -1191,
      -434.2
     ],
     [
      -1189.2,
      -421.4
     ],
     [
      -1203.8,
      -419.6
     ],
     [
      -1214.8,
      -426.9
     ]
    ]
   }
  },
  {
   "type": "Feature",
   "properties": {
    "op": "remove",
    "source": "recorded",
    "zone": "Tirisfal Glades",
    "time": 1790559275,
    "trim": true
   },
   "geometry": {
    "type": "LineString",
    "coordinates": [
     [
      -1295.4,
      -307.9
     ],
     [
      -1304.5,
      -298.8
     ],
     [
      -1311.8,
      -287.8
     ],
     [
      -1322.8,
      -280.5
     ],
     [
      -1335.6,
      -280.5
     ]
    ]
   }
  },
  {
   "type": "Feature",
   "properties": {
    "op": "remove",
    "source": "recorded",
    "zone": "Tirisfal Glades",
    "time": 1790559281,
    "trim": true
   },
   "geometry": {
    "type": "LineString",
    "coordinates": [
     [
      -1385,
      -284.1
     ],
     [
      -1397.8,
      -284.1
     ],
     [
      -1410.6,
      -284.1
     ],
     [
      -1423.5,
      -284.1
     ],
     [
      -1436.3,
      -287.8
     ],
     [
      -1449.1,
      -291.5
     ],
     [
      -1461.9,
      -297
     ],
     [
      -1469.2,
      -307.9
     ],
     [
      -1476.5,
      -318.9
     ],
     [
      -1485.7,
      -329.9
     ],
     [
      -1494.8,
      -339.1
     ],
     [
      -1505.8,
      -346.4
     ],
     [
      -1516.8,
      -353.7
     ],
     [
      -1524.1,
      -364.7
     ],
     [
      -1531.4,
      -377.5
     ],
     [
      -1535.1,
      -390.3
     ],
     [
      -1542.4,
      -401.3
     ],
     [
      -1555.2,
      -404.9
     ],
     [
      -1568,
      -406.8
     ],
     [
      -1580.9,
      -410.4
     ],
     [
      -1593.7,
      -410.4
     ],
     [
      -1606.5,
      -403.1
     ],
     [
      -1613.8,
      -392.1
     ],
     [
      -1622.9,
      -383
     ],
     [
      -1633.9,
      -373.8
     ],
     [
      -1644.9,
      -366.5
     ],
     [
      -1655.9,
      -359.2
     ],
     [
      -1661.4,
      -346.4
     ]
    ]
   }
  },
  {
   "type": "Feature",
   "properties": {
    "op": "remove",
    "source": "recorded",
    "zone": "Tirisfal Glades",
    "time": 1790559285,
    "trim": true
   },
   "geometry": {
    "type": "LineString",
    "coordinates": [
     [
      -1698,
      -346.4
     ],
     [
      -1710.8,
      -350
     ],
     [
      -1723.6,
      -348.2
     ],
     [
      -1736.4,
      -348.2
     ],
     [
      -1749.2,
      -346.4
     ],
     [
      -1762,
      -344.5
     ],
     [
      -1774.8,
      -340.9
     ],
     [
      -1787.7,
      -335.4
     ],
     [
      -1796.8,
      -326.2
     ],
     [
      -1809.6,
      -320.8
     ],
     [
      -1822.4,
      -320.8
     ],
     [
      -1835.2,
      -322.6
     ],
     [
      -1848.1,
      -326.2
     ]
    ]
   }
  },
  {
   "type": "Feature",
   "properties": {
    "op": "remove",
    "source": "recorded",
    "zone": "Tirisfal Glades",
    "time": 1790559289,
    "trim": true
   },
   "geometry": {
    "type": "LineString",
    "coordinates": [
     [
      -1853.5,
      -386.6
     ],
     [
      -1849.9,
      -399.4
     ],
     [
      -1842.6,
      -410.4
     ],
     [
      -1835.2,
      -423.2
     ],
     [
      -1833.4,
      -436.1
     ],
     [
      -1833.4,
      -448.9
     ],
     [
      -1837.1,
      -461.7
     ]
    ]
   }
  },
  {
   "type": "Feature",
   "properties": {
    "op": "remove",
    "source": "recorded",
    "zone": "Tirisfal Glades",
    "time": 1790559291,
    "trim": true
   },
   "geometry": {
    "type": "LineString",
    "coordinates": [
     [
      -1824.3,
      -620.9
     ],
     [
      -1818.8,
      -635.5
     ],
     [
      -1813.3,
      -648.3
     ],
     [
      -1811.4,
      -661.2
     ]
    ]
   }
  },
  {
   "type": "Feature",
   "properties": {
    "op": "remove",
    "source": "recorded",
    "zone": "Tirisfal Glades",
    "time": 1790559295,
    "trim": true
   },
   "geometry": {
    "type": "LineString",
    "coordinates": [
     [
      -1875.5,
      -789.3
     ],
     [
      -1888.3,
      -794.8
     ],
     [
      -1899.3,
      -802.1
     ],
     [
      -1908.4,
      -811.2
     ]
    ]
   }
  },
  {
   "type": "Feature",
   "properties": {
    "op": "remove",
    "source": "recorded",
    "zone": "Tirisfal Glades",
    "time": 1790559298,
    "trim": true
   },
   "geometry": {
    "type": "LineString",
    "coordinates": [
     [
      -1948.7,
      -873.5
     ],
     [
      -1956,
      -886.3
     ],
     [
      -1965.2,
      -895.4
     ],
     [
      -1974.3,
      -904.6
     ],
     [
      -1985.3,
      -911.9
     ],
     [
      -1994.5,
      -921
     ]
    ]
   }
  },
  {
   "type": "Feature",
   "properties": {
    "op": "remove",
    "source": "recorded",
    "zone": "Tirisfal Glades",
    "time": 1790559303,
    "trim": true
   },
   "geometry": {
    "type": "LineString",
    "coordinates": [
     [
      -2153.7,
      -930.2
     ],
     [
      -2164.7,
      -937.5
     ],
     [
      -2177.5,
      -944.8
     ],
     [
      -2188.5,
      -952.1
     ],
     [
      -2201.3,
      -955.8
     ],
     [
      -2214.1,
      -957.6
     ],
     [
      -2226.9,
      -952.1
     ],
     [
      -2237.9,
      -944.8
     ],
     [
      -2248.9,
      -937.5
     ],
     [
      -2259.8,
      -930.2
     ],
     [
      -2269,
      -921
     ],
     [
      -2276.3,
      -910.1
     ],
     [
      -2281.8,
      -897.2
     ],
     [
      -2280,
      -884.4
     ],
     [
      -2280,
      -871.6
     ]
    ]
   }
  },
  {
   "type": "Feature",
   "properties": {
    "op": "remove",
    "source": "recorded",
    "zone": "Tirisfal Glades",
    "time": 1790559309,
    "trim": true
   },
   "geometry": {
    "type": "LineString",
    "coordinates": [
     [
      -2290.9,
      -816.7
     ],
     [
      -2300.1,
      -807.6
     ],
     [
      -2312.9,
      -800.2
     ],
     [
      -2323.9,
      -792.9
     ],
     [
      -2336.7,
      -787.4
     ],
     [
      -2347.7,
      -780.1
     ],
     [
      -2358.7,
      -772.8
     ],
     [
      -2371.5,
      -767.3
     ],
     [
      -2384.3,
      -772.8
     ],
     [
      -2397.1,
      -778.3
     ],
     [
      -2408.1,
      -771
     ],
     [
      -2420.9,
      -767.3
     ],
     [
      -2430,
      -776.5
     ],
     [
      -2437.4,
      -787.4
     ],
     [
      -2442.8,
      -800.2
     ],
     [
      -2450.2,
      -811.2
     ],
     [
      -2453.8,
      -824
     ],
     [
      -2457.5,
      -836.8
     ],
     [
      -2459.3,
      -849.7
     ],
     [
      -2464.8,
      -862.5
     ],
     [
      -2468.5,
      -875.3
     ],
     [
      -2481.3,
      -878.9
     ],
     [
      -2494.1,
      -873.5
     ],
     [
      -2503.2,
      -882.6
     ],
     [
      -2516.1,
      -888.1
     ],
     [
      -2528.9,
      -893.6
     ],
     [
      -2541.7,
      -893.6
     ],
     [
      -2552.7,
      -900.9
     ],
     [
      -2560,
      -911.9
     ],
     [
      -2571,
      -919.2
     ],
     [
      -2583.8,
      -919.2
     ],
     [
      -2592.9,
      -910.1
     ],
     [
      -2605.7,
      -902.7
     ],
     [
      -2613,
      -891.8
     ]
    ]
   }
  },
  {
   "type": "Feature",
   "properties": {
    "op": "add",
    "source": "recorded",
    "zone": "Tirisfal Glades",
    "time": 1790559338,
    "trim": true
   },
   "geometry": {
    "type": "LineString",
    "coordinates": [
     [
      1039.4,
      1308.1
     ],
     [
      1039.4,
      1317.5
     ],
     [
      1039.4,
      1325.7
     ],
     [
      1039.4,
      1333.9
     ],
     [
      1041.8,
      1343.3
     ],
     [
      1043,
      1351.5
     ],
     [
      1045.3,
      1359.7
     ],
     [
      1046.5,
      1367.9
     ],
     [
      1048.8,
      1376
     ],
     [
      1054.7,
      1383.1
     ],
     [
      1060.5,
      1390.1
     ],
     [
      1065.2,
      1397.1
     ],
     [
      1073.4,
      1400.6
     ],
     [
      1081.6,
      1401.8
     ],
     [
      1086.3,
      1410
     ],
     [
      1087.5,
      1418.2
     ],
     [
      1092.1,
      1425.2
     ],
     [
      1096.8,
      1432.3
     ],
     [
      1101.5,
      1439.3
     ],
     [
      1105,
      1447.5
     ],
     [
      1107.4,
      1455.7
     ],
     [
      1105,
      1463.9
     ],
     [
      1102.7,
      1472.1
     ],
     [
      1098,
      1479.1
     ],
     [
      1091,
      1485
     ],
     [
      1085.1,
      1490.8
     ],
     [
      1078.1,
      1495.5
     ],
     [
      1069.9,
      1500.2
     ],
     [
      1062.9,
      1504.9
     ],
     [
      1054.7,
      1509.6
     ],
     [
      1046.5,
      1514.3
     ],
     [
      1040.6,
      1520.1
     ],
     [
      1037.1,
      1528.3
     ]
    ]
   }
  },
  {
   "type": "Feature",
   "properties": {
    "op": "remove",
    "source": "recorded",
    "zone": "Tirisfal Glades",
    "time": 1790559382,
    "trim": true
   },
   "geometry": {
    "type": "LineString",
    "coordinates": [
     [
      681.7,
      -4980.7
     ],
     [
      665.7,
      -4980.7
     ],
     [
      649.7,
      -4978.4
     ],
     [
      633.6,
      -4976.1
     ],
     [
      617.6,
      -4971.6
     ],
     [
      601.6,
      -4964.7
     ],
     [
      585.6,
      -4962.4
     ],
     [
      569.6,
      -4962.4
     ],
     [
      553.6,
      -4964.7
     ],
     [
      537.6,
      -4967
     ],
     [
      523.8,
      -4957.8
     ],
     [
      514.7,
      -4944.1
     ],
     [
      501,
      -4934.9
     ],
     [
      487.2,
      -4925.8
     ],
     [
      471.2,
      -4921.2
     ],
     [
      455.2,
      -4914.4
     ],
     [
      446.1,
      -4928.1
     ],
     [
      443.8,
      -4944.1
     ],
     [
      452.9,
      -4957.8
     ],
     [
      464.4,
      -4971.6
     ],
     [
      475.8,
      -4983
     ],
     [
      482.7,
      -4999
     ],
     [
      491.8,
      -5015
     ],
     [
      496.4,
      -5035.6
     ],
     [
      498.7,
      -5051.6
     ],
     [
      484.9,
      -5060.8
     ],
     [
      468.9,
      -5067.6
     ],
     [
      452.9,
      -5067.6
     ],
     [
      441.5,
      -5056.2
     ],
     [
      430,
      -5044.8
     ],
     [
      414,
      -5037.9
     ],
     [
      398,
      -5031
     ],
     [
      382,
      -5026.5
     ],
     [
      366,
      -5024.2
     ],
     [
      350,
      -5021.9
     ],
     [
      334,
      -5021.9
     ],
     [
      317.9,
      -5026.5
     ],
     [
      301.9,
      -5031
     ],
     [
      285.9,
      -5037.9
     ],
     [
      269.9,
      -5042.5
     ],
     [
      253.9,
      -5049.3
     ],
     [
      237.9,
      -5056.2
     ],
     [
      221.9,
      -5063.1
     ],
     [
      205.9,
      -5058.5
     ],
     [
      192.1,
      -5049.3
     ],
     [
      180.7,
      -5037.9
     ],
     [
      167,
      -5028.7
     ],
     [
      150.9,
      -5021.9
     ],
     [
      134.9,
      -5024.2
     ],
     [
      118.9,
      -5031
     ],
     [
      107.5,
      -5019.6
     ],
     [
      91.5,
      -5012.7
     ],
     [
      75.5,
      -5012.7
     ],
     [
      59.4,
      -5012.7
     ],
     [
      43.4,
      -5015
     ],
     [
      27.4,
      -5021.9
     ],
     [
      11.4,
      -5031
     ],
     [
      -4.6,
      -5040.2
     ],
     [
      -20.6,
      -5044.8
     ],
     [
      -32.1,
      -5056.2
     ],
     [
      -43.5,
      -5067.6
     ]
    ]
   }
  },
  {
   "type": "Feature",
   "properties": {
    "op": "remove",
    "source": "recorded",
    "zone": "Tirisfal Glades",
    "time": 1790559403,
    "trim": true
   },
   "geometry": {
    "type": "LineString",
    "coordinates": [
     [
      -121.3,
      -5047
     ],
     [
      -137.3,
      -5047
     ],
     [
      -153.3,
      -5049.3
     ],
     [
      -167,
      -5058.5
     ],
     [
      -176.2,
      -5072.2
     ],
     [
      -192.2,
      -5076.8
     ],
     [
      -208.2,
      -5069.9
     ],
     [
      -221.9,
      -5060.8
     ],
     [
      -238,
      -5056.2
     ],
     [
      -254,
      -5056.2
     ],
     [
      -270,
      -5053.9
     ],
     [
      -286,
      -5051.6
     ],
     [
      -302,
      -5047
     ],
     [
      -318,
      -5042.5
     ],
     [
      -334,
      -5037.9
     ],
     [
      -350,
      -5035.6
     ],
     [
      -366.1,
      -5033.3
     ],
     [
      -379.8,
      -5024.2
     ],
     [
      -395.8,
      -5019.6
     ],
     [
      -411.8,
      -5017.3
     ],
     [
      -427.8,
      -5019.6
     ],
     [
      -443.8,
      -5026.5
     ],
     [
      -457.6,
      -5035.6
     ],
     [
      -473.6,
      -5037.9
     ],
     [
      -489.6,
      -5044.8
     ],
     [
      -501,
      -5056.2
     ],
     [
      -510.2,
      -5069.9
     ],
     [
      -526.2,
      -5072.2
     ],
     [
      -542.2,
      -5072.2
     ],
     [
      -558.2,
      -5067.6
     ],
     [
      -574.2,
      -5063.1
     ],
     [
      -585.7,
      -5051.6
     ],
     [
      -601.7,
      -5049.3
     ],
     [
      -615.4,
      -5058.5
     ],
     [
      -626.9,
      -5069.9
     ],
     [
      -642.9,
      -5079.1
     ],
     [
      -652,
      -5095.1
     ],
     [
      -665.7,
      -5104.2
     ],
     [
      -681.8,
      -5108.8
     ],
     [
      -693.2,
      -5120.2
     ],
     [
      -702.4,
      -5134
     ],
     [
      -713.8,
      -5145.4
     ],
     [
      -729.8,
      -5150
     ],
     [
      -745.8,
      -5154.6
     ],
     [
      -761.8,
      -5152.3
     ],
     [
      -777.8,
      -5147.7
     ],
     [
      -793.9,
      -5145.4
     ],
     [
      -812.2,
      -5150
     ],
     [
      -828.2,
      -5152.3
     ],
     [
      -844.2,
      -5154.6
     ],
     [
      -857.9,
      -5166
     ],
     [
      -873.9,
      -5172.9
     ],
     [
      -889.9,
      -5175.2
     ],
     [
      -906,
      -5175.2
     ],
     [
      -922,
      -5175.2
     ],
     [
      -938,
      -5177.4
     ],
     [
      -954,
      -5182
     ],
     [
      -970,
      -5184.3
     ],
     [
      -954,
      -5177.4
     ],
     [
      -938,
      -5168.3
     ],
     [
      -924.3,
      -5159.1
     ],
     [
      -924.3,
      -5143.1
     ],
     [
      -926.5,
      -5127.1
     ],
     [
      -926.5,
      -5111.1
     ],
     [
      -926.5,
      -5095.1
     ],
     [
      -924.3,
      -5079.1
     ],
     [
      -915.1,
      -5065.3
     ],
     [
      -908.2,
      -5049.3
     ],
     [
      -908.2,
      -5033.3
     ],
     [
      -903.7,
      -5017.3
     ],
     [
      -903.7,
      -5001.3
     ],
     [
      -901.4,
      -4985.3
     ],
     [
      -901.4,
      -4969.3
     ],
     [
      -896.8,
      -4953.2
     ],
     [
      -880.8,
      -4946.4
     ],
     [
      -876.2,
      -4930.4
     ],
     [
      -880.8,
      -4914.4
     ],
     [
      -885.4,
      -4898.3
     ],
     [
      -896.8,
      -4886.9
     ],
     [
      -903.7,
      -4870.9
     ],
     [
      -903.7,
      -4854.9
     ],
     [
      -896.8,
      -4838.9
     ],
     [
      -889.9,
      -4822.9
     ],
     [
      -892.2,
      -4806.8
     ],
     [
      -896.8,
      -4790.8
     ],
     [
      -899.1,
      -4774.8
     ],
     [
      -899.1,
      -4758.8
     ],
     [
      -903.7,
      -4742.8
     ],
     [
      -906,
      -4726.8
     ],
     [
      -903.7,
      -4710.8
     ],
     [
      -896.8,
      -4694.7
     ],
     [
      -885.4,
      -4683.3
     ],
     [
      -883.1,
      -4667.3
     ],
     [
      -883.1,
      -4651.3
     ],
     [
      -883.1,
      -4635.3
     ],
     [
      -880.8,
      -4619.3
     ],
     [
      -876.2,
      -4603.2
     ],
     [
      -867.1,
      -4589.5
     ],
     [
      -867.1,
      -4573.5
     ],
     [
      -862.5,
      -4557.5
     ],
     [
      -855.6,
      -4541.5
     ],
     [
      -853.3,
      -4525.5
     ],
     [
      -853.3,
      -4509.4
     ],
     [
      -857.9,
      -4493.4
     ]
    ]
   }
  },
  {
   "type": "Feature",
   "properties": {
    "op": "add",
    "source": "recorded",
    "zone": "Tirisfal Glades",
    "time": 1790559419,
    "trim": true
   },
   "geometry": {
    "type": "LineString",
    "coordinates": [
     [
      -1225.8,
      -3251.9
     ],
     [
      -1223,
      -3258.5
     ],
     [
      -1219.2,
      -3264.1
     ],
     [
      -1216.4,
      -3270.6
     ],
     [
      -1214.5,
      -3277.2
     ],
     [
      -1213.6,
      -3283.8
     ],
     [
      -1213.6,
      -3290.3
     ],
     [
      -1208.9,
      -3295
     ],
     [
      -1202.4,
      -3295.9
     ],
     [
      -1195.8,
      -3297.8
     ],
     [
      -1190.2,
      -3301.6
     ],
     [
      -1184.6,
      -3305.3
     ],
     [
      -1178.9,
      -3309.1
     ],
     [
      -1174.3,
      -3314.7
     ],
     [
      -1170.5,
      -3320.3
     ],
     [
      -1167.7,
      -3326.9
     ],
     [
      -1164.9,
      -3333.4
     ],
     [
      -1163.9,
      -3340
     ],
     [
      -1163,
      -3346.5
     ],
     [
      -1163,
      -3353.1
     ],
     [
      -1163,
      -3359.7
     ],
     [
      -1161.1,
      -3366.2
     ],
     [
      -1160.2,
      -3372.8
     ],
     [
      -1157.4,
      -3379.3
     ],
     [
      -1155.5,
      -3385.9
     ],
     [
      -1152.7,
      -3392.5
     ],
     [
      -1152.7,
      -3399
     ],
     [
      -1153.6,
      -3405.6
     ],
     [
      -1154.6,
      -3412.1
     ],
     [
      -1155.5,
      -3418.7
     ],
     [
      -1159.3,
      -3425.3
     ],
     [
      -1162.1,
      -3431.8
     ],
     [
      -1163.9,
      -3438.4
     ],
     [
      -1166.8,
      -3444.9
     ],
     [
      -1167.7,
      -3451.5
     ],
     [
      -1169.6,
      -3458.1
     ],
     [
      -1171.4,
      -3464.6
     ],
     [
      -1173.3,
      -3471.2
     ],
     [
      -1174.3,
      -3477.7
     ],
     [
      -1174.3,
      -3484.3
     ],
     [
      -1175.2,
      -3490.8
     ],
     [
      -1175.2,
      -3497.4
     ],
     [
      -1174.3,
      -3504
     ],
     [
      -1172.4,
      -3510.5
     ],
     [
      -1168.6,
      -3516.1
     ],
     [
      -1164.9,
      -3521.8
     ],
     [
      -1160.2,
      -3527.4
     ],
     [
      -1155.5,
      -3533
     ],
     [
      -1150.8,
      -3537.7
     ],
     [
      -1145.2,
      -3541.4
     ],
     [
      -1137.7,
      -3544.3
     ],
     [
      -1131.2,
      -3545.2
     ],
     [
      -1124.6,
      -3548
     ],
     [
      -1118,
      -3550.8
     ],
     [
      -1111.5,
      -3553.6
     ],
     [
      -1104.9,
      -3556.4
     ],
     [
      -1098.4,
      -3558.3
     ],
     [
      -1091.8,
      -3559.3
     ],
     [
      -1084.3,
      -3559.3
     ],
     [
      -1077.7,
      -3558.3
     ],
     [
      -1071.2,
      -3558.3
     ],
     [
      -1064.6,
      -3557.4
     ],
     [
      -1059.9,
      -3552.7
     ]
    ]
   }
  },
  {
   "type": "Feature",
   "properties": {
    "op": "add",
    "source": "recorded",
    "zone": "Tirisfal Glades",
    "time": 1790559435,
    "trim": true
   },
   "geometry": {
    "type": "LineString",
    "coordinates": [
     [
      -1252,
      -3235
     ],
     [
      -1258.6,
      -3235
     ],
     [
      -1265.1,
      -3235
     ],
     [
      -1271.7,
      -3233.2
     ],
     [
      -1278.3,
      -3230.4
     ],
     [
      -1284.8,
      -3227.5
     ],
     [
      -1291.4,
      -3224.7
     ],
     [
      -1297.9,
      -3221.9
     ],
     [
      -1304.5,
      -3220
     ],
     [
      -1311.1,
      -3219.1
     ],
     [
      -1317.6,
      -3217.2
     ],
     [
      -1324.2,
      -3215.4
     ],
     [
      -1330.7,
      -3214.4
     ],
     [
      -1337.3,
      -3217.2
     ],
     [
      -1342.9,
      -3221
     ],
     [
      -1349.5,
      -3223.8
     ],
     [
      -1356,
      -3222.9
     ],
     [
      -1362.6,
      -3220
     ],
     [
      -1369.2,
      -3219.1
     ],
     [
      -1375.7,
      -3221
     ],
     [
      -1380.4,
      -3225.7
     ],
     [
      -1385.1,
      -3230.4
     ],
     [
      -1390.7,
      -3235
     ],
     [
      -1397.3,
      -3237.9
     ],
     [
      -1403.8,
      -3238.8
     ],
     [
      -1410.4,
      -3239.7
     ],
     [
      -1416.9,
      -3240.7
     ],
     [
      -1423.5,
      -3243.5
     ],
     [
      -1430.1,
      -3246.3
     ],
     [
      -1436.6,
      -3248.2
     ],
     [
      -1443.2,
      -3249.1
     ],
     [
      -1449.7,
      -3249.1
     ],
     [
      -1455.4,
      -3245.3
     ],
     [
      -1461.9,
      -3246.3
     ],
     [
      -1466.6,
      -3251
     ],
     [
      -1471.3,
      -3255.7
     ],
     [
      -1476.9,
      -3260.3
     ],
     [
      -1482.5,
      -3264.1
     ],
     [
      -1489.1,
      -3266
     ],
     [
      -1495.7,
      -3266.9
     ],
     [
      -1502.2,
      -3266.9
     ],
     [
      -1508.8,
      -3266.9
     ],
     [
      -1515.3,
      -3266.9
     ],
     [
      -1521.9,
      -3266
     ],
     [
      -1528.5,
      -3265
     ],
     [
      -1535,
      -3264.1
     ],
     [
      -1541.6,
      -3262.2
     ],
     [
      -1548.1,
      -3261.3
     ],
     [
      -1554.7,
      -3261.3
     ],
     [
      -1561.2,
      -3261.3
     ],
     [
      -1567.8,
      -3262.2
     ],
     [
      -1574.4,
      -3261.3
     ],
     [
      -1580.9,
      -3258.5
     ],
     [
      -1586.5,
      -3253.8
     ],
     [
      -1592.2,
      -3250
     ],
     [
      -1595.9,
      -3244.4
     ],
     [
      -1595.9,
      -3237.9
     ],
     [
      -1593.1,
      -3231.3
     ],
     [
      -1589.4,
      -3225.7
     ],
     [
      -1591.2,
      -3219.1
     ],
     [
      -1595.9,
      -3214.4
     ],
     [
      -1600.6,
      -3209.7
     ],
     [
      -1606.2,
      -3206
     ],
     [
      -1611.8,
      -3202.2
     ],
     [
      -1615.6,
      -3196.6
     ],
     [
      -1617.5,
      -3190.1
     ],
     [
      -1619.3,
      -3183.5
     ],
     [
      -1619.3,
      -3176.9
     ],
     [
      -1619.3,
      -3170.4
     ],
     [
      -1619.3,
      -3163.8
     ],
     [
      -1617.5,
      -3157.3
     ],
     [
      -1614.7,
      -3150.7
     ],
     [
      -1610.9,
      -3145.1
     ],
     [
      -1607.2,
      -3139.5
     ],
     [
      -1601.5,
      -3135.7
     ],
     [
      -1595,
      -3134.8
     ],
     [
      -1588.4,
      -3132.9
     ],
     [
      -1581.9,
      -3131
     ],
     [
      -1575.3,
      -3131
     ]
    ]
   }
  },
  {
   "type": "Feature",
   "properties": {
    "op": "remove",
    "source": "recorded",
    "zone": "Tirisfal Glades",
    "time": 1790559452,
    "trim": true
   },
   "geometry": {
    "type": "LineString",
    "coordinates": [
     [
      -1216.4,
      -3253.8
     ],
     [
      -1210.8,
      -3257.5
     ],
     [
      -1204.2,
      -3261.3
     ],
     [
      -1197.7,
      -3263.2
     ],
     [
      -1191.1,
      -3265
     ],
     [
      -1184.6,
      -3266.9
     ],
     [
      -1178,
      -3267.8
     ],
     [
      -1171.4,
      -3269.7
     ],
     [
      -1164.9,
      -3270.6
     ],
     [
      -1158.3,
      -3271.6
     ],
     [
      -1151.8,
      -3272.5
     ],
     [
      -1145.2,
      -3273.5
     ],
     [
      -1138.6,
      -3274.4
     ],
     [
      -1132.1,
      -3276.3
     ],
     [
      -1125.5,
      -3279.1
     ],
     [
      -1119,
      -3281.9
     ],
     [
      -1112.4,
      -3282.8
     ],
     [
      -1105.9,
      -3284.7
     ],
     [
      -1099.3,
      -3287.5
     ],
     [
      -1092.7,
      -3289.4
     ],
     [
      -1086.2,
      -3291.3
     ],
     [
      -1079.6,
      -3292.2
     ],
     [
      -1073.1,
      -3295
     ],
     [
      -1066.5,
      -3295.9
     ],
     [
      -1059.9,
      -3297.8
     ],
     [
      -1053.4,
      -3299.7
     ],
     [
      -1046.8,
      -3300.6
     ],
     [
      -1040.3,
      -3302.5
     ],
     [
      -1033.7,
      -3304.4
     ],
     [
      -1027.1,
      -3304.4
     ],
     [
      -1019.6,
      -3305.3
     ],
     [
      -1012.1,
      -3305.3
     ],
     [
      -1005.6,
      -3305.3
     ],
     [
      -999,
      -3305.3
     ],
     [
      -991.5,
      -3304.4
     ],
     [
      -985,
      -3302.5
     ],
     [
      -978.4,
      -3300.6
     ],
     [
      -971.9,
      -3297.8
     ],
     [
      -965.3,
      -3295.9
     ],
     [
      -958.7,
      -3292.2
     ],
     [
      -952.2,
      -3288.4
     ],
     [
      -946.6,
      -3284.7
     ],
     [
      -940,
      -3281.9
     ],
     [
      -933.4,
      -3279.1
     ],
     [
      -926.9,
      -3275.3
     ],
     [
      -920.3,
      -3272.5
     ],
     [
      -913.8,
      -3269.7
     ],
     [
      -907.2,
      -3266
     ],
     [
      -901.6,
      -3262.2
     ],
     [
      -896,
      -3258.5
     ],
     [
      -890.3,
      -3253.8
     ],
     [
      -884.7,
      -3249.1
     ],
     [
      -880,
      -3244.4
     ],
     [
      -876.3,
      -3237.9
     ],
     [
      -872.5,
      -3232.2
     ],
     [
      -868.8,
      -3226.6
     ],
     [
      -864.1,
      -3221.9
     ],
     [
      -857.5,
      -3219.1
     ],
     [
      -851,
      -3215.4
     ],
     [
      -845.4,
      -3211.6
     ],
     [
      -840.7,
      -3206.9
     ],
     [
      -834.1,
      -3206
     ]
    ]
   }
  },
  {
   "type": "Feature",
   "properties": {
    "op": "remove",
    "source": "recorded",
    "zone": "Tirisfal Glades",
    "time": 1790559460,
    "trim": true
   },
   "geometry": {
    "type": "LineString",
    "coordinates": [
     [
      -1042.1,
      -3286.6
     ],
     [
      -1039.3,
      -3280
     ],
     [
      -1035.6,
      -3274.4
     ],
     [
      -1031.8,
      -3267.8
     ],
     [
      -1029,
      -3261.3
     ],
     [
      -1025.3,
      -3254.7
     ],
     [
      -1023.4,
      -3248.2
     ],
     [
      -1021.5,
      -3241.6
     ],
     [
      -1020.6,
      -3235
     ],
     [
      -1019.6,
      -3228.5
     ],
     [
      -1016.8,
      -3221.9
     ],
     [
      -1015,
      -3215.4
     ],
     [
      -1012.1,
      -3208.8
     ],
     [
      -1009.3,
      -3202.2
     ],
     [
      -1006.5,
      -3195.7
     ],
     [
      -1003.7,
      -3188.2
     ],
     [
      -1000,
      -3181.6
     ],
     [
      -997.2,
      -3175.1
     ],
     [
      -993.4,
      -3168.5
     ],
     [
      -990.6,
      -3162
     ],
     [
      -985.9,
      -3156.3
     ],
     [
      -982.2,
      -3150.7
     ],
     [
      -976.5,
      -3146
     ],
     [
      -970.9,
      -3141.3
     ],
     [
      -967.2,
      -3135.7
     ],
     [
      -963.4,
      -3129.2
     ],
     [
      -959.7,
      -3122.6
     ],
     [
      -955.9,
      -3117
     ],
     [
      -951.2,
      -3112.3
     ],
     [
      -946.6,
      -3107.6
     ],
     [
      -942.8,
      -3102
     ],
     [
      -941.9,
      -3095.4
     ],
     [
      -944.7,
      -3088.9
     ],
     [
      -948.4,
      -3083.2
     ],
     [
      -954.1,
      -3079.5
     ],
     [
      -959.7,
      -3075.7
     ],
     [
      -964.4,
      -3071.1
     ],
     [
      -968.1,
      -3065.4
     ],
     [
      -970,
      -3058.9
     ],
     [
      -973.7,
      -3052.3
     ],
     [
      -977.5,
      -3046.7
     ],
     [
      -983.1,
      -3042.9
     ],
     [
      -989.7,
      -3040.1
     ],
     [
      -994.3,
      -3034.5
     ]
    ]
   }
  },
  {
   "type": "Feature",
   "properties": {
    "op": "remove",
    "source": "recorded",
    "zone": "Tirisfal Glades",
    "time": 1790559463,
    "trim": true
   },
   "geometry": {
    "type": "LineString",
    "coordinates": [
     [
      -1059,
      -3272.5
     ],
     [
      -1064.6,
      -3267.8
     ],
     [
      -1068.4,
      -3262.2
     ]
    ]
   }
  },
  {
   "type": "Feature",
   "properties": {
    "op": "remove",
    "source": "recorded",
    "zone": "Tirisfal Glades",
    "time": 1790559470,
    "trim": true
   },
   "geometry": {
    "type": "LineString",
    "coordinates": [
     [
      -1075.9,
      -3249.1
     ],
     [
      -1079.6,
      -3242.5
     ],
     [
      -1083.4,
      -3236.9
     ],
     [
      -1087.1,
      -3231.3
     ],
     [
      -1090.9,
      -3225.7
     ],
     [
      -1095.5,
      -3221
     ],
     [
      -1100.2,
      -3215.4
     ],
     [
      -1106.8,
      -3212.6
     ],
     [
      -1113.3,
      -3209.7
     ],
     [
      -1118,
      -3205.1
     ],
     [
      -1120.8,
      -3198.5
     ],
     [
      -1124.6,
      -3191.9
     ],
     [
      -1131.2,
      -3189.1
     ],
     [
      -1137.7,
      -3187.3
     ],
     [
      -1141.5,
      -3181.6
     ],
     [
      -1145.2,
      -3176
     ],
     [
      -1150.8,
      -3172.3
     ],
     [
      -1156.4,
      -3168.5
     ],
     [
      -1162.1,
      -3164.8
     ],
     [
      -1166.8,
      -3160.1
     ],
     [
      -1169.6,
      -3153.5
     ],
     [
      -1163,
      -3155.4
     ],
     [
      -1155.5,
      -3157.3
     ],
     [
      -1149,
      -3158.2
     ],
     [
      -1142.4,
      -3158.2
     ]
    ]
   }
  },
  {
   "type": "Feature",
   "properties": {
    "op": "remove",
    "source": "recorded",
    "zone": "Tirisfal Glades",
    "time": 1790559474,
    "trim": true
   },
   "geometry": {
    "type": "LineString",
    "coordinates": [
     [
      -1141.5,
      -3183.5
     ],
     [
      -1141.5,
      -3190.1
     ],
     [
      -1141.5,
      -3196.6
     ],
     [
      -1141.5,
      -3203.2
     ],
     [
      -1141.5,
      -3209.7
     ],
     [
      -1141.5,
      -3216.3
     ],
     [
      -1140.5,
      -3222.9
     ],
     [
      -1140.5,
      -3229.4
     ],
     [
      -1139.6,
      -3236
     ],
     [
      -1137.7,
      -3242.5
     ],
     [
      -1135.8,
      -3249.1
     ],
     [
      -1134.9,
      -3255.7
     ],
     [
      -1134.9,
      -3262.2
     ],
     [
      -1134.9,
      -3268.8
     ]
    ]
   }
  },
  {
   "type": "Feature",
   "properties": {
    "op": "add",
    "source": "recorded",
    "zone": "Tirisfal Glades",
    "time": 1790559478,
    "trim": true
   },
   "geometry": {
    "type": "LineString",
    "coordinates": [
     [
      -1228.6,
      -3248.2
     ],
     [
      -1224.9,
      -3253.8
     ],
     [
      -1222,
      -3260.3
     ],
     [
      -1219.2,
      -3266.9
     ],
     [
      -1217.4,
      -3273.5
     ]
    ]
   }
  },
  {
   "type": "Feature",
   "properties": {
    "op": "remove",
    "source": "recorded",
    "zone": "Tirisfal Glades",
    "time": 1790559490,
    "trim": true
   },
   "geometry": {
    "type": "LineString",
    "coordinates": [
     [
      -1141.5,
      -3147
     ],
     [
      -1143.3,
      -3140.4
     ],
     [
      -1146.1,
      -3133.8
     ],
     [
      -1149.9,
      -3128.2
     ],
     [
      -1153.6,
      -3122.6
     ],
     [
      -1158.3,
      -3117
     ],
     [
      -1162.1,
      -3111.4
     ],
     [
      -1166.8,
      -3105.7
     ],
     [
      -1169.6,
      -3099.2
     ],
     [
      -1171.4,
      -3091.7
     ],
     [
      -1173.3,
      -3085.1
     ],
     [
      -1175.2,
      -3078.6
     ],
     [
      -1177.1,
      -3072
     ],
     [
      -1179.9,
      -3065.4
     ],
     [
      -1183.6,
      -3059.8
     ],
     [
      -1187.4,
      -3054.2
     ],
     [
      -1192.1,
      -3048.6
     ],
     [
      -1195.8,
      -3042.9
     ],
     [
      -1200.5,
      -3038.3
     ],
     [
      -1204.2,
      -3032.6
     ],
     [
      -1207,
      -3026.1
     ],
     [
      -1210.8,
      -3020.5
     ],
     [
      -1215.5,
      -3014.8
     ],
     [
      -1220.2,
      -3009.2
     ],
     [
      -1223.9,
      -3003.6
     ],
     [
      -1228.6,
      -2998
     ],
     [
      -1233.3,
      -2993.3
     ],
     [
      -1237,
      -2987.7
     ],
     [
      -1241.7,
      -2983
     ],
     [
      -1246.4,
      -2978.3
     ],
     [
      -1252,
      -2974.5
     ],
     [
      -1258.6,
      -2973.6
     ],
     [
      -1264.2,
      -2969.9
     ]
    ]
   }
  },
  {
   "type": "Feature",
   "properties": {
    "op": "remove",
    "source": "recorded",
    "zone": "Tirisfal Glades",
    "time": 1790559498,
    "trim": true
   },
   "geometry": {
    "type": "LineString",
    "coordinates": [
     [
      -1275.5,
      -2955.8
     ],
     [
      -1277.3,
      -2949.2
     ],
     [
      -1279.2,
      -2942.7
     ],
     [
      -1280.1,
      -2936.1
     ],
     [
      -1279.2,
      -2929.6
     ],
     [
      -1277.3,
      -2922.1
     ],
     [
      -1276.4,
      -2915.5
     ],
     [
      -1275.5,
      -2909
     ],
     [
      -1275.5,
      -2902.4
     ],
     [
      -1275.5,
      -2894.9
     ],
     [
      -1274.5,
      -2888.3
     ],
     [
      -1270.8,
      -2882.7
     ],
     [
      -1269.8,
      -2876.2
     ],
     [
      -1270.8,
      -2869.6
     ],
     [
      -1272.6,
      -2863
     ],
     [
      -1275.5,
      -2856.5
     ],
     [
      -1278.3,
      -2849.9
     ],
     [
      -1281.1,
      -2843.4
     ],
     [
      -1282,
      -2835.9
     ],
     [
      -1282,
      -2828.4
     ],
     [
      -1282,
      -2821.8
     ],
     [
      -1283.9,
      -2815.3
     ],
     [
      -1287.6,
      -2809.6
     ],
     [
      -1291.4,
      -2804
     ],
     [
      -1296.1,
      -2799.3
     ],
     [
      -1301.7,
      -2794.6
     ],
     [
      -1307.3,
      -2790.9
     ],
     [
      -1312.9,
      -2787.1
     ],
     [
      -1319.5,
      -2783.4
     ],
     [
      -1324.2,
      -2778.7
     ],
     [
      -1327.9,
      -2773.1
     ],
     [
      -1331.7,
      -2767.5
     ],
     [
      -1337.3,
      -2763.7
     ],
     [
      -1343.9,
      -2760.9
     ],
     [
      -1350.4,
      -2758.1
     ],
     [
      -1357,
      -2758.1
     ],
     [
      -1363.5,
      -2758.1
     ],
     [
      -1370.1,
      -2755.3
     ],
     [
      -1376.7,
      -2753.4
     ],
     [
      -1383.2,
      -2753.4
     ],
     [
      -1389.8,
      -2754.3
     ],
     [
      -1396.3,
      -2753.4
     ],
     [
      -1402.9,
      -2751.5
     ]
    ]
   }
  },
  {
   "type": "Feature",
   "properties": {
    "op": "remove",
    "source": "recorded",
    "zone": "Tirisfal Glades",
    "time": 1790559509,
    "trim": true
   },
   "geometry": {
    "type": "LineString",
    "coordinates": [
     [
      -1180.8,
      -3041.1
     ],
     [
      -1182.7,
      -3034.5
     ],
     [
      -1183.6,
      -3027
     ],
     [
      -1184.6,
      -3020.5
     ],
     [
      -1185.5,
      -3013.9
     ],
     [
      -1185.5,
      -3007.3
     ],
     [
      -1185.5,
      -3000.8
     ],
     [
      -1185.5,
      -2994.2
     ],
     [
      -1185.5,
      -2987.7
     ],
     [
      -1185.5,
      -2981.1
     ],
     [
      -1185.5,
      -2974.5
     ],
     [
      -1185.5,
      -2968
     ],
     [
      -1184.6,
      -2961.4
     ],
     [
      -1184.6,
      -2954.9
     ],
     [
      -1184.6,
      -2948.3
     ],
     [
      -1187.4,
      -2941.7
     ],
     [
      -1191.1,
      -2936.1
     ],
     [
      -1194.9,
      -2930.5
     ],
     [
      -1199.6,
      -2924.9
     ],
     [
      -1204.2,
      -2920.2
     ],
     [
      -1208.9,
      -2915.5
     ],
     [
      -1212.7,
      -2909.9
     ],
     [
      -1216.4,
      -2904.3
     ],
     [
      -1220.2,
      -2898.6
     ],
     [
      -1223,
      -2892.1
     ],
     [
      -1226.7,
      -2886.5
     ],
     [
      -1230.5,
      -2879.9
     ],
     [
      -1234.2,
      -2874.3
     ],
     [
      -1238.9,
      -2868.7
     ],
     [
      -1242.7,
      -2863
     ],
     [
      -1247.3,
      -2858.4
     ],
     [
      -1251.1,
      -2852.7
     ],
     [
      -1251.1,
      -2846.2
     ],
     [
      -1251.1,
      -2839.6
     ],
     [
      -1250.2,
      -2833.1
     ],
     [
      -1249.2,
      -2826.5
     ],
     [
      -1248.3,
      -2819.9
     ],
     [
      -1248.3,
      -2813.4
     ],
     [
      -1249.2,
      -2806.8
     ],
     [
      -1249.2,
      -2799.3
     ],
     [
      -1249.2,
      -2792.8
     ],
     [
      -1249.2,
      -2786.2
     ],
     [
      -1250.2,
      -2779.6
     ],
     [
      -1252,
      -2773.1
     ],
     [
      -1253.9,
      -2766.5
     ],
     [
      -1256.7,
      -2760
     ],
     [
      -1257.6,
      -2753.4
     ],
     [
      -1260.5,
      -2746.8
     ],
     [
      -1262.3,
      -2740.3
     ],
     [
      -1263.3,
      -2733.7
     ],
     [
      -1266.1,
      -2727.2
     ],
     [
      -1270.8,
      -2722.5
     ],
     [
      -1276.4,
      -2718.7
     ],
     [
      -1282,
      -2715
     ],
     [
      -1287.6,
      -2711.2
     ],
     [
      -1293.3,
      -2707.5
     ],
     [
      -1297.9,
      -2702.8
     ],
     [
      -1303.6,
      -2699.1
     ],
     [
      -1309.2,
      -2695.3
     ],
     [
      -1314.8,
      -2691.6
     ],
     [
      -1319.5,
      -2686.9
     ],
     [
      -1324.2,
      -2682.2
     ],
     [
      -1328.9,
      -2676.6
     ],
     [
      -1332.6,
      -2670.9
     ],
     [
      -1337.3,
      -2666.3
     ],
     [
      -1342,
      -2661.6
     ],
     [
      -1345.7,
      -2656
     ],
     [
      -1350.4,
      -2650.3
     ],
     [
      -1355.1,
      -2644.7
     ],
     [
      -1359.8,
      -2640
     ],
     [
      -1365.4,
      -2636.3
     ],
     [
      -1371,
      -2632.5
     ],
     [
      -1376.7,
      -2628.8
     ],
     [
      -1382.3,
      -2625
     ],
     [
      -1387,
      -2620.3
     ],
     [
      -1392.6,
      -2616.6
     ],
     [
      -1397.3,
      -2611.9
     ],
     [
      -1402,
      -2607.2
     ],
     [
      -1406.6,
      -2601.6
     ],
     [
      -1411.3,
      -2596
     ],
     [
      -1416,
      -2591.3
     ]
    ]
   }
  },
  {
   "type": "Feature",
   "properties": {
    "op": "remove",
    "source": "recorded",
    "zone": "Tirisfal Glades",
    "time": 1790559516,
    "trim": true
   },
   "geometry": {
    "type": "LineString",
    "coordinates": [
     [
      -1458.2,
      -2649.4
     ],
     [
      -1453.5,
      -2644.7
     ],
     [
      -1446.9,
      -2641
     ],
     [
      -1442.2,
      -2636.3
     ],
     [
      -1437.6,
      -2631.6
     ],
     [
      -1434.7,
      -2625
     ],
     [
      -1430.1,
      -2619.4
     ],
     [
      -1426.3,
      -2613.8
     ],
     [
      -1423.5,
      -2607.2
     ],
     [
      -1421.6,
      -2600.7
     ],
     [
      -1421.6,
      -2594.1
     ],
     [
      -1425.4,
      -2588.5
     ],
     [
      -1429.1,
      -2581.9
     ],
     [
      -1431,
      -2575.4
     ],
     [
      -1433.8,
      -2568.8
     ],
     [
      -1435.7,
      -2562.3
     ],
     [
      -1437.6,
      -2555.7
     ],
     [
      -1439.4,
      -2549.1
     ],
     [
      -1441.3,
      -2542.6
     ],
     [
      -1443.2,
      -2536
     ],
     [
      -1445.1,
      -2529.5
     ],
     [
      -1446.9,
      -2522.9
     ],
     [
      -1447.9,
      -2516.3
     ],
     [
      -1447.9,
      -2509.8
     ],
     [
      -1446.9,
      -2503.2
     ],
     [
      -1445.1,
      -2496.7
     ],
     [
      -1441.3,
      -2491
     ],
     [
      -1438.5,
      -2484.5
     ],
     [
      -1436.6,
      -2491
     ],
     [
      -1436.6,
      -2497.6
     ],
     [
      -1436.6,
      -2504.2
     ],
     [
      -1432.9,
      -2510.7
     ],
     [
      -1430.1,
      -2517.3
     ],
     [
      -1428.2,
      -2523.8
     ],
     [
      -1427.3,
      -2530.4
     ],
     [
      -1426.3,
      -2537
     ],
     [
      -1425.4,
      -2543.5
     ],
     [
      -1424.4,
      -2550.1
     ],
     [
      -1423.5,
      -2556.6
     ],
     [
      -1422.6,
      -2563.2
     ],
     [
      -1421.6,
      -2569.7
     ],
     [
      -1420.7,
      -2576.3
     ],
     [
      -1416,
      -2581
     ]
    ]
   }
  },
  {
   "type": "Feature",
   "properties": {
    "op": "add",
    "source": "recorded",
    "zone": "Tirisfal Glades",
    "time": 1790559520,
    "trim": true
   },
   "geometry": {
    "type": "LineString",
    "coordinates": [
     [
      -1292.3,
      -2953
     ],
     [
      -1289.5,
      -2959.6
     ],
     [
      -1284.8,
      -2965.2
     ],
     [
      -1282.9,
      -2971.7
     ],
     [
      -1279.2,
      -2978.3
     ],
     [
      -1275.5,
      -2983.9
     ],
     [
      -1271.7,
      -2989.5
     ]
    ]
   }
  },
  {
   "type": "Feature",
   "properties": {
    "op": "add",
    "source": "recorded",
    "zone": "Tirisfal Glades",
    "time": 1790559527,
    "trim": true
   },
   "geometry": {
    "type": "LineString",
    "coordinates": [
     [
      -1292.3,
      -2952.1
     ],
     [
      -1291.4,
      -2958.6
     ],
     [
      -1287.6,
      -2964.2
     ],
     [
      -1283.9,
      -2970.8
     ],
     [
      -1281.1,
      -2978.3
     ],
     [
      -1278.3,
      -2984.9
     ],
     [
      -1276.4,
      -2992.3
     ],
     [
      -1273.6,
      -2998.9
     ],
     [
      -1272.6,
      -3005.5
     ],
     [
      -1271.7,
      -3013
     ],
     [
      -1271.7,
      -3019.5
     ],
     [
      -1274.5,
      -3027
     ],
     [
      -1276.4,
      -3033.6
     ],
     [
      -1279.2,
      -3040.1
     ],
     [
      -1280.1,
      -3046.7
     ],
     [
      -1282,
      -3053.3
     ],
     [
      -1282.9,
      -3059.8
     ],
     [
      -1282.9,
      -3066.4
     ],
     [
      -1283.9,
      -3072.9
     ],
     [
      -1284.8,
      -3080.4
     ],
     [
      -1285.8,
      -3087
     ],
     [
      -1286.7,
      -3093.5
     ],
     [
      -1287.6,
      -3101
     ],
     [
      -1288.6,
      -3109.5
     ],
     [
      -1288.6,
      -3116
     ],
     [
      -1289.5,
      -3122.6
     ],
     [
      -1292.3,
      -3129.2
     ],
     [
      -1295.1,
      -3135.7
     ],
     [
      -1297,
      -3142.3
     ],
     [
      -1297,
      -3148.8
     ],
     [
      -1297,
      -3155.4
     ],
     [
      -1296.1,
      -3162
     ],
     [
      -1295.1,
      -3168.5
     ],
     [
      -1294.2,
      -3175.1
     ],
     [
      -1293.3,
      -3181.6
     ],
     [
      -1289.5,
      -3187.3
     ],
     [
      -1285.8,
      -3192.9
     ],
     [
      -1281.1,
      -3197.6
     ],
     [
      -1275.5,
      -3201.3
     ],
     [
      -1268.9,
      -3204.1
     ],
     [
      -1263.3,
      -3208.8
     ],
     [
      -1258.6,
      -3213.5
     ],
     [
      -1254.8,
      -3219.1
     ],
     [
      -1250.2,
      -3224.7
     ],
     [
      -1245.5,
      -3229.4
     ]
    ]
   }
  },
  {
   "type": "Feature",
   "properties": {
    "op": "add",
    "source": "recorded",
    "zone": "Tirisfal Glades",
    "time": 1790559533,
    "trim": true
   },
   "geometry": {
    "type": "LineString",
    "coordinates": [
     [
      -1248.3,
      -3226.6
     ],
     [
      -1247.3,
      -3233.2
     ],
     [
      -1243.6,
      -3238.8
     ],
     [
      -1238.9,
      -3243.5
     ],
     [
      -1235.2,
      -3249.1
     ],
     [
      -1230.5,
      -3253.8
     ]
    ]
   }
  },
  {
   "type": "Feature",
   "properties": {
    "op": "add",
    "source": "recorded",
    "zone": "Tirisfal Glades",
    "time": 1790559548,
    "trim": true
   },
   "geometry": {
    "type": "LineString",
    "coordinates": [
     [
      -1366,
      -2889.6
     ],
     [
      -1371.2,
      -2888.8
     ],
     [
      -1376.5,
      -2888.1
     ],
     [
      -1381.7,
      -2886.6
     ],
     [
      -1386.9,
      -2888.1
     ],
     [
      -1392.2,
      -2890.3
     ],
     [
      -1397.4,
      -2893.3
     ],
     [
      -1402.7,
      -2895.5
     ],
     [
      -1407.2,
      -2898.5
     ],
     [
      -1411.7,
      -2901.5
     ],
     [
      -1414.7,
      -2906
     ],
     [
      -1417.7,
      -2910.5
     ],
     [
      -1422.9,
      -2912.8
     ],
     [
      -1428.2,
      -2912.8
     ],
     [
      -1433.4,
      -2911.3
     ],
     [
      -1438.7,
      -2911.3
     ],
     [
      -1443.9,
      -2910.5
     ],
     [
      -1449.2,
      -2910.5
     ],
     [
      -1454.4,
      -2910.5
     ],
     [
      -1459.7,
      -2909.8
     ],
     [
      -1464.9,
      -2909
     ],
     [
      -1470.2,
      -2906.8
     ],
     [
      -1475.4,
      -2904.5
     ],
     [
      -1480.6,
      -2902.3
     ],
     [
      -1485.9,
      -2900.8
     ],
     [
      -1491.1,
      -2899.3
     ],
     [
      -1496.4,
      -2897
     ],
     [
      -1502.4,
      -2895.5
     ],
     [
      -1507.6,
      -2892.6
     ],
     [
      -1512.9,
      -2890.3
     ],
     [
      -1518.1,
      -2888.1
     ],
     [
      -1523.4,
      -2886.6
     ],
     [
      -1528.6,
      -2885.8
     ],
     [
      -1533.9,
      -2885.1
     ],
     [
      -1539.1,
      -2886.6
     ],
     [
      -1543.6,
      -2889.6
     ],
     [
      -1548.1,
      -2892.6
     ],
     [
      -1551.9,
      -2896.3
     ],
     [
      -1555.6,
      -2900.8
     ],
     [
      -1559.4,
      -2905.3
     ],
     [
      -1564.6,
      -2906.8
     ],
     [
      -1569.9,
      -2908.3
     ],
     [
      -1575.1,
      -2908.3
     ],
     [
      -1580.3,
      -2905.3
     ],
     [
      -1584.8,
      -2902.3
     ],
     [
      -1588.6,
      -2898.5
     ],
     [
      -1593.8,
      -2896.3
     ],
     [
      -1599.1,
      -2894.8
     ],
     [
      -1604.3,
      -2894.8
     ],
     [
      -1609.6,
      -2894.1
     ],
     [
      -1614.8,
      -2892.6
     ],
     [
      -1620.1,
      -2891.1
     ],
     [
      -1625.3,
      -2889.6
     ],
     [
      -1630.6,
      -2889.6
     ],
     [
      -1635.8,
      -2889.6
     ],
     [
      -1641.1,
      -2889.6
     ]
    ]
   }
  },
  {
   "type": "Feature",
   "properties": {
    "op": "add",
    "source": "recorded",
    "zone": "Tirisfal Glades",
    "time": 1790559553,
    "trim": true
   },
   "geometry": {
    "type": "LineString",
    "coordinates": [
     [
      -1419.2,
      -2747.9
     ],
     [
      -1416.2,
      -2753.1
     ],
     [
      -1414.7,
      -2758.4
     ],
     [
      -1413.2,
      -2763.6
     ],
     [
      -1412.4,
      -2768.9
     ]
    ]
   }
  },
  {
   "type": "Feature",
   "properties": {
    "op": "remove",
    "source": "recorded",
    "zone": "Tirisfal Glades",
    "time": 1790559566,
    "trim": true
   },
   "geometry": {
    "type": "LineString",
    "coordinates": [
     [
      -1557.9,
      -2678.9
     ],
     [
      -1558.6,
      -2673.7
     ],
     [
      -1560.9,
      -2668.4
     ],
     [
      -1563.1,
      -2663.2
     ],
     [
      -1566.1,
      -2658.7
     ],
     [
      -1569.9,
      -2654.2
     ],
     [
      -1572.9,
      -2648.9
     ],
     [
      -1574.4,
      -2643.7
     ],
     [
      -1575.9,
      -2638.4
     ],
     [
      -1578.8,
      -2633.9
     ],
     [
      -1582.6,
      -2630.2
     ],
     [
      -1586.3,
      -2626.4
     ],
     [
      -1589.3,
      -2621.9
     ],
     [
      -1594.6,
      -2618.9
     ],
     [
      -1599.8,
      -2615.9
     ],
     [
      -1604.3,
      -2612.9
     ],
     [
      -1609.6,
      -2609.9
     ],
     [
      -1614.8,
      -2608.4
     ],
     [
      -1617.8,
      -2603.9
     ],
     [
      -1618.6,
      -2598.7
     ],
     [
      -1618.6,
      -2593.5
     ],
     [
      -1617.8,
      -2587.5
     ],
     [
      -1617.8,
      -2581.5
     ],
     [
      -1616.3,
      -2575.5
     ],
     [
      -1615.6,
      -2570.2
     ],
     [
      -1615.6,
      -2565
     ],
     [
      -1614.8,
      -2559.7
     ],
     [
      -1614.8,
      -2554.5
     ],
     [
      -1614.1,
      -2549.2
     ],
     [
      -1614.1,
      -2544
     ],
     [
      -1613.3,
      -2538
     ],
     [
      -1612.6,
      -2532.7
     ],
     [
      -1610.3,
      -2526.7
     ],
     [
      -1607.3,
      -2522.2
     ],
     [
      -1604.3,
      -2517
     ],
     [
      -1601.3,
      -2512.5
     ],
     [
      -1599.1,
      -2507.2
     ],
     [
      -1596.1,
      -2502.7
     ],
     [
      -1592.3,
      -2499
     ]
    ]
   }
  },
  {
   "type": "Feature",
   "properties": {
    "op": "remove",
    "source": "recorded",
    "zone": "Tirisfal Glades",
    "time": 1790559573,
    "trim": true
   },
   "geometry": {
    "type": "LineString",
    "coordinates": [
     [
      -1564.6,
      -2626.4
     ],
     [
      -1560.9,
      -2621.9
     ],
     [
      -1557.9,
      -2615.2
     ],
     [
      -1556.4,
      -2609.9
     ],
     [
      -1554.9,
      -2604.7
     ],
     [
      -1554.1,
      -2599.4
     ],
     [
      -1554.9,
      -2594.2
     ],
     [
      -1558.6,
      -2590.5
     ],
     [
      -1563.1,
      -2586.7
     ],
     [
      -1565.4,
      -2581.5
     ],
     [
      -1566.1,
      -2576.2
     ],
     [
      -1566.9,
      -2571
     ],
     [
      -1566.9,
      -2565.7
     ],
     [
      -1566.9,
      -2560.5
     ],
     [
      -1566.9,
      -2555.2
     ],
     [
      -1566.9,
      -2550
     ],
     [
      -1566.9,
      -2544.7
     ],
     [
      -1566.9,
      -2539.5
     ],
     [
      -1566.1,
      -2534.2
     ],
     [
      -1564.6,
      -2529
     ],
     [
      -1563.1,
      -2523.7
     ],
     [
      -1560.9,
      -2518.5
     ],
     [
      -1559.4,
      -2513.2
     ],
     [
      -1557.1,
      -2508
     ],
     [
      -1556.4,
      -2502.7
     ]
    ]
   }
  },
  {
   "type": "Feature",
   "properties": {
    "op": "remove",
    "source": "recorded",
    "zone": "Tirisfal Glades",
    "time": 1790559583,
    "trim": true
   },
   "geometry": {
    "type": "LineString",
    "coordinates": [
     [
      -1578.1,
      -2495.3
     ],
     [
      -1575.1,
      -2490.8
     ],
     [
      -1572.1,
      -2485.5
     ],
     [
      -1569.9,
      -2480.3
     ],
     [
      -1567.6,
      -2475
     ],
     [
      -1566.1,
      -2469
     ],
     [
      -1564.6,
      -2463.8
     ],
     [
      -1563.9,
      -2457.8
     ],
     [
      -1563.1,
      -2452.5
     ],
     [
      -1563.1,
      -2447.3
     ],
     [
      -1563.1,
      -2442
     ],
     [
      -1563.9,
      -2436.8
     ],
     [
      -1564.6,
      -2430.8
     ],
     [
      -1563.1,
      -2424
     ],
     [
      -1561.6,
      -2418.8
     ],
     [
      -1560.1,
      -2413.5
     ],
     [
      -1558.6,
      -2408.3
     ],
     [
      -1557.1,
      -2403
     ],
     [
      -1555.6,
      -2397.8
     ],
     [
      -1554.1,
      -2391.8
     ],
     [
      -1552.6,
      -2385.8
     ],
     [
      -1551.1,
      -2380.6
     ],
     [
      -1548.9,
      -2375.3
     ],
     [
      -1548.1,
      -2370.1
     ],
     [
      -1546.6,
      -2364.8
     ],
     [
      -1545.9,
      -2359.6
     ],
     [
      -1543.6,
      -2354.3
     ],
     [
      -1542.1,
      -2349.1
     ],
     [
      -1540.6,
      -2343.8
     ],
     [
      -1538.4,
      -2338.6
     ],
     [
      -1536.1,
      -2333.3
     ],
     [
      -1533.9,
      -2328.1
     ],
     [
      -1532.4,
      -2322.8
     ],
     [
      -1530.1,
      -2317.6
     ],
     [
      -1527.9,
      -2312.3
     ],
     [
      -1524.1,
      -2307.1
     ],
     [
      -1520.4,
      -2302.6
     ],
     [
      -1515.1,
      -2298.1
     ],
     [
      -1509.9,
      -2294.4
     ],
     [
      -1504.6,
      -2292.1
     ],
     [
      -1499.4,
      -2291.4
     ],
     [
      -1494.1,
      -2291.4
     ],
     [
      -1488.9,
      -2289.9
     ],
     [
      -1484.4,
      -2286.1
     ]
    ]
   }
  },
  {
   "type": "Feature",
   "properties": {
    "op": "remove",
    "source": "recorded",
    "zone": "Tirisfal Glades",
    "time": 1790559588,
    "trim": true
   },
   "geometry": {
    "type": "LineString",
    "coordinates": [
     [
      -1451.4,
      -2419.5
     ],
     [
      -1451.4,
      -2424.8
     ],
     [
      -1449.9,
      -2430
     ],
     [
      -1448.4,
      -2435.3
     ],
     [
      -1445.4,
      -2439.8
     ],
     [
      -1443.2,
      -2445
     ],
     [
      -1442.4,
      -2450.3
     ],
     [
      -1442.4,
      -2455.5
     ],
     [
      -1442.4,
      -2460.8
     ],
     [
      -1442.4,
      -2466
     ],
     [
      -1441.7,
      -2471.3
     ]
    ]
   }
  },
  {
   "type": "Feature",
   "properties": {
    "op": "remove",
    "source": "recorded",
    "zone": "Tirisfal Glades",
    "time": 1790559594,
    "trim": true
   },
   "geometry": {
    "type": "LineString",
    "coordinates": [
     [
      -1431.2,
      -2456.3
     ],
     [
      -1428.9,
      -2451
     ],
     [
      -1426.7,
      -2445.8
     ],
     [
      -1424.4,
      -2440.5
     ],
     [
      -1421.4,
      -2435.3
     ],
     [
      -1417.7,
      -2430
     ],
     [
      -1413.9,
      -2424.8
     ],
     [
      -1410.9,
      -2419.5
     ],
     [
      -1408.7,
      -2414.3
     ],
     [
      -1405.7,
      -2409
     ],
     [
      -1404.2,
      -2403.8
     ],
     [
      -1403.4,
      -2398.5
     ],
     [
      -1401.2,
      -2393.3
     ],
     [
      -1398.2,
      -2388.8
     ],
     [
      -1395.2,
      -2384.3
     ],
     [
      -1392.2,
      -2379.8
     ],
     [
      -1388.4,
      -2376.1
     ],
     [
      -1384.7,
      -2370.8
     ],
     [
      -1380.9,
      -2367.1
     ],
     [
      -1377.2,
      -2362.6
     ],
     [
      -1374.2,
      -2358.1
     ],
     [
      -1371.2,
      -2353.6
     ],
     [
      -1367.5,
      -2349.1
     ],
     [
      -1364.5,
      -2343.8
     ],
     [
      -1361.5,
      -2338.6
     ],
     [
      -1358.5,
      -2332.6
     ],
     [
      -1357,
      -2327.3
     ],
     [
      -1354,
      -2322.1
     ],
     [
      -1351,
      -2316.8
     ],
     [
      -1349.5,
      -2311.6
     ],
     [
      -1347.2,
      -2306.3
     ],
     [
      -1345.7,
      -2301.1
     ],
     [
      -1343.5,
      -2295.9
     ],
     [
      -1341.2,
      -2290.6
     ],
     [
      -1338.2,
      -2286.1
     ],
     [
      -1336,
      -2280.9
     ],
     [
      -1334.5,
      -2275.6
     ],
     [
      -1333.7,
      -2270.4
     ],
     [
      -1333,
      -2265.1
     ]
    ]
   }
  },
  {
   "type": "Feature",
   "properties": {
    "op": "add",
    "source": "recorded",
    "zone": "Tirisfal Glades",
    "time": 1790559599,
    "trim": true
   },
   "geometry": {
    "type": "LineString",
    "coordinates": [
     [
      -1450.7,
      -2391.1
     ],
     [
      -1451.4,
      -2396.3
     ],
     [
      -1453.7,
      -2401.5
     ],
     [
      -1455.2,
      -2406.8
     ],
     [
      -1456.7,
      -2412
     ],
     [
      -1458.9,
      -2417.3
     ],
     [
      -1461.2,
      -2422.5
     ],
     [
      -1464.9,
      -2426.3
     ],
     [
      -1470.2,
      -2428.5
     ],
     [
      -1473.2,
      -2433.8
     ],
     [
      -1476.9,
      -2437.5
     ]
    ]
   }
  },
  {
   "type": "Feature",
   "properties": {
    "op": "add",
    "source": "recorded",
    "zone": "Tirisfal Glades",
    "time": 1790559605,
    "trim": true
   },
   "geometry": {
    "type": "LineString",
    "coordinates": [
     [
      -1493.4,
      -2451.8
     ],
     [
      -1488.9,
      -2448.8
     ],
     [
      -1484.4,
      -2445.8
     ],
     [
      -1479.1,
      -2443.5
     ],
     [
      -1474.7,
      -2440.5
     ],
     [
      -1470.9,
      -2436.8
     ],
     [
      -1467.9,
      -2432.3
     ],
     [
      -1464.9,
      -2427.8
     ],
     [
      -1461.9,
      -2423.3
     ],
     [
      -1458.9,
      -2418
     ],
     [
      -1455.9,
      -2413.5
     ],
     [
      -1452.9,
      -2408.3
     ],
     [
      -1449.9,
      -2403
     ],
     [
      -1448.4,
      -2397.8
     ],
     [
      -1447.7,
      -2392.6
     ],
     [
      -1446.2,
      -2387.3
     ],
     [
      -1446.2,
      -2382.1
     ],
     [
      -1446.2,
      -2376.8
     ],
     [
      -1448.4,
      -2371.6
     ],
     [
      -1450.7,
      -2366.3
     ],
     [
      -1451.4,
      -2361.1
     ]
    ]
   }
  },
  {
   "type": "Feature",
   "properties": {
    "op": "add",
    "source": "recorded",
    "zone": "Tirisfal Glades",
    "time": 1790559613,
    "trim": true
   },
   "geometry": {
    "type": "LineString",
    "coordinates": [
     [
      -1603.4,
      -2488.2
     ],
     [
      -1599.1,
      -2489.2
     ],
     [
      -1595.7,
      -2489.2
     ],
     [
      -1591.9,
      -2489.7
     ],
     [
      -1587.6,
      -2490.2
     ],
     [
      -1584.2,
      -2490.6
     ],
     [
      -1580.9,
      -2491.6
     ],
     [
      -1577.5,
      -2493.5
     ],
     [
      -1574.2,
      -2494.5
     ],
     [
      -1570.8,
      -2495
     ],
     [
      -1567.4,
      -2495
     ],
     [
      -1564.1,
      -2494.5
     ],
     [
      -1560.7,
      -2494
     ],
     [
      -1557.4,
      -2493.5
     ],
     [
      -1554,
      -2493
     ],
     [
      -1550.6,
      -2492.6
     ],
     [
      -1547.3,
      -2491.6
     ],
     [
      -1543.9,
      -2491.1
     ],
     [
      -1540.6,
      -2491.1
     ]
    ]
   }
  },
  {
   "type": "Feature",
   "properties": {
    "op": "add",
    "source": "recorded",
    "zone": "Tirisfal Glades",
    "time": 1790559619,
    "trim": true
   },
   "geometry": {
    "type": "LineString",
    "coordinates": [
     [
      -1561.2,
      -2693.1
     ],
     [
      -1560.7,
      -2689.7
     ],
     [
      -1559.8,
      -2686.4
     ],
     [
      -1559.3,
      -2683
     ],
     [
      -1559.3,
      -2679.2
     ],
     [
      -1558.3,
      -2675.8
     ],
     [
      -1557.8,
      -2672.5
     ],
     [
      -1556.9,
      -2669.1
     ],
     [
      -1555.4,
      -2664.8
     ],
     [
      -1555,
      -2661.4
     ],
     [
      -1554,
      -2657.1
     ],
     [
      -1553.5,
      -2653.8
     ],
     [
      -1552.6,
      -2650.4
     ],
     [
      -1552.6,
      -2647
     ],
     [
      -1552.6,
      -2643.2
     ],
     [
      -1552.6,
      -2639.4
     ],
     [
      -1553,
      -2635.5
     ],
     [
      -1553.5,
      -2631.2
     ],
     [
      -1554.5,
      -2626.9
     ],
     [
      -1555,
      -2623.5
     ],
     [
      -1555.4,
      -2619.7
     ],
     [
      -1555.9,
      -2615.9
     ],
     [
      -1555.9,
      -2612.5
     ],
     [
      -1556.4,
      -2609.1
     ],
     [
      -1556.9,
      -2605.8
     ],
     [
      -1557.4,
      -2602.4
     ],
     [
      -1558.8,
      -2598.6
     ],
     [
      -1560.2,
      -2595.2
     ],
     [
      -1560.7,
      -2591.9
     ],
     [
      -1561.2,
      -2588
     ],
     [
      -1562.6,
      -2584.2
     ],
     [
      -1563.1,
      -2580.4
     ],
     [
      -1563.6,
      -2577
     ],
     [
      -1564.1,
      -2573.6
     ],
     [
      -1565,
      -2569.8
     ],
     [
      -1565.5,
      -2566.4
     ],
     [
      -1566,
      -2562.6
     ],
     [
      -1566,
      -2558.8
     ],
     [
      -1566,
      -2555.4
     ],
     [
      -1565.5,
      -2551.6
     ],
     [
      -1565.5,
      -2548.2
     ],
     [
      -1565,
      -2544.4
     ],
     [
      -1564.6,
      -2541
     ],
     [
      -1562.6,
      -2537.7
     ],
     [
      -1561.7,
      -2534.3
     ],
     [
      -1560.7,
      -2530.9
     ],
     [
      -1559.3,
      -2527.6
     ],
     [
      -1557.8,
      -2524.2
     ],
     [
      -1555.9,
      -2520.4
     ],
     [
      -1554.5,
      -2517
     ],
     [
      -1552.6,
      -2514.2
     ],
     [
      -1550.6,
      -2510.8
     ],
     [
      -1549.2,
      -2507.4
     ],
     [
      -1548.2,
      -2504.1
     ],
     [
      -1547.3,
      -2500.2
     ],
     [
      -1546.3,
      -2496.9
     ],
     [
      -1545.4,
      -2493.5
     ]
    ]
   }
  },
  {
   "type": "Feature",
   "properties": {
    "op": "add",
    "source": "recorded",
    "zone": "Tirisfal Glades",
    "time": 1790559623,
    "trim": true
   },
   "geometry": {
    "type": "LineString",
    "coordinates": [
     [
      -1545.4,
      -2690.2
     ],
     [
      -1547.8,
      -2687.8
     ],
     [
      -1550.2,
      -2685.4
     ],
     [
      -1552.6,
      -2683
     ],
     [
      -1555,
      -2680.1
     ],
     [
      -1556.9,
      -2677.3
     ],
     [
      -1558.3,
      -2673.9
     ],
     [
      -1559.3,
      -2670.6
     ]
    ]
   }
  },
  {
   "type": "Feature",
   "properties": {
    "op": "remove",
    "source": "recorded",
    "zone": "Tirisfal Glades",
    "time": 1790559661,
    "trim": true
   },
   "geometry": {
    "type": "LineString",
    "coordinates": [
     [
      -1480.7,
      -2274.5
     ],
     [
      -1480.7,
      -2271.1
     ],
     [
      -1481.2,
      -2267.7
     ],
     [
      -1481.2,
      -2264.4
     ],
     [
      -1481.2,
      -2261
     ],
     [
      -1481.2,
      -2257.7
     ],
     [
      -1480.2,
      -2254.3
     ],
     [
      -1479.8,
      -2251
     ],
     [
      -1478.8,
      -2247.6
     ],
     [
      -1478.3,
      -2244.2
     ],
     [
      -1478.3,
      -2240.9
     ],
     [
      -1478.3,
      -2237.5
     ],
     [
      -1478.3,
      -2234.2
     ],
     [
      -1478.3,
      -2230.8
     ],
     [
      -1478.8,
      -2227.4
     ],
     [
      -1478.8,
      -2224.1
     ],
     [
      -1479.3,
      -2220.7
     ],
     [
      -1479.3,
      -2216.9
     ],
     [
      -1479.3,
      -2213.5
     ],
     [
      -1478.8,
      -2210.2
     ],
     [
      -1477.8,
      -2206.8
     ],
     [
      -1476.9,
      -2203.5
     ],
     [
      -1475.9,
      -2200.1
     ],
     [
      -1475.4,
      -2196.7
     ],
     [
      -1475,
      -2193.4
     ],
     [
      -1474.5,
      -2189.5
     ],
     [
      -1474,
      -2186.2
     ],
     [
      -1473.5,
      -2182.8
     ],
     [
      -1472.6,
      -2179
     ],
     [
      -1472.1,
      -2175.6
     ],
     [
      -1471.1,
      -2172.3
     ],
     [
      -1470.2,
      -2168.9
     ],
     [
      -1469.2,
      -2165.6
     ],
     [
      -1468.7,
      -2161.7
     ],
     [
      -1468.3,
      -2158.4
     ],
     [
      -1468.3,
      -2155
     ],
     [
      -1468.3,
      -2151.6
     ],
     [
      -1468.3,
      -2148.3
     ],
     [
      -1468.3,
      -2144.4
     ],
     [
      -1467.8,
      -2141.1
     ],
     [
      -1467.8,
      -2137.2
     ],
     [
      -1467.3,
      -2133.4
     ],
     [
      -1466.8,
      -2130.1
     ],
     [
      -1466.3,
      -2126.7
     ],
     [
      -1465.9,
      -2123.3
     ],
     [
      -1465.4,
      -2120
     ],
     [
      -1464.9,
      -2116.1
     ],
     [
      -1464.4,
      -2112.8
     ],
     [
      -1464.4,
      -2109.4
     ],
     [
      -1464.4,
      -2106.1
     ],
     [
      -1464.4,
      -2102.7
     ],
     [
      -1464.9,
      -2099.3
     ],
     [
      -1465.4,
      -2096
     ],
     [
      -1465.9,
      -2092.6
     ],
     [
      -1465.9,
      -2089.3
     ],
     [
      -1465.9,
      -2085.9
     ],
     [
      -1465.9,
      -2082.6
     ],
     [
      -1465.9,
      -2079.2
     ],
     [
      -1465.9,
      -2075.8
     ],
     [
      -1466.3,
      -2072.5
     ],
     [
      -1466.3,
      -2069.1
     ],
     [
      -1466.3,
      -2065.8
     ],
     [
      -1466.3,
      -2062.4
     ],
     [
      -1466.3,
      -2059
     ],
     [
      -1466.8,
      -2055.7
     ],
     [
      -1466.8,
      -2051.9
     ],
     [
      -1467.3,
      -2048.5
     ],
     [
      -1467.8,
      -2045.1
     ],
     [
      -1468.7,
      -2041.8
     ],
     [
      -1469.7,
      -2038.4
     ],
     [
      -1470.7,
      -2035.1
     ],
     [
      -1470.7,
      -2031.7
     ],
     [
      -1471.1,
      -2028.3
     ],
     [
      -1471.1,
      -2025
     ],
     [
      -1471.1,
      -2021.6
     ],
     [
      -1471.1,
      -2017.8
     ],
     [
      -1470.7,
      -2014.4
     ],
     [
      -1470.2,
      -2010.6
     ],
     [
      -1469.7,
      -2007.2
     ],
     [
      -1469.7,
      -2003.9
     ],
     [
      -1469.2,
      -2000.5
     ],
     [
      -1468.3,
      -1997.2
     ],
     [
      -1467.8,
      -1993.8
     ],
     [
      -1467.3,
      -1990.4
     ],
     [
      -1466.3,
      -1987.1
     ],
     [
      -1465.4,
      -1983.7
     ],
     [
      -1463.5,
      -1980.8
     ],
     [
      -1461.5,
      -1978
     ],
     [
      -1458.7,
      -1975.6
     ],
     [
      -1456.7,
      -1972.7
     ],
     [
      -1454.8,
      -1969.8
     ],
     [
      -1452.4,
      -1966.9
     ],
     [
      -1450,
      -1964.1
     ],
     [
      -1447.1,
      -1962.1
     ],
     [
      -1444.3,
      -1960.2
     ],
     [
      -1441.4,
      -1958.3
     ],
     [
      -1438,
      -1957.3
     ],
     [
      -1434.7,
      -1956.4
     ],
     [
      -1431.3,
      -1955.4
     ],
     [
      -1428,
      -1955.4
     ],
     [
      -1424.6,
      -1955.4
     ],
     [
      -1421.2,
      -1955.9
     ],
     [
      -1417.9,
      -1956.4
     ],
     [
      -1414.5,
      -1956.4
     ],
     [
      -1411.2,
      -1956.9
     ],
     [
      -1407.8,
      -1956.9
     ],
     [
      -1404.4,
      -1956.9
     ],
     [
      -1401.1,
      -1956.9
     ],
     [
      -1397.2,
      -1956.9
     ],
     [
      -1393.9,
      -1956.9
     ],
     [
      -1390.5,
      -1956.4
     ],
     [
      -1387.2,
      -1956.4
     ],
     [
      -1383.8,
      -1956.4
     ],
     [
      -1380.5,
      -1956.4
     ],
     [
      -1377.1,
      -1955.9
     ],
     [
      -1373.7,
      -1954.9
     ],
     [
      -1370.4,
      -1954
     ]
    ]
   }
  },
  {
   "type": "Feature",
   "properties": {
    "op": "add",
    "source": "recorded",
    "zone": "Tirisfal Glades",
    "time": 1790559669,
    "trim": true
   },
   "geometry": {
    "type": "LineString",
    "coordinates": [
     [
      -1360.3,
      -1942
     ],
     [
      -1362.2,
      -1945.3
     ],
     [
      -1363.7,
      -1948.7
     ],
     [
      -1364.6,
      -1952.1
     ],
     [
      -1365.1,
      -1955.4
     ],
     [
      -1367,
      -1958.3
     ],
     [
      -1368.5,
      -1961.7
     ],
     [
      -1369.4,
      -1965
     ],
     [
      -1371.3,
      -1967.9
     ],
     [
      -1373.7,
      -1970.8
     ],
     [
      -1375.7,
      -1973.7
     ]
    ]
   }
  },
  {
   "type": "Feature",
   "properties": {
    "op": "remove",
    "source": "recorded",
    "zone": "Tirisfal Glades",
    "time": 1790559686,
    "trim": true
   },
   "geometry": {
    "type": "LineString",
    "coordinates": [
     [
      -1320,
      -2266.3
     ],
     [
      -1316.6,
      -2265.8
     ],
     [
      -1313.8,
      -2263.9
     ],
     [
      -1310.9,
      -2262
     ],
     [
      -1308,
      -2260.1
     ],
     [
      -1304.7,
      -2258.6
     ],
     [
      -1301.3,
      -2257.7
     ],
     [
      -1297.9,
      -2256.7
     ],
     [
      -1294.1,
      -2256.2
     ],
     [
      -1290.7,
      -2255.3
     ],
     [
      -1287.4,
      -2254.8
     ],
     [
      -1284,
      -2253.8
     ],
     [
      -1280.7,
      -2252.4
     ],
     [
      -1277.3,
      -2251.9
     ],
     [
      -1273.9,
      -2251
     ],
     [
      -1270.6,
      -2250.5
     ],
     [
      -1267.2,
      -2249.5
     ],
     [
      -1263.9,
      -2249
     ],
     [
      -1260,
      -2248.1
     ],
     [
      -1256.2,
      -2248.1
     ],
     [
      -1252.8,
      -2247.6
     ],
     [
      -1249.5,
      -2247.1
     ],
     [
      -1246.1,
      -2246.2
     ],
     [
      -1242.8,
      -2245.2
     ],
     [
      -1238.9,
      -2244.2
     ],
     [
      -1235.1,
      -2242.8
     ],
     [
      -1231.7,
      -2241.8
     ],
     [
      -1227.9,
      -2240.9
     ],
     [
      -1224.5,
      -2240.4
     ],
     [
      -1221.2,
      -2239.9
     ],
     [
      -1217.8,
      -2239.4
     ],
     [
      -1214.5,
      -2239.4
     ],
     [
      -1210.6,
      -2239.4
     ],
     [
      -1207.3,
      -2239.9
     ],
     [
      -1203.9,
      -2239.4
     ],
     [
      -1200.1,
      -2238.5
     ],
     [
      -1196.2,
      -2237.5
     ],
     [
      -1192.4,
      -2236.6
     ],
     [
      -1188.6,
      -2235.6
     ],
     [
      -1185.2,
      -2234.2
     ],
     [
      -1181.8,
      -2232.7
     ],
     [
      -1178.5,
      -2230.8
     ],
     [
      -1175.6,
      -2228.9
     ],
     [
      -1172.7,
      -2227
     ],
     [
      -1168.9,
      -2225
     ],
     [
      -1166,
      -2223.1
     ],
     [
      -1163.6,
      -2220.7
     ],
     [
      -1160.7,
      -2218.8
     ],
     [
      -1157.8,
      -2216.9
     ],
     [
      -1155,
      -2215
     ],
     [
      -1151.6,
      -2213.5
     ],
     [
      -1148.3,
      -2212.1
     ],
     [
      -1144.9,
      -2210.2
     ],
     [
      -1141.5,
      -2208.7
     ],
     [
      -1137.7,
      -2207.3
     ],
     [
      -1134.3,
      -2206.3
     ],
     [
      -1131,
      -2204.9
     ],
     [
      -1127.6,
      -2203.9
     ],
     [
      -1124.3,
      -2203
     ],
     [
      -1120.9,
      -2201.5
     ],
     [
      -1117.1,
      -2200.6
     ],
     [
      -1113.7,
      -2199.6
     ],
     [
      -1109.9,
      -2198.7
     ],
     [
      -1106,
      -2197.2
     ],
     [
      -1102.2,
      -2196.3
     ],
     [
      -1098.8,
      -2194.8
     ],
     [
      -1095.5,
      -2193.4
     ],
     [
      -1092.1,
      -2191.9
     ],
     [
      -1089.2,
      -2190
     ],
     [
      -1085.9,
      -2188.6
     ],
     [
      -1082.5,
      -2187.1
     ],
     [
      -1079.2,
      -2185.7
     ],
     [
      -1075.8,
      -2184.7
     ],
     [
      -1072,
      -2182.8
     ],
     [
      -1068.6,
      -2181.9
     ],
     [
      -1066.2,
      -2179.5
     ],
     [
      -1063.8,
      -2176.6
     ],
     [
      -1061.4,
      -2174.2
     ],
     [
      -1059,
      -2171.3
     ],
     [
      -1057.1,
      -2168
     ],
     [
      -1055.7,
      -2164.6
     ],
     [
      -1054.2,
      -2161.2
     ],
     [
      -1052.3,
      -2157.4
     ],
     [
      -1050.9,
      -2153.6
     ],
     [
      -1049.4,
      -2149.7
     ],
     [
      -1047.5,
      -2146.8
     ],
     [
      -1045.6,
      -2143
     ],
     [
      -1044.6,
      -2139.6
     ],
     [
      -1043.2,
      -2136.3
     ],
     [
      -1043.2,
      -2132.9
     ],
     [
      -1043.2,
      -2128.6
     ],
     [
      -1043.7,
      -2125.3
     ],
     [
      -1043.7,
      -2121.9
     ],
     [
      -1043.7,
      -2118.5
     ],
     [
      -1044.1,
      -2115.2
     ],
     [
      -1044.1,
      -2111.8
     ],
     [
      -1044.1,
      -2107.5
     ],
     [
      -1043.7,
      -2103.7
     ],
     [
      -1043.2,
      -2098.4
     ],
     [
      -1042.7,
      -2094.1
     ],
     [
      -1042.2,
      -2090.2
     ],
     [
      -1041.7,
      -2086.9
     ],
     [
      -1041.3,
      -2083
     ],
     [
      -1041.3,
      -2079.2
     ],
     [
      -1040.8,
      -2075.4
     ],
     [
      -1040.8,
      -2071.5
     ],
     [
      -1040.3,
      -2067.7
     ],
     [
      -1040.3,
      -2064.3
     ],
     [
      -1040.3,
      -2061
     ],
     [
      -1040.8,
      -2057.1
     ],
     [
      -1041.3,
      -2053.3
     ],
     [
      -1041.7,
      -2049.9
     ],
     [
      -1042.2,
      -2046.6
     ],
     [
      -1042.2,
      -2042.7
     ],
     [
      -1042.2,
      -2038.9
     ],
     [
      -1041.7,
      -2035.1
     ],
     [
      -1041.3,
      -2030.7
     ],
     [
      -1040.3,
      -2027.4
     ],
     [
      -1039.8,
      -2023.5
     ],
     [
      -1038.9,
      -2020.2
     ],
     [
      -1037.9,
      -2016.8
     ],
     [
      -1037.4,
      -2013
     ],
     [
      -1036.9,
      -2009.2
     ],
     [
      -1036.5,
      -2005.8
     ],
     [
      -1036,
      -2002.4
     ],
     [
      -1035.5,
      -1998.6
     ],
     [
      -1035.5,
      -1995.2
     ],
     [
      -1035,
      -1991.9
     ],
     [
      -1034.6,
      -1988.5
     ],
     [
      -1034.1,
      -1985.2
     ],
     [
      -1033.6,
      -1981.8
     ],
     [
      -1033.1,
      -1978.4
     ],
     [
      -1032.6,
      -1975.1
     ],
     [
      -1032.2,
      -1971.7
     ],
     [
      -1032.2,
      -1968.4
     ],
     [
      -1031.2,
      -1964.5
     ],
     [
      -1030.7,
      -1961.2
     ],
     [
      -1030.7,
      -1957.8
     ],
     [
      -1030.2,
      -1954
     ],
     [
      -1030.2,
      -1950.6
     ],
     [
      -1030.2,
      -1947.3
     ]
    ]
   }
  },
  {
   "type": "Feature",
   "properties": {
    "op": "remove",
    "source": "recorded",
    "zone": "Tirisfal Glades",
    "time": 1790559701,
    "trim": true
   },
   "geometry": {
    "type": "LineString",
    "coordinates": [
     [
      -1018.7,
      -1939.6
     ],
     [
      -1015.8,
      -1937.2
     ],
     [
      -1013.4,
      -1934.3
     ],
     [
      -1011,
      -1931.4
     ],
     [
      -1008.2,
      -1929
     ],
     [
      -1005.3,
      -1926.6
     ],
     [
      -1002.4,
      -1924.2
     ],
     [
      -999.5,
      -1921.8
     ],
     [
      -996.2,
      -1919
     ],
     [
      -993.3,
      -1916.1
     ],
     [
      -990.9,
      -1913.7
     ],
     [
      -988.5,
      -1911.3
     ],
     [
      -986.1,
      -1908.9
     ],
     [
      -983.7,
      -1906.5
     ],
     [
      -980.8,
      -1904.6
     ],
     [
      -978.4,
      -1902.2
     ],
     [
      -975.5,
      -1899.8
     ],
     [
      -972.7,
      -1896.9
     ],
     [
      -970.7,
      -1894
     ],
     [
      -968.3,
      -1891.6
     ],
     [
      -965.9,
      -1888.7
     ],
     [
      -964,
      -1885.9
     ],
     [
      -962.1,
      -1883
     ],
     [
      -960.2,
      -1879.6
     ],
     [
      -958.3,
      -1876.7
     ],
     [
      -956.3,
      -1873.9
     ],
     [
      -954,
      -1871.5
     ],
     [
      -951.6,
      -1869.1
     ],
     [
      -949.2,
      -1866.7
     ],
     [
      -946.3,
      -1864.3
     ],
     [
      -943.9,
      -1861.9
     ],
     [
      -940.5,
      -1859.5
     ],
     [
      -937.2,
      -1857.5
     ],
     [
      -934.3,
      -1855.6
     ],
     [
      -930.9,
      -1853.7
     ],
     [
      -928,
      -1851.8
     ],
     [
      -925.2,
      -1849.9
     ],
     [
      -922.3,
      -1848
     ],
     [
      -919.9,
      -1845.6
     ],
     [
      -917.5,
      -1843.2
     ],
     [
      -915.6,
      -1839.8
     ],
     [
      -914.1,
      -1836.4
     ],
     [
      -913.2,
      -1833.1
     ],
     [
      -912.2,
      -1829.7
     ],
     [
      -911.7,
      -1826.4
     ],
     [
      -912.7,
      -1823
     ],
     [
      -914.6,
      -1819.2
     ],
     [
      -915.1,
      -1815.8
     ],
     [
      -915.1,
      -1812.5
     ],
     [
      -915.6,
      -1809.1
     ],
     [
      -915.6,
      -1805.7
     ],
     [
      -916,
      -1801.9
     ],
     [
      -916.5,
      -1798.5
     ],
     [
      -916.5,
      -1795.2
     ],
     [
      -917,
      -1791.8
     ],
     [
      -918,
      -1788
     ],
     [
      -918.4,
      -1784.6
     ],
     [
      -920.4,
      -1781.7
     ],
     [
      -922.8,
      -1779.3
     ],
     [
      -925.2,
      -1776.9
     ],
     [
      -927.6,
      -1774.6
     ],
     [
      -930,
      -1772.2
     ],
     [
      -931.9,
      -1769.3
     ],
     [
      -933.8,
      -1766.4
     ],
     [
      -935.7,
      -1763
     ],
     [
      -937.2,
      -1759.7
     ],
     [
      -939.1,
      -1756.8
     ],
     [
      -940.5,
      -1753.4
     ],
     [
      -942.4,
      -1750.6
     ],
     [
      -943.9,
      -1747.2
     ],
     [
      -945.3,
      -1743.4
     ],
     [
      -946.8,
      -1740
     ],
     [
      -947.7,
      -1736.6
     ],
     [
      -948.7,
      -1733.3
     ],
     [
      -949.2,
      -1729.9
     ],
     [
      -948.7,
      -1726.6
     ],
     [
      -948.2,
      -1723.2
     ],
     [
      -947.7,
      -1719.9
     ]
    ]
   }
  },
  {
   "type": "Feature",
   "properties": {
    "op": "remove",
    "source": "recorded",
    "zone": "Tirisfal Glades",
    "time": 1790559714,
    "trim": true
   },
   "geometry": {
    "type": "LineString",
    "coordinates": [
     [
      -986.1,
      -1690.6
     ],
     [
      -982.7,
      -1691.6
     ],
     [
      -979.4,
      -1693.5
     ],
     [
      -976.5,
      -1695.9
     ],
     [
      -973.6,
      -1697.8
     ],
     [
      -971.2,
      -1700.2
     ],
     [
      -968.3,
      -1702.1
     ],
     [
      -965.9,
      -1704.5
     ],
     [
      -963.5,
      -1707.4
     ],
     [
      -960.7,
      -1709.8
     ],
     [
      -957.8,
      -1712.2
     ],
     [
      -954.4,
      -1714.1
     ],
     [
      -951.6,
      -1716.5
     ],
     [
      -948.2,
      -1718.4
     ],
     [
      -945.3,
      -1720.3
     ],
     [
      -942.4,
      -1722.3
     ],
     [
      -939.6,
      -1724.2
     ],
     [
      -936.2,
      -1726.1
     ],
     [
      -932.8,
      -1728
     ],
     [
      -930,
      -1729.9
     ],
     [
      -926.6,
      -1731.4
     ],
     [
      -923.2,
      -1733.3
     ],
     [
      -919.9,
      -1734.3
     ],
     [
      -916.5,
      -1734.7
     ],
     [
      -913.2,
      -1736.2
     ],
     [
      -910.3,
      -1738.1
     ],
     [
      -907.4,
      -1740.5
     ],
     [
      -904.5,
      -1742.4
     ],
     [
      -901.7,
      -1744.3
     ],
     [
      -898.3,
      -1746.7
     ],
     [
      -895.4,
      -1748.6
     ],
     [
      -892.5,
      -1750.6
     ],
     [
      -888.7,
      -1751.5
     ],
     [
      -885.3,
      -1751.5
     ],
     [
      -882,
      -1750.6
     ],
     [
      -878.1,
      -1749.1
     ],
     [
      -874.8,
      -1747.2
     ],
     [
      -871.4,
      -1746.2
     ],
     [
      -868.1,
      -1747.2
     ],
     [
      -866.2,
      -1750.1
     ],
     [
      -866.2,
      -1753.4
     ],
     [
      -866.2,
      -1756.8
     ],
     [
      -866.2,
      -1760.2
     ],
     [
      -866.2,
      -1763.5
     ],
     [
      -864.7,
      -1767.4
     ],
     [
      -863.8,
      -1770.7
     ],
     [
      -862.3,
      -1774.1
     ],
     [
      -861.4,
      -1777.4
     ],
     [
      -859.9,
      -1781.3
     ],
     [
      -859,
      -1784.6
     ],
     [
      -856.6,
      -1787
     ],
     [
      -853.2,
      -1788
     ],
     [
      -851.3,
      -1790.9
     ],
     [
      -851.3,
      -1794.7
     ],
     [
      -851.3,
      -1798.1
     ],
     [
      -851.3,
      -1801.4
     ],
     [
      -851.3,
      -1804.8
     ],
     [
      -850.8,
      -1808.6
     ],
     [
      -850.3,
      -1812
     ],
     [
      -849.4,
      -1815.3
     ],
     [
      -848.4,
      -1818.7
     ],
     [
      -847.4,
      -1822
     ],
     [
      -847,
      -1825.4
     ],
     [
      -846,
      -1828.8
     ],
     [
      -843.6,
      -1831.2
     ],
     [
      -839.8,
      -1833.6
     ],
     [
      -836.4,
      -1835.5
     ],
     [
      -833.1,
      -1837.4
     ],
     [
      -830.7,
      -1839.8
     ],
     [
      -828.3,
      -1842.2
     ],
     [
      -826.3,
      -1845.1
     ],
     [
      -824.4,
      -1848.4
     ],
     [
      -823,
      -1852.3
     ],
     [
      -822,
      -1856.1
     ],
     [
      -820.6,
      -1859.5
     ],
     [
      -819.1,
      -1862.8
     ],
     [
      -818.7,
      -1866.2
     ],
     [
      -822,
      -1867.6
     ],
     [
      -825.4,
      -1869.1
     ],
     [
      -828.7,
      -1870.5
     ],
     [
      -831.6,
      -1872.4
     ],
     [
      -833.1,
      -1875.8
     ],
     [
      -833.5,
      -1879.6
     ],
     [
      -834,
      -1883
     ],
     [
      -835,
      -1886.3
     ],
     [
      -836.4,
      -1889.7
     ],
     [
      -838.3,
      -1892.6
     ],
     [
      -840.2,
      -1895.9
     ],
     [
      -841.7,
      -1899.3
     ],
     [
      -843.6,
      -1902.2
     ],
     [
      -845,
      -1905.5
     ],
     [
      -847,
      -1908.9
     ],
     [
      -849.4,
      -1911.8
     ],
     [
      -851.8,
      -1914.2
     ],
     [
      -854.2,
      -1917
     ],
     [
      -857,
      -1919
     ],
     [
      -859.4,
      -1921.8
     ],
     [
      -861.8,
      -1924.2
     ],
     [
      -864.2,
      -1926.6
     ],
     [
      -867.1,
      -1928.6
     ],
     [
      -870,
      -1930.5
     ],
     [
      -873.4,
      -1932.4
     ],
     [
      -876.2,
      -1934.3
     ],
     [
      -879.6,
      -1935.3
     ],
     [
      -882.9,
      -1936.2
     ],
     [
      -886.3,
      -1936.2
     ],
     [
      -889.7,
      -1936.2
     ],
     [
      -893,
      -1937.7
     ],
     [
      -895.9,
      -1940.1
     ],
     [
      -898.8,
      -1942
     ],
     [
      -901.2,
      -1944.9
     ],
     [
      -904.1,
      -1947.3
     ],
     [
      -906,
      -1950.1
     ],
     [
      -907.9,
      -1953
     ],
     [
      -909.8,
      -1956.4
     ],
     [
      -911.7,
      -1959.3
     ],
     [
      -913.7,
      -1962.1
     ],
     [
      -915.1,
      -1965.5
     ],
     [
      -916.5,
      -1968.9
     ],
     [
      -918,
      -1972.2
     ],
     [
      -918.9,
      -1975.6
     ],
     [
      -920.8,
      -1978.4
     ],
     [
      -922.3,
      -1981.8
     ],
     [
      -923.7,
      -1985.2
     ],
     [
      -924.7,
      -1988.5
     ],
     [
      -926.6,
      -1991.9
     ],
     [
      -927.6,
      -1995.2
     ],
     [
      -928,
      -1998.6
     ],
     [
      -929,
      -2002
     ]
    ]
   }
  },
  {
   "type": "Feature",
   "properties": {
    "op": "add",
    "source": "recorded",
    "zone": "Tirisfal Glades",
    "time": 1790559722,
    "trim": true
   },
   "geometry": {
    "type": "LineString",
    "coordinates": [
     [
      -968.8,
      -1681.5
     ],
     [
      -972.7,
      -1682
     ],
     [
      -976,
      -1683.4
     ],
     [
      -979.4,
      -1684.8
     ],
     [
      -982.7,
      -1686.3
     ],
     [
      -986.1,
      -1687.2
     ],
     [
      -989.5,
      -1687.7
     ],
     [
      -992.8,
      -1688.2
     ],
     [
      -996.2,
      -1688.2
     ],
     [
      -999.5,
      -1687.2
     ],
     [
      -1002.9,
      -1686.3
     ],
     [
      -1006.2,
      -1685.8
     ],
     [
      -1009.6,
      -1685.3
     ]
    ]
   }
  },
  {
   "type": "Feature",
   "properties": {
    "op": "add",
    "source": "recorded",
    "zone": "Tirisfal Glades",
    "time": 1790559728,
    "trim": true
   },
   "geometry": {
    "type": "LineString",
    "coordinates": [
     [
      -1035,
      -1929
     ],
     [
      -1032.6,
      -1931.4
     ],
     [
      -1030.2,
      -1933.8
     ],
     [
      -1028.3,
      -1936.7
     ],
     [
      -1026.9,
      -1940.1
     ],
     [
      -1025,
      -1943.4
     ],
     [
      -1023.5,
      -1946.8
     ],
     [
      -1021.1,
      -1949.7
     ],
     [
      -1018.7,
      -1952.1
     ],
     [
      -1015.8,
      -1954
     ],
     [
      -1012.5,
      -1955.4
     ]
    ]
   }
  },
  {
   "type": "Feature",
   "properties": {
    "op": "add",
    "source": "recorded",
    "zone": "Tirisfal Glades",
    "time": 1790559734,
    "trim": true
   },
   "geometry": {
    "type": "LineString",
    "coordinates": [
     [
      -934.8,
      -2015.4
     ],
     [
      -934.8,
      -2012
     ],
     [
      -935.2,
      -2008.7
     ],
     [
      -936.2,
      -2005.3
     ],
     [
      -937.2,
      -2002
     ],
     [
      -938.6,
      -1998.6
     ],
     [
      -940.5,
      -1995.7
     ],
     [
      -941.5,
      -1992.4
     ]
    ]
   }
  },
  {
   "type": "Feature",
   "properties": {
    "op": "remove",
    "source": "recorded",
    "zone": "Tirisfal Glades",
    "time": 1790559752,
    "trim": true
   },
   "geometry": {
    "type": "LineString",
    "coordinates": [
     [
      -1247.6,
      -1775
     ],
     [
      -1248.5,
      -1771.7
     ],
     [
      -1249,
      -1768.3
     ],
     [
      -1249,
      -1765
     ],
     [
      -1249.5,
      -1761.6
     ],
     [
      -1250,
      -1758.2
     ],
     [
      -1250,
      -1754.9
     ],
     [
      -1250.4,
      -1751.5
     ],
     [
      -1250.9,
      -1748.2
     ],
     [
      -1250.9,
      -1744.8
     ],
     [
      -1251.4,
      -1741.4
     ],
     [
      -1251.9,
      -1738.1
     ],
     [
      -1252.8,
      -1734.7
     ],
     [
      -1253.3,
      -1730.9
     ],
     [
      -1254.3,
      -1727.5
     ],
     [
      -1255.2,
      -1724.2
     ],
     [
      -1256.7,
      -1720.8
     ],
     [
      -1257.2,
      -1717.5
     ],
     [
      -1258.1,
      -1714.1
     ],
     [
      -1258.6,
      -1710.7
     ],
     [
      -1258.6,
      -1707.4
     ],
     [
      -1258.6,
      -1703.5
     ],
     [
      -1258.6,
      -1700.2
     ],
     [
      -1259.1,
      -1696.8
     ],
     [
      -1259.6,
      -1693.5
     ],
     [
      -1261,
      -1690.1
     ],
     [
      -1262.9,
      -1687.2
     ],
     [
      -1265.3,
      -1684.8
     ],
     [
      -1267.7,
      -1682
     ],
     [
      -1269.2,
      -1678.6
     ],
     [
      -1271.1,
      -1675.2
     ],
     [
      -1272.5,
      -1671.9
     ],
     [
      -1274.4,
      -1669
     ],
     [
      -1276.8,
      -1666.1
     ],
     [
      -1279.2,
      -1663.7
     ],
     [
      -1282.1,
      -1661.3
     ],
     [
      -1285,
      -1659.4
     ],
     [
      -1288.3,
      -1657.5
     ],
     [
      -1291.2,
      -1655.1
     ],
     [
      -1293.6,
      -1652.7
     ],
     [
      -1295.5,
      -1649.8
     ],
     [
      -1297.5,
      -1646.9
     ],
     [
      -1299.9,
      -1644.1
     ],
     [
      -1301.8,
      -1641.2
     ],
     [
      -1303.7,
      -1637.8
     ],
     [
      -1304.7,
      -1634.5
     ],
     [
      -1305.1,
      -1631.1
     ],
     [
      -1306.1,
      -1627.7
     ],
     [
      -1306.6,
      -1624.4
     ],
     [
      -1306.6,
      -1621
     ],
     [
      -1307.1,
      -1617.2
     ],
     [
      -1308,
      -1613.8
     ],
     [
      -1309.5,
      -1610.5
     ],
     [
      -1310.9,
      -1607.1
     ],
     [
      -1310.9,
      -1603.3
     ],
     [
      -1310.4,
      -1599.9
     ],
     [
      -1309.9,
      -1596.6
     ],
     [
      -1309.5,
      -1593.2
     ],
     [
      -1308,
      -1589.8
     ],
     [
      -1305.6,
      -1587
     ],
     [
      -1303.7,
      -1584.1
     ],
     [
      -1301.8,
      -1580.7
     ],
     [
      -1299.9,
      -1577.4
     ],
     [
      -1297.9,
      -1574.5
     ],
     [
      -1295.5,
      -1571.6
     ],
     [
      -1293.1,
      -1569.2
     ],
     [
      -1290.3,
      -1567.3
     ],
     [
      -1287.4,
      -1565.4
     ],
     [
      -1284.5,
      -1563.5
     ],
     [
      -1281.1,
      -1561.5
     ],
     [
      -1277.8,
      -1560.6
     ],
     [
      -1274.4,
      -1560.1
     ],
     [
      -1271.1,
      -1559.1
     ],
     [
      -1267.7,
      -1557.7
     ],
     [
      -1264.4,
      -1557.2
     ],
     [
      -1261,
      -1556.3
     ],
     [
      -1257.6,
      -1555.8
     ],
     [
      -1254.3,
      -1555.3
     ],
     [
      -1250.9,
      -1555.3
     ],
     [
      -1247.6,
      -1555.3
     ],
     [
      -1244.2,
      -1555.3
     ],
     [
      -1240.8,
      -1555.3
     ],
     [
      -1237.5,
      -1556.3
     ],
     [
      -1234.1,
      -1557.2
     ],
     [
      -1230.8,
      -1558.2
     ],
     [
      -1227.4,
      -1559.1
     ],
     [
      -1224.1,
      -1559.6
     ],
     [
      -1220.7,
      -1560.1
     ],
     [
      -1217.3,
      -1560.1
     ],
     [
      -1214,
      -1560.1
     ],
     [
      -1210.6,
      -1560.6
     ],
     [
      -1207.3,
      -1561.1
     ],
     [
      -1203.9,
      -1562.5
     ],
     [
      -1200.5,
      -1563.5
     ],
     [
      -1197.2,
      -1565.4
     ],
     [
      -1193.8,
      -1566.8
     ],
     [
      -1190.5,
      -1567.8
     ],
     [
      -1186.6,
      -1569.2
     ],
     [
      -1183.3,
      -1570.7
     ],
     [
      -1180.9,
      -1573.1
     ],
     [
      -1179,
      -1575.9
     ],
     [
      -1176.6,
      -1578.3
     ],
     [
      -1173.7,
      -1580.2
     ],
     [
      -1171.3,
      -1582.6
     ],
     [
      -1168.4,
      -1584.6
     ],
     [
      -1165.5,
      -1587
     ],
     [
      -1162.6,
      -1588.9
     ],
     [
      -1159.3,
      -1589.8
     ],
     [
      -1155.9,
      -1590.8
     ],
     [
      -1152.1,
      -1592.2
     ],
     [
      -1148.7,
      -1593.2
     ],
     [
      -1145.4,
      -1593.7
     ],
     [
      -1141.5,
      -1595.1
     ],
     [
      -1138.2,
      -1596.1
     ],
     [
      -1135.3,
      -1598
     ],
     [
      -1131.9,
      -1599.4
     ],
     [
      -1129.1,
      -1601.8
     ],
     [
      -1126.7,
      -1604.7
     ],
     [
      -1124.3,
      -1607.1
     ],
     [
      -1120.9,
      -1609
     ],
     [
      -1118,
      -1611
     ],
     [
      -1114.7,
      -1612.9
     ],
     [
      -1111.3,
      -1614.3
     ],
     [
      -1108.4,
      -1616.2
     ],
     [
      -1105.6,
      -1618.1
     ],
     [
      -1103.2,
      -1620.5
     ],
     [
      -1100.8,
      -1622.9
     ],
     [
      -1098.4,
      -1625.3
     ],
     [
      -1096,
      -1627.7
     ],
     [
      -1093.6,
      -1630.6
     ],
     [
      -1091.6,
      -1633.5
     ],
     [
      -1089.2,
      -1635.9
     ],
     [
      -1086.8,
      -1638.3
     ],
     [
      -1084.4,
      -1640.7
     ],
     [
      -1081.6,
      -1642.6
     ],
     [
      -1078.2,
      -1644.1
     ],
     [
      -1075.3,
      -1646
     ],
     [
      -1072.5,
      -1647.9
     ],
     [
      -1069.6,
      -1649.8
     ],
     [
      -1066.7,
      -1651.7
     ],
     [
      -1063.8,
      -1653.7
     ],
     [
      -1060.9,
      -1655.6
     ],
     [
      -1058.1,
      -1657.5
     ],
     [
      -1055.2,
      -1659.4
     ],
     [
      -1052.3,
      -1661.3
     ],
     [
      -1049.9,
      -1663.7
     ],
     [
      -1047,
      -1665.6
     ],
     [
      -1044.6,
      -1668
     ],
     [
      -1041.7,
      -1670.4
     ],
     [
      -1039.3,
      -1672.8
     ],
     [
      -1036.9,
      -1675.2
     ],
     [
      -1034.6,
      -1678.1
     ],
     [
      -1032.2,
      -1680.5
     ]
    ]
   }
  },
  {
   "type": "Feature",
   "properties": {
    "op": "add",
    "source": "recorded",
    "zone": "Tirisfal Glades",
    "time": 1790559759,
    "trim": true
   },
   "geometry": {
    "type": "LineString",
    "coordinates": [
     [
      -1235.1,
      -1772.6
     ],
     [
      -1238.4,
      -1773.1
     ],
     [
      -1241.8,
      -1774.1
     ],
     [
      -1245.2,
      -1776
     ],
     [
      -1247.1,
      -1778.9
     ],
     [
      -1249,
      -1781.7
     ],
     [
      -1251.4,
      -1784.1
     ],
     [
      -1254.8,
      -1786.1
     ],
     [
      -1258.1,
      -1787
     ]
    ]
   }
  },
  {
   "type": "Feature",
   "properties": {
    "op": "add",
    "source": "recorded",
    "zone": "Tirisfal Glades",
    "time": 1790559766,
    "trim": true
   },
   "geometry": {
    "type": "LineString",
    "coordinates": [
     [
      -1015.8,
      -1683.9
     ],
     [
      -1019.2,
      -1683.9
     ],
     [
      -1022.6,
      -1683.9
     ],
     [
      -1025.9,
      -1683.9
     ],
     [
      -1029.3,
      -1683.9
     ],
     [
      -1033.1,
      -1684.4
     ],
     [
      -1036.5,
      -1684.4
     ],
     [
      -1039.8,
      -1684.4
     ],
     [
      -1043.2,
      -1684.8
     ],
     [
      -1046.5,
      -1684.8
     ],
     [
      -1049.9,
      -1684.8
     ]
    ]
   }
  },
  {
   "type": "Feature",
   "properties": {
    "op": "add",
    "source": "recorded",
    "zone": "Tirisfal Glades",
    "time": 1790559799,
    "trim": true
   },
   "geometry": {
    "type": "LineString",
    "coordinates": [
     [
      -1469,
      -2433.1
     ],
     [
      -1466.3,
      -2435
     ],
     [
      -1463.2,
      -2436.1
     ],
     [
      -1460.1,
      -2437.3
     ],
     [
      -1457.4,
      -2438.4
     ],
     [
      -1454.8,
      -2439.6
     ],
     [
      -1452.5,
      -2441.1
     ],
     [
      -1449.8,
      -2441.9
     ],
     [
      -1447.1,
      -2443.1
     ],
     [
      -1444.4,
      -2443.8
     ],
     [
      -1441.7,
      -2445.4
     ],
     [
      -1439,
      -2446.5
     ],
     [
      -1436,
      -2447.7
     ],
     [
      -1433.3,
      -2448.8
     ],
     [
      -1430.6,
      -2450
     ],
     [
      -1427.9,
      -2451.1
     ],
     [
      -1425.2,
      -2452.3
     ],
     [
      -1422.9,
      -2454.2
     ],
     [
      -1421,
      -2456.5
     ],
     [
      -1419.5,
      -2458.8
     ],
     [
      -1417.5,
      -2460.7
     ],
     [
      -1415.6,
      -2463
     ],
     [
      -1413.7,
      -2464.9
     ],
     [
      -1411.4,
      -2466.5
     ],
     [
      -1408.7,
      -2466.5
     ],
     [
      -1406,
      -2465.7
     ],
     [
      -1403.3,
      -2465.3
     ],
     [
      -1400.3,
      -2464.9
     ],
     [
      -1397.6,
      -2464.5
     ],
     [
      -1394.9,
      -2464.5
     ],
     [
      -1391.8,
      -2464.2
     ],
     [
      -1389.1,
      -2463.4
     ],
     [
      -1386.4,
      -2462.6
     ],
     [
      -1383.4,
      -2461.9
     ],
     [
      -1380.7,
      -2461.1
     ],
     [
      -1378,
      -2459.6
     ],
     [
      -1375.7,
      -2457.6
     ],
     [
      -1373.8,
      -2455.7
     ],
     [
      -1370.7,
      -2454.6
     ],
     [
      -1368,
      -2453.4
     ],
     [
      -1365.3,
      -2452.6
     ],
     [
      -1362.6,
      -2452.3
     ],
     [
      -1360,
      -2451.9
     ],
     [
      -1357.3,
      -2451.5
     ],
     [
      -1354.2,
      -2450.7
     ],
     [
      -1351.1,
      -2450.3
     ],
     [
      -1348.1,
      -2450
     ],
     [
      -1345,
      -2450
     ],
     [
      -1342.3,
      -2450
     ],
     [
      -1339.2,
      -2450.3
     ],
     [
      -1336.2,
      -2450.7
     ],
     [
      -1332.7,
      -2451.9
     ],
     [
      -1329.6,
      -2453
     ],
     [
      -1327,
      -2454.2
     ],
     [
      -1324.3,
      -2455.7
     ],
     [
      -1322,
      -2457.3
     ],
     [
      -1319.3,
      -2458.8
     ],
     [
      -1317,
      -2460.3
     ],
     [
      -1314.7,
      -2461.9
     ],
     [
      -1312.4,
      -2463.4
     ],
     [
      -1309.7,
      -2464.9
     ],
     [
      -1307,
      -2466.1
     ],
     [
      -1304.3,
      -2467.6
     ],
     [
      -1301.6,
      -2468.8
     ],
     [
      -1299.3,
      -2470.7
     ],
     [
      -1296.6,
      -2472.2
     ],
     [
      -1293.9,
      -2473.8
     ],
     [
      -1291.3,
      -2475.3
     ],
     [
      -1288.6,
      -2476.4
     ],
     [
      -1285.9,
      -2478.4
     ],
     [
      -1283.2,
      -2479.9
     ],
     [
      -1280.9,
      -2481.4
     ],
     [
      -1278.2,
      -2483
     ],
     [
      -1275.9,
      -2484.5
     ],
     [
      -1273.6,
      -2486.4
     ],
     [
      -1271.7,
      -2488.3
     ],
     [
      -1269.8,
      -2490.3
     ],
     [
      -1267.8,
      -2492.6
     ],
     [
      -1265.9,
      -2494.9
     ],
     [
      -1264.4,
      -2497.2
     ],
     [
      -1262.9,
      -2499.5
     ],
     [
      -1261.3,
      -2502.2
     ],
     [
      -1259.8,
      -2504.5
     ],
     [
      -1258.3,
      -2507.5
     ],
     [
      -1257.1,
      -2510.2
     ],
     [
      -1255.6,
      -2512.9
     ],
     [
      -1254,
      -2515.6
     ],
     [
      -1252.5,
      -2517.9
     ],
     [
      -1251,
      -2520.6
     ],
     [
      -1249,
      -2523.3
     ],
     [
      -1247.5,
      -2525.6
     ],
     [
      -1246,
      -2527.9
     ],
     [
      -1244.4,
      -2530.2
     ],
     [
      -1243.3,
      -2532.9
     ],
     [
      -1241.7,
      -2535.5
     ],
     [
      -1240.6,
      -2538.2
     ],
     [
      -1239.1,
      -2541.3
     ],
     [
      -1237.5,
      -2544
     ],
     [
      -1236,
      -2546.3
     ],
     [
      -1234.5,
      -2549
     ],
     [
      -1232.9,
      -2551.7
     ],
     [
      -1231.4,
      -2554.4
     ],
     [
      -1229.8,
      -2557
     ]
    ]
   }
  },
  {
   "type": "Feature",
   "properties": {
    "op": "add",
    "source": "recorded",
    "zone": "Tirisfal Glades",
    "time": 1790559813,
    "trim": true
   },
   "geometry": {
    "type": "LineString",
    "coordinates": [
     [
      -1230.2,
      -2555.5
     ],
     [
      -1229.8,
      -2558.2
     ],
     [
      -1229.1,
      -2561.3
     ],
     [
      -1227.9,
      -2563.9
     ],
     [
      -1227.2,
      -2566.6
     ],
     [
      -1226,
      -2569.3
     ],
     [
      -1224.9,
      -2572
     ],
     [
      -1223.7,
      -2574.7
     ],
     [
      -1222.9,
      -2577.4
     ],
     [
      -1222.2,
      -2580.1
     ],
     [
      -1221.4,
      -2582.8
     ],
     [
      -1219.9,
      -2585.8
     ],
     [
      -1218.3,
      -2588.1
     ],
     [
      -1216.8,
      -2591.2
     ],
     [
      -1215.3,
      -2593.9
     ],
     [
      -1213.7,
      -2596.6
     ],
     [
      -1211.8,
      -2599.3
     ],
     [
      -1210.3,
      -2601.9
     ],
     [
      -1208.4,
      -2604.2
     ],
     [
      -1206.8,
      -2606.6
     ],
     [
      -1205.3,
      -2609.2
     ],
     [
      -1203.8,
      -2611.5
     ],
     [
      -1201.8,
      -2613.8
     ],
     [
      -1200.3,
      -2616.1
     ],
     [
      -1198.4,
      -2618.5
     ],
     [
      -1196.5,
      -2620.8
     ],
     [
      -1194.9,
      -2623.1
     ],
     [
      -1193.4,
      -2625.4
     ],
     [
      -1191.9,
      -2628
     ],
     [
      -1191.1,
      -2630.7
     ],
     [
      -1191.5,
      -2633.4
     ],
     [
      -1191.9,
      -2636.1
     ],
     [
      -1192.6,
      -2639.2
     ],
     [
      -1193.8,
      -2642.2
     ],
     [
      -1194.2,
      -2645.7
     ],
     [
      -1194.5,
      -2648.8
     ],
     [
      -1194.9,
      -2651.5
     ],
     [
      -1195.7,
      -2654.5
     ],
     [
      -1196.8,
      -2657.6
     ],
     [
      -1198,
      -2660.7
     ],
     [
      -1199.1,
      -2663.7
     ],
     [
      -1199.5,
      -2666.4
     ],
     [
      -1201.1,
      -2669.5
     ],
     [
      -1201.8,
      -2672.2
     ],
     [
      -1202.2,
      -2674.9
     ],
     [
      -1203.4,
      -2677.6
     ],
     [
      -1204.1,
      -2681
     ],
     [
      -1204.1,
      -2684.1
     ],
     [
      -1204.1,
      -2686.8
     ],
     [
      -1203.4,
      -2689.8
     ],
     [
      -1202.2,
      -2692.9
     ],
     [
      -1201.1,
      -2695.6
     ],
     [
      -1199.5,
      -2698.7
     ],
     [
      -1198,
      -2701.4
     ],
     [
      -1197.2,
      -2704
     ],
     [
      -1196.1,
      -2706.7
     ],
     [
      -1195.3,
      -2709.4
     ],
     [
      -1194.2,
      -2712.5
     ],
     [
      -1193.4,
      -2715.2
     ],
     [
      -1191.9,
      -2717.5
     ],
     [
      -1189.9,
      -2720.2
     ],
     [
      -1188,
      -2722.5
     ],
     [
      -1185.7,
      -2724.8
     ],
     [
      -1184.2,
      -2727.1
     ],
     [
      -1182.3,
      -2729
     ],
     [
      -1179.6,
      -2730.9
     ],
     [
      -1176.9,
      -2732.8
     ],
     [
      -1174.2,
      -2734.4
     ],
     [
      -1171.5,
      -2735.5
     ],
     [
      -1168.8,
      -2737
     ],
     [
      -1165.8,
      -2739.3
     ],
     [
      -1163.1,
      -2740.9
     ],
     [
      -1160.8,
      -2742.4
     ],
     [
      -1158.1,
      -2742.8
     ],
     [
      -1155.4,
      -2743.6
     ],
     [
      -1152.3,
      -2744.3
     ],
     [
      -1149.3,
      -2746.3
     ],
     [
      -1145.8,
      -2748.2
     ],
     [
      -1142.7,
      -2750.5
     ],
     [
      -1140.4,
      -2752.4
     ],
     [
      -1137.7,
      -2754.7
     ],
     [
      -1135,
      -2756.6
     ],
     [
      -1132.7,
      -2758.2
     ],
     [
      -1130.4,
      -2759.7
     ],
     [
      -1128.1,
      -2761.2
     ],
     [
      -1125.1,
      -2762.8
     ],
     [
      -1122.8,
      -2764.7
     ],
     [
      -1120.1,
      -2766.2
     ],
     [
      -1117.4,
      -2767.4
     ],
     [
      -1114.7,
      -2767.8
     ],
     [
      -1112,
      -2768.1
     ],
     [
      -1109.3,
      -2768.9
     ],
     [
      -1107,
      -2771.2
     ],
     [
      -1105.9,
      -2773.9
     ],
     [
      -1105.1,
      -2776.6
     ],
     [
      -1105.9,
      -2779.3
     ],
     [
      -1107.4,
      -2782.3
     ],
     [
      -1109,
      -2784.6
     ],
     [
      -1110.1,
      -2787.3
     ],
     [
      -1111.3,
      -2790
     ],
     [
      -1112.8,
      -2792.3
     ],
     [
      -1113.2,
      -2795
     ],
     [
      -1113.2,
      -2797.7
     ],
     [
      -1113.2,
      -2800.4
     ],
     [
      -1112.4,
      -2803.4
     ],
     [
      -1112,
      -2806.1
     ],
     [
      -1110.5,
      -2808.8
     ],
     [
      -1108.6,
      -2811.1
     ],
     [
      -1106.3,
      -2813
     ],
     [
      -1104,
      -2815
     ],
     [
      -1101.7,
      -2816.5
     ],
     [
      -1099,
      -2817.6
     ],
     [
      -1096.7,
      -2819.2
     ]
    ]
   }
  },
  {
   "type": "Feature",
   "properties": {
    "op": "remove",
    "source": "recorded",
    "zone": "Tirisfal Glades",
    "time": 1790559953,
    "trim": true
   },
   "geometry": {
    "type": "LineString",
    "coordinates": [
     [
      -1377.7,
      1214.4
     ],
     [
      -1369.5,
      1217.9
     ],
     [
      -1361.3,
      1220.3
     ],
     [
      -1353.1,
      1222.6
     ],
     [
      -1344.9,
      1225
     ],
     [
      -1336.7,
      1226.1
     ],
     [
      -1327.3,
      1228.5
     ],
     [
      -1319.1,
      1229.7
     ],
     [
      -1310.9,
      1230.8
     ],
     [
      -1302.7,
      1232
     ],
     [
      -1294.5,
      1232
     ],
     [
      -1286.3,
      1229.7
     ],
     [
      -1278.1,
      1226.1
     ],
     [
      -1272.3,
      1220.3
     ],
     [
      -1265.2,
      1215.6
     ],
     [
      -1257,
      1212.1
     ],
     [
      -1248.8,
      1210.9
     ],
     [
      -1240.6,
      1210.9
     ],
     [
      -1232.4,
      1209.7
     ],
     [
      -1224.3,
      1209.7
     ],
     [
      -1216.1,
      1209.7
     ],
     [
      -1207.9,
      1208.6
     ],
     [
      -1199.7,
      1207.4
     ],
     [
      -1191.5,
      1206.2
     ],
     [
      -1183.3,
      1205.1
     ],
     [
      -1175.1,
      1203.9
     ],
     [
      -1165.7,
      1202.7
     ],
     [
      -1157.5,
      1202.7
     ],
     [
      -1149.3,
      1201.5
     ],
     [
      -1141.1,
      1199.2
     ],
     [
      -1132.9,
      1198
     ],
     [
      -1124.7,
      1195.7
     ],
     [
      -1115.3,
      1193.3
     ],
     [
      -1107.1,
      1189.8
     ],
     [
      -1097.8,
      1186.3
     ],
     [
      -1089.6,
      1185.1
     ],
     [
      -1081.4,
      1184
     ],
     [
      -1073.2,
      1182.8
     ],
     [
      -1065,
      1182.8
     ],
     [
      -1055.6,
      1182.8
     ],
     [
      -1047.4,
      1182.8
     ],
     [
      -1036.8,
      1182.8
     ],
     [
      -1025.1,
      1185.1
     ],
     [
      -1016.9,
      1185.1
     ],
     [
      -1008.7,
      1185.1
     ],
     [
      -1000.5,
      1185.1
     ],
     [
      -992.3,
      1184
     ],
     [
      -984.1,
      1182.8
     ],
     [
      -974.8,
      1181.6
     ],
     [
      -966.6,
      1181.6
     ],
     [
      -958.4,
      1181.6
     ],
     [
      -950.2,
      1181.6
     ],
     [
      -942,
      1181.6
     ],
     [
      -933.8,
      1182.8
     ],
     [
      -925.6,
      1182.8
     ],
     [
      -916.2,
      1184
     ],
     [
      -908,
      1184
     ],
     [
      -899.8,
      1184
     ],
     [
      -890.4,
      1185.1
     ],
     [
      -881.1,
      1185.1
     ],
     [
      -872.9,
      1186.3
     ],
     [
      -864.7,
      1187.5
     ],
     [
      -856.5,
      1187.5
     ],
     [
      -848.3,
      1187.5
     ],
     [
      -840.1,
      1187.5
     ],
     [
      -831.9,
      1187.5
     ],
     [
      -822.5,
      1185.1
     ],
     [
      -814.3,
      1184
     ],
     [
      -806.1,
      1181.6
     ],
     [
      -799.1,
      1176.9
     ],
     [
      -789.7,
      1176.9
     ],
     [
      -781.5,
      1176.9
     ],
     [
      -773.3,
      1180.5
     ],
     [
      -771,
      1188.7
     ],
     [
      -765.1,
      1194.5
     ],
     [
      -758.1,
      1199.2
     ],
     [
      -749.9,
      1201.5
     ],
     [
      -741.7,
      1205.1
     ],
     [
      -734.7,
      1209.7
     ],
     [
      -726.5,
      1213.3
     ],
     [
      -718.3,
      1217.9
     ],
     [
      -710.1,
      1222.6
     ],
     [
      -701.9,
      1227.3
     ],
     [
      -693.7,
      1232
     ],
     [
      -685.5,
      1235.5
     ],
     [
      -678.4,
      1240.2
     ],
     [
      -671.4,
      1244.9
     ],
     [
      -664.4,
      1249.6
     ],
     [
      -656.2,
      1253.1
     ],
     [
      -648,
      1257.8
     ],
     [
      -639.8,
      1260.1
     ],
     [
      -631.6,
      1263.6
     ],
     [
      -623.4,
      1267.1
     ],
     [
      -615.2,
      1270.6
     ],
     [
      -607,
      1274.2
     ],
     [
      -598.8,
      1276.5
     ],
     [
      -590.6,
      1280
     ],
     [
      -581.2,
      1284.7
     ],
     [
      -573,
      1289.4
     ],
     [
      -566,
      1294.1
     ],
     [
      -557.8,
      1297.6
     ],
     [
      -550.8,
      1302.3
     ],
     [
      -542.6,
      1305.8
     ],
     [
      -536.7,
      1312.8
     ],
     [
      -532,
      1319.8
     ],
     [
      -527.3,
      1326.9
     ],
     [
      -522.7,
      1333.9
     ],
     [
      -520.3,
      1342.1
     ]
    ]
   }
  },
  {
   "type": "Feature",
   "properties": {
    "op": "add",
    "source": "recorded",
    "zone": "Tirisfal Glades",
    "time": 1790559963,
    "trim": true
   },
   "geometry": {
    "type": "LineString",
    "coordinates": [
     [
      -1392.5,
      1215.6
     ],
     [
      -1391.3,
      1213.8
     ],
     [
      -1389.8,
      1212.3
     ],
     [
      -1387.9,
      1210.7
     ],
     [
      -1386.1,
      1209.5
     ],
     [
      -1384.2,
      1208.3
     ],
     [
      -1382.4,
      1207
     ],
     [
      -1380.9,
      1205.5
     ],
     [
      -1379.9,
      1203.4
     ],
     [
      -1379.6,
      1201.2
     ],
     [
      -1378.1,
      1199.4
     ]
    ]
   }
  },
  {
   "type": "Feature",
   "properties": {
    "op": "remove",
    "source": "recorded",
    "zone": "Tirisfal Glades",
    "time": 1790559972,
    "trim": true
   },
   "geometry": {
    "type": "LineString",
    "coordinates": [
     [
      -1519.6,
      1331.1
     ],
     [
      -1519.6,
      1328.9
     ],
     [
      -1519.6,
      1326.8
     ],
     [
      -1519.6,
      1324.3
     ],
     [
      -1520,
      1321.9
     ],
     [
      -1520,
      1319.4
     ],
     [
      -1520,
      1317
     ],
     [
      -1520,
      1314.8
     ],
     [
      -1520,
      1312.7
     ],
     [
      -1520,
      1310.5
     ],
     [
      -1520,
      1308.1
     ],
     [
      -1520,
      1305.6
     ],
     [
      -1520,
      1302.8
     ],
     [
      -1519.6,
      1300.4
     ],
     [
      -1519.3,
      1298.2
     ],
     [
      -1519.3,
      1296.1
     ],
     [
      -1519.3,
      1293.9
     ],
     [
      -1519.3,
      1291.5
     ],
     [
      -1519,
      1289
     ],
     [
      -1519,
      1286.6
     ],
     [
      -1518.7,
      1284.4
     ],
     [
      -1518.7,
      1282.3
     ],
     [
      -1518.7,
      1280.1
     ],
     [
      -1518.7,
      1278
     ],
     [
      -1519,
      1275.5
     ],
     [
      -1519,
      1273.4
     ],
     [
      -1519,
      1271.2
     ],
     [
      -1519.6,
      1269.1
     ],
     [
      -1519.6,
      1266.9
     ],
     [
      -1519.6,
      1264.8
     ],
     [
      -1520.3,
      1262.3
     ],
     [
      -1520.3,
      1259.6
     ],
     [
      -1520.3,
      1257.4
     ],
     [
      -1520.3,
      1254.6
     ],
     [
      -1520.6,
      1252.2
     ],
     [
      -1520.9,
      1249.7
     ],
     [
      -1520.9,
      1247
     ],
     [
      -1520.9,
      1244.8
     ],
     [
      -1520.9,
      1242.4
     ],
     [
      -1520.6,
      1239.6
     ],
     [
      -1520.3,
      1237.4
     ],
     [
      -1519.6,
      1235.3
     ],
     [
      -1519.3,
      1232.8
     ],
     [
      -1518.7,
      1230.1
     ],
     [
      -1518.4,
      1227.3
     ],
     [
      -1518.1,
      1225.2
     ],
     [
      -1517.5,
      1223
     ],
     [
      -1516.6,
      1220.2
     ],
     [
      -1516,
      1217.2
     ],
     [
      -1515.3,
      1215
     ],
     [
      -1514.4,
      1212.9
     ],
     [
      -1513.5,
      1210.7
     ],
     [
      -1511.7,
      1208.9
     ],
     [
      -1510.1,
      1207
     ],
     [
      -1508.9,
      1205.2
     ],
     [
      -1507.4,
      1203.4
     ],
     [
      -1505.8,
      1201.5
     ],
     [
      -1504.3,
      1199.4
     ],
     [
      -1502.8,
      1197.8
     ],
     [
      -1500.9,
      1196.6
     ],
     [
      -1499.4,
      1195.1
     ],
     [
      -1497.8,
      1193.5
     ],
     [
      -1495.7,
      1192
     ],
     [
      -1493.9,
      1190.8
     ],
     [
      -1491.7,
      1189.5
     ],
     [
      -1489.6,
      1188.9
     ],
     [
      -1487.4,
      1188.6
     ],
     [
      -1484.9,
      1188.3
     ],
     [
      -1482.8,
      1188
     ],
     [
      -1480.7,
      1188
     ],
     [
      -1478.5,
      1187.4
     ],
     [
      -1476.4,
      1187.4
     ],
     [
      -1474.2,
      1186.8
     ],
     [
      -1472.1,
      1186.8
     ],
     [
      -1469.9,
      1186.8
     ],
     [
      -1467.8,
      1186.5
     ],
     [
      -1465.3,
      1186.2
     ],
     [
      -1463.1,
      1186.2
     ],
     [
      -1461,
      1186.2
     ],
     [
      -1458.9,
      1186.2
     ],
     [
      -1456.7,
      1186.2
     ],
     [
      -1454.6,
      1186.8
     ],
     [
      -1452.7,
      1188
     ],
     [
      -1450.9,
      1189.2
     ],
     [
      -1449,
      1190.5
     ],
     [
      -1447.2,
      1191.7
     ],
     [
      -1445.3,
      1192.9
     ],
     [
      -1443.5,
      1194.5
     ],
     [
      -1441.3,
      1195.7
     ],
     [
      -1438.9,
      1196.9
     ],
     [
      -1437.1,
      1198.1
     ],
     [
      -1434.9,
      1199.1
     ],
     [
      -1432.8,
      1199.7
     ],
     [
      -1430.6,
      1200.3
     ],
     [
      -1428.5,
      1200.9
     ],
     [
      -1426.3,
      1201.5
     ],
     [
      -1424.2,
      1202.1
     ],
     [
      -1421.7,
      1202.7
     ],
     [
      -1419.5,
      1203.1
     ],
     [
      -1417.4,
      1203.7
     ],
     [
      -1414.9,
      1204.3
     ],
     [
      -1412.8,
      1204.6
     ],
     [
      -1410.3,
      1205.5
     ],
     [
      -1408.2,
      1206.4
     ],
     [
      -1406,
      1207.4
     ],
     [
      -1403.9,
      1208.6
     ],
     [
      -1401.7,
      1209.8
     ],
     [
      -1399.9,
      1211
     ],
     [
      -1397.7,
      1212
     ],
     [
      -1395.9,
      1213.2
     ],
     [
      -1394.7,
      1215
     ]
    ]
   }
  },
  {
   "type": "Feature",
   "properties": {
    "op": "add",
    "source": "recorded",
    "zone": "Tirisfal Glades",
    "time": 1790559981,
    "trim": true
   },
   "geometry": {
    "type": "LineString",
    "coordinates": [
     [
      -1532.5,
      1330.5
     ],
     [
      -1530.1,
      1330.5
     ],
     [
      -1527.6,
      1330.5
     ],
     [
      -1525.2,
      1330.5
     ],
     [
      -1522.7,
      1331.1
     ],
     [
      -1520.6,
      1331.7
     ],
     [
      -1518.4,
      1331.7
     ],
     [
      -1516.3,
      1332.3
     ],
     [
      -1514.1,
      1332.9
     ],
     [
      -1512,
      1333.9
     ],
     [
      -1509.8,
      1334.5
     ],
     [
      -1508,
      1336
     ],
     [
      -1506.1,
      1337.2
     ]
    ]
   }
  },
  {
   "type": "Feature",
   "properties": {
    "op": "add",
    "source": "recorded",
    "zone": "Tirisfal Glades",
    "time": 1790559987,
    "trim": true
   },
   "geometry": {
    "type": "LineString",
    "coordinates": [
     [
      -1397.1,
      1229.2
     ],
     [
      -1396.2,
      1227
     ],
     [
      -1395,
      1225.2
     ],
     [
      -1393.5,
      1223.6
     ],
     [
      -1391.9,
      1221.8
     ],
     [
      -1390.4,
      1219.9
     ],
     [
      -1389.2,
      1218.1
     ],
     [
      -1387.9,
      1216.3
     ],
     [
      -1386.7,
      1214.4
     ],
     [
      -1385.5,
      1212.3
     ],
     [
      -1384.5,
      1210.1
     ],
     [
      -1383.9,
      1208
     ]
    ]
   }
  },
  {
   "type": "Feature",
   "properties": {
    "op": "remove",
    "source": "recorded",
    "zone": "Tirisfal Glades",
    "time": 1790560049,
    "trim": true
   },
   "geometry": {
    "type": "LineString",
    "coordinates": [
     [
      -7077.1,
      -3433.4
     ],
     [
      -7071.9,
      -3434.1
     ],
     [
      -7066.6,
      -3434.9
     ],
     [
      -7061.4,
      -3436.4
     ],
     [
      -7056.1,
      -3437.1
     ],
     [
      -7050.9,
      -3438.6
     ],
     [
      -7045.6,
      -3440.9
     ],
     [
      -7040.4,
      -3443.9
     ],
     [
      -7035.9,
      -3447.6
     ],
     [
      -7031.4,
      -3452.1
     ],
     [
      -7027.6,
      -3455.9
     ],
     [
      -7024.6,
      -3460.4
     ],
     [
      -7021.6,
      -3464.9
     ],
     [
      -7018.6,
      -3469.4
     ],
     [
      -7014.9,
      -3473.1
     ],
     [
      -7011.1,
      -3476.9
     ],
     [
      -7007.4,
      -3482.1
     ],
     [
      -7003.7,
      -3485.8
     ],
     [
      -6999.2,
      -3488.8
     ],
     [
      -6994.7,
      -3491.8
     ],
     [
      -6990.2,
      -3495.6
     ],
     [
      -6985.7,
      -3499.3
     ],
     [
      -6980.4,
      -3500.8
     ],
     [
      -6976.7,
      -3504.6
     ],
     [
      -6972.9,
      -3500.1
     ],
     [
      -6970.7,
      -3494.1
     ],
     [
      -6967.7,
      -3488.8
     ],
     [
      -6963.9,
      -3485.1
     ],
     [
      -6960.2,
      -3481.3
     ],
     [
      -6956.4,
      -3477.6
     ],
     [
      -6952.7,
      -3473.1
     ],
     [
      -6948.2,
      -3469.4
     ],
     [
      -6945.2,
      -3464.9
     ],
     [
      -6940.7,
      -3461.1
     ],
     [
      -6935.4,
      -3459.6
     ],
     [
      -6930.2,
      -3461.1
     ],
     [
      -6925.7,
      -3464.1
     ],
     [
      -6920.4,
      -3464.9
     ],
     [
      -6915.2,
      -3467.1
     ],
     [
      -6909.9,
      -3469.4
     ]
    ]
   }
  },
  {
   "type": "Feature",
   "properties": {
    "op": "remove",
    "source": "recorded",
    "zone": "Tirisfal Glades",
    "time": 1790560055,
    "trim": true
   },
   "geometry": {
    "type": "LineString",
    "coordinates": [
     [
      -7069.6,
      -3553.3
     ],
     [
      -7063.6,
      -3552.6
     ],
     [
      -7058.4,
      -3551.1
     ],
     [
      -7053.1,
      -3549.6
     ],
     [
      -7047.1,
      -3548.1
     ],
     [
      -7041.1,
      -3547.3
     ],
     [
      -7035.9,
      -3546.6
     ],
     [
      -7029.9,
      -3546.6
     ],
     [
      -7024.6,
      -3546.6
     ],
     [
      -7019.4,
      -3548.1
     ],
     [
      -7014.1,
      -3549.6
     ],
     [
      -7008.9,
      -3546.6
     ],
     [
      -7006.6,
      -3540.6
     ],
     [
      -7005.2,
      -3535.3
     ],
     [
      -7001.4,
      -3530.8
     ],
     [
      -6997.7,
      -3527.1
     ],
     [
      -6993.2,
      -3523.3
     ],
     [
      -6987.9,
      -3520.3
     ],
     [
      -6982.7,
      -3518.1
     ]
    ]
   }
  },
  {
   "type": "Feature",
   "properties": {
    "op": "remove",
    "source": "recorded",
    "zone": "Tirisfal Glades",
    "time": 1790560060,
    "trim": true
   },
   "geometry": {
    "type": "LineString",
    "coordinates": [
     [
      -7175.3,
      -3323.9
     ],
     [
      -7168.6,
      -3326.9
     ],
     [
      -7164.1,
      -3330.7
     ],
     [
      -7158.8,
      -3332.9
     ],
     [
      -7153.6,
      -3334.4
     ],
     [
      -7148.3,
      -3335.9
     ],
     [
      -7143.1,
      -3337.4
     ],
     [
      -7137.8,
      -3338.9
     ],
     [
      -7132.6,
      -3340.4
     ],
     [
      -7127.3,
      -3342.7
     ],
     [
      -7122.1,
      -3344.2
     ],
     [
      -7117.6,
      -3347.2
     ],
     [
      -7113.8,
      -3350.9
     ]
    ]
   }
  },
  {
   "type": "Feature",
   "properties": {
    "op": "add",
    "source": "recorded",
    "zone": "Tirisfal Glades",
    "time": 1790560067,
    "trim": true
   },
   "geometry": {
    "type": "LineString",
    "coordinates": [
     [
      -6895,
      -3469.4
     ],
     [
      -6898,
      -3473.9
     ],
     [
      -6901.7,
      -3477.6
     ],
     [
      -6905.5,
      -3482.1
     ],
     [
      -6908.4,
      -3486.6
     ]
    ]
   }
  },
  {
   "type": "Feature",
   "properties": {
    "op": "add",
    "source": "recorded",
    "zone": "Tirisfal Glades",
    "time": 1790560071,
    "trim": true
   },
   "geometry": {
    "type": "LineString",
    "coordinates": [
     [
      -7074.1,
      -3566.8
     ],
     [
      -7077.1,
      -3562.3
     ],
     [
      -7080.9,
      -3558.6
     ],
     [
      -7083.9,
      -3553.3
     ],
     [
      -7085.4,
      -3548.1
     ],
     [
      -7085.4,
      -3542.8
     ],
     [
      -7085.4,
      -3537.6
     ]
    ]
   }
  },
  {
   "type": "Feature",
   "properties": {
    "op": "add",
    "source": "recorded",
    "zone": "Tirisfal Glades",
    "time": 1790560076,
    "trim": true
   },
   "geometry": {
    "type": "LineString",
    "coordinates": [
     [
      -7110.1,
      -3330.7
     ],
     [
      -7110.1,
      -3335.9
     ],
     [
      -7110.1,
      -3341.2
     ],
     [
      -7109.3,
      -3347.2
     ],
     [
      -7108.6,
      -3352.4
     ],
     [
      -7107.1,
      -3357.7
     ],
     [
      -7105.6,
      -3362.9
     ]
    ]
   }
  },
  {
   "type": "Feature",
   "properties": {
    "op": "add",
    "source": "recorded",
    "zone": "Tirisfal Glades",
    "time": 1790560096,
    "trim": true
   },
   "geometry": {
    "type": "LineString",
    "coordinates": [
     [
      -7109.7,
      -3333.4
     ],
     [
      -7111.9,
      -3334.6
     ],
     [
      -7114,
      -3335.9
     ],
     [
      -7115.9,
      -3337.1
     ],
     [
      -7118,
      -3338.3
     ],
     [
      -7120.2,
      -3339.9
     ],
     [
      -7122.3,
      -3340.8
     ],
     [
      -7124.5,
      -3342
     ],
     [
      -7126.6,
      -3342.9
     ],
     [
      -7128.8,
      -3344.5
     ],
     [
      -7130.9,
      -3345.1
     ],
     [
      -7133.1,
      -3346
     ],
     [
      -7135.5,
      -3346.6
     ],
     [
      -7137.7,
      -3346.9
     ],
     [
      -7139.8,
      -3347.5
     ],
     [
      -7142.3,
      -3348.1
     ],
     [
      -7144.8,
      -3348.8
     ],
     [
      -7146.9,
      -3349.7
     ],
     [
      -7149,
      -3350.6
     ],
     [
      -7151.2,
      -3351.5
     ],
     [
      -7152.7,
      -3353.1
     ],
     [
      -7154.6,
      -3354.6
     ],
     [
      -7156.4,
      -3355.8
     ],
     [
      -7158.6,
      -3357
     ],
     [
      -7160.7,
      -3358
     ],
     [
      -7163.2,
      -3358.9
     ],
     [
      -7165.3,
      -3359.8
     ],
     [
      -7167.5,
      -3360.7
     ],
     [
      -7169,
      -3362.3
     ],
     [
      -7170.2,
      -3364.4
     ],
     [
      -7171.2,
      -3366.6
     ],
     [
      -7172.1,
      -3368.7
     ],
     [
      -7173.3,
      -3370.6
     ],
     [
      -7174.2,
      -3372.7
     ],
     [
      -7175.5,
      -3374.5
     ],
     [
      -7177.3,
      -3376.1
     ],
     [
      -7179.1,
      -3377.3
     ],
     [
      -7181.3,
      -3378.5
     ],
     [
      -7183.4,
      -3379.5
     ],
     [
      -7185.9,
      -3380.7
     ],
     [
      -7188,
      -3381
     ],
     [
      -7190.2,
      -3381.3
     ],
     [
      -7192.3,
      -3382.5
     ],
     [
      -7194.8,
      -3383.1
     ],
     [
      -7196.9,
      -3384.4
     ],
     [
      -7199.1,
      -3385
     ],
     [
      -7201.2,
      -3386.2
     ],
     [
      -7203.7,
      -3386.8
     ],
     [
      -7206.2,
      -3387.7
     ],
     [
      -7208.9,
      -3388.4
     ],
     [
      -7211.4,
      -3389
     ],
     [
      -7213.5,
      -3389.9
     ],
     [
      -7215.4,
      -3391.1
     ],
     [
      -7217.5,
      -3391.7
     ],
     [
      -7220,
      -3392.7
     ],
     [
      -7222.1,
      -3393.9
     ],
     [
      -7224.6,
      -3394.8
     ],
     [
      -7226.7,
      -3395.7
     ],
     [
      -7229.5,
      -3397
     ],
     [
      -7232.3,
      -3398.2
     ],
     [
      -7234.4,
      -3399.4
     ],
     [
      -7236.6,
      -3400.3
     ],
     [
      -7238.7,
      -3401.6
     ],
     [
      -7240.5,
      -3402.8
     ],
     [
      -7242.7,
      -3404
     ],
     [
      -7244.8,
      -3405.3
     ],
     [
      -7247,
      -3406.2
     ],
     [
      -7249.1,
      -3407.1
     ],
     [
      -7251.3,
      -3408.3
     ],
     [
      -7253.4,
      -3409.2
     ],
     [
      -7255.6,
      -3410.2
     ],
     [
      -7258.4,
      -3411.4
     ],
     [
      -7260.5,
      -3412.6
     ],
     [
      -7263,
      -3413.8
     ],
     [
      -7265.1,
      -3414.5
     ],
     [
      -7267.3,
      -3415.4
     ],
     [
      -7269.4,
      -3416.3
     ],
     [
      -7271.6,
      -3417.5
     ],
     [
      -7273.7,
      -3418.5
     ],
     [
      -7275.9,
      -3419.7
     ],
     [
      -7277.7,
      -3420.9
     ],
     [
      -7279.9,
      -3422.1
     ],
     [
      -7281.7,
      -3423.4
     ]
    ]
   }
  },
  {
   "type": "Feature",
   "properties": {
    "op": "add",
    "source": "recorded",
    "zone": "Tirisfal Glades",
    "time": 1790560109,
    "trim": true
   },
   "geometry": {
    "type": "LineString",
    "coordinates": [
     [
      -7279.8,
      -3422.8
     ],
     [
      -7284,
      -3424
     ],
     [
      -7288.2,
      -3425.8
     ],
     [
      -7292.4,
      -3427.6
     ],
     [
      -7296.6,
      -3428.8
     ],
     [
      -7300.8,
      -3430
     ],
     [
      -7305.6,
      -3431.2
     ],
     [
      -7309.8,
      -3431.8
     ],
     [
      -7314,
      -3433
     ],
     [
      -7318.2,
      -3433.6
     ],
     [
      -7322.4,
      -3434.8
     ],
     [
      -7326.6,
      -3434.8
     ],
     [
      -7331.4,
      -3436
     ],
     [
      -7335.6,
      -3436.6
     ],
     [
      -7340.4,
      -3436.6
     ],
     [
      -7345.2,
      -3437.7
     ],
     [
      -7350,
      -3438.3
     ],
     [
      -7354.8,
      -3438.3
     ],
     [
      -7359,
      -3438.3
     ],
     [
      -7363.2,
      -3438.3
     ],
     [
      -7367.4,
      -3438.9
     ],
     [
      -7372.2,
      -3438.9
     ],
     [
      -7376.4,
      -3439.5
     ],
     [
      -7380.6,
      -3439.5
     ],
     [
      -7385.4,
      -3439.5
     ],
     [
      -7389.6,
      -3440.1
     ],
     [
      -7393.8,
      -3440.7
     ],
     [
      -7398,
      -3440.7
     ],
     [
      -7402.7,
      -3441.3
     ],
     [
      -7407.5,
      -3440.7
     ],
     [
      -7411.7,
      -3440.1
     ],
     [
      -7415.9,
      -3439.5
     ],
     [
      -7420.1,
      -3439.5
     ],
     [
      -7424.3,
      -3440.1
     ],
     [
      -7428.5,
      -3441.3
     ],
     [
      -7432.7,
      -3442.5
     ],
     [
      -7436.9,
      -3444.9
     ],
     [
      -7441.1,
      -3447.3
     ],
     [
      -7444.7,
      -3449.7
     ],
     [
      -7448.9,
      -3450.9
     ],
     [
      -7453.1,
      -3452.1
     ],
     [
      -7457.3,
      -3453.3
     ],
     [
      -7461.5,
      -3454.5
     ],
     [
      -7465.7,
      -3455.1
     ],
     [
      -7470.5,
      -3455.1
     ],
     [
      -7474.7,
      -3455.7
     ],
     [
      -7478.9,
      -3455.7
     ],
     [
      -7483.1,
      -3453.9
     ],
     [
      -7486.7,
      -3451.5
     ],
     [
      -7490.3,
      -3448.5
     ],
     [
      -7493.9,
      -3446.1
     ],
     [
      -7497.5,
      -3443.7
     ],
     [
      -7501.1,
      -3440.7
     ],
     [
      -7504.7,
      -3438.3
     ],
     [
      -7508.3,
      -3436
     ],
     [
      -7511.3,
      -3433
     ],
     [
      -7514.9,
      -3430
     ],
     [
      -7517.9,
      -3427
     ],
     [
      -7520.3,
      -3423.4
     ],
     [
      -7522.7,
      -3419.2
     ],
     [
      -7525.1,
      -3415
     ],
     [
      -7526.3,
      -3410.8
     ],
     [
      -7528.7,
      -3406.6
     ],
     [
      -7531.1,
      -3402.4
     ],
     [
      -7533.5,
      -3398.8
     ],
     [
      -7535.3,
      -3394.6
     ],
     [
      -7536.5,
      -3390.4
     ],
     [
      -7538.3,
      -3386.2
     ],
     [
      -7539.5,
      -3382
     ],
     [
      -7541.3,
      -3377.8
     ],
     [
      -7543.1,
      -3373.6
     ],
     [
      -7544.9,
      -3369.4
     ],
     [
      -7547.9,
      -3365.8
     ],
     [
      -7550.9,
      -3362.2
     ],
     [
      -7553.9,
      -3359.2
     ],
     [
      -7556.9,
      -3356.2
     ],
     [
      -7560.5,
      -3353.2
     ],
     [
      -7564.1,
      -3350.8
     ],
     [
      -7567.7,
      -3348.4
     ],
     [
      -7571.9,
      -3347.2
     ],
     [
      -7576.1,
      -3346
     ],
     [
      -7580.3,
      -3345.4
     ],
     [
      -7584.5,
      -3344.2
     ],
     [
      -7588.7,
      -3343.6
     ],
     [
      -7592.9,
      -3342.4
     ],
     [
      -7597,
      -3341.2
     ],
     [
      -7601.2,
      -3341.2
     ],
     [
      -7605.4,
      -3341.2
     ],
     [
      -7610.2,
      -3341.8
     ],
     [
      -7614.4,
      -3343
     ],
     [
      -7619.2,
      -3343.6
     ],
     [
      -7623.4,
      -3344.2
     ],
     [
      -7627.6,
      -3344.2
     ],
     [
      -7631.8,
      -3344.2
     ],
     [
      -7636,
      -3343.6
     ],
     [
      -7640.2,
      -3343.6
     ],
     [
      -7644.4,
      -3343.6
     ],
     [
      -7648.6,
      -3343.6
     ]
    ]
   }
  },
  {
   "type": "Feature",
   "properties": {
    "op": "add",
    "source": "recorded",
    "zone": "Tirisfal Glades",
    "time": 1790560147,
    "trim": true
   },
   "geometry": {
    "type": "LineString",
    "coordinates": [
     [
      -7645,
      -3344.2
     ],
     [
      -7649.2,
      -3345.4
     ],
     [
      -7653.4,
      -3347.2
     ],
     [
      -7657,
      -3349.6
     ],
     [
      -7660.6,
      -3352.6
     ],
     [
      -7664.8,
      -3355
     ],
     [
      -7668.4,
      -3357.4
     ],
     [
      -7672,
      -3359.8
     ],
     [
      -7676.2,
      -3361.6
     ],
     [
      -7679.8,
      -3364
     ],
     [
      -7684,
      -3366.4
     ],
     [
      -7687.6,
      -3368.8
     ],
     [
      -7692.4,
      -3371.8
     ],
     [
      -7696.6,
      -3374.2
     ],
     [
      -7700.2,
      -3376.6
     ],
     [
      -7703.8,
      -3379
     ],
     [
      -7708.6,
      -3381.4
     ],
     [
      -7712.2,
      -3383.8
     ],
     [
      -7716.4,
      -3386.2
     ],
     [
      -7719.4,
      -3389.2
     ],
     [
      -7722.4,
      -3392.8
     ],
     [
      -7725.4,
      -3395.8
     ],
     [
      -7728.4,
      -3398.8
     ],
     [
      -7731.4,
      -3402.4
     ],
     [
      -7733.8,
      -3406
     ],
     [
      -7736.8,
      -3409.6
     ],
     [
      -7739.8,
      -3413.8
     ],
     [
      -7742.2,
      -3417.4
     ],
     [
      -7744.6,
      -3422.2
     ],
     [
      -7746.4,
      -3426.4
     ],
     [
      -7748.8,
      -3430.6
     ],
     [
      -7751.8,
      -3434.8
     ],
     [
      -7754.8,
      -3438.3
     ],
     [
      -7757.2,
      -3441.9
     ],
     [
      -7760.2,
      -3445.5
     ],
     [
      -7763.2,
      -3448.5
     ],
     [
      -7766.2,
      -3451.5
     ],
     [
      -7769.8,
      -3454.5
     ],
     [
      -7772.8,
      -3457.5
     ],
     [
      -7775.8,
      -3460.5
     ],
     [
      -7779.4,
      -3463.5
     ],
     [
      -7783,
      -3465.9
     ],
     [
      -7786.6,
      -3468.3
     ],
     [
      -7789.6,
      -3471.3
     ],
     [
      -7793.2,
      -3473.7
     ],
     [
      -7796.7,
      -3476.7
     ],
     [
      -7800.3,
      -3479.7
     ],
     [
      -7804.5,
      -3482.1
     ],
     [
      -7808.1,
      -3484.5
     ],
     [
      -7811.7,
      -3486.9
     ],
     [
      -7815.3,
      -3489.3
     ],
     [
      -7819.5,
      -3491.7
     ],
     [
      -7823.1,
      -3494.7
     ],
     [
      -7827.3,
      -3497.1
     ],
     [
      -7831.5,
      -3500.1
     ],
     [
      -7835.7,
      -3502.5
     ],
     [
      -7839.9,
      -3504.9
     ],
     [
      -7844.7,
      -3507.3
     ],
     [
      -7849.5,
      -3509.7
     ],
     [
      -7853.1,
      -3512.1
     ],
     [
      -7857.3,
      -3514.5
     ],
     [
      -7862.1,
      -3516.9
     ],
     [
      -7865.7,
      -3519.3
     ],
     [
      -7869.9,
      -3521.1
     ],
     [
      -7873.5,
      -3524.1
     ],
     [
      -7876.5,
      -3527.1
     ]
    ]
   }
  },
  {
   "type": "Feature",
   "properties": {
    "op": "add",
    "source": "recorded",
    "zone": "Tirisfal Glades",
    "time": 1790560174,
    "trim": true
   },
   "geometry": {
    "type": "LineString",
    "coordinates": [
     [
      -8033,
      -3301
     ],
     [
      -8030.6,
      -3296.2
     ],
     [
      -8026.4,
      -3292.6
     ],
     [
      -8022.2,
      -3290.2
     ],
     [
      -8018.6,
      -3287.8
     ],
     [
      -8014.4,
      -3284.8
     ],
     [
      -8010.2,
      -3282.4
     ],
     [
      -8006,
      -3280.6
     ],
     [
      -8002.4,
      -3278.2
     ],
     [
      -7999.4,
      -3275.2
     ],
     [
      -7996.4,
      -3272.2
     ],
     [
      -7995.2,
      -3268
     ],
     [
      -7994.1,
      -3263.8
     ],
     [
      -7992.3,
      -3259.6
     ],
     [
      -7989.9,
      -3256
     ],
     [
      -7988.1,
      -3251.8
     ],
     [
      -7985.7,
      -3248.2
     ],
     [
      -7983.3,
      -3244.6
     ],
     [
      -7979.7,
      -3242.2
     ],
     [
      -7975.5,
      -3239.8
     ],
     [
      -7971.3,
      -3238.6
     ],
     [
      -7967.1,
      -3237.4
     ],
     [
      -7962.9,
      -3236.3
     ],
     [
      -7958.7,
      -3236.9
     ],
     [
      -7954.5,
      -3238
     ],
     [
      -7950.9,
      -3241
     ],
     [
      -7947.9,
      -3244
     ],
     [
      -7944.3,
      -3246.4
     ],
     [
      -7941.3,
      -3250
     ],
     [
      -7938.3,
      -3253
     ],
     [
      -7934.7,
      -3256
     ],
     [
      -7931.1,
      -3259
     ],
     [
      -7928.1,
      -3262
     ],
     [
      -7924.5,
      -3265
     ],
     [
      -7920.9,
      -3267.4
     ],
     [
      -7917.3,
      -3269.8
     ],
     [
      -7913.1,
      -3271.6
     ],
     [
      -7908.9,
      -3273.4
     ],
     [
      -7904.7,
      -3275.2
     ],
     [
      -7900.5,
      -3276.4
     ],
     [
      -7896.3,
      -3277.6
     ],
     [
      -7892.1,
      -3277.6
     ],
     [
      -7887.9,
      -3277.6
     ],
     [
      -7883.7,
      -3277.6
     ],
     [
      -7879.5,
      -3277.6
     ],
     [
      -7875.3,
      -3277.6
     ],
     [
      -7871.1,
      -3276.4
     ],
     [
      -7866.9,
      -3275.2
     ],
     [
      -7862.1,
      -3274
     ],
     [
      -7857.9,
      -3272.2
     ],
     [
      -7853.7,
      -3271
     ],
     [
      -7850.1,
      -3268.6
     ],
     [
      -7846.5,
      -3266.2
     ],
     [
      -7842.3,
      -3263.8
     ],
     [
      -7838.1,
      -3262
     ],
     [
      -7833.9,
      -3260.2
     ],
     [
      -7830.3,
      -3257.8
     ],
     [
      -7827.3,
      -3254.8
     ],
     [
      -7823.7,
      -3252.4
     ],
     [
      -7820.7,
      -3249.4
     ],
     [
      -7817.1,
      -3247
     ],
     [
      -7814.1,
      -3244
     ],
     [
      -7809.9,
      -3242.8
     ],
     [
      -7805.1,
      -3242.2
     ],
     [
      -7800.9,
      -3242.2
     ],
     [
      -7796.7,
      -3242.2
     ],
     [
      -7792.6,
      -3244
     ],
     [
      -7788.4,
      -3245.8
     ],
     [
      -7784.2,
      -3247
     ],
     [
      -7780,
      -3248.8
     ],
     [
      -7776.4,
      -3251.2
     ],
     [
      -7772.2,
      -3253
     ],
     [
      -7768,
      -3254.2
     ],
     [
      -7763.8,
      -3254.8
     ],
     [
      -7759.6,
      -3254.2
     ],
     [
      -7755.4,
      -3253.6
     ],
     [
      -7751.2,
      -3253
     ],
     [
      -7747,
      -3252.4
     ],
     [
      -7742.8,
      -3251.8
     ],
     [
      -7738.6,
      -3250.6
     ],
     [
      -7734.4,
      -3250
     ],
     [
      -7730.2,
      -3249.4
     ],
     [
      -7726,
      -3249.4
     ],
     [
      -7721.8,
      -3249.4
     ],
     [
      -7717.6,
      -3248.8
     ],
     [
      -7713.4,
      -3250
     ],
     [
      -7709.2,
      -3251.2
     ],
     [
      -7705,
      -3252.4
     ],
     [
      -7701.4,
      -3254.8
     ],
     [
      -7697.8,
      -3257.2
     ],
     [
      -7694.8,
      -3260.2
     ],
     [
      -7691.2,
      -3262.6
     ],
     [
      -7687.6,
      -3265
     ],
     [
      -7683.4,
      -3267.4
     ],
     [
      -7679.2,
      -3269.8
     ],
     [
      -7675,
      -3271.6
     ],
     [
      -7671.4,
      -3274
     ]
    ]
   }
  },
  {
   "type": "Feature",
   "properties": {
    "op": "add",
    "source": "recorded",
    "zone": "Tirisfal Glades",
    "time": 1790560181,
    "trim": true
   },
   "geometry": {
    "type": "LineString",
    "coordinates": [
     [
      -7673.8,
      -3271
     ],
     [
      -7670.8,
      -3274
     ],
     [
      -7667.8,
      -3277
     ],
     [
      -7665.4,
      -3280.6
     ],
     [
      -7663,
      -3284.8
     ],
     [
      -7661.8,
      -3289.6
     ],
     [
      -7660.6,
      -3293.8
     ],
     [
      -7659.4,
      -3298
     ],
     [
      -7658.2,
      -3302.8
     ],
     [
      -7657,
      -3307
     ],
     [
      -7655.8,
      -3311.2
     ],
     [
      -7654,
      -3315.4
     ],
     [
      -7652.8,
      -3319.6
     ],
     [
      -7651.6,
      -3324.4
     ],
     [
      -7650.4,
      -3329.2
     ],
     [
      -7649.2,
      -3333.4
     ],
     [
      -7648,
      -3337.6
     ],
     [
      -7646.8,
      -3341.8
     ],
     [
      -7646.2,
      -3346
     ]
    ]
   }
  },
  {
   "type": "Feature",
   "properties": {
    "op": "add",
    "source": "recorded",
    "zone": "Tirisfal Glades",
    "time": 1790560208,
    "trim": true
   },
   "geometry": {
    "type": "LineString",
    "coordinates": [
     [
      -7953.7,
      -3656.3
     ],
     [
      -7950.4,
      -3656.7
     ],
     [
      -7947,
      -3657.2
     ],
     [
      -7943.7,
      -3658.2
     ],
     [
      -7939.8,
      -3658.7
     ],
     [
      -7936.5,
      -3659.1
     ],
     [
      -7932.6,
      -3659.6
     ],
     [
      -7929.3,
      -3659.6
     ],
     [
      -7925.9,
      -3660.1
     ],
     [
      -7922.6,
      -3660.1
     ],
     [
      -7919.2,
      -3660.6
     ],
     [
      -7915.8,
      -3661.1
     ],
     [
      -7912.5,
      -3661.5
     ],
     [
      -7909.1,
      -3663
     ],
     [
      -7905.8,
      -3664.4
     ],
     [
      -7902.4,
      -3665.4
     ],
     [
      -7899.1,
      -3667.3
     ],
     [
      -7896.2,
      -3669.2
     ],
     [
      -7893.8,
      -3671.6
     ],
     [
      -7891.4,
      -3674
     ],
     [
      -7889,
      -3676.4
     ],
     [
      -7886.6,
      -3678.8
     ],
     [
      -7884.7,
      -3681.7
     ],
     [
      -7882.7,
      -3684.6
     ],
     [
      -7880.3,
      -3687.9
     ],
     [
      -7877.9,
      -3690.8
     ],
     [
      -7875.5,
      -3693.2
     ],
     [
      -7872.7,
      -3696.1
     ],
     [
      -7869.8,
      -3699.4
     ],
     [
      -7867.4,
      -3701.8
     ],
     [
      -7864.5,
      -3704.2
     ],
     [
      -7861.6,
      -3706.6
     ],
     [
      -7858.8,
      -3709.5
     ],
     [
      -7856.8,
      -3712.4
     ],
     [
      -7854,
      -3715.3
     ],
     [
      -7851.6,
      -3717.7
     ],
     [
      -7848.7,
      -3720.1
     ],
     [
      -7845.8,
      -3722.5
     ],
     [
      -7842.9,
      -3725.4
     ],
     [
      -7840.5,
      -3728.2
     ],
     [
      -7837.6,
      -3730.6
     ],
     [
      -7835.2,
      -3733
     ],
     [
      -7831.9,
      -3734
     ],
     [
      -7828.1,
      -3735.4
     ],
     [
      -7824.7,
      -3736.4
     ],
     [
      -7821.8,
      -3738.3
     ],
     [
      -7818.5,
      -3740.2
     ],
     [
      -7815.6,
      -3742.6
     ],
     [
      -7813.2,
      -3745.5
     ],
     [
      -7810.8,
      -3748.4
     ],
     [
      -7808.9,
      -3751.3
     ],
     [
      -7806.5,
      -3754.6
     ],
     [
      -7804.5,
      -3757.5
     ],
     [
      -7802.6,
      -3760.4
     ],
     [
      -7800.7,
      -3763.3
     ],
     [
      -7799.3,
      -3767.1
     ],
     [
      -7797.3,
      -3770
     ],
     [
      -7795.9,
      -3773.3
     ],
     [
      -7794.5,
      -3776.7
     ],
     [
      -7793,
      -3780
     ]
    ]
   }
  },
  {
   "type": "Feature",
   "properties": {
    "op": "add",
    "source": "recorded",
    "zone": "Tirisfal Glades",
    "time": 1790560244,
    "trim": true
   },
   "geometry": {
    "type": "LineString",
    "coordinates": [
     [
      -7478.1,
      -5159.2
     ],
     [
      -7472.9,
      -5162.2
     ],
     [
      -7467.6,
      -5165.2
     ],
     [
      -7462.4,
      -5166.7
     ],
     [
      -7457.1,
      -5168.2
     ],
     [
      -7451.9,
      -5170.5
     ],
     [
      -7446.7,
      -5173.5
     ],
     [
      -7441.4,
      -5175.7
     ],
     [
      -7436.2,
      -5178
     ],
     [
      -7430.9,
      -5179.5
     ],
     [
      -7425.7,
      -5180.2
     ],
     [
      -7420.4,
      -5181
     ],
     [
      -7415.2,
      -5181
     ],
     [
      -7409.9,
      -5181.7
     ],
     [
      -7404.7,
      -5182.5
     ],
     [
      -7399.4,
      -5183.2
     ],
     [
      -7394.2,
      -5184
     ],
     [
      -7388.2,
      -5184
     ],
     [
      -7382.9,
      -5184
     ],
     [
      -7376.9,
      -5183.2
     ],
     [
      -7371.7,
      -5183.2
     ],
     [
      -7365.7,
      -5181.7
     ],
     [
      -7360.4,
      -5178.7
     ],
     [
      -7355.2,
      -5176.5
     ],
     [
      -7350.7,
      -5173.5
     ],
     [
      -7347,
      -5169
     ],
     [
      -7344,
      -5163.7
     ],
     [
      -7341.7,
      -5157.7
     ],
     [
      -7339.5,
      -5152.5
     ],
     [
      -7337.2,
      -5147.2
     ],
     [
      -7334.2,
      -5142.7
     ],
     [
      -7330.5,
      -5138.2
     ],
     [
      -7326.7,
      -5134.5
     ],
     [
      -7323,
      -5130
     ],
     [
      -7319.2,
      -5125.5
     ],
     [
      -7315.5,
      -5121
     ],
     [
      -7311.7,
      -5117.2
     ],
     [
      -7308,
      -5113.5
     ],
     [
      -7304.2,
      -5109.7
     ],
     [
      -7299.7,
      -5106.7
     ],
     [
      -7295.2,
      -5103.8
     ],
     [
      -7290,
      -5101.5
     ],
     [
      -7284.7,
      -5099.3
     ],
     [
      -7279.5,
      -5097
     ],
     [
      -7274.2,
      -5096.3
     ],
     [
      -7269,
      -5096.3
     ],
     [
      -7263,
      -5096.3
     ],
     [
      -7257.7,
      -5096.3
     ],
     [
      -7252.5,
      -5096.3
     ],
     [
      -7247.3,
      -5096.3
     ],
     [
      -7242,
      -5096.3
     ],
     [
      -7236,
      -5096.3
     ],
     [
      -7230.8,
      -5096.3
     ],
     [
      -7225.5,
      -5096.3
     ],
     [
      -7220.3,
      -5096.3
     ],
     [
      -7215,
      -5095.5
     ],
     [
      -7209.8,
      -5095.5
     ],
     [
      -7204.5,
      -5095.5
     ],
     [
      -7199.3,
      -5095.5
     ],
     [
      -7194,
      -5096.3
     ],
     [
      -7188.8,
      -5096.3
     ],
     [
      -7183.5,
      -5097
     ],
     [
      -7178.3,
      -5098.5
     ],
     [
      -7173,
      -5100.8
     ],
     [
      -7168.5,
      -5103.8
     ],
     [
      -7163.3,
      -5106
     ],
     [
      -7158,
      -5108.2
     ],
     [
      -7152.8,
      -5110.5
     ],
     [
      -7147.6,
      -5112.7
     ],
     [
      -7142.3,
      -5115
     ],
     [
      -7137.1,
      -5118
     ],
     [
      -7131.1,
      -5121
     ],
     [
      -7125.8,
      -5123.2
     ],
     [
      -7120.6,
      -5126.2
     ],
     [
      -7115.3,
      -5127.7
     ],
     [
      -7110.1,
      -5128.5
     ],
     [
      -7104.8,
      -5128.5
     ],
     [
      -7099.6,
      -5128.5
     ],
     [
      -7093.6,
      -5127
     ],
     [
      -7088.3,
      -5126.2
     ],
     [
      -7083.1,
      -5124
     ],
     [
      -7077.8,
      -5121
     ],
     [
      -7072.6,
      -5118.7
     ],
     [
      -7068.1,
      -5115.7
     ],
     [
      -7063.6,
      -5112
     ],
     [
      -7059.1,
      -5108.2
     ],
     [
      -7054.6,
      -5104.5
     ],
     [
      -7050.9,
      -5100
     ],
     [
      -7047.1,
      -5096.3
     ],
     [
      -7044.1,
      -5091.8
     ],
     [
      -7041.1,
      -5086.5
     ],
     [
      -7038.1,
      -5080.5
     ],
     [
      -7036.6,
      -5075.3
     ],
     [
      -7034.4,
      -5070
     ],
     [
      -7033.6,
      -5064.8
     ],
     [
      -7032.9,
      -5059.5
     ],
     [
      -7032.1,
      -5054.3
     ],
     [
      -7032.1,
      -5049
     ],
     [
      -7029.9,
      -5043.8
     ],
     [
      -7026.1,
      -5040
     ],
     [
      -7020.9,
      -5037
     ],
     [
      -7015.6,
      -5036.3
     ]
    ]
   }
  },
  {
   "type": "Feature",
   "properties": {
    "op": "add",
    "source": "recorded",
    "zone": "Tirisfal Glades",
    "time": 1790560251,
    "trim": true
   },
   "geometry": {
    "type": "LineString",
    "coordinates": [
     [
      -7206,
      -5095.5
     ],
     [
      -7205.3,
      -5088.8
     ],
     [
      -7203.8,
      -5082.8
     ],
     [
      -7201.5,
      -5076
     ],
     [
      -7200,
      -5070.8
     ],
     [
      -7198.5,
      -5065.5
     ],
     [
      -7197.8,
      -5060.3
     ],
     [
      -7197.8,
      -5055
     ],
     [
      -7197.8,
      -5049.8
     ],
     [
      -7197,
      -5044.5
     ],
     [
      -7196.3,
      -5039.3
     ],
     [
      -7194.8,
      -5034
     ],
     [
      -7193.3,
      -5028.8
     ],
     [
      -7189.5,
      -5024.3
     ],
     [
      -7184.3,
      -5022
     ],
     [
      -7179,
      -5020.5
     ],
     [
      -7173.8,
      -5018.3
     ],
     [
      -7170,
      -5014.5
     ],
     [
      -7166.3,
      -5010
     ],
     [
      -7162.5,
      -5005.6
     ],
     [
      -7158.8,
      -5001.8
     ],
     [
      -7155,
      -4998.1
     ],
     [
      -7151.3,
      -4993.6
     ],
     [
      -7147.6,
      -4989.8
     ],
     [
      -7142.3,
      -4987.6
     ],
     [
      -7137.8,
      -4984.6
     ],
     [
      -7133.3,
      -4981.6
     ],
     [
      -7128.1,
      -4979.3
     ],
     [
      -7122.8,
      -4978.6
     ],
     [
      -7117.6,
      -4978.6
     ],
     [
      -7112.3,
      -4978.6
     ],
     [
      -7107.1,
      -4980.1
     ],
     [
      -7101.8,
      -4980.8
     ],
     [
      -7096.6,
      -4983.1
     ],
     [
      -7091.3,
      -4985.3
     ],
     [
      -7086.1,
      -4987.6
     ],
     [
      -7081.6,
      -4990.6
     ],
     [
      -7076.3,
      -4993.6
     ],
     [
      -7072.6,
      -4997.3
     ],
     [
      -7068.8,
      -5001.1
     ],
     [
      -7065.1,
      -5004.8
     ],
     [
      -7062.1,
      -5009.3
     ],
     [
      -7059.1,
      -5015.3
     ],
     [
      -7056.8,
      -5020.5
     ],
     [
      -7053.9,
      -5025
     ],
     [
      -7050.1,
      -5028.8
     ],
     [
      -7045.6,
      -5031.8
     ],
     [
      -7040.4,
      -5034.8
     ],
     [
      -7035.1,
      -5037
     ],
     [
      -7029.1,
      -5038.5
     ]
    ]
   }
  },
  {
   "type": "Feature",
   "properties": {
    "op": "add",
    "source": "recorded",
    "zone": "Tirisfal Glades",
    "time": 1790560258,
    "trim": true
   },
   "geometry": {
    "type": "LineString",
    "coordinates": [
     [
      -7119.8,
      -4977.8
     ],
     [
      -7118.3,
      -4972.6
     ],
     [
      -7116.8,
      -4967.3
     ],
     [
      -7115.3,
      -4962.1
     ],
     [
      -7114.6,
      -4956.8
     ],
     [
      -7113.8,
      -4951.6
     ],
     [
      -7113.1,
      -4946.3
     ],
     [
      -7111.6,
      -4941.1
     ],
     [
      -7110.1,
      -4935.8
     ],
     [
      -7108.6,
      -4930.6
     ],
     [
      -7105.6,
      -4926.1
     ],
     [
      -7101.1,
      -4922.3
     ],
     [
      -7096.6,
      -4919.3
     ],
     [
      -7092.1,
      -4915.6
     ],
     [
      -7087.6,
      -4911.8
     ],
     [
      -7083.1,
      -4908.8
     ],
     [
      -7078.6,
      -4905.9
     ],
     [
      -7073.3,
      -4903.6
     ],
     [
      -7068.8,
      -4900.6
     ],
     [
      -7063.6,
      -4898.4
     ],
     [
      -7058.3,
      -4895.4
     ],
     [
      -7053.1,
      -4893.1
     ],
     [
      -7047.9,
      -4890.1
     ],
     [
      -7042.6,
      -4887.9
     ],
     [
      -7037.4,
      -4886.4
     ],
     [
      -7032.1,
      -4885.6
     ],
     [
      -7026.9,
      -4884.9
     ],
     [
      -7021.6,
      -4886.4
     ],
     [
      -7018.6,
      -4890.9
     ],
     [
      -7016.4,
      -4896.1
     ],
     [
      -7013.4,
      -4900.6
     ],
     [
      -7011.9,
      -4905.9
     ],
     [
      -7008.9,
      -4911.1
     ],
     [
      -7008.1,
      -4916.3
     ],
     [
      -7005.9,
      -4922.3
     ],
     [
      -7002.9,
      -4927.6
     ],
     [
      -6999.1,
      -4931.3
     ],
     [
      -6995.4,
      -4935.1
     ],
     [
      -6991.6,
      -4938.8
     ],
     [
      -6987.9,
      -4942.6
     ],
     [
      -6984.1,
      -4946.3
     ],
     [
      -6980.4,
      -4950.8
     ],
     [
      -6977.4,
      -4955.3
     ]
    ]
   }
  },
  {
   "type": "Feature",
   "properties": {
    "op": "add",
    "source": "recorded",
    "zone": "Tirisfal Glades",
    "time": 1790560264,
    "trim": true
   },
   "geometry": {
    "type": "LineString",
    "coordinates": [
     [
      -7110.1,
      -4934.3
     ],
     [
      -7106.3,
      -4938.8
     ],
     [
      -7101.1,
      -4941.8
     ],
     [
      -7095.8,
      -4943.3
     ],
     [
      -7089.8,
      -4945.6
     ],
     [
      -7083.8,
      -4947.8
     ],
     [
      -7078.6,
      -4948.6
     ],
     [
      -7073.3,
      -4949.3
     ],
     [
      -7068.1,
      -4949.3
     ],
     [
      -7062.8,
      -4948.6
     ],
     [
      -7059.1,
      -4952.3
     ],
     [
      -7058.3,
      -4957.6
     ],
     [
      -7053.9,
      -4961.3
     ],
     [
      -7050.9,
      -4965.8
     ],
     [
      -7047.9,
      -4971.1
     ],
     [
      -7044.9,
      -4976.3
     ],
     [
      -7041.1,
      -4980.1
     ],
     [
      -7037.4,
      -4983.8
     ],
     [
      -7032.9,
      -4986.8
     ],
     [
      -7027.6,
      -4986.8
     ],
     [
      -7024.6,
      -4982.3
     ],
     [
      -7021.6,
      -4977.8
     ],
     [
      -7019.4,
      -4972.6
     ],
     [
      -7016.4,
      -4967.3
     ],
     [
      -7014.1,
      -4962.1
     ],
     [
      -7009.6,
      -4959.1
     ],
     [
      -7004.4,
      -4956.8
     ],
     [
      -6999.1,
      -4955.3
     ],
     [
      -6993.9,
      -4953.1
     ],
     [
      -6988.6,
      -4950.8
     ],
     [
      -6984.1,
      -4947.8
     ]
    ]
   }
  },
  {
   "type": "Feature",
   "properties": {
    "op": "add",
    "source": "recorded",
    "zone": "Tirisfal Glades",
    "time": 1790560267,
    "trim": true
   },
   "geometry": {
    "type": "LineString",
    "coordinates": [
     [
      -7059.1,
      -5010.8
     ],
     [
      -7053.1,
      -5010
     ],
     [
      -7047.9,
      -5007.8
     ],
     [
      -7042.6,
      -5005.6
     ],
     [
      -7037.4,
      -5002.6
     ],
     [
      -7032.9,
      -4998.8
     ],
     [
      -7031.4,
      -4993.6
     ],
     [
      -7029.9,
      -4988.3
     ]
    ]
   }
  },
  {
   "type": "Feature",
   "properties": {
    "op": "add",
    "source": "recorded",
    "zone": "Tirisfal Glades",
    "time": 1790560273,
    "trim": true
   },
   "geometry": {
    "type": "LineString",
    "coordinates": [
     [
      -7203.8,
      -5096.3
     ],
     [
      -7203.8,
      -5102.3
     ],
     [
      -7203,
      -5107.5
     ],
     [
      -7202.3,
      -5112.7
     ],
     [
      -7202.3,
      -5118
     ],
     [
      -7202.3,
      -5123.2
     ],
     [
      -7203,
      -5128.5
     ],
     [
      -7204.5,
      -5133.7
     ],
     [
      -7207.5,
      -5138.2
     ],
     [
      -7211.3,
      -5142
     ],
     [
      -7215,
      -5145.7
     ],
     [
      -7218,
      -5150.2
     ],
     [
      -7221,
      -5155.5
     ]
    ]
   }
  },
  {
   "type": "Feature",
   "properties": {
    "op": "add",
    "source": "recorded",
    "zone": "Tirisfal Glades",
    "time": 1790560280,
    "trim": true
   },
   "geometry": {
    "type": "LineString",
    "coordinates": [
     [
      -7047.9,
      -5097
     ],
     [
      -7042.6,
      -5100
     ],
     [
      -7038.9,
      -5103.8
     ],
     [
      -7033.6,
      -5108.2
     ],
     [
      -7029.1,
      -5111.2
     ],
     [
      -7025.4,
      -5115
     ],
     [
      -7020.9,
      -5118
     ],
     [
      -7017.1,
      -5122.5
     ],
     [
      -7011.9,
      -5125.5
     ],
     [
      -7008.1,
      -5129.2
     ],
     [
      -7004.4,
      -5133
     ],
     [
      -7000.6,
      -5136.7
     ],
     [
      -6996.9,
      -5140.5
     ],
     [
      -6993.1,
      -5144.2
     ],
     [
      -6987.9,
      -5146.5
     ],
     [
      -6982.6,
      -5148.7
     ],
     [
      -6977.4,
      -5151
     ],
     [
      -6972.1,
      -5154
     ],
     [
      -6967.6,
      -5157
     ],
     [
      -6963.1,
      -5160.7
     ],
     [
      -6957.1,
      -5163.7
     ],
     [
      -6951.9,
      -5166
     ],
     [
      -6946.7,
      -5167.5
     ],
     [
      -6941.4,
      -5168.2
     ],
     [
      -6936.2,
      -5168.2
     ],
     [
      -6930.9,
      -5169
     ],
     [
      -6925.7,
      -5170.5
     ],
     [
      -6920.4,
      -5172.7
     ],
     [
      -6915.9,
      -5175.7
     ],
     [
      -6911.4,
      -5178.7
     ],
     [
      -6908.4,
      -5184
     ],
     [
      -6906.9,
      -5189.2
     ],
     [
      -6903.9,
      -5195.2
     ]
    ]
   }
  },
  {
   "type": "Feature",
   "properties": {
    "op": "add",
    "source": "recorded",
    "zone": "Tirisfal Glades",
    "time": 1790560284,
    "trim": true
   },
   "geometry": {
    "type": "LineString",
    "coordinates": [
     [
      -7196.7,
      -5305.8
     ],
     [
      -7187.4,
      -5309.3
     ],
     [
      -7179.2,
      -5310.5
     ],
     [
      -7166.3,
      -5310.5
     ],
     [
      -7156.9,
      -5309.3
     ],
     [
      -7146.4,
      -5307
     ],
     [
      -7135.8,
      -5305.8
     ],
     [
      -7118.3,
      -5303.5
     ],
     [
      -7101.9,
      -5301.1
     ],
     [
      -7087.8,
      -5297.6
     ],
     [
      -7073.7,
      -5295.3
     ],
     [
      -7059.7,
      -5292.9
     ],
     [
      -7046.8,
      -5290.6
     ],
     [
      -7033.9,
      -5288.2
     ],
     [
      -7021,
      -5285.9
     ],
     [
      -7007,
      -5283.6
     ],
     [
      -6991.8,
      -5280
     ],
     [
      -6977.7,
      -5276.5
     ],
     [
      -6963.6,
      -5273
     ],
     [
      -6955.4,
      -5270.7
     ],
     [
      -6947.2,
      -5268.3
     ],
     [
      -6937.9,
      -5266
     ]
    ]
   }
  },
  {
   "type": "Feature",
   "properties": {
    "op": "remove",
    "source": "recorded",
    "zone": "Tirisfal Glades",
    "time": 1790560289,
    "trim": true
   },
   "geometry": {
    "type": "LineString",
    "coordinates": [
     [
      -7209.6,
      -5304.6
     ],
     [
      -7200.2,
      -5304.6
     ],
     [
      -7192,
      -5307
     ],
     [
      -7183.8,
      -5309.3
     ],
     [
      -7175.6,
      -5310.5
     ],
     [
      -7167.4,
      -5311.7
     ],
     [
      -7159.3,
      -5311.7
     ],
     [
      -7151.1,
      -5309.3
     ],
     [
      -7142.9,
      -5307
     ],
     [
      -7134.7,
      -5304.6
     ],
     [
      -7126.5,
      -5303.5
     ],
     [
      -7118.3,
      -5302.3
     ],
     [
      -7110.1,
      -5300
     ],
     [
      -7101.9,
      -5298.8
     ],
     [
      -7093.7,
      -5297.6
     ],
     [
      -7085.5,
      -5296.4
     ],
     [
      -7077.3,
      -5294.1
     ],
     [
      -7069.1,
      -5292.9
     ],
     [
      -7060.9,
      -5291.8
     ],
     [
      -7052.7,
      -5289.4
     ],
     [
      -7043.3,
      -5288.2
     ],
     [
      -7033.9,
      -5284.7
     ],
     [
      -7025.7,
      -5282.4
     ],
     [
      -7017.5,
      -5278.9
     ],
     [
      -7009.3,
      -5276.5
     ],
     [
      -7001.1,
      -5274.2
     ],
     [
      -6992.9,
      -5271.8
     ],
     [
      -6983.6,
      -5270.7
     ],
     [
      -6975.4,
      -5269.5
     ],
     [
      -6967.2,
      -5268.3
     ],
     [
      -6959,
      -5267.2
     ],
     [
      -6950.8,
      -5267.2
     ],
     [
      -6942.6,
      -5266
     ],
     [
      -6934.4,
      -5264.8
     ]
    ]
   }
  },
  {
   "type": "Feature",
   "properties": {
    "op": "add",
    "source": "recorded",
    "zone": "Tirisfal Glades",
    "time": 1790560316,
    "trim": true
   },
   "geometry": {
    "type": "LineString",
    "coordinates": [
     [
      -7973.1,
      -5016.4
     ],
     [
      -7976.9,
      -5020.9
     ],
     [
      -7980.6,
      -5024.6
     ],
     [
      -7984.4,
      -5028.4
     ],
     [
      -7988.1,
      -5032.9
     ],
     [
      -7991.9,
      -5037.4
     ],
     [
      -7996.4,
      -5041.8
     ],
     [
      -8000.1,
      -5045.6
     ],
     [
      -8003.9,
      -5049.3
     ],
     [
      -8007.6,
      -5053.1
     ],
     [
      -8012.1,
      -5056.1
     ],
     [
      -8015.9,
      -5059.8
     ],
     [
      -8019.6,
      -5063.6
     ],
     [
      -8022.6,
      -5068.1
     ],
     [
      -8025.6,
      -5072.6
     ],
     [
      -8028.6,
      -5077.1
     ],
     [
      -8032.3,
      -5081.6
     ],
     [
      -8034.6,
      -5086.8
     ],
     [
      -8036.1,
      -5092.1
     ],
     [
      -8036.8,
      -5097.3
     ],
     [
      -8037.6,
      -5102.6
     ],
     [
      -8038.3,
      -5107.8
     ],
     [
      -8039.8,
      -5113.1
     ],
     [
      -8039.8,
      -5119.1
     ],
     [
      -8040.6,
      -5124.3
     ],
     [
      -8040.6,
      -5129.6
     ],
     [
      -8041.3,
      -5134.8
     ],
     [
      -8042.8,
      -5140
     ],
     [
      -8045.1,
      -5145.3
     ],
     [
      -8048.1,
      -5149.8
     ],
     [
      -8051.8,
      -5155
     ],
     [
      -8054.8,
      -5159.5
     ],
     [
      -8058.6,
      -5164
     ],
     [
      -8061.6,
      -5168.5
     ],
     [
      -8063.8,
      -5173.8
     ],
     [
      -8067.6,
      -5177.5
     ],
     [
      -8071.3,
      -5182.8
     ],
     [
      -8074.3,
      -5187.3
     ],
     [
      -8075.1,
      -5192.5
     ],
     [
      -8076.6,
      -5197.8
     ],
     [
      -8078.1,
      -5203.8
     ],
     [
      -8078.1,
      -5209
     ],
     [
      -8078.8,
      -5215
     ],
     [
      -8079.6,
      -5220.3
     ],
     [
      -8079.6,
      -5226.3
     ],
     [
      -8080.3,
      -5231.5
     ],
     [
      -8080.3,
      -5236.8
     ],
     [
      -8080.3,
      -5242
     ],
     [
      -8081.1,
      -5247.2
     ],
     [
      -8081.1,
      -5252.5
     ],
     [
      -8081.1,
      -5257.7
     ],
     [
      -8080.3,
      -5263.7
     ],
     [
      -8080.3,
      -5269
     ],
     [
      -8080.3,
      -5274.2
     ],
     [
      -8080.3,
      -5279.5
     ],
     [
      -8080.3,
      -5285.5
     ],
     [
      -8081.1,
      -5291.5
     ],
     [
      -8081.1,
      -5296.7
     ],
     [
      -8081.8,
      -5302
     ],
     [
      -8082.6,
      -5308
     ],
     [
      -8083.3,
      -5313.2
     ],
     [
      -8083.3,
      -5318.5
     ],
     [
      -8082.6,
      -5324.5
     ],
     [
      -8081.8,
      -5329.7
     ],
     [
      -8081.1,
      -5335
     ],
     [
      -8081.1,
      -5340.2
     ],
     [
      -8080.3,
      -5345.4
     ],
     [
      -8080.3,
      -5350.7
     ],
     [
      -8079.6,
      -5355.9
     ],
     [
      -8079.6,
      -5361.9
     ],
     [
      -8078.8,
      -5367.9
     ],
     [
      -8078.8,
      -5373.2
     ],
     [
      -8082.6,
      -5378.4
     ],
     [
      -8085.6,
      -5382.9
     ],
     [
      -8089.3,
      -5386.7
     ],
     [
      -8092.3,
      -5391.2
     ],
     [
      -8096.8,
      -5394.2
     ],
     [
      -8100.6,
      -5397.9
     ],
     [
      -8105.1,
      -5401.7
     ],
     [
      -8108.8,
      -5405.4
     ],
     [
      -8112.6,
      -5409.9
     ],
     [
      -8116.3,
      -5414.4
     ],
     [
      -8121.5,
      -5418.9
     ],
     [
      -8125.3,
      -5422.7
     ],
     [
      -8129,
      -5427.2
     ],
     [
      -8133.5,
      -5431.7
     ],
     [
      -8137.3,
      -5436.9
     ],
     [
      -8139.5,
      -5442.1
     ],
     [
      -8141,
      -5447.4
     ],
     [
      -8142.5,
      -5453.4
     ],
     [
      -8144,
      -5459.4
     ],
     [
      -8144.8,
      -5464.6
     ],
     [
      -8145.5,
      -5469.9
     ],
     [
      -8145.5,
      -5475.1
     ],
     [
      -8146.3,
      -5481.1
     ],
     [
      -8147,
      -5487.1
     ],
     [
      -8147.8,
      -5492.4
     ],
     [
      -8147.8,
      -5497.6
     ],
     [
      -8148.5,
      -5502.9
     ],
     [
      -8148.5,
      -5508.1
     ],
     [
      -8148.5,
      -5513.4
     ],
     [
      -8148.5,
      -5518.6
     ],
     [
      -8148.5,
      -5523.9
     ],
     [
      -8146.3,
      -5529.9
     ],
     [
      -8144,
      -5535.1
     ],
     [
      -8142.5,
      -5540.3
     ],
     [
      -8141,
      -5545.6
     ],
     [
      -8139.5,
      -5550.8
     ],
     [
      -8138.8,
      -5556.8
     ],
     [
      -8138.8,
      -5562.8
     ]
    ]
   }
  },
  {
   "type": "Feature",
   "properties": {
    "op": "add",
    "source": "recorded",
    "zone": "Tirisfal Glades",
    "time": 1790560328,
    "trim": true
   },
   "geometry": {
    "type": "LineString",
    "coordinates": [
     [
      -8051.9,
      -4771.6
     ],
     [
      -8048.5,
      -4771.6
     ],
     [
      -8045.2,
      -4772.6
     ],
     [
      -8041.8,
      -4774
     ],
     [
      -8038.4,
      -4775.5
     ],
     [
      -8035.1,
      -4776.4
     ],
     [
      -8031.7,
      -4777.4
     ],
     [
      -8028.4,
      -4777.9
     ],
     [
      -8025,
      -4778.8
     ],
     [
      -8021.6,
      -4779.8
     ],
     [
      -8018.3,
      -4780.3
     ],
     [
      -8014.9,
      -4780.3
     ],
     [
      -8011.6,
      -4780.7
     ],
     [
      -8008.2,
      -4780.7
     ],
     [
      -8004.9,
      -4780.7
     ],
     [
      -8001.5,
      -4780.7
     ],
     [
      -7998.1,
      -4780.7
     ],
     [
      -7994.8,
      -4780.7
     ],
     [
      -7991.4,
      -4780.7
     ],
     [
      -7988.1,
      -4780.3
     ],
     [
      -7984.7,
      -4779.8
     ],
     [
      -7981.3,
      -4779.3
     ],
     [
      -7978,
      -4778.8
     ],
     [
      -7974.6,
      -4778.8
     ],
     [
      -7971.3,
      -4778.3
     ],
     [
      -7967.9,
      -4778.3
     ],
     [
      -7964.6,
      -4777.9
     ],
     [
      -7960.7,
      -4777.9
     ],
     [
      -7957.4,
      -4777.4
     ],
     [
      -7954,
      -4776.9
     ],
     [
      -7950.6,
      -4776.9
     ],
     [
      -7947.3,
      -4776.4
     ],
     [
      -7943.9,
      -4776.4
     ]
    ]
   }
  },
  {
   "type": "Feature",
   "properties": {
    "op": "add",
    "source": "recorded",
    "zone": "Tirisfal Glades",
    "time": 1790560340,
    "trim": true
   },
   "geometry": {
    "type": "LineString",
    "coordinates": [
     [
      -8092.7,
      -4242.7
     ],
     [
      -8096.3,
      -4246.3
     ],
     [
      -8099.9,
      -4251.1
     ],
     [
      -8102.9,
      -4255.3
     ],
     [
      -8105.9,
      -4258.3
     ],
     [
      -8108.3,
      -4261.9
     ],
     [
      -8111.3,
      -4265.5
     ],
     [
      -8114.3,
      -4268.5
     ],
     [
      -8117.8,
      -4272.7
     ],
     [
      -8120.8,
      -4275.7
     ],
     [
      -8123.8,
      -4278.7
     ],
     [
      -8126.2,
      -4282.3
     ],
     [
      -8129.8,
      -4285.3
     ],
     [
      -8134,
      -4288.3
     ],
     [
      -8138.2,
      -4291.3
     ],
     [
      -8142.4,
      -4294.3
     ],
     [
      -8147.2,
      -4296.7
     ],
     [
      -8152.6,
      -4299.1
     ],
     [
      -8158,
      -4302.1
     ],
     [
      -8163.4,
      -4304.5
     ],
     [
      -8167,
      -4306.9
     ],
     [
      -8170.6,
      -4309.3
     ],
     [
      -8175.4,
      -4311.7
     ],
     [
      -8179.6,
      -4314.7
     ],
     [
      -8182.6,
      -4317.7
     ],
     [
      -8186.2,
      -4321.3
     ],
     [
      -8190.4,
      -4323.7
     ],
     [
      -8194,
      -4326.1
     ],
     [
      -8197.6,
      -4328.5
     ],
     [
      -8201.2,
      -4331.5
     ],
     [
      -8206,
      -4333.9
     ],
     [
      -8209.6,
      -4336.9
     ]
    ]
   }
  },
  {
   "type": "Feature",
   "properties": {
    "op": "add",
    "source": "recorded",
    "zone": "Tirisfal Glades",
    "time": 1790560407,
    "trim": true
   },
   "geometry": {
    "type": "LineString",
    "coordinates": [
     [
      -10449.5,
      -1523.6
     ],
     [
      -10452.4,
      -1533.8
     ],
     [
      -10453.9,
      -1545.5
     ],
     [
      -10455.4,
      -1555.8
     ],
     [
      -10456.8,
      -1566
     ],
     [
      -10458.3,
      -1577.7
     ],
     [
      -10459.8,
      -1588
     ],
     [
      -10462.7,
      -1598.2
     ],
     [
      -10462.7,
      -1608.5
     ],
     [
      -10462.7,
      -1618.7
     ],
     [
      -10462.7,
      -1629
     ],
     [
      -10462.7,
      -1639.2
     ],
     [
      -10462.7,
      -1649.5
     ],
     [
      -10462.7,
      -1661.2
     ],
     [
      -10462.7,
      -1671.4
     ],
     [
      -10462.7,
      -1681.7
     ],
     [
      -10462.7,
      -1691.9
     ],
     [
      -10462.7,
      -1702.2
     ],
     [
      -10459.8,
      -1712.4
     ],
     [
      -10456.8,
      -1722.7
     ],
     [
      -10455.4,
      -1732.9
     ],
     [
      -10455.4,
      -1743.2
     ],
     [
      -10451,
      -1753.4
     ],
     [
      -10445.1,
      -1762.2
     ],
     [
      -10439.3,
      -1771
     ],
     [
      -10431.9,
      -1778.3
     ],
     [
      -10429,
      -1788.6
     ],
     [
      -10427.6,
      -1798.8
     ],
     [
      -10427.6,
      -1809.1
     ],
     [
      -10430.5,
      -1819.3
     ],
     [
      -10430.5,
      -1829.6
     ],
     [
      -10431.9,
      -1839.8
     ],
     [
      -10433.4,
      -1850.1
     ],
     [
      -10439.3,
      -1858.8
     ],
     [
      -10442.2,
      -1869.1
     ],
     [
      -10442.2,
      -1879.3
     ],
     [
      -10442.2,
      -1889.6
     ],
     [
      -10442.2,
      -1899.8
     ],
     [
      -10439.3,
      -1910.1
     ],
     [
      -10437.8,
      -1920.3
     ],
     [
      -10436.3,
      -1930.6
     ],
     [
      -10434.9,
      -1940.8
     ],
     [
      -10431.9,
      -1951.1
     ],
     [
      -10433.4,
      -1961.3
     ],
     [
      -10437.8,
      -1971.6
     ],
     [
      -10437.8,
      -1981.8
     ],
     [
      -10437.8,
      -1992.1
     ],
     [
      -10434.9,
      -2002.3
     ],
     [
      -10433.4,
      -2012.6
     ],
     [
      -10434.9,
      -2022.8
     ],
     [
      -10445.1,
      -2027.2
     ],
     [
      -10455.4,
      -2028.7
     ],
     [
      -10465.6,
      -2030.1
     ],
     [
      -10475.9,
      -2034.5
     ],
     [
      -10486.1,
      -2040.4
     ],
     [
      -10496.4,
      -2044.8
     ],
     [
      -10505.2,
      -2050.6
     ],
     [
      -10512.5,
      -2058
     ],
     [
      -10519.8,
      -2065.3
     ],
     [
      -10525.6,
      -2074.1
     ],
     [
      -10531.5,
      -2082.9
     ],
     [
      -10535.9,
      -2093.1
     ],
     [
      -10544.7,
      -2099
     ],
     [
      -10554.9,
      -2103.3
     ],
     [
      -10565.2,
      -2109.2
     ],
     [
      -10574,
      -2115.1
     ],
     [
      -10581.3,
      -2122.4
     ],
     [
      -10587.1,
      -2131.2
     ],
     [
      -10590.1,
      -2141.4
     ],
     [
      -10590.1,
      -2151.7
     ],
     [
      -10590.1,
      -2161.9
     ],
     [
      -10588.6,
      -2172.2
     ],
     [
      -10587.1,
      -2182.4
     ],
     [
      -10584.2,
      -2192.7
     ],
     [
      -10581.3,
      -2202.9
     ],
     [
      -10576.9,
      -2213.2
     ],
     [
      -10575.4,
      -2223.4
     ],
     [
      -10575.4,
      -2235.1
     ],
     [
      -10574,
      -2245.4
     ],
     [
      -10572.5,
      -2255.6
     ],
     [
      -10568.1,
      -2265.9
     ],
     [
      -10562.3,
      -2276.1
     ],
     [
      -10559.3,
      -2286.4
     ],
     [
      -10557.9,
      -2296.6
     ],
     [
      -10554.9,
      -2306.9
     ],
     [
      -10554.9,
      -2318.6
     ],
     [
      -10553.5,
      -2328.8
     ],
     [
      -10552,
      -2339.1
     ],
     [
      -10549.1,
      -2349.3
     ],
     [
      -10543.2,
      -2358.1
     ],
     [
      -10537.4,
      -2366.9
     ],
     [
      -10527.1,
      -2369.8
     ],
     [
      -10516.9,
      -2375.7
     ],
     [
      -10508.1,
      -2381.5
     ],
     [
      -10499.3,
      -2387.4
     ],
     [
      -10490.5,
      -2394.7
     ],
     [
      -10481.7,
      -2400.6
     ],
     [
      -10471.5,
      -2405
     ],
     [
      -10461.2,
      -2407.9
     ],
     [
      -10451,
      -2407.9
     ]
    ]
   }
  },
  {
   "type": "Feature",
   "properties": {
    "op": "add",
    "source": "recorded",
    "zone": "Tirisfal Glades",
    "time": 1790560412,
    "trim": true
   },
   "geometry": {
    "type": "LineString",
    "coordinates": [
     [
      -10559.3,
      -2104.8
     ],
     [
      -10552,
      -2113.6
     ],
     [
      -10543.2,
      -2119.5
     ],
     [
      -10533,
      -2123.8
     ],
     [
      -10522.7,
      -2128.2
     ],
     [
      -10512.5,
      -2129.7
     ],
     [
      -10502.2,
      -2128.2
     ],
     [
      -10492,
      -2128.2
     ],
     [
      -10481.7,
      -2129.7
     ],
     [
      -10471.5,
      -2132.6
     ],
     [
      -10462.7,
      -2138.5
     ],
     [
      -10452.4,
      -2141.4
     ]
    ]
   }
  },
  {
   "type": "Feature",
   "properties": {
    "op": "add",
    "source": "recorded",
    "zone": "Tirisfal Glades",
    "time": 1790560421,
    "trim": true
   },
   "geometry": {
    "type": "LineString",
    "coordinates": [
     [
      -10585.7,
      -2129.7
     ],
     [
      -10595.9,
      -2126.8
     ],
     [
      -10606.2,
      -2120.9
     ],
     [
      -10615,
      -2115.1
     ],
     [
      -10622.3,
      -2107.7
     ],
     [
      -10631.1,
      -2100.4
     ],
     [
      -10639.8,
      -2093.1
     ],
     [
      -10647.2,
      -2085.8
     ],
     [
      -10654.5,
      -2078.5
     ],
     [
      -10663.3,
      -2072.6
     ],
     [
      -10672.1,
      -2066.7
     ],
     [
      -10682.3,
      -2062.4
     ],
     [
      -10692.6,
      -2056.5
     ],
     [
      -10702.8,
      -2050.6
     ],
     [
      -10711.6,
      -2044.8
     ],
     [
      -10717.4,
      -2036
     ],
     [
      -10723.3,
      -2027.2
     ],
     [
      -10727.7,
      -2017
     ],
     [
      -10730.6,
      -2006.7
     ],
     [
      -10732.1,
      -1996.5
     ],
     [
      -10730.6,
      -1986.2
     ],
     [
      -10729.2,
      -1976
     ],
     [
      -10729.2,
      -1965.7
     ],
     [
      -10733.6,
      -1955.5
     ],
     [
      -10742.3,
      -1949.6
     ],
     [
      -10752.6,
      -1946.7
     ],
     [
      -10762.8,
      -1945.2
     ],
     [
      -10773.1,
      -1948.2
     ],
     [
      -10781.9,
      -1954
     ],
     [
      -10787.7,
      -1962.8
     ],
     [
      -10795,
      -1971.6
     ],
     [
      -10799.4,
      -1981.8
     ],
     [
      -10803.8,
      -1992.1
     ],
     [
      -10808.2,
      -2002.3
     ],
     [
      -10809.7,
      -2012.6
     ],
     [
      -10811.2,
      -2022.8
     ],
     [
      -10811.2,
      -2033.1
     ],
     [
      -10811.2,
      -2044.8
     ],
     [
      -10815.5,
      -2055
     ],
     [
      -10821.4,
      -2063.8
     ],
     [
      -10830.2,
      -2071.1
     ],
     [
      -10837.5,
      -2078.5
     ],
     [
      -10844.8,
      -2085.8
     ]
    ]
   }
  },
  {
   "type": "Feature",
   "properties": {
    "op": "add",
    "source": "recorded",
    "zone": "Tirisfal Glades",
    "time": 1790560445,
    "trim": true
   },
   "geometry": {
    "type": "LineString",
    "coordinates": [
     [
      -10453.9,
      -1737.3
     ],
     [
      -10464.2,
      -1737.3
     ],
     [
      -10474.4,
      -1740.3
     ],
     [
      -10484.7,
      -1741.7
     ],
     [
      -10494.9,
      -1744.6
     ],
     [
      -10505.2,
      -1744.6
     ],
     [
      -10515.4,
      -1744.6
     ],
     [
      -10525.6,
      -1746.1
     ],
     [
      -10535.9,
      -1750.5
     ],
     [
      -10544.7,
      -1756.4
     ],
     [
      -10550.5,
      -1765.1
     ],
     [
      -10553.5,
      -1775.4
     ],
     [
      -10559.3,
      -1784.2
     ],
     [
      -10562.3,
      -1794.4
     ],
     [
      -10565.2,
      -1806.1
     ],
     [
      -10566.6,
      -1817.8
     ],
     [
      -10568.1,
      -1828.1
     ],
     [
      -10569.6,
      -1838.3
     ],
     [
      -10569.6,
      -1848.6
     ],
     [
      -10569.6,
      -1858.8
     ],
     [
      -10571,
      -1869.1
     ],
     [
      -10572.5,
      -1879.3
     ],
     [
      -10579.8,
      -1886.7
     ],
     [
      -10585.7,
      -1895.4
     ],
     [
      -10594.5,
      -1901.3
     ],
     [
      -10604.7,
      -1905.7
     ],
     [
      -10615,
      -1908.6
     ],
     [
      -10625.2,
      -1911.6
     ],
     [
      -10635.5,
      -1913
     ],
     [
      -10645.7,
      -1913
     ],
     [
      -10656,
      -1911.6
     ],
     [
      -10666.2,
      -1910.1
     ],
     [
      -10675,
      -1904.2
     ],
     [
      -10683.8,
      -1898.4
     ],
     [
      -10688.2,
      -1888.1
     ],
     [
      -10689.6,
      -1877.9
     ],
     [
      -10686.7,
      -1867.6
     ],
     [
      -10685.2,
      -1857.4
     ],
     [
      -10691.1,
      -1848.6
     ],
     [
      -10699.9,
      -1842.7
     ],
     [
      -10710.1,
      -1841.3
     ],
     [
      -10720.4,
      -1839.8
     ],
     [
      -10730.6,
      -1838.3
     ],
     [
      -10740.9,
      -1835.4
     ],
     [
      -10751.1,
      -1834
     ],
     [
      -10761.4,
      -1834
     ],
     [
      -10771.6,
      -1839.8
     ],
     [
      -10780.4,
      -1845.7
     ],
     [
      -10790.7,
      -1848.6
     ],
     [
      -10800.9,
      -1850.1
     ],
     [
      -10811.2,
      -1855.9
     ],
     [
      -10821.4,
      -1858.8
     ],
     [
      -10831.6,
      -1864.7
     ],
     [
      -10839,
      -1873.5
     ],
     [
      -10844.8,
      -1883.7
     ],
     [
      -10850.7,
      -1892.5
     ],
     [
      -10858,
      -1899.8
     ],
     [
      -10865.3,
      -1908.6
     ],
     [
      -10871.2,
      -1918.9
     ],
     [
      -10877,
      -1927.7
     ],
     [
      -10882.9,
      -1936.4
     ],
     [
      -10890.2,
      -1943.8
     ],
     [
      -10899,
      -1949.6
     ],
     [
      -10906.3,
      -1956.9
     ],
     [
      -10912.2,
      -1965.7
     ],
     [
      -10916.6,
      -1976
     ],
     [
      -10919.5,
      -1986.2
     ],
     [
      -10918,
      -1996.5
     ],
     [
      -10913.6,
      -2006.7
     ],
     [
      -10907.8,
      -2015.5
     ],
     [
      -10901.9,
      -2024.3
     ],
     [
      -10897.5,
      -2034.5
     ],
     [
      -10894.6,
      -2044.8
     ],
     [
      -10888.7,
      -2055
     ],
     [
      -10881.4,
      -2063.8
     ],
     [
      -10872.6,
      -2071.1
     ],
     [
      -10862.4,
      -2077
     ],
     [
      -10853.6,
      -2082.9
     ],
     [
      -10847.8,
      -2091.6
     ],
     [
      -10839,
      -2097.5
     ],
     [
      -10836,
      -2107.7
     ],
     [
      -10833.1,
      -2118
     ],
     [
      -10830.2,
      -2128.2
     ],
     [
      -10828.7,
      -2138.5
     ],
     [
      -10827.3,
      -2148.7
     ],
     [
      -10825.8,
      -2159
     ],
     [
      -10833.1,
      -2166.3
     ],
     [
      -10843.4,
      -2172.2
     ],
     [
      -10850.7,
      -2179.5
     ],
     [
      -10856.5,
      -2188.3
     ],
     [
      -10862.4,
      -2197.1
     ],
     [
      -10869.7,
      -2204.4
     ],
     [
      -10880,
      -2208.8
     ],
     [
      -10890.2,
      -2213.2
     ],
     [
      -10899,
      -2219
     ],
     [
      -10904.9,
      -2227.8
     ],
     [
      -10912.2,
      -2235.1
     ],
     [
      -10921,
      -2242.4
     ],
     [
      -10929.7,
      -2248.3
     ],
     [
      -10940,
      -2249.8
     ],
     [
      -10950.2,
      -2251.2
     ],
     [
      -10957.6,
      -2258.5
     ],
     [
      -10963.4,
      -2267.3
     ],
     [
      -10973.7,
      -2271.7
     ],
     [
      -10983.9,
      -2273.2
     ],
     [
      -10994.2,
      -2273.2
     ],
     [
      -11004.4,
      -2273.2
     ],
     [
      -11011.7,
      -2265.9
     ],
     [
      -11020.5,
      -2260
     ],
     [
      -11030.8,
      -2260
     ],
     [
      -11041,
      -2262.9
     ],
     [
      -11051.3,
      -2265.9
     ],
     [
      -11060,
      -2260
     ],
     [
      -11070.3,
      -2255.6
     ],
     [
      -11080.5,
      -2255.6
     ],
     [
      -11090.8,
      -2255.6
     ],
     [
      -11101,
      -2255.6
     ],
     [
      -11111.3,
      -2260
     ],
     [
      -11121.5,
      -2261.5
     ],
     [
      -11131.8,
      -2262.9
     ],
     [
      -11142,
      -2262.9
     ],
     [
      -11152.3,
      -2261.5
     ],
     [
      -11162.5,
      -2260
     ],
     [
      -11169.9,
      -2252.7
     ],
     [
      -11175.7,
      -2243.9
     ],
     [
      -11178.6,
      -2233.7
     ],
     [
      -11178.6,
      -2223.4
     ],
     [
      -11180.1,
      -2213.2
     ],
     [
      -11178.6,
      -2202.9
     ],
     [
      -11177.2,
      -2192.7
     ],
     [
      -11174.2,
      -2182.4
     ],
     [
      -11166.9,
      -2175.1
     ],
     [
      -11164,
      -2164.8
     ],
     [
      -11159.6,
      -2154.6
     ],
     [
      -11156.7,
      -2144.3
     ],
     [
      -11153.8,
      -2134.1
     ],
     [
      -11150.8,
      -2123.8
     ],
     [
      -11147.9,
      -2113.6
     ],
     [
      -11145,
      -2103.3
     ],
     [
      -11140.6,
      -2093.1
     ],
     [
      -11137.6,
      -2082.9
     ],
     [
      -11136.2,
      -2072.6
     ],
     [
      -11134.7,
      -2062.4
     ],
     [
      -11133.3,
      -2052.1
     ],
     [
      -11131.8,
      -2041.9
     ],
     [
      -11128.9,
      -2031.6
     ],
     [
      -11127.4,
      -2021.4
     ]
    ]
   }
  },
  {
   "type": "Feature",
   "properties": {
    "op": "add",
    "source": "recorded",
    "zone": "Tirisfal Glades",
    "time": 1790560479,
    "trim": true
   },
   "geometry": {
    "type": "LineString",
    "coordinates": [
     [
      -10903.4,
      -446.7
     ],
     [
      -10895.2,
      -446.7
     ],
     [
      -10887,
      -446.7
     ],
     [
      -10878.8,
      -446.7
     ],
     [
      -10870.6,
      -446.7
     ],
     [
      -10862.4,
      -446.7
     ],
     [
      -10854.2,
      -446.7
     ],
     [
      -10846,
      -447.8
     ],
     [
      -10837.8,
      -447.8
     ],
     [
      -10829.6,
      -447.8
     ],
     [
      -10821.4,
      -447.8
     ],
     [
      -10813.2,
      -447.8
     ],
     [
      -10805,
      -447.8
     ],
     [
      -10797.9,
      -442
     ],
     [
      -10792.1,
      -436.1
     ],
     [
      -10787.4,
      -429.1
     ],
     [
      -10787.4,
      -420.9
     ],
     [
      -10787.4,
      -412.7
     ],
     [
      -10787.4,
      -404.5
     ],
     [
      -10787.4,
      -396.3
     ],
     [
      -10785.1,
      -388.1
     ],
     [
      -10779.2,
      -382.2
     ],
     [
      -10773.3,
      -376.4
     ],
     [
      -10769.8,
      -368.2
     ],
     [
      -10761.6,
      -371.7
     ],
     [
      -10758.1,
      -379.9
     ],
     [
      -10755.8,
      -388.1
     ],
     [
      -10754.6,
      -396.3
     ],
     [
      -10754.6,
      -404.5
     ],
     [
      -10753.4,
      -412.7
     ],
     [
      -10751.1,
      -420.9
     ],
     [
      -10748.7,
      -429.1
     ],
     [
      -10742.9,
      -435
     ],
     [
      -10734.7,
      -438.5
     ],
     [
      -10726.5,
      -437.3
     ],
     [
      -10719.5,
      -432.6
     ],
     [
      -10713.6,
      -425.6
     ],
     [
      -10706.6,
      -420.9
     ],
     [
      -10699.6,
      -416.2
     ],
     [
      -10692.5,
      -411.5
     ],
     [
      -10684.3,
      -406.8
     ],
     [
      -10677.3,
      -402.2
     ],
     [
      -10670.3,
      -396.3
     ],
     [
      -10665.6,
      -389.3
     ],
     [
      -10658.6,
      -384.6
     ],
     [
      -10650.4,
      -382.2
     ],
     [
      -10642.2,
      -384.6
     ],
     [
      -10635.1,
      -389.3
     ],
     [
      -10629.3,
      -395.1
     ],
     [
      -10626.9,
      -403.3
     ],
     [
      -10623.4,
      -411.5
     ],
     [
      -10618.7,
      -418.6
     ],
     [
      -10615.2,
      -426.8
     ],
     [
      -10610.5,
      -433.8
     ],
     [
      -10605.8,
      -440.8
     ],
     [
      -10600,
      -446.7
     ],
     [
      -10591.8,
      -449
     ],
     [
      -10583.6,
      -449
     ],
     [
      -10575.4,
      -449
     ],
     [
      -10567.2,
      -447.8
     ],
     [
      -10559,
      -446.7
     ],
     [
      -10550.8,
      -445.5
     ],
     [
      -10542.6,
      -443.2
     ],
     [
      -10534.4,
      -440.8
     ],
     [
      -10526.2,
      -439.6
     ],
     [
      -10518,
      -437.3
     ],
     [
      -10509.8,
      -435
     ],
     [
      -10501.6,
      -432.6
     ],
     [
      -10493.4,
      -431.4
     ],
     [
      -10485.2,
      -429.1
     ],
     [
      -10477,
      -427.9
     ],
     [
      -10468.8,
      -426.8
     ],
     [
      -10460.6,
      -426.8
     ],
     [
      -10452.4,
      -425.6
     ],
     [
      -10444.2,
      -424.4
     ],
     [
      -10436,
      -423.2
     ],
     [
      -10427.8,
      -422.1
     ],
     [
      -10419.6,
      -422.1
     ]
    ]
   }
  },
  {
   "type": "Feature",
   "properties": {
    "op": "remove",
    "source": "recorded",
    "zone": "Tirisfal Glades",
    "time": 1790560509,
    "trim": true
   },
   "geometry": {
    "type": "LineString",
    "coordinates": [
     [
      -9456.4,
      58.1
     ],
     [
      -9457.8,
      54.7
     ],
     [
      -9459.3,
      51.4
     ],
     [
      -9460.7,
      48
     ],
     [
      -9461.2,
      44.6
     ],
     [
      -9458.8,
      42.2
     ],
     [
      -9455.9,
      40.3
     ],
     [
      -9452.6,
      39.4
     ],
     [
      -9451.1,
      36
     ],
     [
      -9452.6,
      32.7
     ],
     [
      -9453,
      28.8
     ],
     [
      -9453.5,
      25.5
     ],
     [
      -9454,
      22.1
     ],
     [
      -9454,
      18.7
     ],
     [
      -9453.5,
      15.4
     ],
     [
      -9452.1,
      11.5
     ],
     [
      -9451.1,
      8.2
     ],
     [
      -9451.1,
      4.8
     ],
     [
      -9451.6,
      1.5
     ],
     [
      -9452.6,
      -1.9
     ],
     [
      -9454,
      -5.2
     ],
     [
      -9455.4,
      -8.6
     ],
     [
      -9458.8,
      -9.1
     ],
     [
      -9462.2,
      -7.6
     ],
     [
      -9465.5,
      -6.7
     ],
     [
      -9468.9,
      -5.2
     ],
     [
      -9470.8,
      -2.4
     ],
     [
      -9472.7,
      0.5
     ],
     [
      -9473.2,
      3.9
     ],
     [
      -9475.1,
      7.2
     ],
     [
      -9476.5,
      10.6
     ],
     [
      -9478.5,
      13.5
     ],
     [
      -9479.4,
      16.8
     ],
     [
      -9480.9,
      20.2
     ],
     [
      -9481.8,
      23.5
     ],
     [
      -9481.3,
      26.9
     ],
     [
      -9479.4,
      30.3
     ],
     [
      -9478.9,
      33.6
     ],
     [
      -9478.5,
      37
     ],
     [
      -9477,
      40.3
     ],
     [
      -9474.1,
      42.7
     ],
     [
      -9470.8,
      43.7
     ],
     [
      -9467.4,
      43.7
     ],
     [
      -9464.1,
      43.2
     ],
     [
      -9460.7,
      43.2
     ],
     [
      -9457.8,
      45.1
     ]
    ]
   }
  },
  {
   "type": "Feature",
   "properties": {
    "op": "remove",
    "source": "recorded",
    "zone": "Tirisfal Glades",
    "time": 1790560516,
    "trim": true
   },
   "geometry": {
    "type": "LineString",
    "coordinates": [
     [
      -9456.9,
      69.6
     ],
     [
      -9456.9,
      73
     ],
     [
      -9456.4,
      76.3
     ],
     [
      -9454.5,
      79.2
     ],
     [
      -9452.1,
      81.6
     ],
     [
      -9450.6,
      84.9
     ],
     [
      -9449.2,
      88.3
     ],
     [
      -9447.8,
      91.7
     ],
     [
      -9446.3,
      95
     ],
     [
      -9446.3,
      98.4
     ],
     [
      -9443.9,
      101.3
     ],
     [
      -9441.5,
      103.7
     ],
     [
      -9438.6,
      106.1
     ],
     [
      -9436.2,
      108.5
     ],
     [
      -9435.8,
      111.8
     ],
     [
      -9435.3,
      115.2
     ]
    ]
   }
  },
  {
   "type": "Feature",
   "properties": {
    "op": "add",
    "source": "recorded",
    "zone": "Tirisfal Glades",
    "time": 1790560523,
    "trim": true
   },
   "geometry": {
    "type": "LineString",
    "coordinates": [
     [
      -9442,
      62.9
     ],
     [
      -9445.4,
      63.4
     ],
     [
      -9448.7,
      63.8
     ],
     [
      -9452.1,
      63.8
     ],
     [
      -9455.4,
      63.8
     ],
     [
      -9458.8,
      63.8
     ],
     [
      -9462.2,
      64.3
     ],
     [
      -9465.5,
      64.3
     ],
     [
      -9468.9,
      64.3
     ],
     [
      -9472.2,
      64.3
     ]
    ]
   }
  },
  {
   "type": "Feature",
   "properties": {
    "op": "remove",
    "source": "recorded",
    "zone": "Tirisfal Glades",
    "time": 1790560712,
    "trim": true
   },
   "geometry": {
    "type": "LineString",
    "coordinates": [
     [
      -8900.8,
      -148
     ],
     [
      -8898.6,
      -147.4
     ],
     [
      -8896.2,
      -146.8
     ],
     [
      -8894,
      -146.5
     ],
     [
      -8891.9,
      -145.9
     ],
     [
      -8889.7,
      -145.9
     ],
     [
      -8887.6,
      -146.2
     ],
     [
      -8885.4,
      -147.1
     ],
     [
      -8883,
      -148
     ],
     [
      -8881.1,
      -149.2
     ],
     [
      -8879.6,
      -150.8
     ],
     [
      -8878.7,
      -152.9
     ],
     [
      -8878,
      -155.1
     ],
     [
      -8877.4,
      -157.2
     ],
     [
      -8877.4,
      -159.4
     ],
     [
      -8877.4,
      -161.5
     ],
     [
      -8877.4,
      -164
     ],
     [
      -8877.1,
      -166.1
     ],
     [
      -8875.9,
      -168
     ],
     [
      -8874.1,
      -169.2
     ],
     [
      -8872.2,
      -170.4
     ],
     [
      -8870.1,
      -171.3
     ],
     [
      -8867.9,
      -172
     ],
     [
      -8865.8,
      -172.3
     ],
     [
      -8863.6,
      -172.6
     ],
     [
      -8861.5,
      -172.6
     ],
     [
      -8859.3,
      -173.5
     ],
     [
      -8857.2,
      -174.7
     ],
     [
      -8854.7,
      -175.3
     ],
     [
      -8852.6,
      -175.9
     ],
     [
      -8850.4,
      -176.9
     ],
     [
      -8848.3,
      -177.8
     ],
     [
      -8846.7,
      -179.3
     ],
     [
      -8845.5,
      -181.2
     ],
     [
      -8844.9,
      -183.3
     ],
     [
      -8844.9,
      -185.5
     ],
     [
      -8844.6,
      -187.6
     ],
     [
      -8845.2,
      -189.8
     ],
     [
      -8845.5,
      -191.9
     ],
     [
      -8846.1,
      -194.1
     ],
     [
      -8848,
      -195.6
     ],
     [
      -8850.1,
      -196.5
     ],
     [
      -8852.3,
      -197.4
     ],
     [
      -8854.4,
      -198.4
     ],
     [
      -8856.6,
      -199
     ],
     [
      -8858.7,
      -199
     ],
     [
      -8860.9,
      -198.4
     ],
     [
      -8862.7,
      -197.1
     ],
     [
      -8864.8,
      -195.9
     ],
     [
      -8866.7,
      -194.4
     ],
     [
      -8868.2,
      -192.8
     ],
     [
      -8870.1,
      -191.6
     ],
     [
      -8872.2,
      -191
     ],
     [
      -8874.7,
      -190.4
     ],
     [
      -8876.8,
      -190.1
     ],
     [
      -8879,
      -189.8
     ],
     [
      -8881.1,
      -189.5
     ],
     [
      -8883.3,
      -189.5
     ],
     [
      -8885.4,
      -189.5
     ],
     [
      -8887.6,
      -190.1
     ],
     [
      -8889.7,
      -190.4
     ],
     [
      -8891.6,
      -191.6
     ],
     [
      -8892.8,
      -193.4
     ],
     [
      -8894,
      -195.3
     ],
     [
      -8895.2,
      -197.4
     ],
     [
      -8896.5,
      -199.3
     ],
     [
      -8897.7,
      -201.1
     ],
     [
      -8898.3,
      -203.3
     ],
     [
      -8899.2,
      -205.4
     ],
     [
      -8899.8,
      -207.6
     ],
     [
      -8900.2,
      -209.7
     ],
     [
      -8900.8,
      -211.9
     ],
     [
      -8902,
      -214
     ],
     [
      -8903.2,
      -215.9
     ],
     [
      -8904.8,
      -217.7
     ],
     [
      -8906.3,
      -219.5
     ],
     [
      -8907.8,
      -221.1
     ],
     [
      -8910,
      -221.4
     ],
     [
      -8912.1,
      -220.8
     ],
     [
      -8914,
      -219.5
     ],
     [
      -8916.1,
      -218.6
     ],
     [
      -8918.3,
      -217.7
     ],
     [
      -8920.4,
      -216.8
     ],
     [
      -8922,
      -215.2
     ],
     [
      -8923.8,
      -213.7
     ],
     [
      -8924.4,
      -211.3
     ],
     [
      -8923.8,
      -209.1
     ],
     [
      -8923.5,
      -207
     ],
     [
      -8922.9,
      -204.8
     ],
     [
      -8922.3,
      -202.4
     ],
     [
      -8922,
      -199.6
     ],
     [
      -8921.6,
      -197.4
     ],
     [
      -8921.3,
      -195.3
     ],
     [
      -8920.4,
      -193.1
     ],
     [
      -8919.5,
      -191
     ],
     [
      -8917.7,
      -189.8
     ],
     [
      -8916.1,
      -188.2
     ],
     [
      -8915.2,
      -186.1
     ],
     [
      -8915.2,
      -183.9
     ],
     [
      -8915.2,
      -181.8
     ],
     [
      -8916.1,
      -179.6
     ],
     [
      -8917.3,
      -177.5
     ],
     [
      -8918.6,
      -175.3
     ],
     [
      -8920.1,
      -173.8
     ],
     [
      -8921.6,
      -172.3
     ],
     [
      -8923.2,
      -170.7
     ],
     [
      -8924.4,
      -168.9
     ],
     [
      -8923.8,
      -166.7
     ],
     [
      -8922.6,
      -164.6
     ],
     [
      -8921.3,
      -162.7
     ],
     [
      -8919.8,
      -161.2
     ],
     [
      -8918.3,
      -159.7
     ],
     [
      -8916.7,
      -158.1
     ],
     [
      -8915.2,
      -156.6
     ],
     [
      -8914,
      -154.8
     ],
     [
      -8913,
      -152.6
     ],
     [
      -8911.5,
      -150.8
     ],
     [
      -8909.7,
      -149.2
     ],
     [
      -8907.8,
      -147.7
     ],
     [
      -8906,
      -146.5
     ],
     [
      -8903.8,
      -146.2
     ],
     [
      -8901.7,
      -145.9
     ],
     [
      -8899.5,
      -145.9
     ],
     [
      -8897.4,
      -145.9
     ],
     [
      -8895.2,
      -146.5
     ],
     [
      -8893.1,
      -146.8
     ],
     [
      -8890.9,
      -146.8
     ]
    ]
   }
  },
  {
   "type": "Feature",
   "properties": {
    "op": "remove",
    "source": "recorded",
    "zone": "Tirisfal Glades",
    "time": 1790560772,
    "trim": true
   },
   "geometry": {
    "type": "LineString",
    "coordinates": [
     [
      -11399.3,
      -305.1
     ],
     [
      -11397.5,
      -309.3
     ],
     [
      -11395.1,
      -312.9
     ],
     [
      -11392.7,
      -317.1
     ],
     [
      -11390.3,
      -321.3
     ],
     [
      -11388.5,
      -325.5
     ],
     [
      -11386.7,
      -329.7
     ],
     [
      -11385,
      -333.9
     ],
     [
      -11383.2,
      -338.7
     ],
     [
      -11381.4,
      -342.9
     ],
     [
      -11379,
      -347.1
     ],
     [
      -11377.2,
      -351.3
     ],
     [
      -11374.8,
      -354.9
     ],
     [
      -11372.4,
      -359.1
     ],
     [
      -11370,
      -363.3
     ],
     [
      -11367,
      -366.9
     ],
     [
      -11364.6,
      -370.5
     ],
     [
      -11362.2,
      -374.1
     ],
     [
      -11359.2,
      -378.3
     ],
     [
      -11356.8,
      -381.8
     ],
     [
      -11353.8,
      -386
     ],
     [
      -11350.8,
      -390.8
     ],
     [
      -11347.8,
      -393.8
     ],
     [
      -11345.4,
      -397.4
     ],
     [
      -11343,
      -401.6
     ]
    ]
   }
  },
  {
   "type": "Feature",
   "properties": {
    "op": "add",
    "source": "recorded",
    "zone": "Tirisfal Glades",
    "time": 1790560780,
    "trim": true
   },
   "geometry": {
    "type": "LineString",
    "coordinates": [
     [
      -11278.8,
      -368.7
     ],
     [
      -11283,
      -369.3
     ],
     [
      -11287.2,
      -369.9
     ],
     [
      -11291.4,
      -369.9
     ],
     [
      -11295.6,
      -369.9
     ],
     [
      -11299.8,
      -369.9
     ],
     [
      -11304,
      -369.9
     ],
     [
      -11308.2,
      -370.5
     ],
     [
      -11312.4,
      -371.7
     ],
     [
      -11316.6,
      -372.9
     ],
     [
      -11320.8,
      -374.7
     ],
     [
      -11325,
      -376.5
     ],
     [
      -11329.2,
      -378.3
     ],
     [
      -11333.4,
      -379.5
     ],
     [
      -11337.6,
      -379.5
     ],
     [
      -11341.8,
      -379.5
     ],
     [
      -11346,
      -379.5
     ],
     [
      -11350.2,
      -379.5
     ],
     [
      -11354.4,
      -377.7
     ],
     [
      -11358,
      -375.3
     ],
     [
      -11361,
      -371.7
     ],
     [
      -11363.4,
      -367.5
     ],
     [
      -11365.2,
      -362.7
     ],
     [
      -11365.8,
      -357.3
     ],
     [
      -11367,
      -352.5
     ],
     [
      -11367.6,
      -347.7
     ],
     [
      -11368.8,
      -343.5
     ],
     [
      -11370,
      -338.7
     ],
     [
      -11371.2,
      -334.5
     ],
     [
      -11373,
      -330.3
     ],
     [
      -11375.4,
      -326.1
     ],
     [
      -11377.2,
      -321.9
     ],
     [
      -11379,
      -317.7
     ],
     [
      -11380.8,
      -313.5
     ],
     [
      -11382,
      -309.3
     ],
     [
      -11383.2,
      -305.1
     ],
     [
      -11385,
      -300.9
     ],
     [
      -11387.3,
      -297.3
     ],
     [
      -11389.7,
      -293.7
     ],
     [
      -11392.7,
      -290.1
     ],
     [
      -11396.3,
      -287.1
     ],
     [
      -11400.5,
      -286.5
     ],
     [
      -11404.7,
      -286.5
     ],
     [
      -11408.9,
      -286.5
     ],
     [
      -11413.1,
      -285.9
     ]
    ]
   }
  },
  {
   "type": "Feature",
   "properties": {
    "op": "add",
    "source": "recorded",
    "zone": "Tirisfal Glades",
    "time": 1790560798,
    "trim": true
   },
   "geometry": {
    "type": "LineString",
    "coordinates": [
     [
      -11895.3,
      -814
     ],
     [
      -11891.1,
      -812.2
     ],
     [
      -11886.9,
      -811
     ],
     [
      -11882.7,
      -809.8
     ],
     [
      -11878.5,
      -808.6
     ],
     [
      -11874.3,
      -806.8
     ],
     [
      -11869.5,
      -804.4
     ],
     [
      -11865.3,
      -803.2
     ],
     [
      -11861.1,
      -802.6
     ],
     [
      -11856.9,
      -802
     ],
     [
      -11852.7,
      -803.2
     ],
     [
      -11849.1,
      -805.6
     ],
     [
      -11845.5,
      -808
     ],
     [
      -11842.5,
      -811
     ],
     [
      -11838.9,
      -813.4
     ],
     [
      -11834.7,
      -815.2
     ],
     [
      -11831.1,
      -817.6
     ],
     [
      -11826.9,
      -819.4
     ],
     [
      -11823.3,
      -821.8
     ],
     [
      -11819.1,
      -822.4
     ],
     [
      -11814.3,
      -822.4
     ],
     [
      -11810.1,
      -822.4
     ],
     [
      -11805.9,
      -822.4
     ],
     [
      -11801.7,
      -822.4
     ],
     [
      -11797.5,
      -822.4
     ],
     [
      -11793.3,
      -821.8
     ],
     [
      -11789.1,
      -821.2
     ],
     [
      -11784.9,
      -820
     ],
     [
      -11780.7,
      -818.2
     ],
     [
      -11776.5,
      -815.8
     ],
     [
      -11772.3,
      -813.4
     ],
     [
      -11768.7,
      -811
     ],
     [
      -11764,
      -808.6
     ],
     [
      -11760.4,
      -805.6
     ],
     [
      -11757.4,
      -802.6
     ],
     [
      -11753.2,
      -800.8
     ],
     [
      -11749,
      -799
     ],
     [
      -11744.8,
      -798.4
     ],
     [
      -11740.6,
      -797.2
     ],
     [
      -11736.4,
      -796.6
     ],
     [
      -11732.2,
      -796
     ],
     [
      -11728,
      -795.4
     ],
     [
      -11723.8,
      -794.8
     ],
     [
      -11719.6,
      -794.2
     ],
     [
      -11714.8,
      -793.6
     ],
     [
      -11710.6,
      -793
     ],
     [
      -11706.4,
      -792.4
     ],
     [
      -11702.2,
      -792.4
     ],
     [
      -11698,
      -791.8
     ],
     [
      -11693.8,
      -791.8
     ],
     [
      -11689.6,
      -791.8
     ],
     [
      -11685.4,
      -791.2
     ],
     [
      -11681.2,
      -790.6
     ],
     [
      -11677,
      -789.4
     ],
     [
      -11672.8,
      -787.6
     ],
     [
      -11669.8,
      -784.6
     ],
     [
      -11666.8,
      -781
     ],
     [
      -11663.8,
      -778
     ],
     [
      -11660.8,
      -775
     ],
     [
      -11657.2,
      -772.6
     ],
     [
      -11653,
      -770.2
     ],
     [
      -11649.4,
      -767.2
     ],
     [
      -11645.8,
      -764.8
     ],
     [
      -11642.8,
      -761.8
     ],
     [
      -11639.8,
      -758.8
     ],
     [
      -11636.2,
      -755.2
     ],
     [
      -11633.2,
      -752.2
     ],
     [
      -11630.2,
      -748.6
     ],
     [
      -11627.2,
      -745.7
     ],
     [
      -11624.2,
      -742.1
     ],
     [
      -11621.2,
      -739.1
     ]
    ]
   }
  },
  {
   "type": "Feature",
   "properties": {
    "op": "add",
    "source": "recorded",
    "zone": "Tirisfal Glades",
    "time": 1790560824,
    "trim": true
   },
   "geometry": {
    "type": "LineString",
    "coordinates": [
     [
      -11949.8,
      -1623.2
     ],
     [
      -11949.8,
      -1619
     ],
     [
      -11949.8,
      -1614.8
     ],
     [
      -11949.2,
      -1610.6
     ],
     [
      -11947.4,
      -1606.4
     ],
     [
      -11946.8,
      -1602.2
     ],
     [
      -11946.2,
      -1598
     ],
     [
      -11945.6,
      -1593.8
     ],
     [
      -11945,
      -1589
     ],
     [
      -11945,
      -1584.9
     ],
     [
      -11944.4,
      -1580.7
     ],
     [
      -11943.8,
      -1576.5
     ],
     [
      -11943.2,
      -1572.3
     ],
     [
      -11942.6,
      -1568.1
     ],
     [
      -11942.6,
      -1563.9
     ],
     [
      -11942,
      -1559.7
     ],
     [
      -11941.4,
      -1554.9
     ],
     [
      -11940.8,
      -1550.7
     ],
     [
      -11940.8,
      -1546.5
     ],
     [
      -11942,
      -1542.3
     ],
     [
      -11944.4,
      -1538.7
     ],
     [
      -11943.8,
      -1534.5
     ],
     [
      -11942,
      -1530.3
     ],
     [
      -11940.8,
      -1526.1
     ],
     [
      -11939.6,
      -1521.9
     ],
     [
      -11939,
      -1517.7
     ],
     [
      -11938.4,
      -1513.5
     ],
     [
      -11937.2,
      -1508.7
     ],
     [
      -11936.6,
      -1504.5
     ],
     [
      -11935.4,
      -1500.3
     ],
     [
      -11934.8,
      -1496.1
     ],
     [
      -11933.6,
      -1491.9
     ],
     [
      -11932.4,
      -1487.7
     ],
     [
      -11931.2,
      -1483.5
     ],
     [
      -11930,
      -1479.3
     ],
     [
      -11929.4,
      -1475.1
     ],
     [
      -11928.2,
      -1470.9
     ],
     [
      -11927.6,
      -1466.7
     ],
     [
      -11926.4,
      -1462.5
     ],
     [
      -11925.2,
      -1458.3
     ],
     [
      -11924,
      -1454.1
     ],
     [
      -11923.4,
      -1449.9
     ],
     [
      -11922.8,
      -1445.7
     ],
     [
      -11921.6,
      -1441.5
     ],
     [
      -11920.4,
      -1437.3
     ],
     [
      -11918.6,
      -1433.1
     ],
     [
      -11916.2,
      -1428.9
     ],
     [
      -11913.2,
      -1425.9
     ],
     [
      -11909.6,
      -1423.5
     ],
     [
      -11906.1,
      -1421.1
     ],
     [
      -11903.1,
      -1418.1
     ],
     [
      -11898.9,
      -1415.7
     ],
     [
      -11894.7,
      -1413.3
     ],
     [
      -11890.5,
      -1411.5
     ],
     [
      -11886.9,
      -1409.1
     ],
     [
      -11883.9,
      -1406.1
     ],
     [
      -11881.5,
      -1402.5
     ],
     [
      -11881.5,
      -1398.3
     ],
     [
      -11881.5,
      -1394.1
     ],
     [
      -11882.1,
      -1389.9
     ],
     [
      -11883.9,
      -1385.8
     ],
     [
      -11885.7,
      -1381.6
     ],
     [
      -11886.3,
      -1377.4
     ],
     [
      -11886.9,
      -1373.2
     ],
     [
      -11886.9,
      -1369
     ],
     [
      -11886.9,
      -1364.8
     ],
     [
      -11886.3,
      -1360.6
     ],
     [
      -11885.7,
      -1356.4
     ],
     [
      -11884.5,
      -1352.2
     ],
     [
      -11883.9,
      -1348
     ],
     [
      -11883.9,
      -1343.8
     ],
     [
      -11883.9,
      -1339.6
     ],
     [
      -11883.9,
      -1335.4
     ],
     [
      -11886.9,
      -1331.8
     ],
     [
      -11889.9,
      -1328.8
     ],
     [
      -11892.9,
      -1325.8
     ],
     [
      -11896.5,
      -1323.4
     ],
     [
      -11899.5,
      -1320.4
     ],
     [
      -11902.5,
      -1317.4
     ],
     [
      -11905.5,
      -1314.4
     ],
     [
      -11908.5,
      -1311.4
     ]
    ]
   }
  },
  {
   "type": "Feature",
   "properties": {
    "op": "add",
    "source": "recorded",
    "zone": "Tirisfal Glades",
    "time": 1790560862,
    "trim": true
   },
   "geometry": {
    "type": "LineString",
    "coordinates": [
     [
      -12144.1,
      -574.4
     ],
     [
      -12147.5,
      -574
     ],
     [
      -12150.8,
      -573.5
     ],
     [
      -12154.2,
      -573
     ],
     [
      -12157.5,
      -573
     ],
     [
      -12160.9,
      -573
     ],
     [
      -12164.3,
      -573
     ],
     [
      -12167.6,
      -572.5
     ],
     [
      -12170.5,
      -570.6
     ],
     [
      -12173.9,
      -568.7
     ],
     [
      -12176.7,
      -566.8
     ],
     [
      -12179.1,
      -564.4
     ],
     [
      -12182,
      -562.4
     ],
     [
      -12184.9,
      -560
     ],
     [
      -12187.8,
      -557.6
     ],
     [
      -12190.6,
      -555.7
     ],
     [
      -12193.5,
      -553.8
     ],
     [
      -12196.4,
      -551.9
     ],
     [
      -12199.3,
      -550
     ],
     [
      -12202.2,
      -548
     ],
     [
      -12205,
      -546.1
     ],
     [
      -12208.4,
      -544.2
     ],
     [
      -12211.8,
      -542.3
     ],
     [
      -12214.6,
      -540.4
     ],
     [
      -12217.5,
      -538.4
     ],
     [
      -12220.4,
      -536.5
     ]
    ]
   }
  },
  {
   "type": "Feature",
   "properties": {
    "op": "add",
    "source": "recorded",
    "zone": "Tirisfal Glades",
    "time": 1790560895,
    "trim": true
   },
   "geometry": {
    "type": "LineString",
    "coordinates": [
     [
      -12233.3,
      -760.1
     ],
     [
      -12232.4,
      -763.5
     ],
     [
      -12231.4,
      -766.8
     ],
     [
      -12229.5,
      -769.7
     ],
     [
      -12228.1,
      -773
     ],
     [
      -12226.6,
      -776.4
     ],
     [
      -12226.6,
      -779.8
     ],
     [
      -12227.6,
      -783.1
     ],
     [
      -12230,
      -786
     ],
     [
      -12232.9,
      -787.9
     ],
     [
      -12236.2,
      -789.4
     ],
     [
      -12239.6,
      -789.8
     ],
     [
      -12242.9,
      -790.3
     ],
     [
      -12246.3,
      -790.3
     ],
     [
      -12248.7,
      -792.7
     ],
     [
      -12249.7,
      -796.1
     ],
     [
      -12251.1,
      -799.4
     ],
     [
      -12253,
      -802.8
     ],
     [
      -12254.5,
      -806.6
     ],
     [
      -12255.9,
      -810
     ],
     [
      -12256.9,
      -813.3
     ],
     [
      -12257.3,
      -816.7
     ],
     [
      -12258.8,
      -820.1
     ],
     [
      -12259.7,
      -823.4
     ],
     [
      -12261.2,
      -826.8
     ],
     [
      -12262.6,
      -830.6
     ],
     [
      -12263.6,
      -834.5
     ],
     [
      -12265,
      -838.3
     ],
     [
      -12266,
      -842.6
     ],
     [
      -12266.5,
      -846
     ],
     [
      -12266.9,
      -849.3
     ],
     [
      -12268.4,
      -852.7
     ],
     [
      -12270.3,
      -856.5
     ],
     [
      -12271.2,
      -859.9
     ],
     [
      -12272.2,
      -863.2
     ],
     [
      -12273.6,
      -866.6
     ],
     [
      -12274.1,
      -870
     ],
     [
      -12276.5,
      -872.8
     ],
     [
      -12278.4,
      -875.7
     ],
     [
      -12280.8,
      -878.6
     ],
     [
      -12283.7,
      -881
     ],
     [
      -12286.1,
      -883.4
     ],
     [
      -12289,
      -885.8
     ],
     [
      -12291.4,
      -888.7
     ],
     [
      -12294.3,
      -891.1
     ],
     [
      -12296.7,
      -893.9
     ],
     [
      -12299.6,
      -896.3
     ],
     [
      -12302,
      -899.2
     ],
     [
      -12304.8,
      -901.1
     ],
     [
      -12307.2,
      -903.5
     ],
     [
      -12310.1,
      -905.9
     ],
     [
      -12313,
      -907.9
     ],
     [
      -12315.4,
      -910.3
     ],
     [
      -12317.3,
      -913.1
     ],
     [
      -12319.7,
      -916
     ],
     [
      -12322.1,
      -918.4
     ],
     [
      -12324.5,
      -921.3
     ],
     [
      -12326.4,
      -925.1
     ],
     [
      -12328.8,
      -928
     ],
     [
      -12330.7,
      -931.4
     ],
     [
      -12332.7,
      -934.2
     ],
     [
      -12335.1,
      -937.6
     ],
     [
      -12337,
      -940.5
     ],
     [
      -12338.9,
      -943.4
     ],
     [
      -12340.8,
      -946.2
     ],
     [
      -12342.7,
      -949.1
     ],
     [
      -12345.1,
      -952
     ],
     [
      -12348,
      -953.9
     ],
     [
      -12351.8,
      -955.4
     ],
     [
      -12355.2,
      -956.8
     ],
     [
      -12358.6,
      -958.2
     ],
     [
      -12361.9,
      -959.2
     ],
     [
      -12365.3,
      -959.2
     ],
     [
      -12368.6,
      -959.2
     ],
     [
      -12372,
      -959.7
     ],
     [
      -12375.4,
      -959.7
     ],
     [
      -12378.7,
      -959.7
     ],
     [
      -12382.1,
      -959.7
     ],
     [
      -12385.4,
      -958.7
     ],
     [
      -12388.8,
      -958.2
     ],
     [
      -12392.1,
      -957.3
     ],
     [
      -12395.5,
      -955.4
     ],
     [
      -12398.4,
      -953.4
     ],
     [
      -12401.3,
      -951
     ],
     [
      -12404.1,
      -949.1
     ],
     [
      -12407,
      -947.2
     ],
     [
      -12410.4,
      -944.3
     ],
     [
      -12412.8,
      -941.9
     ],
     [
      -12415.2,
      -939
     ],
     [
      -12418.1,
      -936.2
     ],
     [
      -12420.5,
      -933.8
     ],
     [
      -12422.9,
      -931.4
     ],
     [
      -12425.7,
      -929
     ],
     [
      -12428.1,
      -926.6
     ],
     [
      -12430,
      -923.7
     ],
     [
      -12432,
      -920.8
     ],
     [
      -12433.9,
      -917.9
     ],
     [
      -12435.8,
      -915.1
     ],
     [
      -12438.2,
      -912.7
     ],
     [
      -12441.1,
      -910.7
     ],
     [
      -12444,
      -908.8
     ],
     [
      -12447.3,
      -907.4
     ],
     [
      -12450.2,
      -905.5
     ],
     [
      -12453.6,
      -904.5
     ],
     [
      -12456.9,
      -903.5
     ],
     [
      -12460.3,
      -903.1
     ],
     [
      -12463.6,
      -902.6
     ],
     [
      -12467.5,
      -902.1
     ],
     [
      -12471.3,
      -901.1
     ],
     [
      -12474.7,
      -900.7
     ],
     [
      -12478.5,
      -900.7
     ],
     [
      -12481.9,
      -900.2
     ],
     [
      -12485.2,
      -900.7
     ],
     [
      -12488.6,
      -902.1
     ],
     [
      -12491.9,
      -903.1
     ],
     [
      -12495.3,
      -903.5
     ],
     [
      -12498.7,
      -904.5
     ],
     [
      -12502,
      -905
     ],
     [
      -12505.4,
      -905.9
     ],
     [
      -12508.7,
      -906.9
     ],
     [
      -12512.1,
      -906.9
     ],
     [
      -12515.4,
      -906.9
     ],
     [
      -12518.8,
      -905.9
     ],
     [
      -12522.6,
      -905.5
     ],
     [
      -12526,
      -905
     ],
     [
      -12529.4,
      -903.5
     ],
     [
      -12532.2,
      -901.1
     ],
     [
      -12534.6,
      -898.7
     ],
     [
      -12537.5,
      -896.8
     ]
    ]
   }
  },
  {
   "type": "Feature",
   "properties": {
    "op": "add",
    "source": "recorded",
    "zone": "Tirisfal Glades",
    "time": 1790560907,
    "trim": true
   },
   "geometry": {
    "type": "LineString",
    "coordinates": [
     [
      -12498.2,
      -905
     ],
     [
      -12497.2,
      -908.3
     ],
     [
      -12495.8,
      -911.7
     ],
     [
      -12494.8,
      -915.1
     ],
     [
      -12493.4,
      -918.4
     ],
     [
      -12491.9,
      -921.8
     ],
     [
      -12490,
      -925.6
     ],
     [
      -12488.6,
      -929
     ],
     [
      -12487.1,
      -932.3
     ],
     [
      -12486.2,
      -936.2
     ],
     [
      -12485.2,
      -939.5
     ],
     [
      -12484.7,
      -942.9
     ],
     [
      -12484.3,
      -946.2
     ],
     [
      -12483.8,
      -949.6
     ],
     [
      -12483.3,
      -953
     ],
     [
      -12482.8,
      -956.3
     ],
     [
      -12482.3,
      -960.2
     ],
     [
      -12481.4,
      -963.5
     ],
     [
      -12480.4,
      -966.9
     ],
     [
      -12479.5,
      -970.7
     ],
     [
      -12478.5,
      -974.1
     ],
     [
      -12477.5,
      -977.4
     ],
     [
      -12476.1,
      -980.8
     ]
    ]
   }
  },
  {
   "type": "Feature",
   "properties": {
    "op": "add",
    "source": "recorded",
    "zone": "Tirisfal Glades",
    "time": 1790560922,
    "trim": true
   },
   "geometry": {
    "type": "LineString",
    "coordinates": [
     [
      -12535.6,
      -897.8
     ],
     [
      -12539,
      -896.8
     ],
     [
      -12542.3,
      -895.4
     ],
     [
      -12545.7,
      -894.4
     ],
     [
      -12549,
      -893.9
     ],
     [
      -12552.4,
      -893
     ],
     [
      -12555.7,
      -892.5
     ],
     [
      -12559.1,
      -891.6
     ],
     [
      -12562.5,
      -891.1
     ],
     [
      -12565.8,
      -890.6
     ],
     [
      -12569.2,
      -890.6
     ],
     [
      -12572.5,
      -890.6
     ],
     [
      -12575.9,
      -890.1
     ],
     [
      -12579.3,
      -888.7
     ],
     [
      -12581.7,
      -886.3
     ],
     [
      -12583.6,
      -882.9
     ],
     [
      -12582.6,
      -879.6
     ],
     [
      -12581.7,
      -876.2
     ],
     [
      -12579.7,
      -873.3
     ],
     [
      -12577.8,
      -870.4
     ],
     [
      -12575.9,
      -867.6
     ],
     [
      -12573.5,
      -864.7
     ],
     [
      -12572.5,
      -861.3
     ],
     [
      -12572.1,
      -858
     ],
     [
      -12570.6,
      -854.6
     ],
     [
      -12569.2,
      -851.3
     ],
     [
      -12567.3,
      -848.4
     ],
     [
      -12565.3,
      -845.5
     ],
     [
      -12562.9,
      -843.1
     ],
     [
      -12560.5,
      -840.7
     ],
     [
      -12558.1,
      -837.8
     ],
     [
      -12555.3,
      -835.9
     ],
     [
      -12552.9,
      -833.5
     ],
     [
      -12550.5,
      -831.1
     ],
     [
      -12548.5,
      -828.2
     ],
     [
      -12546.2,
      -825.8
     ],
     [
      -12543.8,
      -823.4
     ],
     [
      -12540.9,
      -821
     ],
     [
      -12538,
      -818.6
     ],
     [
      -12534.6,
      -817.7
     ],
     [
      -12531.3,
      -816.2
     ],
     [
      -12528.4,
      -813.8
     ],
     [
      -12526.5,
      -811
     ],
     [
      -12525,
      -807.6
     ],
     [
      -12524.1,
      -804.2
     ],
     [
      -12524.1,
      -800.9
     ],
     [
      -12523.1,
      -797.5
     ],
     [
      -12520.7,
      -794.6
     ],
     [
      -12518.3,
      -791.8
     ],
     [
      -12515.9,
      -789.4
     ],
     [
      -12513.5,
      -786.5
     ],
     [
      -12511.6,
      -783.6
     ],
     [
      -12509.7,
      -780.7
     ],
     [
      -12507.8,
      -777.4
     ],
     [
      -12506.3,
      -774
     ],
     [
      -12505.4,
      -770.7
     ],
     [
      -12504.9,
      -767.3
     ],
     [
      -12504.4,
      -763.9
     ],
     [
      -12504.4,
      -760.6
     ],
     [
      -12504.4,
      -757.2
     ],
     [
      -12504.4,
      -753.9
     ],
     [
      -12505.4,
      -750.5
     ],
     [
      -12507.3,
      -747.6
     ],
     [
      -12509.7,
      -745.2
     ],
     [
      -12512.6,
      -743.3
     ],
     [
      -12515.4,
      -741.4
     ],
     [
      -12517.8,
      -739
     ],
     [
      -12520.7,
      -736.6
     ],
     [
      -12523.1,
      -734.2
     ],
     [
      -12525.5,
      -731.8
     ],
     [
      -12527.4,
      -728.9
     ],
     [
      -12529.8,
      -726.5
     ],
     [
      -12531.8,
      -723.6
     ],
     [
      -12533.7,
      -720.8
     ],
     [
      -12536.1,
      -717.9
     ],
     [
      -12539,
      -715.5
     ],
     [
      -12541.8,
      -713.6
     ],
     [
      -12544.7,
      -711.6
     ],
     [
      -12548.1,
      -709.7
     ],
     [
      -12551.4,
      -709.2
     ],
     [
      -12554.8,
      -708.8
     ],
     [
      -12558.1,
      -707.8
     ],
     [
      -12561.5,
      -706.8
     ],
     [
      -12564.9,
      -705.4
     ],
     [
      -12568.2,
      -703.5
     ],
     [
      -12571.1,
      -701.6
     ],
     [
      -12573.5,
      -699.2
     ],
     [
      -12575.9,
      -696.3
     ],
     [
      -12578.3,
      -693.4
     ],
     [
      -12580.2,
      -690.5
     ],
     [
      -12582.1,
      -687.7
     ],
     [
      -12583.6,
      -684.3
     ],
     [
      -12585.5,
      -680.9
     ],
     [
      -12586.9,
      -677.6
     ],
     [
      -12588.8,
      -674.2
     ],
     [
      -12590.8,
      -671.3
     ],
     [
      -12592.2,
      -668
     ],
     [
      -12594.1,
      -664.6
     ],
     [
      -12595.6,
      -661.3
     ],
     [
      -12597.5,
      -657.9
     ],
     [
      -12598.9,
      -654.5
     ],
     [
      -12600.4,
      -651.2
     ],
     [
      -12600.8,
      -647.8
     ],
     [
      -12599.9,
      -644.5
     ],
     [
      -12598.9,
      -641.1
     ],
     [
      -12597.5,
      -637.8
     ],
     [
      -12596.5,
      -634.4
     ],
     [
      -12595.1,
      -631
     ],
     [
      -12593.2,
      -628.2
     ],
     [
      -12592.2,
      -624.8
     ]
    ]
   }
  },
  {
   "type": "Feature",
   "properties": {
    "op": "add",
    "source": "recorded",
    "zone": "Tirisfal Glades",
    "time": 1790560938,
    "trim": true
   },
   "geometry": {
    "type": "LineString",
    "coordinates": [
     [
      -12592.2,
      -626.2
     ],
     [
      -12592.2,
      -622.9
     ],
     [
      -12592.2,
      -619.5
     ],
     [
      -12592.7,
      -616.2
     ],
     [
      -12593.6,
      -612.8
     ],
     [
      -12594.1,
      -609.5
     ],
     [
      -12594.1,
      -606.1
     ],
     [
      -12593.6,
      -602.7
     ],
     [
      -12593.6,
      -599.4
     ],
     [
      -12593.2,
      -596
     ],
     [
      -12592.7,
      -592.7
     ],
     [
      -12592.7,
      -589.3
     ],
     [
      -12592.7,
      -585.9
     ],
     [
      -12594.1,
      -582.6
     ],
     [
      -12595.6,
      -579.2
     ],
     [
      -12597.5,
      -576.3
     ],
     [
      -12599.4,
      -573.5
     ],
     [
      -12601.8,
      -570.6
     ],
     [
      -12604.2,
      -568.2
     ],
     [
      -12606.6,
      -565.8
     ],
     [
      -12609.5,
      -563.9
     ],
     [
      -12611.9,
      -561.5
     ],
     [
      -12613.8,
      -558.6
     ],
     [
      -12615.7,
      -555.7
     ],
     [
      -12617.2,
      -552.4
     ],
     [
      -12620,
      -550.4
     ],
     [
      -12623.4,
      -548.5
     ],
     [
      -12626.3,
      -546.6
     ],
     [
      -12629.6,
      -545.2
     ],
     [
      -12632.5,
      -543.2
     ],
     [
      -12635.4,
      -541.3
     ],
     [
      -12638.3,
      -538.9
     ],
     [
      -12641.1,
      -537
     ],
     [
      -12643.5,
      -534.6
     ],
     [
      -12645.9,
      -531.7
     ],
     [
      -12647.9,
      -528.9
     ],
     [
      -12649.8,
      -526
     ],
     [
      -12651.7,
      -523.1
     ],
     [
      -12653.1,
      -519.7
     ],
     [
      -12655.1,
      -516.9
     ],
     [
      -12656.5,
      -513.5
     ],
     [
      -12658.4,
      -510.6
     ],
     [
      -12660.8,
      -508.2
     ],
     [
      -12664.2,
      -506.3
     ],
     [
      -12667.5,
      -505.3
     ],
     [
      -12670.9,
      -504.4
     ],
     [
      -12674.2,
      -503.4
     ],
     [
      -12677.6,
      -502
     ],
     [
      -12681,
      -501
     ],
     [
      -12684.3,
      -499.6
     ],
     [
      -12687.7,
      -498.1
     ],
     [
      -12691,
      -496.2
     ],
     [
      -12694.4,
      -494.3
     ],
     [
      -12697.3,
      -492.4
     ],
     [
      -12700.6,
      -491.9
     ],
     [
      -12704,
      -491.4
     ],
     [
      -12707.3,
      -491.4
     ],
     [
      -12710.7,
      -491.4
     ],
     [
      -12714.1,
      -491.9
     ],
     [
      -12717.4,
      -492.9
     ],
     [
      -12719.8,
      -495.3
     ],
     [
      -12721.7,
      -498.1
     ],
     [
      -12724.1,
      -500.5
     ],
     [
      -12727,
      -502.5
     ],
     [
      -12729.9,
      -504.4
     ],
     [
      -12732.8,
      -506.8
     ],
     [
      -12735.2,
      -509.2
     ],
     [
      -12737.6,
      -512.1
     ],
     [
      -12740,
      -514.5
     ],
     [
      -12741.9,
      -517.3
     ],
     [
      -12744.3,
      -520.2
     ],
     [
      -12746.7,
      -523.1
     ],
     [
      -12749.1,
      -526
     ],
     [
      -12752,
      -528.4
     ],
     [
      -12755.3,
      -530.8
     ],
     [
      -12758.2,
      -532.7
     ],
     [
      -12761.1,
      -534.6
     ],
     [
      -12764.4,
      -536
     ],
     [
      -12767.3,
      -538
     ],
     [
      -12770.7,
      -538.9
     ],
     [
      -12774,
      -540.4
     ],
     [
      -12777.4,
      -541.3
     ],
     [
      -12780.8,
      -541.8
     ],
     [
      -12784.1,
      -541.3
     ],
     [
      -12787.5,
      -539.9
     ],
     [
      -12790.8,
      -538
     ],
     [
      -12794.2,
      -536
     ],
     [
      -12797.5,
      -534.6
     ],
     [
      -12800.9,
      -533.2
     ],
     [
      -12804.3,
      -532.2
     ],
     [
      -12807.6,
      -532.2
     ],
     [
      -12811,
      -532.7
     ],
     [
      -12814.3,
      -533.7
     ],
     [
      -12817.7,
      -535.1
     ],
     [
      -12820.6,
      -537
     ],
     [
      -12823.9,
      -538
     ],
     [
      -12826.8,
      -539.9
     ],
     [
      -12830.2,
      -541.3
     ],
     [
      -12833,
      -543.2
     ],
     [
      -12836.4,
      -543.7
     ],
     [
      -12839.8,
      -543.7
     ],
     [
      -12843.1,
      -543.7
     ],
     [
      -12846.5,
      -543.7
     ],
     [
      -12849.8,
      -543.7
     ],
     [
      -12853.2,
      -544.2
     ],
     [
      -12856.6,
      -544.2
     ]
    ]
   }
  },
  {
   "type": "Feature",
   "properties": {
    "op": "add",
    "source": "recorded",
    "zone": "Tirisfal Glades",
    "time": 1790560953,
    "trim": true
   },
   "geometry": {
    "type": "LineString",
    "coordinates": [
     [
      -12853.2,
      -544.2
     ],
     [
      -12856.6,
      -544.2
     ],
     [
      -12859.9,
      -543.7
     ],
     [
      -12863.3,
      -543.7
     ],
     [
      -12866.6,
      -544.7
     ],
     [
      -12870,
      -546.1
     ],
     [
      -12872.9,
      -548
     ],
     [
      -12875.7,
      -550.4
     ],
     [
      -12878.1,
      -552.8
     ],
     [
      -12880.1,
      -555.7
     ],
     [
      -12881,
      -559.1
     ],
     [
      -12880.5,
      -562.4
     ],
     [
      -12879.1,
      -565.8
     ],
     [
      -12876.7,
      -568.2
     ],
     [
      -12874.3,
      -571.1
     ],
     [
      -12871.9,
      -573.5
     ],
     [
      -12869.5,
      -575.9
     ],
     [
      -12866.6,
      -577.8
     ],
     [
      -12863.3,
      -579.2
     ],
     [
      -12860.4,
      -581.1
     ],
     [
      -12857.5,
      -583.1
     ],
     [
      -12855.1,
      -585.5
     ],
     [
      -12853.7,
      -588.8
     ],
     [
      -12853.7,
      -592.2
     ],
     [
      -12854.6,
      -595.5
     ],
     [
      -12856.6,
      -598.9
     ],
     [
      -12859,
      -601.8
     ],
     [
      -12861.4,
      -604.7
     ],
     [
      -12863.8,
      -607.1
     ],
     [
      -12866.6,
      -609.5
     ],
     [
      -12869,
      -611.9
     ],
     [
      -12871.4,
      -614.2
     ],
     [
      -12873.8,
      -617.1
     ],
     [
      -12876.2,
      -619.5
     ],
     [
      -12878.1,
      -622.4
     ],
     [
      -12880.1,
      -625.3
     ],
     [
      -12882.5,
      -627.7
     ],
     [
      -12884.4,
      -630.6
     ],
     [
      -12886.8,
      -633
     ],
     [
      -12889.2,
      -635.4
     ],
     [
      -12891.6,
      -637.8
     ],
     [
      -12894,
      -640.6
     ],
     [
      -12895.9,
      -644
     ],
     [
      -12897.3,
      -647.4
     ],
     [
      -12899.3,
      -650.2
     ],
     [
      -12900.7,
      -653.6
     ],
     [
      -12902.6,
      -656.9
     ],
     [
      -12904.5,
      -660.3
     ],
     [
      -12906,
      -663.7
     ],
     [
      -12907.9,
      -666.5
     ],
     [
      -12909.8,
      -669.9
     ],
     [
      -12911.7,
      -672.8
     ],
     [
      -12913.2,
      -676.1
     ],
     [
      -12914.6,
      -679.5
     ],
     [
      -12916,
      -682.9
     ],
     [
      -12917.5,
      -686.2
     ],
     [
      -12918.9,
      -689.6
     ],
     [
      -12920.4,
      -692.9
     ],
     [
      -12920.8,
      -696.3
     ],
     [
      -12920.8,
      -699.6
     ],
     [
      -12919.9,
      -703
     ],
     [
      -12918.9,
      -706.4
     ],
     [
      -12917.5,
      -709.7
     ],
     [
      -12915.6,
      -713.6
     ],
     [
      -12913.6,
      -717.4
     ],
     [
      -12911.7,
      -721.2
     ],
     [
      -12910.3,
      -725.1
     ],
     [
      -12909.3,
      -728.4
     ],
     [
      -12908.8,
      -732.3
     ],
     [
      -12908.8,
      -736.1
     ],
     [
      -12908.8,
      -739.9
     ],
     [
      -12908.4,
      -743.3
     ],
     [
      -12908.4,
      -747.1
     ],
     [
      -12908.4,
      -751
     ],
     [
      -12908.4,
      -754.8
     ],
     [
      -12908.4,
      -758.7
     ],
     [
      -12908.4,
      -762
     ],
     [
      -12907.9,
      -765.4
     ],
     [
      -12907.4,
      -768.7
     ],
     [
      -12906.9,
      -772.1
     ],
     [
      -12906.4,
      -775.9
     ],
     [
      -12906.4,
      -779.3
     ],
     [
      -12907.4,
      -782.6
     ],
     [
      -12908.4,
      -786
     ],
     [
      -12910.3,
      -788.9
     ],
     [
      -12912.7,
      -791.8
     ],
     [
      -12915.1,
      -794.2
     ],
     [
      -12917.5,
      -796.6
     ],
     [
      -12920.4,
      -798.5
     ],
     [
      -12922.8,
      -800.9
     ]
    ]
   }
  },
  {
   "type": "Feature",
   "properties": {
    "op": "add",
    "source": "recorded",
    "zone": "Tirisfal Glades",
    "time": 1790560971,
    "trim": true
   },
   "geometry": {
    "type": "LineString",
    "coordinates": [
     [
      -12920.4,
      -696.8
     ],
     [
      -12922.8,
      -694.4
     ],
     [
      -12926.1,
      -692.9
     ],
     [
      -12930,
      -691
     ],
     [
      -12933.3,
      -689.6
     ],
     [
      -12936.7,
      -688.1
     ],
     [
      -12940,
      -686.7
     ],
     [
      -12943.4,
      -685.3
     ],
     [
      -12946.7,
      -683.8
     ],
     [
      -12950.1,
      -682.4
     ],
     [
      -12953,
      -680.5
     ],
     [
      -12956.8,
      -679
     ],
     [
      -12959.7,
      -677.1
     ],
     [
      -12963.1,
      -675.2
     ],
     [
      -12966.4,
      -673.3
     ],
     [
      -12969.8,
      -671.8
     ],
     [
      -12972.7,
      -669.9
     ],
     [
      -12976,
      -668.5
     ],
     [
      -12978.9,
      -666.5
     ],
     [
      -12982.3,
      -664.6
     ],
     [
      -12984.6,
      -662.2
     ],
     [
      -12987.5,
      -659.8
     ],
     [
      -12990.4,
      -657.9
     ],
     [
      -12993.3,
      -656
     ],
     [
      -12996.6,
      -654.5
     ],
     [
      -13000,
      -653.1
     ],
     [
      -13003.4,
      -651.7
     ],
     [
      -13007.2,
      -649.8
     ],
     [
      -13011,
      -648.3
     ],
     [
      -13014.4,
      -646.4
     ],
     [
      -13017.8,
      -645
     ],
     [
      -13021.1,
      -643
     ],
     [
      -13024.5,
      -641.6
     ],
     [
      -13027.3,
      -639.7
     ],
     [
      -13031.2,
      -637.8
     ],
     [
      -13034.1,
      -635.8
     ],
     [
      -13037.4,
      -634.4
     ],
     [
      -13040.8,
      -633
     ],
     [
      -13044.1,
      -631
     ],
     [
      -13047.5,
      -629.6
     ],
     [
      -13050.9,
      -627.7
     ],
     [
      -13054.2,
      -625.8
     ],
     [
      -13057.6,
      -624.3
     ],
     [
      -13060.5,
      -622.4
     ],
     [
      -13063.3,
      -620.5
     ],
     [
      -13066.2,
      -618.6
     ],
     [
      -13069.1,
      -616.6
     ],
     [
      -13071.5,
      -614.2
     ],
     [
      -13073.9,
      -611.9
     ],
     [
      -13076.3,
      -609
     ],
     [
      -13078.2,
      -606.1
     ],
     [
      -13080.1,
      -602.7
     ],
     [
      -13081.6,
      -598.9
     ],
     [
      -13082.5,
      -595.1
     ],
     [
      -13083.5,
      -591.7
     ],
     [
      -13084.9,
      -587.9
     ],
     [
      -13085.4,
      -584.5
     ],
     [
      -13086.8,
      -581.1
     ],
     [
      -13088.3,
      -577.8
     ],
     [
      -13089.7,
      -574.4
     ],
     [
      -13090.7,
      -570.6
     ],
     [
      -13091.6,
      -566.8
     ],
     [
      -13092.6,
      -563.4
     ],
     [
      -13093.6,
      -560
     ],
     [
      -13094.5,
      -555.7
     ],
     [
      -13095.5,
      -552.4
     ],
     [
      -13096.4,
      -549
     ],
     [
      -13096.9,
      -545.6
     ],
     [
      -13097.4,
      -542.3
     ],
     [
      -13098.4,
      -538.4
     ],
     [
      -13099.3,
      -535.1
     ],
     [
      -13099.8,
      -531.3
     ],
     [
      -13100.8,
      -527.4
     ],
     [
      -13101.7,
      -524.1
     ],
     [
      -13102.2,
      -520.7
     ],
     [
      -13103.2,
      -517.3
     ],
     [
      -13103.6,
      -514
     ],
     [
      -13103.6,
      -510.6
     ],
     [
      -13103.6,
      -507.3
     ],
     [
      -13104.1,
      -503.9
     ],
     [
      -13104.1,
      -500.5
     ],
     [
      -13104.1,
      -497.2
     ],
     [
      -13104.6,
      -493.8
     ],
     [
      -13105.5,
      -490.5
     ],
     [
      -13106,
      -487.1
     ],
     [
      -13106,
      -483.8
     ],
     [
      -13106,
      -480.4
     ],
     [
      -13106,
      -477
     ],
     [
      -13106,
      -473.7
     ],
     [
      -13104.6,
      -470.3
     ],
     [
      -13102.7,
      -467.4
     ],
     [
      -13100.3,
      -465
     ],
     [
      -13096.9,
      -463.1
     ],
     [
      -13093.6,
      -462.2
     ],
     [
      -13090.2,
      -461.2
     ],
     [
      -13086.8,
      -461.2
     ],
     [
      -13083.5,
      -460.7
     ],
     [
      -13080.1,
      -460.2
     ],
     [
      -13076.8,
      -460.2
     ],
     [
      -13073.4,
      -459.3
     ],
     [
      -13070,
      -457.8
     ],
     [
      -13066.7,
      -455.9
     ],
     [
      -13064.8,
      -452.6
     ],
     [
      -13063.3,
      -449.2
     ],
     [
      -13061.9,
      -445.9
     ],
     [
      -13060.9,
      -442.5
     ],
     [
      -13059.5,
      -439.1
     ],
     [
      -13057.6,
      -435.3
     ],
     [
      -13055.7,
      -431.9
     ],
     [
      -13054.2,
      -428.6
     ],
     [
      -13052.8,
      -425.2
     ],
     [
      -13051.3,
      -421.9
     ],
     [
      -13049.9,
      -418.5
     ],
     [
      -13048.9,
      -415.2
     ],
     [
      -13046.1,
      -412.8
     ],
     [
      -13043.7,
      -410.4
     ],
     [
      -13040.3,
      -408
     ],
     [
      -13037.4,
      -406
     ],
     [
      -13034.1,
      -404.6
     ],
     [
      -13030.7,
      -404.1
     ],
     [
      -13027.3,
      -404.1
     ],
     [
      -13024,
      -404.1
     ],
     [
      -13020.6,
      -405.1
     ],
     [
      -13017.3,
      -407
     ],
     [
      -13014.4,
      -408.9
     ],
     [
      -13011.5,
      -411.3
     ],
     [
      -13008.2,
      -412.8
     ],
     [
      -13004.3,
      -414.7
     ],
     [
      -13001,
      -416.1
     ],
     [
      -12997.6,
      -417.5
     ],
     [
      -12994.2,
      -419
     ],
     [
      -12990.9,
      -419.9
     ],
     [
      -12987,
      -420.9
     ],
     [
      -12983.7,
      -420.9
     ],
     [
      -12980.3,
      -420.9
     ],
     [
      -12977,
      -420.9
     ],
     [
      -12973.6,
      -420.9
     ]
    ]
   }
  },
  {
   "type": "Feature",
   "properties": {
    "op": "add",
    "source": "recorded",
    "zone": "Tirisfal Glades",
    "time": 1790560986,
    "trim": true
   },
   "geometry": {
    "type": "LineString",
    "coordinates": [
     [
      -13027.3,
      -404.6
     ],
     [
      -13024.5,
      -402.2
     ],
     [
      -13022.6,
      -399.3
     ],
     [
      -13022.6,
      -396
     ],
     [
      -13021.1,
      -392.6
     ],
     [
      -13020.2,
      -389.2
     ],
     [
      -13018.7,
      -385.9
     ],
     [
      -13017.3,
      -382.5
     ],
     [
      -13015.4,
      -379.6
     ],
     [
      -13013.4,
      -376.3
     ],
     [
      -13011.5,
      -373.4
     ],
     [
      -13008.6,
      -371.5
     ],
     [
      -13005.8,
      -369.1
     ],
     [
      -13002.9,
      -366.7
     ],
     [
      -13000,
      -364.8
     ],
     [
      -12996.6,
      -362.4
     ],
     [
      -12994.2,
      -360
     ],
     [
      -12991.4,
      -358.1
     ],
     [
      -12988,
      -356.1
     ],
     [
      -12985.1,
      -354.2
     ],
     [
      -12982.7,
      -351.8
     ],
     [
      -12980.8,
      -348.5
     ]
    ]
   }
  },
  {
   "type": "Feature",
   "properties": {
    "op": "add",
    "source": "recorded",
    "zone": "Tirisfal Glades",
    "time": 1790561003,
    "trim": true
   },
   "geometry": {
    "type": "LineString",
    "coordinates": [
     [
      -13161.7,
      -184.9
     ],
     [
      -13163.1,
      -189.2
     ],
     [
      -13163.6,
      -193.5
     ],
     [
      -13164.6,
      -197.8
     ],
     [
      -13165,
      -202.6
     ],
     [
      -13165.5,
      -206
     ],
     [
      -13166,
      -209.3
     ],
     [
      -13167,
      -212.7
     ],
     [
      -13167.4,
      -216.1
     ],
     [
      -13168.4,
      -219.9
     ],
     [
      -13168.9,
      -223.7
     ],
     [
      -13169.8,
      -227.1
     ],
     [
      -13170.3,
      -230.4
     ],
     [
      -13170.3,
      -233.8
     ],
     [
      -13170.8,
      -237.2
     ],
     [
      -13171.3,
      -240.5
     ],
     [
      -13171.3,
      -244.8
     ],
     [
      -13171.8,
      -248.2
     ],
     [
      -13171.8,
      -251.6
     ],
     [
      -13172.2,
      -254.9
     ],
     [
      -13172.2,
      -258.3
     ],
     [
      -13172.7,
      -261.6
     ],
     [
      -13172.7,
      -265
     ],
     [
      -13173.2,
      -268.3
     ],
     [
      -13174.2,
      -272.2
     ],
     [
      -13174.6,
      -275.5
     ],
     [
      -13175.6,
      -278.9
     ],
     [
      -13177,
      -282.7
     ],
     [
      -13178,
      -286.6
     ],
     [
      -13179.4,
      -290.4
     ],
     [
      -13180.4,
      -293.8
     ],
     [
      -13181.8,
      -297.1
     ],
     [
      -13184.2,
      -300.5
     ],
     [
      -13186.1,
      -303.8
     ],
     [
      -13188.1,
      -306.7
     ],
     [
      -13190.5,
      -309.6
     ],
     [
      -13192.4,
      -313
     ],
     [
      -13194.8,
      -315.8
     ],
     [
      -13196.7,
      -319.2
     ],
     [
      -13199.1,
      -322.1
     ],
     [
      -13201.5,
      -324.5
     ],
     [
      -13204.4,
      -326.9
     ],
     [
      -13207.3,
      -329.8
     ],
     [
      -13210.6,
      -332.2
     ],
     [
      -13213.5,
      -334.6
     ],
     [
      -13216.4,
      -336.9
     ],
     [
      -13219.7,
      -339.3
     ],
     [
      -13223.6,
      -341.3
     ],
     [
      -13226.4,
      -343.7
     ],
     [
      -13229.3,
      -345.6
     ],
     [
      -13233.2,
      -347
     ],
     [
      -13236.5,
      -348
     ],
     [
      -13239.9,
      -348.9
     ],
     [
      -13243.2,
      -349.9
     ],
     [
      -13246.6,
      -351.3
     ],
     [
      -13249.5,
      -353.3
     ],
     [
      -13252.8,
      -354.7
     ],
     [
      -13255.7,
      -356.6
     ],
     [
      -13259.1,
      -358.5
     ],
     [
      -13262.4,
      -360
     ],
     [
      -13265.8,
      -361.9
     ],
     [
      -13269.6,
      -363.8
     ],
     [
      -13273,
      -365.3
     ],
     [
      -13275.9,
      -367.2
     ],
     [
      -13278.7,
      -369.6
     ],
     [
      -13281.1,
      -372
     ],
     [
      -13283.1,
      -374.9
     ],
     [
      -13284.5,
      -378.2
     ],
     [
      -13285.9,
      -382
     ],
     [
      -13286.9,
      -385.4
     ],
     [
      -13286.9,
      -388.8
     ],
     [
      -13286.9,
      -392.6
     ],
     [
      -13286.9,
      -396.9
     ],
     [
      -13286.9,
      -400.3
     ],
     [
      -13287.4,
      -403.6
     ],
     [
      -13289.3,
      -407.5
     ],
     [
      -13291.7,
      -410.4
     ],
     [
      -13294.1,
      -413.2
     ],
     [
      -13296.5,
      -416.1
     ],
     [
      -13297.5,
      -419.5
     ],
     [
      -13299.4,
      -422.3
     ],
     [
      -13300.8,
      -425.7
     ],
     [
      -13302.2,
      -429.1
     ],
     [
      -13303.2,
      -432.4
     ],
     [
      -13304.2,
      -435.8
     ],
     [
      -13304.6,
      -439.1
     ],
     [
      -13304.6,
      -442.5
     ],
     [
      -13303.7,
      -446.3
     ],
     [
      -13302.7,
      -450.2
     ],
     [
      -13301.8,
      -454
     ],
     [
      -13300.8,
      -457.4
     ],
     [
      -13298.4,
      -460.7
     ],
     [
      -13296.5,
      -464.1
     ],
     [
      -13294.6,
      -467
     ],
     [
      -13292.7,
      -469.8
     ],
     [
      -13291.2,
      -473.2
     ],
     [
      -13288.8,
      -475.6
     ],
     [
      -13286.4,
      -478.5
     ],
     [
      -13283.5,
      -480.9
     ],
     [
      -13280.7,
      -482.8
     ],
     [
      -13277.3,
      -485.2
     ],
     [
      -13274.4,
      -487.1
     ],
     [
      -13271.1,
      -488.6
     ],
     [
      -13267.2,
      -490.5
     ],
     [
      -13263.9,
      -491.9
     ],
     [
      -13259.6,
      -492.4
     ],
     [
      -13256.2,
      -493.4
     ],
     [
      -13251.9,
      -495.3
     ],
     [
      -13248.5,
      -496.2
     ],
     [
      -13243.7,
      -496.7
     ],
     [
      -13239.9,
      -496.7
     ],
     [
      -13235.6,
      -497.2
     ],
     [
      -13230.8,
      -498.1
     ],
     [
      -13226.9,
      -498.1
     ],
     [
      -13223.6,
      -498.1
     ],
     [
      -13220.2,
      -497.7
     ],
     [
      -13216.4,
      -497.2
     ],
     [
      -13212.5,
      -497.2
     ],
     [
      -13209.2,
      -497.2
     ],
     [
      -13205.8,
      -496.7
     ],
     [
      -13202.5,
      -496.2
     ],
     [
      -13199.1,
      -495.3
     ],
     [
      -13195.7,
      -494.3
     ],
     [
      -13191.9,
      -493.8
     ],
     [
      -13188.1,
      -492.9
     ],
     [
      -13183.7,
      -491.9
     ],
     [
      -13179.4,
      -491
     ],
     [
      -13175.1,
      -489.5
     ],
     [
      -13170.8,
      -488.6
     ],
     [
      -13167.4,
      -488.1
     ],
     [
      -13163.6,
      -487.1
     ],
     [
      -13160.2,
      -486.2
     ],
     [
      -13155.9,
      -484.7
     ],
     [
      -13151.6,
      -483.3
     ],
     [
      -13147.3,
      -481.8
     ],
     [
      -13143.4,
      -480.4
     ],
     [
      -13139.1,
      -478.5
     ],
     [
      -13135.3,
      -477
     ],
     [
      -13131.5,
      -475.6
     ],
     [
      -13128.1,
      -474.2
     ],
     [
      -13124.3,
      -472.2
     ],
     [
      -13120.9,
      -471.3
     ],
     [
      -13117.1,
      -470.8
     ],
     [
      -13113.7,
      -470.3
     ],
     [
      -13110.3,
      -470.3
     ],
     [
      -13107,
      -470.8
     ]
    ]
   }
  },
  {
   "type": "Feature",
   "properties": {
    "op": "add",
    "source": "recorded",
    "zone": "Tirisfal Glades",
    "time": 1790561015,
    "trim": true
   },
   "geometry": {
    "type": "LineString",
    "coordinates": [
     [
      -13239.9,
      -138.8
     ],
     [
      -13243.7,
      -140.2
     ],
     [
      -13248,
      -142.6
     ],
     [
      -13251.9,
      -144.6
     ],
     [
      -13255.2,
      -146
     ],
     [
      -13258.1,
      -147.9
     ],
     [
      -13261,
      -149.8
     ],
     [
      -13263.9,
      -151.8
     ],
     [
      -13266.3,
      -154.6
     ],
     [
      -13268.7,
      -157
     ],
     [
      -13270.6,
      -160.4
     ],
     [
      -13273,
      -164.2
     ],
     [
      -13274.4,
      -167.6
     ],
     [
      -13276.3,
      -170.5
     ],
     [
      -13278.3,
      -173.4
     ],
     [
      -13280.2,
      -177.7
     ],
     [
      -13281.6,
      -181
     ],
     [
      -13283.5,
      -183.9
     ],
     [
      -13285.5,
      -187.3
     ],
     [
      -13287.4,
      -190.1
     ],
     [
      -13289.8,
      -193.5
     ],
     [
      -13291.7,
      -196.4
     ],
     [
      -13293.6,
      -199.3
     ],
     [
      -13295.5,
      -203.1
     ],
     [
      -13297.9,
      -206
     ],
     [
      -13299.9,
      -209.3
     ],
     [
      -13301.3,
      -212.7
     ],
     [
      -13304.2,
      -216.1
     ],
     [
      -13306.1,
      -220.4
     ],
     [
      -13308,
      -223.7
     ],
     [
      -13309.9,
      -226.6
     ],
     [
      -13311.4,
      -230
     ],
     [
      -13312.8,
      -233.8
     ],
     [
      -13313.8,
      -237.2
     ],
     [
      -13314.7,
      -241
     ],
     [
      -13316.2,
      -244.4
     ],
     [
      -13317.1,
      -248.2
     ],
     [
      -13318.1,
      -252
     ],
     [
      -13319,
      -255.4
     ],
     [
      -13319.5,
      -258.7
     ],
     [
      -13320.5,
      -262.1
     ],
     [
      -13321,
      -265.9
     ],
     [
      -13321.4,
      -269.3
     ],
     [
      -13321.4,
      -272.7
     ],
     [
      -13321.4,
      -276.5
     ],
     [
      -13321.4,
      -279.9
     ],
     [
      -13321,
      -283.2
     ],
     [
      -13320.5,
      -286.6
     ],
     [
      -13319.5,
      -289.9
     ],
     [
      -13318.6,
      -293.3
     ],
     [
      -13317.1,
      -297.1
     ],
     [
      -13316.2,
      -300.5
     ],
     [
      -13314.7,
      -304.3
     ],
     [
      -13312.8,
      -307.7
     ],
     [
      -13311.4,
      -312
     ],
     [
      -13309.9,
      -315.8
     ],
     [
      -13309,
      -319.2
     ],
     [
      -13307.5,
      -322.6
     ],
     [
      -13306.1,
      -325.9
     ],
     [
      -13304.2,
      -328.8
     ],
     [
      -13302.2,
      -331.7
     ],
     [
      -13300.3,
      -335
     ],
     [
      -13298.4,
      -338.4
     ],
     [
      -13296.5,
      -341.3
     ],
     [
      -13294.6,
      -344.6
     ],
     [
      -13292.7,
      -348
     ],
     [
      -13290.7,
      -350.9
     ],
     [
      -13287.9,
      -353.7
     ],
     [
      -13285.9,
      -356.6
     ],
     [
      -13284,
      -359.5
     ],
     [
      -13281.6,
      -362.4
     ],
     [
      -13278.7,
      -365.3
     ],
     [
      -13276.8,
      -368.1
     ]
    ]
   }
  },
  {
   "type": "Feature",
   "properties": {
    "op": "add",
    "source": "recorded",
    "zone": "Tirisfal Glades",
    "time": 1790561031,
    "trim": true
   },
   "geometry": {
    "type": "LineString",
    "coordinates": [
     [
      -12907.9,
      -763
     ],
     [
      -12911.7,
      -763
     ],
     [
      -12915.6,
      -763
     ],
     [
      -12919.4,
      -763.5
     ],
     [
      -12923.2,
      -763.5
     ],
     [
      -12927.1,
      -763.5
     ],
     [
      -12930.4,
      -763.9
     ],
     [
      -12933.8,
      -764.9
     ],
     [
      -12937.6,
      -765.9
     ],
     [
      -12941.5,
      -766.8
     ],
     [
      -12945.3,
      -768.3
     ],
     [
      -12948.7,
      -768.7
     ],
     [
      -12952,
      -770.2
     ],
     [
      -12955.4,
      -770.2
     ],
     [
      -12959.2,
      -770.7
     ],
     [
      -12962.6,
      -771.1
     ],
     [
      -12965.9,
      -771.6
     ],
     [
      -12969.3,
      -773.1
     ],
     [
      -12972.7,
      -774
     ],
     [
      -12976.5,
      -775.4
     ],
     [
      -12979.9,
      -775.9
     ],
     [
      -12983.7,
      -776.9
     ],
     [
      -12987,
      -776.9
     ],
     [
      -12990.4,
      -776.9
     ],
     [
      -12994.2,
      -776.9
     ],
     [
      -12997.6,
      -776.4
     ],
     [
      -13001.4,
      -776.4
     ],
     [
      -13004.8,
      -776.4
     ],
     [
      -13008.2,
      -776.4
     ],
     [
      -13011.5,
      -776.9
     ],
     [
      -13014.9,
      -777.4
     ],
     [
      -13018.7,
      -778.8
     ],
     [
      -13022.1,
      -780.2
     ],
     [
      -13025.4,
      -781.2
     ],
     [
      -13028.8,
      -782.6
     ],
     [
      -13031.7,
      -784.6
     ],
     [
      -13034.1,
      -787
     ],
     [
      -13036,
      -789.8
     ],
     [
      -13036.5,
      -793.2
     ],
     [
      -13036.9,
      -796.6
     ],
     [
      -13037.4,
      -800.4
     ],
     [
      -13037.4,
      -803.8
     ],
     [
      -13036.5,
      -807.1
     ],
     [
      -13035.5,
      -811
     ],
     [
      -13034.5,
      -814.3
     ],
     [
      -13033.6,
      -817.7
     ]
    ]
   }
  },
  {
   "type": "Feature",
   "properties": {
    "op": "remove",
    "source": "recorded",
    "zone": "Tirisfal Glades",
    "time": 1790561063,
    "trim": true
   },
   "geometry": {
    "type": "LineString",
    "coordinates": [
     [
      -14453.2,
      807.6
     ],
     [
      -14447.9,
      803.9
     ],
     [
      -14443.4,
      800.9
     ],
     [
      -14437.4,
      797.9
     ],
     [
      -14432.2,
      794.9
     ],
     [
      -14426.9,
      792.6
     ],
     [
      -14421.7,
      791.1
     ],
     [
      -14416.4,
      790.4
     ],
     [
      -14411.2,
      791.1
     ],
     [
      -14406.7,
      794.1
     ],
     [
      -14401.4,
      794.9
     ],
     [
      -14396.2,
      795.6
     ],
     [
      -14390.9,
      795.6
     ],
     [
      -14387.2,
      791.1
     ],
     [
      -14385.7,
      785.9
     ],
     [
      -14383.4,
      780.6
     ],
     [
      -14381.2,
      775.4
     ],
     [
      -14378.2,
      770.1
     ],
     [
      -14375.2,
      765.6
     ],
     [
      -14372.2,
      761.1
     ],
     [
      -14369.2,
      756.6
     ],
     [
      -14365.4,
      752.1
     ],
     [
      -14361.7,
      747.6
     ],
     [
      -14357.9,
      743.9
     ],
     [
      -14354.2,
      739.4
     ],
     [
      -14350.5,
      735.7
     ],
     [
      -14347.5,
      731.2
     ],
     [
      -14343.7,
      726.7
     ],
     [
      -14340.7,
      721.4
     ],
     [
      -14337.7,
      715.4
     ],
     [
      -14336.2,
      709.4
     ],
     [
      -14334.7,
      704.2
     ],
     [
      -14332.5,
      698.2
     ],
     [
      -14330.2,
      692.9
     ],
     [
      -14328,
      687.7
     ],
     [
      -14325.7,
      681.7
     ],
     [
      -14325,
      676.4
     ],
     [
      -14322,
      671.2
     ],
     [
      -14319.7,
      665.9
     ],
     [
      -14316.7,
      661.4
     ],
     [
      -14313.7,
      656.9
     ],
     [
      -14310.7,
      652.4
     ],
     [
      -14307.7,
      647.2
     ],
     [
      -14305.5,
      642
     ],
     [
      -14305.5,
      636
     ],
     [
      -14307,
      630.7
     ],
     [
      -14307.7,
      625.5
     ],
     [
      -14308.5,
      620.2
     ],
     [
      -14309.2,
      615
     ],
     [
      -14310,
      609.7
     ],
     [
      -14312.2,
      604.5
     ],
     [
      -14315.2,
      599.2
     ],
     [
      -14316.7,
      594
     ],
     [
      -14321.2,
      590.2
     ],
     [
      -14325.7,
      586.5
     ],
     [
      -14329.5,
      582.7
     ],
     [
      -14334,
      579.7
     ],
     [
      -14339.2,
      576.7
     ],
     [
      -14342.2,
      572.2
     ],
     [
      -14345.2,
      567
     ],
     [
      -14347.5,
      561.7
     ],
     [
      -14349,
      555.7
     ],
     [
      -14350.5,
      550.5
     ],
     [
      -14353.5,
      546
     ],
     [
      -14356.4,
      541.5
     ],
     [
      -14360.9,
      537.8
     ],
     [
      -14364.7,
      533.3
     ],
     [
      -14368.4,
      529.5
     ],
     [
      -14372.2,
      525
     ],
     [
      -14375.2,
      520.5
     ],
     [
      -14378.9,
      516
     ],
     [
      -14381.2,
      510.8
     ],
     [
      -14384.2,
      506.3
     ],
     [
      -14387.9,
      501.8
     ],
     [
      -14392.4,
      498.8
     ],
     [
      -14395.4,
      494.3
     ],
     [
      -14396.2,
      489
     ],
     [
      -14396.2,
      483.8
     ],
     [
      -14393.9,
      478.5
     ],
     [
      -14390.2,
      474.8
     ],
     [
      -14384.9,
      473.3
     ],
     [
      -14379.7,
      472.5
     ],
     [
      -14375.9,
      476.3
     ],
     [
      -14373.7,
      481.5
     ],
     [
      -14371.4,
      486.8
     ],
     [
      -14367.7,
      491.3
     ],
     [
      -14363.9,
      495.8
     ],
     [
      -14360.2,
      500.3
     ],
     [
      -14357.2,
      504.8
     ],
     [
      -14355.7,
      510.8
     ],
     [
      -14353.5,
      516
     ],
     [
      -14352.7,
      521.3
     ],
     [
      -14350.5,
      526.5
     ],
     [
      -14347.5,
      531.8
     ],
     [
      -14344.5,
      537
     ],
     [
      -14342.2,
      542.3
     ],
     [
      -14339.2,
      546.7
     ],
     [
      -14336.2,
      551.2
     ],
     [
      -14331,
      554.2
     ],
     [
      -14325.7,
      556.5
     ],
     [
      -14320.5,
      559.5
     ],
     [
      -14316,
      563.2
     ],
     [
      -14310.7,
      566.2
     ],
     [
      -14306.2,
      570
     ],
     [
      -14304,
      575.2
     ],
     [
      -14303.2,
      580.5
     ],
     [
      -14301.7,
      585.7
     ],
     [
      -14300.2,
      591
     ],
     [
      -14297.2,
      595.5
     ],
     [
      -14295,
      600.7
     ],
     [
      -14292,
      605.2
     ],
     [
      -14289,
      609.7
     ],
     [
      -14285.2,
      613.5
     ],
     [
      -14282.2,
      618
     ],
     [
      -14278.5,
      621.7
     ],
     [
      -14274,
      624.7
     ],
     [
      -14268.7,
      627
     ],
     [
      -14263.5,
      627.7
     ],
     [
      -14258.2,
      629.2
     ],
     [
      -14253,
      629.2
     ],
     [
      -14247.8,
      629.2
     ],
     [
      -14242.5,
      629.2
     ],
     [
      -14237.3,
      629.2
     ],
     [
      -14232,
      627.7
     ],
     [
      -14226.8,
      627
     ],
     [
      -14220.8,
      626.2
     ],
     [
      -14214.8,
      624.7
     ],
     [
      -14209.5,
      624
     ],
     [
      -14203.5,
      622.5
     ],
     [
      -14198.3,
      621.7
     ],
     [
      -14193,
      620.2
     ],
     [
      -14187.8,
      619.5
     ],
     [
      -14182.5,
      619.5
     ],
     [
      -14176.5,
      619.5
     ],
     [
      -14170.5,
      619.5
     ],
     [
      -14165.3,
      620.2
     ],
     [
      -14160,
      621
     ],
     [
      -14154.8,
      621
     ],
     [
      -14149.6,
      621
     ],
     [
      -14144.3,
      621
     ],
     [
      -14139.1,
      619.5
     ],
     [
      -14134.6,
      616.5
     ],
     [
      -14131.6,
      612
     ],
     [
      -14128.6,
      607.5
     ],
     [
      -14123.3,
      604.5
     ],
     [
      -14118.1,
      603
     ],
     [
      -14112.8,
      600.7
     ],
     [
      -14107.6,
      600
     ],
     [
      -14102.3,
      599.2
     ],
     [
      -14097.1,
      598.5
     ],
     [
      -14091.8,
      599.2
     ],
     [
      -14085.8,
      600.7
     ],
     [
      -14081.3,
      603.7
     ],
     [
      -14076.8,
      606.7
     ],
     [
      -14072.3,
      609.7
     ],
     [
      -14067.8,
      612.7
     ],
     [
      -14064.1,
      616.5
     ],
     [
      -14059.6,
      620.2
     ],
     [
      -14056.6,
      624.7
     ],
     [
      -14053.6,
      629.2
     ],
     [
      -14050.6,
      634.5
     ],
     [
      -14048.4,
      639.7
     ],
     [
      -14046.1,
      644.9
     ],
     [
      -14043.9,
      650.2
     ],
     [
      -14043.1,
      655.4
     ],
     [
      -14043.1,
      660.7
     ],
     [
      -14042.4,
      666.7
     ],
     [
      -14041.6,
      673.4
     ],
     [
      -14041.6,
      678.7
     ],
     [
      -14040.9,
      684.7
     ],
     [
      -14040.9,
      689.9
     ],
     [
      -14039.4,
      695.2
     ],
     [
      -14037.9,
      700.4
     ],
     [
      -14035.6,
      705.7
     ],
     [
      -14034.9,
      710.9
     ],
     [
      -14033.4,
      716.2
     ],
     [
      -14033.4,
      721.4
     ],
     [
      -14033.4,
      726.7
     ]
    ]
   }
  },
  {
   "type": "Feature",
   "properties": {
    "op": "remove",
    "source": "recorded",
    "zone": "Tirisfal Glades",
    "time": 1790561080,
    "trim": true
   },
   "geometry": {
    "type": "LineString",
    "coordinates": [
     [
      -14023.6,
      731.2
     ],
     [
      -14019.9,
      734.9
     ],
     [
      -14015.4,
      737.9
     ],
     [
      -14011.6,
      741.7
     ],
     [
      -14007.9,
      745.4
     ],
     [
      -14004.1,
      749.9
     ],
     [
      -14001.1,
      754.4
     ],
     [
      -13996.6,
      757.4
     ],
     [
      -13991.4,
      758.1
     ],
     [
      -13986.1,
      758.9
     ],
     [
      -13980.9,
      758.9
     ],
     [
      -13975.6,
      758.9
     ],
     [
      -13970.4,
      758.9
     ],
     [
      -13965.1,
      760.4
     ],
     [
      -13959.1,
      760.4
     ],
     [
      -13953.2,
      760.4
     ],
     [
      -13947.9,
      761.1
     ],
     [
      -13941.9,
      761.9
     ],
     [
      -13935.9,
      762.6
     ],
     [
      -13930.7,
      763.4
     ],
     [
      -13924.7,
      763.4
     ],
     [
      -13919.4,
      763.4
     ],
     [
      -13914.2,
      763.4
     ],
     [
      -13908.9,
      763.4
     ],
     [
      -13902.9,
      762.6
     ],
     [
      -13897.7,
      762.6
     ],
     [
      -13892.4,
      761.9
     ],
     [
      -13887.2,
      761.1
     ],
     [
      -13881.9,
      760.4
     ],
     [
      -13876.7,
      758.9
     ],
     [
      -13871.4,
      758.1
     ],
     [
      -13865.4,
      757.4
     ],
     [
      -13860.2,
      757.4
     ],
     [
      -13855,
      757.4
     ],
     [
      -13849,
      757.4
     ],
     [
      -13843.7,
      757.4
     ],
     [
      -13838.5,
      757.4
     ],
     [
      -13833.2,
      757.4
     ],
     [
      -13828,
      756.6
     ],
     [
      -13822.7,
      755.9
     ],
     [
      -13817.5,
      754.4
     ],
     [
      -13812.2,
      752.1
     ],
     [
      -13807,
      749.1
     ],
     [
      -13802.5,
      746.1
     ],
     [
      -13797.2,
      743.1
     ],
     [
      -13792,
      741.7
     ],
     [
      -13786.7,
      741.7
     ],
     [
      -13781.5,
      739.4
     ],
     [
      -13777,
      736.4
     ],
     [
      -13771.7,
      736.4
     ],
     [
      -13767.2,
      740.2
     ],
     [
      -13762.7,
      743.9
     ],
     [
      -13758.3,
      746.9
     ],
     [
      -13753.8,
      749.9
     ],
     [
      -13750,
      753.6
     ],
     [
      -13744.8,
      755.9
     ],
     [
      -13739.5,
      757.4
     ],
     [
      -13733.5,
      758.1
     ],
     [
      -13727.5,
      758.9
     ],
     [
      -13722.3,
      758.9
     ],
     [
      -13716.3,
      758.9
     ],
     [
      -13710.3,
      758.9
     ],
     [
      -13705,
      758.9
     ],
     [
      -13699.8,
      758.9
     ],
     [
      -13694.5,
      758.9
     ],
     [
      -13689.3,
      758.1
     ],
     [
      -13685.5,
      754.4
     ],
     [
      -13681.8,
      750.6
     ],
     [
      -13678,
      746.9
     ],
     [
      -13675,
      742.4
     ],
     [
      -13672.8,
      737.2
     ],
     [
      -13669.8,
      732.7
     ],
     [
      -13666.8,
      728.2
     ],
     [
      -13664.5,
      722.9
     ],
     [
      -13663.8,
      717.7
     ],
     [
      -13665.3,
      712.4
     ],
     [
      -13666.8,
      707.2
     ],
     [
      -13664.5,
      701.9
     ],
     [
      -13663.8,
      696.7
     ],
     [
      -13659.3,
      692.9
     ],
     [
      -13654.8,
      689.9
     ],
     [
      -13651.1,
      685.4
     ],
     [
      -13647.3,
      681.7
     ],
     [
      -13643.6,
      677.9
     ],
     [
      -13639.8,
      674.2
     ],
     [
      -13636.8,
      669.7
     ],
     [
      -13633.8,
      664.4
     ],
     [
      -13632.3,
      659.2
     ],
     [
      -13630.8,
      653.9
     ],
     [
      -13628.6,
      647.9
     ],
     [
      -13625.6,
      642.7
     ],
     [
      -13622.6,
      638.2
     ],
     [
      -13618.8,
      634.5
     ],
     [
      -13615.1,
      630
     ],
     [
      -13611.3,
      626.2
     ],
     [
      -13607.6,
      621.7
     ],
     [
      -13605.3,
      616.5
     ],
     [
      -13603.8,
      611.2
     ],
     [
      -13603.8,
      606
     ],
     [
      -13603.1,
      600.7
     ],
     [
      -13602.3,
      594.7
     ],
     [
      -13601.6,
      589.5
     ],
     [
      -13600.8,
      584.2
     ],
     [
      -13600.1,
      579
     ],
     [
      -13600.1,
      573.7
     ],
     [
      -13599.3,
      568.5
     ],
     [
      -13598.6,
      563.2
     ],
     [
      -13597.1,
      557.2
     ],
     [
      -13597.1,
      552
     ],
     [
      -13597.1,
      546.7
     ],
     [
      -13597.1,
      540.8
     ],
     [
      -13596.3,
      535.5
     ],
     [
      -13595.6,
      530.3
     ],
     [
      -13594.8,
      525
     ],
     [
      -13594.8,
      519
     ],
     [
      -13594.8,
      512.3
     ],
     [
      -13595.6,
      506.3
     ],
     [
      -13595.6,
      501
     ],
     [
      -13595.6,
      495.8
     ],
     [
      -13598.6,
      490.5
     ],
     [
      -13600.8,
      485.3
     ],
     [
      -13603.8,
      480.8
     ],
     [
      -13605.3,
      475.5
     ],
     [
      -13605.3,
      469.5
     ],
     [
      -13603.8,
      464.3
     ],
     [
      -13603.1,
      459
     ],
     [
      -13602.3,
      453
     ],
     [
      -13601.6,
      447.8
     ],
     [
      -13601.6,
      442.6
     ],
     [
      -13601.6,
      437.3
     ],
     [
      -13603.1,
      432.1
     ]
    ]
   }
  },
  {
   "type": "Feature",
   "properties": {
    "op": "add",
    "source": "recorded",
    "zone": "Tirisfal Glades",
    "time": 1790561103,
    "trim": true
   },
   "geometry": {
    "type": "LineString",
    "coordinates": [
     [
      -14237.5,
      330.5
     ],
     [
      -14234.6,
      333.4
     ],
     [
      -14231.7,
      335.3
     ],
     [
      -14229.3,
      337.7
     ],
     [
      -14226,
      340.6
     ],
     [
      -14223.1,
      343.5
     ],
     [
      -14220.7,
      345.9
     ],
     [
      -14217.8,
      348.7
     ],
     [
      -14214.5,
      351.6
     ],
     [
      -14211.6,
      354.5
     ],
     [
      -14209.2,
      357.9
     ],
     [
      -14206.8,
      360.3
     ],
     [
      -14204.4,
      362.7
     ],
     [
      -14202,
      365.5
     ],
     [
      -14200.1,
      368.9
     ],
     [
      -14198.1,
      372.3
     ],
     [
      -14196.2,
      375.1
     ],
     [
      -14194.3,
      378.5
     ],
     [
      -14192.4,
      381.9
     ],
     [
      -14189.5,
      384.7
     ],
     [
      -14187.1,
      387.6
     ],
     [
      -14184.7,
      390
     ],
     [
      -14182.3,
      392.4
     ],
     [
      -14179.9,
      394.8
     ],
     [
      -14177.5,
      397.7
     ],
     [
      -14175.1,
      400.6
     ],
     [
      -14173.2,
      403.4
     ],
     [
      -14171.3,
      406.3
     ],
     [
      -14169.4,
      409.2
     ],
     [
      -14167.4,
      413
     ],
     [
      -14165.5,
      416.4
     ],
     [
      -14163.6,
      419.3
     ],
     [
      -14161.7,
      422.2
     ],
     [
      -14159.3,
      425
     ],
     [
      -14156.9,
      427.9
     ],
     [
      -14154,
      430.3
     ],
     [
      -14150.6,
      432.2
     ],
     [
      -14147.3,
      433.2
     ],
     [
      -14143.9,
      434.6
     ],
     [
      -14140.6,
      435.6
     ],
     [
      -14136.7,
      436.1
     ],
     [
      -14133.4,
      436.1
     ],
     [
      -14129.5,
      436.5
     ],
     [
      -14125.7,
      437.5
     ],
     [
      -14121.9,
      438.5
     ],
     [
      -14118,
      440.4
     ],
     [
      -14114.7,
      441.8
     ],
     [
      -14111.3,
      443.7
     ],
     [
      -14108.4,
      445.7
     ],
     [
      -14105.5,
      448.1
     ],
     [
      -14103.1,
      450.9
     ],
     [
      -14100.7,
      453.3
     ],
     [
      -14098.3,
      456.2
     ],
     [
      -14096,
      458.6
     ],
     [
      -14093.6,
      462
     ],
     [
      -14090.7,
      464.4
     ],
     [
      -14088.3,
      466.8
     ],
     [
      -14085.4,
      469.2
     ],
     [
      -14082.5,
      471.6
     ],
     [
      -14080.1,
      474
     ],
     [
      -14077.7,
      476.4
     ],
     [
      -14074.8,
      478.8
     ],
     [
      -14072,
      481.2
     ],
     [
      -14069.1,
      483.1
     ],
     [
      -14065.7,
      485
     ],
     [
      -14062.8,
      486.9
     ],
     [
      -14060,
      488.8
     ],
     [
      -14057.1,
      490.8
     ],
     [
      -14054.2,
      492.7
     ],
     [
      -14051.3,
      495.1
     ],
     [
      -14048.9,
      497.5
     ],
     [
      -14046.1,
      499.9
     ],
     [
      -14043.7,
      502.3
     ],
     [
      -14040.8,
      504.2
     ],
     [
      -14037.9,
      506.1
     ]
    ]
   }
  },
  {
   "type": "Feature",
   "properties": {
    "op": "add",
    "source": "recorded",
    "zone": "Tirisfal Glades",
    "time": 1790561121,
    "trim": true
   },
   "geometry": {
    "type": "LineString",
    "coordinates": [
     [
      -14039.3,
      505.6
     ],
     [
      -14036,
      504.2
     ],
     [
      -14032.6,
      502.8
     ],
     [
      -14029.7,
      500.4
     ],
     [
      -14026.9,
      498.4
     ],
     [
      -14024.5,
      495.6
     ],
     [
      -14022.1,
      492.7
     ],
     [
      -14020.6,
      489.3
     ],
     [
      -14017.7,
      486.9
     ],
     [
      -14013.9,
      485
     ],
     [
      -14011,
      483.1
     ],
     [
      -14007.7,
      482.1
     ],
     [
      -14003.8,
      481.6
     ],
     [
      -14000.5,
      481.6
     ],
     [
      -13997.1,
      483.1
     ],
     [
      -13993.8,
      484.5
     ],
     [
      -13990.4,
      486.4
     ],
     [
      -13987.5,
      488.4
     ],
     [
      -13984.6,
      490.8
     ],
     [
      -13981.8,
      493.2
     ],
     [
      -13978.9,
      495.1
     ],
     [
      -13976,
      497.5
     ],
     [
      -13973.6,
      499.9
     ],
     [
      -13970.7,
      501.8
     ],
     [
      -13967.9,
      503.7
     ],
     [
      -13965,
      505.6
     ],
     [
      -13962.6,
      508
     ],
     [
      -13960.2,
      510.4
     ],
     [
      -13957.8,
      512.8
     ],
     [
      -13954.9,
      516.2
     ],
     [
      -13953,
      519.1
     ],
     [
      -13951.1,
      522.4
     ],
     [
      -13949.1,
      525.3
     ],
     [
      -13946.7,
      528.2
     ],
     [
      -13944.8,
      531.5
     ],
     [
      -13942.9,
      534.4
     ],
     [
      -13940.5,
      537.3
     ],
     [
      -13938.6,
      540.2
     ],
     [
      -13936.2,
      543.1
     ],
     [
      -13933.8,
      545.9
     ],
     [
      -13931.4,
      548.3
     ],
     [
      -13929.5,
      551.2
     ],
     [
      -13927.1,
      553.6
     ],
     [
      -13924.7,
      556.5
     ],
     [
      -13922.8,
      559.4
     ],
     [
      -13920.4,
      561.8
     ],
     [
      -13918,
      564.6
     ],
     [
      -13915.1,
      567
     ],
     [
      -13912.7,
      569.9
     ],
     [
      -13910.3,
      572.8
     ],
     [
      -13907.9,
      575.2
     ],
     [
      -13905.5,
      578.1
     ],
     [
      -13903.1,
      580.5
     ],
     [
      -13900.7,
      583.4
     ],
     [
      -13898.3,
      586.2
     ],
     [
      -13895.9,
      589.1
     ],
     [
      -13893.5,
      592
     ],
     [
      -13891.1,
      594.4
     ],
     [
      -13888.7,
      596.8
     ],
     [
      -13885.8,
      599.2
     ],
     [
      -13882.9,
      601.1
     ],
     [
      -13879.6,
      603
     ],
     [
      -13876.2,
      604
     ],
     [
      -13872.9,
      603.5
     ],
     [
      -13870,
      601.1
     ],
     [
      -13868.1,
      597.7
     ],
     [
      -13866.1,
      594.9
     ],
     [
      -13864.7,
      591.5
     ],
     [
      -13862.3,
      588.6
     ],
     [
      -13860.4,
      584.8
     ],
     [
      -13858.5,
      581.9
     ],
     [
      -13856.1,
      579
     ],
     [
      -13854.6,
      575.7
     ],
     [
      -13852.7,
      571.8
     ],
     [
      -13851.3,
      568.5
     ],
     [
      -13851.3,
      565.1
     ],
     [
      -13853.2,
      561.8
     ],
     [
      -13855.1,
      558.4
     ],
     [
      -13856.6,
      555
     ],
     [
      -13858.5,
      551.7
     ],
     [
      -13859.4,
      548.3
     ],
     [
      -13860.4,
      545
     ],
     [
      -13860.9,
      541.6
     ],
     [
      -13861.3,
      538.3
     ],
     [
      -13861.8,
      534.9
     ],
     [
      -13862.3,
      531.5
     ],
     [
      -13863.3,
      528.2
     ],
     [
      -13864.7,
      524.8
     ],
     [
      -13866.6,
      521.9
     ],
     [
      -13868.5,
      518.6
     ],
     [
      -13870.9,
      515.2
     ],
     [
      -13872.9,
      512.3
     ],
     [
      -13874.8,
      509.5
     ],
     [
      -13873.8,
      505.6
     ],
     [
      -13871.9,
      502.3
     ],
     [
      -13869.5,
      499.9
     ],
     [
      -13866.6,
      498
     ],
     [
      -13863.3,
      496.5
     ],
     [
      -13859.9,
      496
     ],
     [
      -13856.6,
      495.1
     ],
     [
      -13853.2,
      494.6
     ],
     [
      -13849.8,
      494.1
     ],
     [
      -13846.5,
      493.6
     ],
     [
      -13843.6,
      491.7
     ],
     [
      -13843.6,
      488.4
     ],
     [
      -13843.6,
      485
     ],
     [
      -13844.1,
      481.6
     ],
     [
      -13844.6,
      478.3
     ],
     [
      -13844.6,
      474.9
     ],
     [
      -13844.6,
      471.6
     ],
     [
      -13845,
      467.7
     ],
     [
      -13845,
      463.9
     ],
     [
      -13845,
      460.1
     ],
     [
      -13845,
      456.7
     ],
     [
      -13844.6,
      453.3
     ],
     [
      -13844.1,
      450
     ],
     [
      -13843.1,
      446.1
     ],
     [
      -13842.2,
      442.8
     ],
     [
      -13841.2,
      438.9
     ],
     [
      -13840.2,
      435.6
     ],
     [
      -13839.3,
      431.7
     ],
     [
      -13837.8,
      428.4
     ],
     [
      -13836.9,
      424.6
     ],
     [
      -13835.4,
      421.2
     ]
    ]
   }
  },
  {
   "type": "Feature",
   "properties": {
    "op": "add",
    "source": "recorded",
    "zone": "Tirisfal Glades",
    "time": 1790561134,
    "trim": true
   },
   "geometry": {
    "type": "LineString",
    "coordinates": [
     [
      -13844.6,
      493.2
     ],
     [
      -13841.2,
      493.6
     ],
     [
      -13837.8,
      494.1
     ],
     [
      -13834.5,
      494.6
     ],
     [
      -13831.1,
      495.1
     ],
     [
      -13827.8,
      495.6
     ],
     [
      -13824.4,
      495.6
     ],
     [
      -13821,
      495.6
     ],
     [
      -13817.7,
      495.6
     ],
     [
      -13814.3,
      495.6
     ],
     [
      -13811,
      496.5
     ],
     [
      -13807.6,
      496.5
     ],
     [
      -13804.3,
      497
     ],
     [
      -13800.9,
      498
     ],
     [
      -13797.5,
      498.4
     ],
     [
      -13794.2,
      498.9
     ],
     [
      -13790.8,
      499.4
     ],
     [
      -13787,
      499.4
     ],
     [
      -13783.6,
      499.4
     ],
     [
      -13779.8,
      499.4
     ],
     [
      -13776,
      498.9
     ],
     [
      -13772.6,
      498.9
     ],
     [
      -13769.2,
      498.4
     ],
     [
      -13765.4,
      498.4
     ],
     [
      -13762,
      498
     ],
     [
      -13758.2,
      497.5
     ],
     [
      -13754.8,
      497.5
     ],
     [
      -13751,
      497.5
     ],
     [
      -13747.6,
      497.5
     ],
     [
      -13743.8,
      497
     ],
     [
      -13740,
      497
     ],
     [
      -13736.6,
      496.5
     ],
     [
      -13733.3,
      496.5
     ],
     [
      -13729.4,
      495.6
     ],
     [
      -13726.1,
      495.1
     ],
     [
      -13722.2,
      494.6
     ],
     [
      -13718.4,
      494.1
     ],
     [
      -13714.1,
      493.6
     ],
     [
      -13710.2,
      493.6
     ],
     [
      -13706.9,
      493.6
     ],
     [
      -13703,
      493.6
     ],
     [
      -13699.2,
      493.6
     ],
     [
      -13695.4,
      493.6
     ],
     [
      -13692,
      493.2
     ],
     [
      -13688.2,
      492.2
     ],
     [
      -13684.8,
      491.2
     ],
     [
      -13681.4,
      489.3
     ],
     [
      -13678.6,
      487.4
     ],
     [
      -13675.7,
      485.5
     ],
     [
      -13673.3,
      482.6
     ],
     [
      -13672.3,
      479.2
     ],
     [
      -13670.9,
      475.9
     ],
     [
      -13669.4,
      472.5
     ],
     [
      -13668.5,
      468.7
     ],
     [
      -13667,
      464.9
     ],
     [
      -13665.1,
      461
     ],
     [
      -13664.2,
      457.7
     ],
     [
      -13662.2,
      454.3
     ],
     [
      -13660.8,
      450.9
     ],
     [
      -13659.4,
      447.6
     ],
     [
      -13657.5,
      443.7
     ],
     [
      -13656,
      439.9
     ],
     [
      -13655.1,
      436.5
     ],
     [
      -13654.1,
      432.7
     ],
     [
      -13654.1,
      429.3
     ],
     [
      -13654.1,
      425.5
     ],
     [
      -13653.6,
      422.2
     ],
     [
      -13653.1,
      418.8
     ],
     [
      -13652.2,
      415.4
     ],
     [
      -13651.7,
      412.1
     ],
     [
      -13650.7,
      408.7
     ],
     [
      -13649.3,
      404.9
     ],
     [
      -13647.9,
      401.5
     ],
     [
      -13646.4,
      397.7
     ],
     [
      -13644.5,
      393.8
     ],
     [
      -13642.6,
      390.5
     ],
     [
      -13641.1,
      387.1
     ],
     [
      -13638.7,
      384.3
     ],
     [
      -13636.3,
      381.4
     ],
     [
      -13633.9,
      379
     ],
     [
      -13631.5,
      376.1
     ],
     [
      -13628.7,
      374.2
     ],
     [
      -13626.3,
      370.8
     ],
     [
      -13624.3,
      367.9
     ],
     [
      -13622.4,
      365.1
     ],
     [
      -13620.5,
      362.2
     ],
     [
      -13618.1,
      359.3
     ],
     [
      -13615.7,
      355.9
     ],
     [
      -13613.3,
      353.1
     ],
     [
      -13611.4,
      350.2
     ],
     [
      -13609,
      347.3
     ],
     [
      -13608,
      344
     ]
    ]
   }
  },
  {
   "type": "Feature",
   "properties": {
    "op": "add",
    "source": "recorded",
    "zone": "Tirisfal Glades",
    "time": 1790561150,
    "trim": true
   },
   "geometry": {
    "type": "LineString",
    "coordinates": [
     [
      -13752.9,
      172.7
     ],
     [
      -13750,
      175.6
     ],
     [
      -13747.2,
      178.4
     ],
     [
      -13744.8,
      181.8
     ],
     [
      -13742.8,
      185.2
     ],
     [
      -13739.5,
      189
     ],
     [
      -13736.6,
      192.3
     ],
     [
      -13734.2,
      195.7
     ],
     [
      -13731.8,
      198.6
     ],
     [
      -13729.4,
      201.5
     ],
     [
      -13727,
      204.3
     ],
     [
      -13724.6,
      206.7
     ],
     [
      -13722.2,
      209.1
     ],
     [
      -13719.8,
      211.5
     ],
     [
      -13717.4,
      213.9
     ],
     [
      -13715,
      216.8
     ],
     [
      -13712.6,
      219.2
     ],
     [
      -13710.7,
      222.6
     ],
     [
      -13708.8,
      225.5
     ],
     [
      -13707.3,
      228.8
     ],
     [
      -13705.9,
      232.2
     ],
     [
      -13704.5,
      235.5
     ],
     [
      -13703.5,
      238.9
     ],
     [
      -13701.6,
      241.8
     ],
     [
      -13699.2,
      244.6
     ],
     [
      -13697.3,
      247.5
     ],
     [
      -13694.9,
      250.4
     ],
     [
      -13693,
      253.3
     ],
     [
      -13691,
      256.2
     ],
     [
      -13688.6,
      258.6
     ],
     [
      -13686.2,
      261.4
     ],
     [
      -13683.8,
      263.8
     ],
     [
      -13681,
      266.2
     ],
     [
      -13678.1,
      268.6
     ],
     [
      -13675.7,
      271
     ],
     [
      -13673.3,
      273.4
     ],
     [
      -13670.9,
      276.3
     ],
     [
      -13669,
      279.2
     ],
     [
      -13667,
      282.5
     ],
     [
      -13665.6,
      285.9
     ],
     [
      -13663.2,
      289.3
     ],
     [
      -13661.3,
      292.1
     ],
     [
      -13658.9,
      295
     ],
     [
      -13657,
      297.9
     ],
     [
      -13654.6,
      300.8
     ],
     [
      -13652.2,
      303.2
     ],
     [
      -13649.8,
      306.1
     ],
     [
      -13647.4,
      308.9
     ],
     [
      -13645,
      311.8
     ],
     [
      -13642.6,
      314.7
     ],
     [
      -13639.7,
      316.6
     ],
     [
      -13637.3,
      319
     ],
     [
      -13634.9,
      321.4
     ],
     [
      -13632,
      323.8
     ],
     [
      -13629.6,
      326.7
     ],
     [
      -13626.7,
      329.1
     ],
     [
      -13623.9,
      331
     ],
     [
      -13621,
      332.9
     ],
     [
      -13617.6,
      334.4
     ],
     [
      -13614.8,
      336.3
     ],
     [
      -13611.4,
      338.2
     ],
     [
      -13608,
      339.6
     ],
     [
      -13605.6,
      342
     ],
     [
      -13605.2,
      345.4
     ],
     [
      -13607.1,
      342.5
     ],
     [
      -13607.1,
      339.2
     ],
     [
      -13606.6,
      335.8
     ],
     [
      -13605.6,
      332
     ],
     [
      -13604.7,
      328.6
     ],
     [
      -13603.7,
      325.2
     ],
     [
      -13602.8,
      321.9
     ],
     [
      -13601.3,
      318.5
     ],
     [
      -13598.9,
      316.1
     ],
     [
      -13596.5,
      313.7
     ],
     [
      -13593.2,
      311.8
     ],
     [
      -13589.8,
      310.4
     ],
     [
      -13586,
      309.4
     ],
     [
      -13582.6,
      308
     ],
     [
      -13579.3,
      307.5
     ],
     [
      -13575.9,
      307
     ],
     [
      -13572.5,
      307
     ],
     [
      -13569.2,
      307
     ],
     [
      -13565.8,
      307
     ],
     [
      -13562.5,
      307
     ],
     [
      -13559.1,
      307
     ],
     [
      -13555.7,
      307.5
     ],
     [
      -13552.4,
      309.4
     ],
     [
      -13549,
      310.8
     ],
     [
      -13545.7,
      312.8
     ],
     [
      -13542.3,
      314.7
     ],
     [
      -13539,
      316.6
     ],
     [
      -13535.1,
      318
     ],
     [
      -13531.3,
      319
     ],
     [
      -13527.9,
      319.5
     ],
     [
      -13524.6,
      319.5
     ],
     [
      -13521.2,
      319.5
     ],
     [
      -13517.8,
      318.5
     ],
     [
      -13514.5,
      318
     ],
     [
      -13511.1,
      317.1
     ],
     [
      -13507.8,
      316.6
     ],
     [
      -13504.4,
      315.6
     ],
     [
      -13501,
      315.2
     ],
     [
      -13497.7,
      314.2
     ],
     [
      -13494.3,
      313.2
     ],
     [
      -13490.5,
      312.8
     ],
     [
      -13487.1,
      311.8
     ],
     [
      -13483.8,
      311.3
     ],
     [
      -13480.4,
      311.3
     ],
     [
      -13477.1,
      311.3
     ],
     [
      -13473.7,
      311.3
     ]
    ]
   }
  },
  {
   "type": "Feature",
   "properties": {
    "op": "add",
    "source": "recorded",
    "zone": "Tirisfal Glades",
    "time": 1790561166,
    "trim": true
   },
   "geometry": {
    "type": "LineString",
    "coordinates": [
     [
      -13473.7,
      311.8
     ],
     [
      -13472.3,
      308.4
     ],
     [
      -13470.8,
      304.6
     ],
     [
      -13469.4,
      301.3
     ],
     [
      -13468.9,
      297.4
     ],
     [
      -13467.9,
      294.1
     ],
     [
      -13466.5,
      290.2
     ],
     [
      -13465.1,
      286.9
     ],
     [
      -13464.1,
      283
     ],
     [
      -13463.1,
      279.7
     ],
     [
      -13461.7,
      276.3
     ],
     [
      -13459.8,
      272.9
     ],
     [
      -13457.4,
      270.1
     ],
     [
      -13455,
      267.7
     ],
     [
      -13452.1,
      265.3
     ],
     [
      -13450.2,
      262.4
     ],
     [
      -13447.8,
      259.5
     ],
     [
      -13445.4,
      257.1
     ],
     [
      -13442.5,
      254.7
     ],
     [
      -13440.1,
      252.3
     ],
     [
      -13438.2,
      249.4
     ],
     [
      -13435.3,
      247
     ],
     [
      -13432.9,
      244.2
     ],
     [
      -13430,
      241.8
     ],
     [
      -13427.2,
      239.4
     ],
     [
      -13425.2,
      236.5
     ],
     [
      -13423.3,
      233.1
     ],
     [
      -13421.4,
      228.8
     ],
     [
      -13419.5,
      225.9
     ],
     [
      -13417.1,
      222.6
     ],
     [
      -13414.7,
      219.7
     ],
     [
      -13412.3,
      217.3
     ],
     [
      -13409.9,
      214.4
     ],
     [
      -13407,
      212
     ],
     [
      -13404.6,
      209.1
     ],
     [
      -13402.7,
      206.3
     ],
     [
      -13400.8,
      203.4
     ],
     [
      -13399.3,
      200
     ],
     [
      -13398.9,
      196.7
     ],
     [
      -13398.4,
      193.3
     ],
     [
      -13398.9,
      189.9
     ],
     [
      -13398.9,
      186.6
     ],
     [
      -13399.3,
      183.2
     ],
     [
      -13399.8,
      179.9
     ],
     [
      -13399.8,
      176.5
     ],
     [
      -13399.8,
      173.2
     ],
     [
      -13397.9,
      169.8
     ],
     [
      -13396,
      166.9
     ],
     [
      -13394.1,
      163.6
     ],
     [
      -13392.6,
      160.2
     ],
     [
      -13390.7,
      157.3
     ],
     [
      -13388.8,
      154.4
     ],
     [
      -13386.9,
      151.6
     ],
     [
      -13384.9,
      148.7
     ],
     [
      -13383,
      145.8
     ],
     [
      -13381.1,
      142.9
     ],
     [
      -13378.2,
      139.1
     ],
     [
      -13376.8,
      135.7
     ],
     [
      -13375.4,
      132.4
     ],
     [
      -13373.4,
      129.5
     ],
     [
      -13372,
      126.1
     ],
     [
      -13370.6,
      122.3
     ],
     [
      -13368.6,
      119.4
     ],
     [
      -13366.7,
      116.5
     ],
     [
      -13364.8,
      113.2
     ],
     [
      -13362.9,
      110.3
     ],
     [
      -13361.4,
      107
     ],
     [
      -13361.4,
      103.1
     ],
     [
      -13361.4,
      99.8
     ],
     [
      -13361.4,
      96.4
     ],
     [
      -13361,
      93
     ],
     [
      -13360.5,
      89.7
     ],
     [
      -13360.5,
      86.3
     ],
     [
      -13361.9,
      83
     ],
     [
      -13362.4,
      79.6
     ],
     [
      -13362.9,
      76.2
     ]
    ]
   }
  },
  {
   "type": "Feature",
   "properties": {
    "op": "add",
    "source": "recorded",
    "zone": "Tirisfal Glades",
    "time": 1790561177,
    "trim": true
   },
   "geometry": {
    "type": "LineString",
    "coordinates": [
     [
      -13452.1,
      264.3
     ],
     [
      -13454.5,
      260.5
     ],
     [
      -13456.9,
      256.6
     ],
     [
      -13458.8,
      252.8
     ],
     [
      -13460.8,
      249
     ],
     [
      -13462.2,
      245.6
     ],
     [
      -13463.6,
      242.2
     ],
     [
      -13464.6,
      238.9
     ],
     [
      -13465.1,
      235.5
     ],
     [
      -13465.5,
      232.2
     ],
     [
      -13466.5,
      228.8
     ],
     [
      -13467.5,
      225.5
     ],
     [
      -13468.4,
      222.1
     ],
     [
      -13469.9,
      218.3
     ],
     [
      -13471.3,
      214.9
     ],
     [
      -13474.2,
      212.5
     ],
     [
      -13476.1,
      209.6
     ],
     [
      -13478.5,
      206.7
     ],
     [
      -13479.9,
      203.4
     ],
     [
      -13480.9,
      200
     ],
     [
      -13482.8,
      197.1
     ],
     [
      -13483.8,
      193.8
     ],
     [
      -13484.7,
      190.4
     ],
     [
      -13485.2,
      187.1
     ],
     [
      -13485.7,
      183.7
     ],
     [
      -13488.1,
      181.3
     ],
     [
      -13491.5,
      180.8
     ],
     [
      -13494.8,
      180.8
     ],
     [
      -13498.2,
      181.3
     ],
     [
      -13501.5,
      181.8
     ],
     [
      -13504.9,
      182.3
     ],
     [
      -13508.2,
      182.8
     ],
     [
      -13511.6,
      183.2
     ],
     [
      -13515,
      183.7
     ],
     [
      -13518.3,
      184.2
     ],
     [
      -13522.2,
      184.2
     ],
     [
      -13525.5,
      184.2
     ],
     [
      -13529.4,
      183.2
     ],
     [
      -13533.2,
      182.8
     ],
     [
      -13536.6,
      182.3
     ],
     [
      -13539.9,
      182.3
     ],
     [
      -13543.3,
      181.8
     ],
     [
      -13546.1,
      179.9
     ],
     [
      -13549,
      177.5
     ],
     [
      -13551.4,
      174.6
     ],
     [
      -13553.8,
      171.2
     ],
     [
      -13556.2,
      167.9
     ],
     [
      -13558.6,
      165
     ],
     [
      -13560.5,
      161.6
     ],
     [
      -13562,
      158.3
     ],
     [
      -13562.9,
      154.9
     ],
     [
      -13563.4,
      151.1
     ],
     [
      -13564.9,
      147.7
     ],
     [
      -13566.3,
      144.4
     ],
     [
      -13566.8,
      140.5
     ],
     [
      -13567.3,
      137.2
     ],
     [
      -13569.2,
      133.3
     ],
     [
      -13570.1,
      130
     ],
     [
      -13570.1,
      126.6
     ]
    ]
   }
  },
  {
   "type": "Feature",
   "properties": {
    "op": "add",
    "source": "recorded",
    "zone": "Tirisfal Glades",
    "time": 1790561189,
    "trim": true
   },
   "geometry": {
    "type": "LineString",
    "coordinates": [
     [
      -13474.7,
      310.8
     ],
     [
      -13471.3,
      312.8
     ],
     [
      -13468.9,
      315.6
     ],
     [
      -13466.5,
      318
     ],
     [
      -13464.1,
      320.4
     ],
     [
      -13462.2,
      323.8
     ],
     [
      -13459.8,
      326.7
     ],
     [
      -13456.9,
      328.6
     ],
     [
      -13454,
      330.5
     ],
     [
      -13450.7,
      332.4
     ],
     [
      -13447.3,
      334.4
     ],
     [
      -13444,
      336.3
     ],
     [
      -13440.6,
      338.2
     ],
     [
      -13437.7,
      340.1
     ],
     [
      -13434.8,
      342
     ],
     [
      -13431.5,
      344
     ],
     [
      -13428.1,
      345.4
     ],
     [
      -13424.8,
      346.4
     ],
     [
      -13420.9,
      347.8
     ],
     [
      -13417.6,
      348.7
     ],
     [
      -13414.2,
      349.7
     ],
     [
      -13410.9,
      351.1
     ],
     [
      -13407.5,
      352.6
     ],
     [
      -13403.7,
      354.5
     ],
     [
      -13399.8,
      356.4
     ],
     [
      -13396.9,
      358.8
     ],
     [
      -13394.1,
      361.2
     ],
     [
      -13391.2,
      363.1
     ],
     [
      -13387.3,
      365.5
     ],
     [
      -13383.5,
      367.9
     ],
     [
      -13380.2,
      370.3
     ],
     [
      -13376.3,
      372.7
     ],
     [
      -13373,
      375.1
     ],
     [
      -13370.1,
      377.5
     ],
     [
      -13367.2,
      379.9
     ],
     [
      -13364.8,
      382.8
     ],
     [
      -13362.9,
      385.7
     ],
     [
      -13361,
      388.6
     ],
     [
      -13358.6,
      391.9
     ],
     [
      -13356.2,
      394.3
     ],
     [
      -13353.3,
      397.7
     ],
     [
      -13350.9,
      400.6
     ],
     [
      -13348.5,
      403.4
     ],
     [
      -13345.6,
      406.8
     ],
     [
      -13343.2,
      409.7
     ],
     [
      -13340.8,
      413
     ],
     [
      -13338.9,
      416.4
     ],
     [
      -13337.5,
      419.8
     ],
     [
      -13335.1,
      423.1
     ],
     [
      -13333.1,
      426
     ],
     [
      -13331.2,
      429.3
     ],
     [
      -13329.3,
      432.2
     ],
     [
      -13327.4,
      435.1
     ],
     [
      -13325.5,
      438
     ],
     [
      -13323.1,
      441.3
     ],
     [
      -13321.1,
      444.2
     ],
     [
      -13318.3,
      447.6
     ],
     [
      -13315.4,
      450
     ],
     [
      -13312,
      452.9
     ],
     [
      -13309.6,
      455.3
     ],
     [
      -13307.2,
      457.7
     ],
     [
      -13304.3,
      459.6
     ],
     [
      -13301.5,
      461.5
     ],
     [
      -13299.1,
      463.9
     ],
     [
      -13295.7,
      466.3
     ],
     [
      -13292.4,
      468.2
     ],
     [
      -13289,
      469.6
     ],
     [
      -13286.1,
      471.6
     ],
     [
      -13283.2,
      474
     ],
     [
      -13280.4,
      476.4
     ],
     [
      -13278,
      478.8
     ],
     [
      -13276,
      482.1
     ],
     [
      -13274.1,
      485
     ],
     [
      -13272.7,
      488.8
     ]
    ]
   }
  },
  {
   "type": "Feature",
   "properties": {
    "op": "add",
    "source": "recorded",
    "zone": "Tirisfal Glades",
    "time": 1790561208,
    "trim": true
   },
   "geometry": {
    "type": "LineString",
    "coordinates": [
     [
      -13608,
      340.1
     ],
     [
      -13604.7,
      341.6
     ],
     [
      -13601.3,
      343
     ],
     [
      -13598,
      343.5
     ],
     [
      -13594.6,
      344
     ],
     [
      -13591.2,
      345.4
     ],
     [
      -13587.9,
      346.8
     ],
     [
      -13585.5,
      349.2
     ],
     [
      -13585,
      352.6
     ],
     [
      -13585,
      355.9
     ],
     [
      -13585.5,
      359.3
     ],
     [
      -13586.4,
      362.7
     ],
     [
      -13587.4,
      366
     ],
     [
      -13586.9,
      369.4
     ],
     [
      -13586.4,
      372.7
     ],
     [
      -13586,
      376.1
     ],
     [
      -13583.6,
      378.5
     ],
     [
      -13580.7,
      380.4
     ],
     [
      -13577.3,
      380.4
     ],
     [
      -13574.5,
      378
     ],
     [
      -13571.1,
      376.1
     ],
     [
      -13567.7,
      374.7
     ],
     [
      -13565.3,
      372.3
     ],
     [
      -13562.9,
      369.9
     ],
     [
      -13561,
      367
     ],
     [
      -13559.1,
      364.1
     ],
     [
      -13555.7,
      362.7
     ],
     [
      -13552.4,
      363.6
     ],
     [
      -13549.5,
      366
     ],
     [
      -13548.5,
      369.4
     ],
     [
      -13548.5,
      372.7
     ],
     [
      -13550,
      376.1
     ],
     [
      -13551.9,
      379
     ],
     [
      -13553.8,
      381.9
     ],
     [
      -13554.8,
      385.2
     ],
     [
      -13555.7,
      388.6
     ],
     [
      -13556.2,
      391.9
     ],
     [
      -13556.2,
      395.3
     ],
     [
      -13555.3,
      398.6
     ],
     [
      -13554.3,
      402
     ],
     [
      -13552.9,
      405.4
     ],
     [
      -13551.9,
      408.7
     ],
     [
      -13550.9,
      412.1
     ],
     [
      -13550,
      415.4
     ],
     [
      -13549,
      418.8
     ],
     [
      -13548.1,
      422.2
     ],
     [
      -13546.1,
      425
     ],
     [
      -13543.7,
      427.9
     ],
     [
      -13541.3,
      430.3
     ],
     [
      -13538.5,
      432.2
     ],
     [
      -13535.6,
      434.1
     ],
     [
      -13533.2,
      436.5
     ],
     [
      -13529.8,
      438.5
     ],
     [
      -13527,
      440.4
     ],
     [
      -13524.1,
      442.8
     ],
     [
      -13521.2,
      444.7
     ],
     [
      -13518.8,
      447.1
     ],
     [
      -13516.4,
      449.5
     ],
     [
      -13514,
      451.9
     ],
     [
      -13511.6,
      454.8
     ],
     [
      -13509.2,
      457.2
     ],
     [
      -13506.8,
      459.6
     ],
     [
      -13505.4,
      462.9
     ],
     [
      -13504.9,
      466.3
     ],
     [
      -13504.4,
      469.6
     ],
     [
      -13503.4,
      473
     ],
     [
      -13503.4,
      476.4
     ],
     [
      -13503.9,
      479.7
     ],
     [
      -13505.4,
      483.1
     ],
     [
      -13507.3,
      486
     ],
     [
      -13509.2,
      489.3
     ],
     [
      -13511.1,
      492.7
     ],
     [
      -13513,
      496
     ],
     [
      -13514.5,
      499.4
     ],
     [
      -13516.4,
      502.8
     ],
     [
      -13517.8,
      506.1
     ],
     [
      -13520.2,
      508.5
     ]
    ]
   }
  },
  {
   "type": "Feature",
   "properties": {
    "op": "add",
    "source": "recorded",
    "zone": "Tirisfal Glades",
    "time": 1790561233,
    "trim": true
   },
   "geometry": {
    "type": "LineString",
    "coordinates": [
     [
      -13455.6,
      87.7
     ],
     [
      -13457.8,
      82.5
     ],
     [
      -13460.8,
      77.2
     ],
     [
      -13462.3,
      72
     ],
     [
      -13463.8,
      66.8
     ],
     [
      -13466.1,
      61.5
     ],
     [
      -13468.3,
      56.3
     ],
     [
      -13469.8,
      51
     ],
     [
      -13472.1,
      45.8
     ],
     [
      -13474.3,
      40.5
     ],
     [
      -13475.8,
      35.3
     ],
     [
      -13478.8,
      30
     ],
     [
      -13481.8,
      25.5
     ],
     [
      -13484.8,
      20.3
     ],
     [
      -13487.8,
      15
     ],
     [
      -13490.1,
      9.8
     ],
     [
      -13493.1,
      4.5
     ],
     [
      -13496.8,
      0.8
     ],
     [
      -13500.6,
      -3.7
     ],
     [
      -13503.6,
      -8.2
     ],
     [
      -13506.6,
      -12.7
     ],
     [
      -13508.8,
      -18
     ],
     [
      -13510.3,
      -23.2
     ],
     [
      -13511.8,
      -28.5
     ],
     [
      -13513.3,
      -33.7
     ],
     [
      -13514.1,
      -38.9
     ],
     [
      -13515.6,
      -44.2
     ],
     [
      -13516.3,
      -49.4
     ],
     [
      -13517.1,
      -55.4
     ],
     [
      -13517.8,
      -61.4
     ],
     [
      -13518.6,
      -66.7
     ],
     [
      -13519.3,
      -71.9
     ],
     [
      -13520.1,
      -77.2
     ],
     [
      -13523,
      -81.7
     ],
     [
      -13528.3,
      -84.7
     ],
     [
      -13532.8,
      -87.7
     ],
     [
      -13532.8,
      -92.9
     ],
     [
      -13532,
      -98.2
     ],
     [
      -13535.8,
      -101.9
     ],
     [
      -13539.5,
      -105.7
     ],
     [
      -13541,
      -110.9
     ],
     [
      -13541.8,
      -116.2
     ],
     [
      -13543.3,
      -121.4
     ],
     [
      -13545.5,
      -126.7
     ],
     [
      -13548.5,
      -131.2
     ],
     [
      -13550,
      -136.4
     ],
     [
      -13550.8,
      -141.6
     ],
     [
      -13551.5,
      -146.9
     ],
     [
      -13552.3,
      -152.1
     ],
     [
      -13553.8,
      -157.4
     ],
     [
      -13555.3,
      -162.6
     ],
     [
      -13557.5,
      -167.9
     ],
     [
      -13559.8,
      -173.9
     ],
     [
      -13562.8,
      -178.4
     ],
     [
      -13564.3,
      -183.6
     ],
     [
      -13565.8,
      -188.9
     ],
     [
      -13567.3,
      -194.1
     ],
     [
      -13568.8,
      -199.4
     ],
     [
      -13571.8,
      -205.4
     ],
     [
      -13573.3,
      -210.6
     ],
     [
      -13576.3,
      -215.1
     ],
     [
      -13579.3,
      -220.4
     ],
     [
      -13582.3,
      -224.9
     ],
     [
      -13585.3,
      -230.1
     ],
     [
      -13589,
      -234.6
     ],
     [
      -13592.8,
      -238.3
     ],
     [
      -13598,
      -241.3
     ],
     [
      -13603.3,
      -242.8
     ],
     [
      -13608.5,
      -244.3
     ],
     [
      -13613.8,
      -245.8
     ],
     [
      -13617.5,
      -250.3
     ],
     [
      -13622,
      -254.1
     ]
    ]
   }
  },
  {
   "type": "Feature",
   "properties": {
    "op": "add",
    "source": "recorded",
    "zone": "Tirisfal Glades",
    "time": 1790561244,
    "trim": true
   },
   "geometry": {
    "type": "LineString",
    "coordinates": [
     [
      -13639.2,
      90
     ],
     [
      -13642.2,
      84.7
     ],
     [
      -13646,
      80.2
     ],
     [
      -13649,
      75.7
     ],
     [
      -13653.5,
      72.7
     ],
     [
      -13656.5,
      68.2
     ],
     [
      -13659.5,
      63.8
     ],
     [
      -13662.5,
      59.3
     ],
     [
      -13664,
      54
     ],
     [
      -13665.5,
      48.8
     ],
     [
      -13666.2,
      42.8
     ],
     [
      -13666.2,
      36.8
     ],
     [
      -13666.2,
      31.5
     ],
     [
      -13664,
      26.3
     ],
     [
      -13662.5,
      21
     ],
     [
      -13660.2,
      15.8
     ],
     [
      -13656.5,
      11.3
     ],
     [
      -13653.5,
      6.8
     ],
     [
      -13649.7,
      3
     ],
     [
      -13646.7,
      -1.5
     ],
     [
      -13644.5,
      -7.5
     ],
     [
      -13642.2,
      -12.7
     ],
     [
      -13641.5,
      -18
     ],
     [
      -13640,
      -23.2
     ],
     [
      -13640,
      -29.2
     ],
     [
      -13638.5,
      -35.2
     ],
     [
      -13637.7,
      -40.4
     ],
     [
      -13637.7,
      -45.7
     ],
     [
      -13637,
      -50.9
     ],
     [
      -13636.2,
      -56.2
     ],
     [
      -13635.5,
      -61.4
     ],
     [
      -13634.7,
      -66.7
     ],
     [
      -13637,
      -71.9
     ],
     [
      -13639.2,
      -77.2
     ],
     [
      -13640.7,
      -82.4
     ],
     [
      -13640.7,
      -87.7
     ]
    ]
   }
  },
  {
   "type": "Feature",
   "properties": {
    "op": "add",
    "source": "recorded",
    "zone": "Tirisfal Glades",
    "time": 1790561257,
    "trim": true
   },
   "geometry": {
    "type": "LineString",
    "coordinates": [
     [
      -13642.2,
      92.2
     ],
     [
      -13644.5,
      87
     ],
     [
      -13647.5,
      82.5
     ],
     [
      -13651.2,
      78.7
     ],
     [
      -13655,
      74.2
     ],
     [
      -13658,
      69.7
     ],
     [
      -13660.2,
      64.5
     ],
     [
      -13662.5,
      58.5
     ],
     [
      -13664,
      53.3
     ],
     [
      -13664.7,
      48
     ],
     [
      -13665.5,
      42.8
     ],
     [
      -13665.5,
      37.5
     ],
     [
      -13665.5,
      32.3
     ],
     [
      -13662.5,
      27
     ],
     [
      -13660.2,
      21.8
     ],
     [
      -13657.2,
      16.5
     ],
     [
      -13654.2,
      12
     ],
     [
      -13651.2,
      7.5
     ],
     [
      -13647.5,
      3.8
     ],
     [
      -13644.5,
      -0.7
     ],
     [
      -13641.5,
      -6
     ],
     [
      -13640,
      -11.2
     ],
     [
      -13637.7,
      -16.5
     ],
     [
      -13637,
      -21.7
     ],
     [
      -13637,
      -27.7
     ],
     [
      -13636.2,
      -32.9
     ],
     [
      -13636.2,
      -38.2
     ],
     [
      -13635.5,
      -43.4
     ],
     [
      -13635.5,
      -49.4
     ],
     [
      -13635.5,
      -54.7
     ],
     [
      -13635.5,
      -60.7
     ],
     [
      -13635.5,
      -65.9
     ],
     [
      -13636.2,
      -71.2
     ],
     [
      -13637,
      -77.2
     ],
     [
      -13638.5,
      -82.4
     ],
     [
      -13639.2,
      -87.7
     ]
    ]
   }
  },
  {
   "type": "Feature",
   "properties": {
    "op": "add",
    "source": "recorded",
    "zone": "Tirisfal Glades",
    "time": 1790561269,
    "trim": true
   },
   "geometry": {
    "type": "LineString",
    "coordinates": [
     [
      -13640.7,
      90
     ],
     [
      -13646,
      87
     ],
     [
      -13650.5,
      83.2
     ],
     [
      -13654.2,
      78.7
     ],
     [
      -13656.5,
      73.5
     ],
     [
      -13658.7,
      68.2
     ],
     [
      -13661.7,
      63.8
     ],
     [
      -13664,
      58.5
     ],
     [
      -13666.2,
      53.3
     ],
     [
      -13667,
      48
     ],
     [
      -13667.7,
      42.8
     ],
     [
      -13667.7,
      37.5
     ],
     [
      -13667.7,
      32.3
     ],
     [
      -13666.2,
      26.3
     ],
     [
      -13663.2,
      21.8
     ],
     [
      -13660.2,
      16.5
     ],
     [
      -13658,
      11.3
     ],
     [
      -13655,
      6
     ],
     [
      -13652,
      0
     ],
     [
      -13649.7,
      -5.2
     ],
     [
      -13646.7,
      -9.7
     ],
     [
      -13643.7,
      -14.2
     ],
     [
      -13640.7,
      -19.5
     ],
     [
      -13637.7,
      -24
     ],
     [
      -13634.7,
      -29.2
     ],
     [
      -13632.5,
      -34.4
     ],
     [
      -13632.5,
      -40.4
     ],
     [
      -13631.7,
      -45.7
     ],
     [
      -13631.7,
      -51.7
     ],
     [
      -13632.5,
      -57.7
     ],
     [
      -13633.2,
      -62.9
     ],
     [
      -13634.7,
      -68.2
     ],
     [
      -13636.2,
      -73.4
     ],
     [
      -13638.5,
      -78.7
     ],
     [
      -13640,
      -83.9
     ],
     [
      -13640.7,
      -89.2
     ]
    ]
   }
  },
  {
   "type": "Feature",
   "properties": {
    "op": "add",
    "source": "recorded",
    "zone": "Tirisfal Glades",
    "time": 1790561297,
    "trim": true
   },
   "geometry": {
    "type": "LineString",
    "coordinates": [
     [
      -13640,
      90.7
     ],
     [
      -13644.5,
      87.7
     ],
     [
      -13647.5,
      82.5
     ],
     [
      -13650.5,
      77.2
     ],
     [
      -13653.5,
      72
     ],
     [
      -13656.5,
      67.5
     ],
     [
      -13659.5,
      63
     ],
     [
      -13663.2,
      59.3
     ],
     [
      -13664.7,
      54
     ],
     [
      -13664.7,
      48.8
     ],
     [
      -13664,
      43.5
     ],
     [
      -13664,
      38.3
     ],
     [
      -13663.2,
      33
     ],
     [
      -13663.2,
      27.8
     ],
     [
      -13663.2,
      22.5
     ],
     [
      -13662.5,
      17.3
     ],
     [
      -13661,
      12
     ],
     [
      -13658,
      7.5
     ],
     [
      -13654.2,
      3.8
     ],
     [
      -13649,
      2.3
     ],
     [
      -13644.5,
      -0.7
     ],
     [
      -13641.5,
      -5.2
     ],
     [
      -13639.2,
      -10.5
     ],
     [
      -13637,
      -16.5
     ],
     [
      -13635.5,
      -21.7
     ],
     [
      -13634,
      -27
     ],
     [
      -13634,
      -32.2
     ],
     [
      -13634,
      -37.4
     ],
     [
      -13634.7,
      -42.7
     ],
     [
      -13634.7,
      -47.9
     ],
     [
      -13635.5,
      -53.2
     ],
     [
      -13635.5,
      -58.4
     ],
     [
      -13636.2,
      -64.4
     ],
     [
      -13637,
      -69.7
     ],
     [
      -13638.5,
      -74.9
     ],
     [
      -13639.2,
      -80.2
     ],
     [
      -13640.7,
      -85.4
     ]
    ]
   }
  },
  {
   "type": "Feature",
   "properties": {
    "op": "add",
    "source": "recorded",
    "zone": "Tirisfal Glades",
    "time": 1790561334,
    "trim": true
   },
   "geometry": {
    "type": "LineString",
    "coordinates": [
     [
      -13743.4,
      147.7
     ],
     [
      -13748.7,
      144
     ],
     [
      -13753.2,
      141
     ],
     [
      -13758.4,
      138.7
     ],
     [
      -13763.7,
      135.7
     ],
     [
      -13768.2,
      132.7
     ],
     [
      -13773.4,
      130.5
     ],
     [
      -13778.7,
      128.2
     ],
     [
      -13783.9,
      126
     ],
     [
      -13789.2,
      124.5
     ],
     [
      -13794.4,
      123
     ],
     [
      -13799.7,
      122.2
     ],
     [
      -13804.9,
      120.7
     ],
     [
      -13810.2,
      118.5
     ],
     [
      -13815.4,
      117
     ],
     [
      -13820.6,
      114.7
     ],
     [
      -13825.9,
      112.5
     ],
     [
      -13831.1,
      110.2
     ],
     [
      -13836.4,
      108
     ],
     [
      -13840.9,
      105
     ],
     [
      -13844.6,
      100.5
     ],
     [
      -13847.6,
      96
     ],
     [
      -13850.6,
      90.7
     ],
     [
      -13852.9,
      85.5
     ],
     [
      -13855.1,
      80.2
     ],
     [
      -13857.4,
      75
     ],
     [
      -13860.4,
      70.5
     ],
     [
      -13864.9,
      67.5
     ],
     [
      -13869.4,
      64.5
     ],
     [
      -13873.9,
      61.5
     ],
     [
      -13876.1,
      56.3
     ],
     [
      -13878.4,
      51
     ],
     [
      -13879.9,
      45.8
     ],
     [
      -13875.4,
      42
     ],
     [
      -13870.1,
      39.8
     ],
     [
      -13864.9,
      39
     ],
     [
      -13860.4,
      36
     ],
     [
      -13855.1,
      33.8
     ],
     [
      -13850.6,
      30
     ],
     [
      -13847.6,
      24.8
     ],
     [
      -13844.6,
      19.5
     ],
     [
      -13841.6,
      15
     ],
     [
      -13836.4,
      12
     ],
     [
      -13831.1,
      10.5
     ],
     [
      -13825.9,
      9
     ],
     [
      -13820.6,
      8.3
     ],
     [
      -13815.4,
      7.5
     ],
     [
      -13810.2,
      6
     ],
     [
      -13804.9,
      3.8
     ],
     [
      -13799.7,
      3
     ]
    ]
   }
  },
  {
   "type": "Feature",
   "properties": {
    "op": "add",
    "source": "recorded",
    "zone": "Tirisfal Glades",
    "time": 1790561346,
    "trim": true
   },
   "geometry": {
    "type": "LineString",
    "coordinates": [
     [
      -13879.1,
      46.5
     ],
     [
      -13884.4,
      45
     ],
     [
      -13889.6,
      42.8
     ],
     [
      -13894.1,
      39.8
     ],
     [
      -13898.6,
      36.8
     ],
     [
      -13903.1,
      33
     ],
     [
      -13907.6,
      30
     ],
     [
      -13912.1,
      27
     ],
     [
      -13916.6,
      23.3
     ],
     [
      -13919.6,
      18.8
     ],
     [
      -13921.1,
      13.5
     ],
     [
      -13921.1,
      8.3
     ],
     [
      -13919.6,
      3
     ],
     [
      -13916.6,
      -1.5
     ],
     [
      -13913.6,
      -6
     ],
     [
      -13911.4,
      -11.2
     ],
     [
      -13908.4,
      -15.7
     ],
     [
      -13905.4,
      -21
     ],
     [
      -13905.4,
      -27
     ],
     [
      -13903.9,
      -32.2
     ],
     [
      -13899.4,
      -35.9
     ],
     [
      -13894.1,
      -37.4
     ],
     [
      -13889.6,
      -40.4
     ],
     [
      -13885.1,
      -44.2
     ],
     [
      -13882.1,
      -48.7
     ],
     [
      -13880.6,
      -54.7
     ],
     [
      -13878.4,
      -59.9
     ],
     [
      -13877.6,
      -65.2
     ],
     [
      -13876.9,
      -70.4
     ],
     [
      -13876.9,
      -75.7
     ],
     [
      -13876.9,
      -80.9
     ],
     [
      -13877.6,
      -86.2
     ],
     [
      -13880.6,
      -91.4
     ],
     [
      -13882.9,
      -96.7
     ],
     [
      -13883.6,
      -101.9
     ],
     [
      -13885.9,
      -107.2
     ],
     [
      -13886.6,
      -112.4
     ],
     [
      -13887.4,
      -117.7
     ],
     [
      -13889.6,
      -122.9
     ]
    ]
   }
  },
  {
   "type": "Feature",
   "properties": {
    "op": "add",
    "source": "recorded",
    "zone": "Tirisfal Glades",
    "time": 1790561400,
    "trim": true
   },
   "geometry": {
    "type": "LineString",
    "coordinates": [
     [
      -9659.7,
      -1342.1
     ],
     [
      -9653.2,
      -1342.1
     ],
     [
      -9646.6,
      -1342.1
     ],
     [
      -9640.1,
      -1343
     ],
     [
      -9633.5,
      -1343.9
     ],
     [
      -9626.9,
      -1343
     ],
     [
      -9623.2,
      -1337.4
     ],
     [
      -9619.5,
      -1330.8
     ],
     [
      -9616.6,
      -1324.3
     ],
     [
      -9611,
      -1320.5
     ],
     [
      -9604.5,
      -1317.7
     ],
     [
      -9597.9,
      -1314.9
     ],
     [
      -9591.3,
      -1313
     ],
     [
      -9585.7,
      -1309.3
     ],
     [
      -9583.8,
      -1302.7
     ],
     [
      -9582.9,
      -1296.2
     ],
     [
      -9582.9,
      -1289.6
     ],
     [
      -9581,
      -1283
     ],
     [
      -9575.4,
      -1279.3
     ],
     [
      -9568.9,
      -1276.5
     ],
     [
      -9563.2,
      -1271.8
     ],
     [
      -9559.5,
      -1266.2
     ],
     [
      -9555.7,
      -1259.6
     ],
     [
      -9552,
      -1253.1
     ],
     [
      -9545.4,
      -1250.2
     ],
     [
      -9538.9,
      -1248.4
     ],
     [
      -9532.3,
      -1249.3
     ],
     [
      -9525.8,
      -1250.2
     ],
     [
      -9519.2,
      -1252.1
     ],
     [
      -9512.6,
      -1254
     ],
     [
      -9507,
      -1257.7
     ],
     [
      -9500.5,
      -1259.6
     ],
     [
      -9493.9,
      -1261.5
     ],
     [
      -9487.3,
      -1262.4
     ],
     [
      -9480.8,
      -1264.3
     ],
     [
      -9474.2,
      -1265.2
     ],
     [
      -9467.7,
      -1268
     ],
     [
      -9461.1,
      -1270.9
     ],
     [
      -9456.4,
      -1276.5
     ],
     [
      -9452.7,
      -1283
     ],
     [
      -9450.8,
      -1289.6
     ],
     [
      -9448,
      -1296.2
     ],
     [
      -9443.3,
      -1300.8
     ],
     [
      -9437.7,
      -1304.6
     ],
     [
      -9434.9,
      -1311.1
     ]
    ]
   }
  },
  {
   "type": "Feature",
   "properties": {
    "op": "add",
    "source": "recorded",
    "zone": "Tirisfal Glades",
    "time": 1790561436,
    "trim": true
   },
   "geometry": {
    "type": "LineString",
    "coordinates": [
     [
      -12158.4,
      -243.2
     ],
     [
      -12163.6,
      -241.7
     ],
     [
      -12168.9,
      -239.4
     ],
     [
      -12172.6,
      -235.7
     ],
     [
      -12176.4,
      -231.9
     ],
     [
      -12179.4,
      -227.4
     ],
     [
      -12183.1,
      -223.7
     ],
     [
      -12186.9,
      -219.9
     ],
     [
      -12190.6,
      -216.2
     ],
     [
      -12195.1,
      -213.2
     ],
     [
      -12199.6,
      -210.2
     ],
     [
      -12203.4,
      -206.4
     ],
     [
      -12208.6,
      -204.2
     ],
     [
      -12213.9,
      -202.7
     ],
     [
      -12219.1,
      -202.7
     ],
     [
      -12224.4,
      -201.9
     ],
     [
      -12229.6,
      -200.4
     ],
     [
      -12234.9,
      -197.4
     ],
     [
      -12239.4,
      -193.7
     ],
     [
      -12243.9,
      -189.9
     ],
     [
      -12247.6,
      -186.2
     ],
     [
      -12251.4,
      -182.5
     ],
     [
      -12255.1,
      -178
     ],
     [
      -12258.8,
      -174.2
     ],
     [
      -12261.8,
      -169.7
     ],
     [
      -12265.6,
      -165.2
     ],
     [
      -12268.6,
      -160.7
     ],
     [
      -12272.3,
      -157
     ],
     [
      -12276.1,
      -152.5
     ],
     [
      -12279.8,
      -148.7
     ],
     [
      -12283.6,
      -145
     ],
     [
      -12288.1,
      -142
     ],
     [
      -12292.6,
      -139
     ],
     [
      -12297.8,
      -136.7
     ],
     [
      -12303.1,
      -135.2
     ],
     [
      -12308.3,
      -133.7
     ],
     [
      -12313.6,
      -133.7
     ],
     [
      -12318.8,
      -134.5
     ],
     [
      -12324.1,
      -136
     ],
     [
      -12329.3,
      -136.7
     ],
     [
      -12334.6,
      -139
     ],
     [
      -12339.1,
      -142
     ],
     [
      -12344.3,
      -139
     ],
     [
      -12346.6,
      -133.7
     ],
     [
      -12348.1,
      -128.5
     ],
     [
      -12348.8,
      -123.2
     ],
     [
      -12346.6,
      -118
     ],
     [
      -12344.3,
      -112.7
     ],
     [
      -12342.8,
      -107.5
     ],
     [
      -12342.1,
      -102.2
     ],
     [
      -12341.3,
      -97
     ],
     [
      -12341.3,
      -91.7
     ],
     [
      -12341.3,
      -85.7
     ],
     [
      -12341.3,
      -79.8
     ],
     [
      -12341.3,
      -73.8
     ],
     [
      -12341.3,
      -68.5
     ],
     [
      -12342.1,
      -63.3
     ],
     [
      -12342.8,
      -58
     ],
     [
      -12343.6,
      -52.8
     ],
     [
      -12345.1,
      -47.5
     ],
     [
      -12345.8,
      -42.3
     ],
     [
      -12347.3,
      -36.3
     ],
     [
      -12348.8,
      -31
     ],
     [
      -12350.3,
      -25.8
     ],
     [
      -12352.5,
      -20.5
     ],
     [
      -12354.8,
      -15.3
     ],
     [
      -12356.3,
      -10
     ],
     [
      -12357.8,
      -4.8
     ],
     [
      -12359.3,
      0.5
     ],
     [
      -12360.8,
      5.7
     ],
     [
      -12362.3,
      11
     ],
     [
      -12363,
      16.2
     ],
     [
      -12363.8,
      21.4
     ],
     [
      -12364.5,
      26.7
     ],
     [
      -12366,
      31.9
     ],
     [
      -12368.3,
      37.2
     ],
     [
      -12371.3,
      42.4
     ],
     [
      -12374.3,
      47.7
     ],
     [
      -12377.3,
      52.2
     ],
     [
      -12381,
      57.4
     ],
     [
      -12384,
      61.9
     ],
     [
      -12387.8,
      65.7
     ],
     [
      -12390,
      70.9
     ],
     [
      -12390,
      76.2
     ],
     [
      -12390.8,
      81.4
     ],
     [
      -12390.8,
      86.7
     ],
     [
      -12390,
      91.9
     ],
     [
      -12389.3,
      97.9
     ],
     [
      -12388.5,
      103.2
     ],
     [
      -12387.8,
      108.4
     ],
     [
      -12386.3,
      113.7
     ]
    ]
   }
  },
  {
   "type": "Feature",
   "properties": {
    "op": "add",
    "source": "recorded",
    "zone": "Tirisfal Glades",
    "time": 1790561499,
    "trim": true
   },
   "geometry": {
    "type": "LineString",
    "coordinates": [
     [
      -5291.9,
      -506.9
     ],
     [
      -5295.2,
      -507.9
     ],
     [
      -5298.6,
      -509.3
     ],
     [
      -5302,
      -511.2
     ],
     [
      -5304.8,
      -513.1
     ],
     [
      -5308.2,
      -514.6
     ],
     [
      -5311.5,
      -515.5
     ],
     [
      -5314.9,
      -516
     ],
     [
      -5318.3,
      -516.5
     ],
     [
      -5321.6,
      -517.5
     ],
     [
      -5325,
      -517.9
     ],
     [
      -5328.3,
      -519.4
     ],
     [
      -5332.2,
      -521.3
     ],
     [
      -5335.5,
      -522.7
     ],
     [
      -5339.4,
      -523.7
     ],
     [
      -5343.2,
      -525.1
     ],
     [
      -5346.6,
      -525.6
     ],
     [
      -5349.9,
      -526.1
     ]
    ]
   }
  },
  {
   "type": "Feature",
   "properties": {
    "op": "remove",
    "source": "recorded",
    "zone": "Tirisfal Glades",
    "time": 1790561514,
    "trim": true
   },
   "geometry": {
    "type": "LineString",
    "coordinates": [
     [
      -5547.7,
      -247.2
     ],
     [
      -5547.7,
      -255.4
     ],
     [
      -5547.7,
      -263.6
     ],
     [
      -5547.7,
      -274.2
     ],
     [
      -5545.4,
      -284.7
     ],
     [
      -5543,
      -295.3
     ],
     [
      -5540.7,
      -307
     ],
     [
      -5537.2,
      -323.4
     ],
     [
      -5533.7,
      -339.8
     ],
     [
      -5529,
      -357.3
     ],
     [
      -5525.5,
      -374.9
     ],
     [
      -5520.8,
      -390.1
     ],
     [
      -5518.4,
      -404.2
     ],
     [
      -5514.9,
      -417.1
     ],
     [
      -5511.4,
      -430
     ],
     [
      -5509.1,
      -441.7
     ],
     [
      -5506.7,
      -449.9
     ],
     [
      -5503.2,
      -460.4
     ]
    ]
   }
  },
  {
   "type": "Feature",
   "properties": {
    "op": "add",
    "source": "recorded",
    "zone": "Tirisfal Glades",
    "time": 1790561561,
    "trim": true
   },
   "geometry": {
    "type": "LineString",
    "coordinates": [
     [
      -4484.9,
      -2689.4
     ],
     [
      -4478.3,
      -2689.4
     ],
     [
      -4471.8,
      -2687.6
     ],
     [
      -4465.2,
      -2685.7
     ],
     [
      -4459.6,
      -2681
     ],
     [
      -4455.9,
      -2675.4
     ],
     [
      -4452.1,
      -2669.8
     ]
    ]
   }
  },
  {
   "type": "Feature",
   "properties": {
    "op": "add",
    "source": "recorded",
    "zone": "Tirisfal Glades",
    "time": 1790561572,
    "trim": true
   },
   "geometry": {
    "type": "LineString",
    "coordinates": [
     [
      -4422.1,
      -2481.4
     ],
     [
      -4418.4,
      -2475.8
     ],
     [
      -4415.6,
      -2469.2
     ],
     [
      -4410.9,
      -2464.5
     ],
     [
      -4406.2,
      -2459.9
     ],
     [
      -4399.6,
      -2458
     ],
     [
      -4393.1,
      -2457.1
     ],
     [
      -4386.5,
      -2456.1
     ],
     [
      -4380,
      -2455.2
     ],
     [
      -4373.4,
      -2454.2
     ],
     [
      -4366.8,
      -2454.2
     ],
     [
      -4360.3,
      -2453.3
     ],
     [
      -4353.7,
      -2453.3
     ],
     [
      -4347.2,
      -2453.3
     ],
     [
      -4339.7,
      -2455.2
     ],
     [
      -4333.1,
      -2458
     ],
     [
      -4326.5,
      -2459.9
     ],
     [
      -4320,
      -2461.7
     ],
     [
      -4313.4,
      -2463.6
     ]
    ]
   }
  },
  {
   "type": "Feature",
   "properties": {
    "op": "add",
    "source": "recorded",
    "zone": "Tirisfal Glades",
    "time": 1790561604,
    "trim": true
   },
   "geometry": {
    "type": "LineString",
    "coordinates": [
     [
      -5692.8,
      -2765.4
     ],
     [
      -5695.1,
      -2771.4
     ],
     [
      -5698.8,
      -2775.1
     ],
     [
      -5702.6,
      -2778.9
     ],
     [
      -5706.3,
      -2783.4
     ],
     [
      -5710.1,
      -2787.9
     ],
     [
      -5715.3,
      -2791.6
     ],
     [
      -5719.8,
      -2794.6
     ],
     [
      -5724.3,
      -2798.3
     ],
     [
      -5728.1,
      -2802.1
     ],
     [
      -5731.8,
      -2806.6
     ],
     [
      -5735.6,
      -2811.8
     ],
     [
      -5739.3,
      -2815.6
     ],
     [
      -5743.1,
      -2820.1
     ],
     [
      -5746.8,
      -2823.8
     ],
     [
      -5751.3,
      -2826.8
     ],
     [
      -5756.6,
      -2830.6
     ],
     [
      -5761.1,
      -2833.6
     ],
     [
      -5765.6,
      -2836.6
     ],
     [
      -5770.8,
      -2838.8
     ],
     [
      -5776.1,
      -2841.8
     ],
     [
      -5781.3,
      -2844.1
     ],
     [
      -5785.8,
      -2847.1
     ],
     [
      -5791.8,
      -2849.3
     ],
     [
      -5797,
      -2850.8
     ],
     [
      -5802.3,
      -2850.8
     ],
     [
      -5808.3,
      -2850.8
     ],
     [
      -5814.3,
      -2850.8
     ],
     [
      -5819.5,
      -2850.8
     ],
     [
      -5824.8,
      -2849.3
     ],
     [
      -5830,
      -2849.3
     ],
     [
      -5833.8,
      -2853.1
     ],
     [
      -5836.8,
      -2858.3
     ],
     [
      -5839.8,
      -2863.6
     ],
     [
      -5843.5,
      -2867.3
     ],
     [
      -5847.3,
      -2871.1
     ],
     [
      -5851.8,
      -2874.8
     ],
     [
      -5856.3,
      -2877.8
     ],
     [
      -5861.5,
      -2878.6
     ],
     [
      -5867.5,
      -2878.6
     ],
     [
      -5873.5,
      -2877.8
     ],
     [
      -5878.8,
      -2878.6
     ],
     [
      -5884,
      -2880.1
     ],
     [
      -5889.2,
      -2880.8
     ],
     [
      -5894.5,
      -2880.8
     ],
     [
      -5899.7,
      -2881.6
     ],
     [
      -5905,
      -2881.6
     ],
     [
      -5910.2,
      -2880.8
     ],
     [
      -5914,
      -2876.3
     ],
     [
      -5917,
      -2871.8
     ],
     [
      -5920,
      -2866.6
     ],
     [
      -5923.7,
      -2862.8
     ],
     [
      -5927.5,
      -2858.3
     ],
     [
      -5931.2,
      -2854.6
     ],
     [
      -5935,
      -2850.8
     ],
     [
      -5938.7,
      -2847.1
     ],
     [
      -5942.5,
      -2843.3
     ],
     [
      -5946.2,
      -2839.6
     ],
     [
      -5950.7,
      -2835.8
     ],
     [
      -5955.2,
      -2832.1
     ],
     [
      -5960.5,
      -2828.3
     ],
     [
      -5966.5,
      -2824.6
     ],
     [
      -5971.7,
      -2822.3
     ],
     [
      -5977,
      -2820.1
     ],
     [
      -5982.2,
      -2818.6
     ],
     [
      -5988.2,
      -2816.3
     ],
     [
      -5993.4,
      -2814.8
     ],
     [
      -5998.7,
      -2813.3
     ],
     [
      -6003.9,
      -2811.1
     ],
     [
      -6009.9,
      -2808.1
     ],
     [
      -6014.4,
      -2804.3
     ],
     [
      -6019.7,
      -2801.3
     ],
     [
      -6024.2,
      -2798.3
     ],
     [
      -6029.4,
      -2796.1
     ],
     [
      -6034.7,
      -2794.6
     ],
     [
      -6039.9,
      -2794.6
     ],
     [
      -6045.2,
      -2794.6
     ],
     [
      -6050.4,
      -2795.3
     ],
     [
      -6055.7,
      -2796.1
     ]
    ]
   }
  },
  {
   "type": "Feature",
   "properties": {
    "op": "add",
    "source": "recorded",
    "zone": "Tirisfal Glades",
    "time": 1790561616,
    "trim": true
   },
   "geometry": {
    "type": "LineString",
    "coordinates": [
     [
      -5908,
      -2880.8
     ],
     [
      -5908.7,
      -2886.1
     ],
     [
      -5909.5,
      -2891.3
     ],
     [
      -5910.2,
      -2896.5
     ],
     [
      -5911,
      -2901.8
     ],
     [
      -5911.7,
      -2907
     ],
     [
      -5912.5,
      -2912.3
     ],
     [
      -5913.2,
      -2917.5
     ],
     [
      -5915.5,
      -2922.8
     ],
     [
      -5917.7,
      -2928
     ],
     [
      -5921.5,
      -2932.5
     ],
     [
      -5925.2,
      -2936.3
     ],
     [
      -5929.7,
      -2939.3
     ],
     [
      -5934.2,
      -2942.3
     ],
     [
      -5938,
      -2946
     ],
     [
      -5941,
      -2951.3
     ],
     [
      -5944,
      -2955.8
     ],
     [
      -5946.2,
      -2961
     ],
     [
      -5948.5,
      -2966.3
     ],
     [
      -5949.2,
      -2971.5
     ],
     [
      -5950.7,
      -2976.8
     ],
     [
      -5954.5,
      -2980.5
     ],
     [
      -5959,
      -2984.3
     ],
     [
      -5964.2,
      -2986.5
     ],
     [
      -5970.2,
      -2988
     ],
     [
      -5975.5,
      -2987.3
     ],
     [
      -5980.7,
      -2985.8
     ],
     [
      -5985.9,
      -2985.8
     ],
     [
      -5991.2,
      -2984.3
     ],
     [
      -5996.4,
      -2983.5
     ],
     [
      -6001.7,
      -2982
     ],
     [
      -6006.9,
      -2980.5
     ],
     [
      -6012.2,
      -2979.8
     ],
     [
      -6017.4,
      -2979
     ],
     [
      -6022.7,
      -2978.3
     ]
    ]
   }
  },
  {
   "type": "Feature",
   "properties": {
    "op": "add",
    "source": "recorded",
    "zone": "Tirisfal Glades",
    "time": 1790561631,
    "trim": true
   },
   "geometry": {
    "type": "LineString",
    "coordinates": [
     [
      -5754.3,
      -3110.9
     ],
     [
      -5748.3,
      -3112.4
     ],
     [
      -5743.1,
      -3111.7
     ],
     [
      -5737.8,
      -3110.9
     ],
     [
      -5732.6,
      -3110.9
     ],
     [
      -5727.3,
      -3110.2
     ],
     [
      -5722.1,
      -3110.2
     ],
     [
      -5716.8,
      -3109.4
     ],
     [
      -5713.8,
      -3104.9
     ],
     [
      -5713.8,
      -3099.7
     ],
     [
      -5715.3,
      -3094.4
     ],
     [
      -5712.3,
      -3090
     ],
     [
      -5707.1,
      -3090
     ],
     [
      -5701.8,
      -3092.9
     ],
     [
      -5698.1,
      -3096.7
     ],
     [
      -5694.3,
      -3101.2
     ],
     [
      -5690.6,
      -3104.9
     ],
     [
      -5685.3,
      -3107.9
     ],
     [
      -5680.9,
      -3110.9
     ],
     [
      -5675.6,
      -3113.9
     ],
     [
      -5670.4,
      -3115.4
     ],
     [
      -5665.1,
      -3116.9
     ],
     [
      -5659.9,
      -3119.2
     ],
     [
      -5654.6,
      -3120.7
     ],
     [
      -5649.4,
      -3121.4
     ],
     [
      -5644.1,
      -3121.4
     ],
     [
      -5638.9,
      -3122.2
     ],
     [
      -5633.6,
      -3121.4
     ],
     [
      -5628.4,
      -3121.4
     ],
     [
      -5623.1,
      -3119.9
     ],
     [
      -5618.6,
      -3116.9
     ],
     [
      -5616.4,
      -3111.7
     ],
     [
      -5615.6,
      -3106.4
     ],
     [
      -5615.6,
      -3101.2
     ],
     [
      -5618.6,
      -3095.9
     ],
     [
      -5620.9,
      -3090.7
     ],
     [
      -5622.4,
      -3085.5
     ],
     [
      -5624.6,
      -3080.2
     ],
     [
      -5626.1,
      -3075
     ],
     [
      -5626.9,
      -3069.7
     ],
     [
      -5626.9,
      -3064.5
     ],
     [
      -5625.4,
      -3059.2
     ],
     [
      -5623.9,
      -3054
     ],
     [
      -5624.6,
      -3048.7
     ],
     [
      -5626.9,
      -3043.5
     ],
     [
      -5629.9,
      -3039
     ]
    ]
   }
  },
  {
   "type": "Feature",
   "properties": {
    "op": "add",
    "source": "recorded",
    "zone": "Tirisfal Glades",
    "time": 1790561702,
    "trim": true
   },
   "geometry": {
    "type": "LineString",
    "coordinates": [
     [
      -6859.6,
      -3415.1
     ],
     [
      -6854.9,
      -3420.7
     ],
     [
      -6850.2,
      -3426.3
     ],
     [
      -6846.4,
      -3432.9
     ],
     [
      -6842.7,
      -3438.5
     ],
     [
      -6839,
      -3445
     ],
     [
      -6836.1,
      -3451.6
     ],
     [
      -6834.3,
      -3458.2
     ],
     [
      -6831.5,
      -3465.7
     ],
     [
      -6829.6,
      -3473.1
     ],
     [
      -6826.8,
      -3480.6
     ],
     [
      -6823,
      -3488.1
     ],
     [
      -6820.2,
      -3496.6
     ],
     [
      -6817.4,
      -3504.1
     ],
     [
      -6813.7,
      -3509.7
     ],
     [
      -6809.9,
      -3517.2
     ],
     [
      -6806.2,
      -3522.8
     ],
     [
      -6801.5,
      -3528.4
     ],
     [
      -6796.8,
      -3535
     ],
     [
      -6791.2,
      -3541.5
     ],
     [
      -6786.5,
      -3546.2
     ],
     [
      -6781.8,
      -3551.9
     ],
     [
      -6777.1,
      -3558.4
     ],
     [
      -6771.5,
      -3564
     ],
     [
      -6764.9,
      -3568.7
     ],
     [
      -6759.3,
      -3572.5
     ],
     [
      -6753.7,
      -3576.2
     ],
     [
      -6746.2,
      -3580
     ],
     [
      -6738.7,
      -3584.7
     ],
     [
      -6732.1,
      -3588.4
     ],
     [
      -6724.6,
      -3592.1
     ],
     [
      -6717.1,
      -3594
     ],
     [
      -6710.6,
      -3595.9
     ],
     [
      -6703.1,
      -3597.8
     ],
     [
      -6694.7,
      -3600.6
     ],
     [
      -6688.1,
      -3602.5
     ],
     [
      -6681.5,
      -3603.4
     ],
     [
      -6673.1,
      -3605.3
     ],
     [
      -6666.5,
      -3607.1
     ],
     [
      -6660,
      -3608.1
     ],
     [
      -6653.4,
      -3610
     ],
     [
      -6645.9,
      -3611.8
     ],
     [
      -6638.4,
      -3614.6
     ],
     [
      -6631.9,
      -3617.4
     ],
     [
      -6625.3,
      -3619.3
     ],
     [
      -6617.8,
      -3621.2
     ],
     [
      -6611.3,
      -3622.1
     ],
     [
      -6603.8,
      -3624
     ],
     [
      -6596.3,
      -3626.8
     ],
     [
      -6589.7,
      -3628.7
     ],
     [
      -6583.1,
      -3630.6
     ],
     [
      -6575.6,
      -3632.4
     ],
     [
      -6568.2,
      -3634.3
     ],
     [
      -6560.7,
      -3636.2
     ],
     [
      -6554.1,
      -3638.1
     ],
     [
      -6546.6,
      -3639.9
     ],
     [
      -6538.2,
      -3642.7
     ],
     [
      -6530.7,
      -3645.6
     ],
     [
      -6524.1,
      -3646.5
     ],
     [
      -6517.6,
      -3647.4
     ],
     [
      -6511,
      -3648.4
     ],
     [
      -6504.4,
      -3649.3
     ],
     [
      -6496,
      -3651.2
     ],
     [
      -6488.5,
      -3652.1
     ],
     [
      -6481,
      -3652.1
     ],
     [
      -6473.5,
      -3652.1
     ],
     [
      -6466,
      -3654
     ],
     [
      -6458.5,
      -3654.9
     ],
     [
      -6452,
      -3654.9
     ],
     [
      -6445.4,
      -3654.9
     ],
     [
      -6438.8,
      -3654.9
     ],
     [
      -6431.3,
      -3654.9
     ],
     [
      -6424.8,
      -3654.9
     ],
     [
      -6416.4,
      -3654.9
     ],
     [
      -6407.9,
      -3653.1
     ],
     [
      -6401.4,
      -3651.2
     ],
     [
      -6394.8,
      -3648.4
     ],
     [
      -6388.2,
      -3645.6
     ],
     [
      -6381.7,
      -3642.7
     ],
     [
      -6376.1,
      -3639
     ],
     [
      -6370.4,
      -3635.3
     ],
     [
      -6364.8,
      -3631.5
     ],
     [
      -6360.1,
      -3626.8
     ],
     [
      -6355.4,
      -3622.1
     ],
     [
      -6352.6,
      -3615.6
     ],
     [
      -6348.9,
      -3610
     ],
     [
      -6347,
      -3603.4
     ]
    ]
   }
  },
  {
   "type": "Feature",
   "properties": {
    "op": "add",
    "source": "recorded",
    "zone": "Tirisfal Glades",
    "time": 1790561730,
    "trim": true
   },
   "geometry": {
    "type": "LineString",
    "coordinates": [
     [
      -6731.3,
      -3589.7
     ],
     [
      -6734.3,
      -3597.2
     ],
     [
      -6737.3,
      -3606.2
     ],
     [
      -6738.1,
      -3611.4
     ],
     [
      -6740.3,
      -3620.4
     ],
     [
      -6741.8,
      -3625.7
     ],
     [
      -6743.3,
      -3633.2
     ],
     [
      -6744.8,
      -3639.9
     ],
     [
      -6746.3,
      -3645.9
     ],
     [
      -6747.1,
      -3651.2
     ],
     [
      -6748.6,
      -3658.7
     ],
     [
      -6750.1,
      -3665.4
     ],
     [
      -6751.6,
      -3670.7
     ],
     [
      -6752.3,
      -3675.9
     ],
     [
      -6753.8,
      -3681.9
     ],
     [
      -6755.3,
      -3687.2
     ],
     [
      -6756.8,
      -3693.9
     ],
     [
      -6757.6,
      -3700.6
     ],
     [
      -6758.3,
      -3706.6
     ],
     [
      -6759.1,
      -3712.6
     ],
     [
      -6759.1,
      -3717.9
     ],
     [
      -6759.1,
      -3723.1
     ],
     [
      -6759.8,
      -3728.4
     ],
     [
      -6759.8,
      -3733.6
     ],
     [
      -6760.6,
      -3738.9
     ],
     [
      -6761.3,
      -3744.9
     ],
     [
      -6762.1,
      -3750.9
     ],
     [
      -6762.8,
      -3757.6
     ],
     [
      -6763.6,
      -3764.4
     ],
     [
      -6764.3,
      -3771.1
     ],
     [
      -6764.3,
      -3776.4
     ],
     [
      -6765.8,
      -3781.6
     ],
     [
      -6767.3,
      -3786.9
     ],
     [
      -6769.6,
      -3792.9
     ],
     [
      -6772.6,
      -3797.4
     ],
     [
      -6774.8,
      -3803.3
     ],
     [
      -6777.8,
      -3807.8
     ],
     [
      -6782.3,
      -3812.3
     ],
     [
      -6786.1,
      -3817.6
     ],
     [
      -6789.8,
      -3821.3
     ],
     [
      -6794.3,
      -3824.3
     ],
     [
      -6798.1,
      -3828.1
     ],
     [
      -6801.8,
      -3832.6
     ],
     [
      -6806.3,
      -3836.3
     ],
     [
      -6811.5,
      -3840.1
     ],
     [
      -6816.8,
      -3844.6
     ],
     [
      -6820.5,
      -3848.3
     ],
     [
      -6824.3,
      -3852.8
     ],
     [
      -6828,
      -3856.6
     ],
     [
      -6831.8,
      -3861.1
     ],
     [
      -6834,
      -3866.3
     ],
     [
      -6837,
      -3871.6
     ],
     [
      -6839.3,
      -3877.6
     ],
     [
      -6843,
      -3882.1
     ],
     [
      -6846,
      -3886.6
     ],
     [
      -6849.8,
      -3891.1
     ],
     [
      -6854.3,
      -3894.8
     ],
     [
      -6860.3,
      -3897.8
     ],
     [
      -6865.5,
      -3901.5
     ],
     [
      -6871.5,
      -3904.5
     ],
     [
      -6876.8,
      -3907.5
     ],
     [
      -6882.8,
      -3910.5
     ],
     [
      -6887.3,
      -3913.5
     ],
     [
      -6892.5,
      -3918
     ],
     [
      -6897,
      -3921.8
     ],
     [
      -6902.3,
      -3924.8
     ],
     [
      -6908.2,
      -3926.3
     ],
     [
      -6915,
      -3930
     ],
     [
      -6919.5,
      -3933
     ],
     [
      -6924,
      -3936
     ],
     [
      -6929.2,
      -3938.3
     ],
     [
      -6933.7,
      -3941.3
     ],
     [
      -6938.2,
      -3945
     ],
     [
      -6942.7,
      -3948.8
     ],
     [
      -6946.5,
      -3953.3
     ],
     [
      -6948.7,
      -3958.5
     ],
     [
      -6949.5,
      -3963.8
     ],
     [
      -6950.2,
      -3969
     ],
     [
      -6950.2,
      -3974.3
     ],
     [
      -6950.2,
      -3979.5
     ],
     [
      -6949.5,
      -3985.5
     ],
     [
      -6948,
      -3991.5
     ],
     [
      -6947.2,
      -3997.5
     ],
     [
      -6945.7,
      -4002.7
     ],
     [
      -6944.2,
      -4008
     ],
     [
      -6941.2,
      -4012.5
     ],
     [
      -6937.5,
      -4017
     ],
     [
      -6934.5,
      -4022.2
     ],
     [
      -6931.5,
      -4026.7
     ],
     [
      -6927,
      -4031.2
     ],
     [
      -6923.2,
      -4035.7
     ],
     [
      -6918.7,
      -4041
     ],
     [
      -6915.7,
      -4045.5
     ],
     [
      -6912,
      -4050
     ],
     [
      -6907.5,
      -4056
     ],
     [
      -6903.8,
      -4059.7
     ],
     [
      -6900,
      -4063.5
     ],
     [
      -6894.8,
      -4067.2
     ],
     [
      -6888.8,
      -4070.2
     ],
     [
      -6884.3,
      -4073.2
     ],
     [
      -6879,
      -4076.2
     ],
     [
      -6873.8,
      -4079.2
     ],
     [
      -6869.3,
      -4082.2
     ],
     [
      -6865.5,
      -4086
     ],
     [
      -6861,
      -4089
     ],
     [
      -6855.8,
      -4090.5
     ],
     [
      -6850.5,
      -4092
     ],
     [
      -6844.5,
      -4093.5
     ],
     [
      -6837.8,
      -4096.5
     ],
     [
      -6831.8,
      -4098.7
     ],
     [
      -6825,
      -4100.2
     ],
     [
      -6817.5,
      -4101.7
     ],
     [
      -6810.8,
      -4102.4
     ],
     [
      -6803.3,
      -4102.4
     ],
     [
      -6795.8,
      -4103.2
     ],
     [
      -6789.1,
      -4103.2
     ],
     [
      -6783.8,
      -4103.2
     ],
     [
      -6778.6,
      -4103.2
     ],
     [
      -6769.6,
      -4102.4
     ],
     [
      -6760.6,
      -4102.4
     ],
     [
      -6753.1,
      -4101.7
     ],
     [
      -6746.3,
      -4101.7
     ],
     [
      -6740.3,
      -4100.9
     ],
     [
      -6732.1,
      -4100.2
     ],
     [
      -6723.8,
      -4098.7
     ],
     [
      -6716.3,
      -4097.2
     ],
     [
      -6709.6,
      -4095.7
     ],
     [
      -6703.6,
      -4095
     ],
     [
      -6698.4,
      -4093.5
     ],
     [
      -6692.4,
      -4092
     ]
    ]
   }
  },
  {
   "type": "Feature",
   "properties": {
    "op": "add",
    "source": "recorded",
    "zone": "Tirisfal Glades",
    "time": 1790561762,
    "trim": true
   },
   "geometry": {
    "type": "LineString",
    "coordinates": [
     [
      -7509,
      -2181.4
     ],
     [
      -7512.4,
      -2181.4
     ],
     [
      -7515.8,
      -2181.4
     ],
     [
      -7519.1,
      -2180.4
     ],
     [
      -7522.5,
      -2179.5
     ],
     [
      -7525.8,
      -2178
     ],
     [
      -7529.2,
      -2177.5
     ],
     [
      -7532.6,
      -2176.6
     ],
     [
      -7535.9,
      -2176.1
     ],
     [
      -7539.3,
      -2175.6
     ],
     [
      -7542.6,
      -2175.1
     ],
     [
      -7546,
      -2174.2
     ],
     [
      -7549.3,
      -2172.7
     ],
     [
      -7552.7,
      -2170.8
     ],
     [
      -7555.6,
      -2168.9
     ],
     [
      -7558.5,
      -2167
     ],
     [
      -7561.3,
      -2165.1
     ],
     [
      -7564.2,
      -2163.1
     ],
     [
      -7567.6,
      -2161.7
     ],
     [
      -7570.9,
      -2160.3
     ],
     [
      -7574.3,
      -2158.8
     ],
     [
      -7577.6,
      -2156.9
     ],
     [
      -7581,
      -2155.5
     ],
     [
      -7584.4,
      -2153.6
     ],
     [
      -7588.2,
      -2152.1
     ],
     [
      -7591.6,
      -2150.2
     ],
     [
      -7594.9,
      -2148.8
     ],
     [
      -7598.3,
      -2147.3
     ],
     [
      -7601.6,
      -2145.9
     ],
     [
      -7605,
      -2144.4
     ],
     [
      -7607.9,
      -2142.5
     ],
     [
      -7611.2,
      -2140.6
     ],
     [
      -7614.6,
      -2138.7
     ],
     [
      -7617.9,
      -2136.8
     ],
     [
      -7621.3,
      -2134.8
     ],
     [
      -7624.2,
      -2132.9
     ],
     [
      -7627.1,
      -2131
     ],
     [
      -7629.9,
      -2129.1
     ],
     [
      -7632.8,
      -2127.2
     ],
     [
      -7635.7,
      -2124.8
     ],
     [
      -7638.6,
      -2122.4
     ],
     [
      -7641.5,
      -2120.5
     ],
     [
      -7643.9,
      -2118.1
     ],
     [
      -7646.7,
      -2115.7
     ],
     [
      -7649.1,
      -2113.3
     ],
     [
      -7652,
      -2111.3
     ],
     [
      -7654.4,
      -2108.9
     ],
     [
      -7657.8,
      -2107
     ],
     [
      -7661.1,
      -2105.6
     ],
     [
      -7664.5,
      -2104.1
     ],
     [
      -7667.8,
      -2103.2
     ],
     [
      -7671.2,
      -2102.2
     ],
     [
      -7674.6,
      -2102.2
     ],
     [
      -7677.9,
      -2101.3
     ],
     [
      -7681.3,
      -2100.8
     ],
     [
      -7684.6,
      -2100.3
     ],
     [
      -7688,
      -2099.8
     ],
     [
      -7691.4,
      -2099.3
     ],
     [
      -7694.7,
      -2098.4
     ],
     [
      -7698.1,
      -2097.9
     ],
     [
      -7701.4,
      -2097.4
     ],
     [
      -7704.8,
      -2096.9
     ],
     [
      -7708.1,
      -2096.5
     ],
     [
      -7711.5,
      -2096.5
     ],
     [
      -7714.9,
      -2095.5
     ],
     [
      -7718.2,
      -2095
     ],
     [
      -7721.6,
      -2095
     ],
     [
      -7724.9,
      -2095
     ]
    ]
   }
  },
  {
   "type": "Feature",
   "properties": {
    "op": "remove",
    "source": "recorded",
    "zone": "Tirisfal Glades",
    "time": 1790561782,
    "trim": true
   },
   "geometry": {
    "type": "LineString",
    "coordinates": [
     [
      -7867.9,
      -1471.2
     ],
     [
      -7865.2,
      -1471.9
     ],
     [
      -7862.9,
      -1473.5
     ],
     [
      -7860.2,
      -1474.6
     ],
     [
      -7857.5,
      -1475.8
     ],
     [
      -7854.8,
      -1476.2
     ],
     [
      -7852.1,
      -1475.4
     ],
     [
      -7850.2,
      -1473.5
     ],
     [
      -7848.3,
      -1471.6
     ],
     [
      -7846,
      -1470
     ],
     [
      -7843.3,
      -1469.6
     ],
     [
      -7840.6,
      -1469.6
     ],
     [
      -7837.9,
      -1470.8
     ],
     [
      -7835.6,
      -1472.3
     ],
     [
      -7833.7,
      -1474.6
     ],
     [
      -7831.4,
      -1476.2
     ],
     [
      -7829.1,
      -1477.7
     ],
     [
      -7827.2,
      -1480
     ],
     [
      -7824.9,
      -1481.9
     ],
     [
      -7822.2,
      -1483.1
     ],
     [
      -7819.1,
      -1483.8
     ],
     [
      -7816.4,
      -1484.2
     ],
     [
      -7813.4,
      -1484.6
     ],
     [
      -7810.7,
      -1485.4
     ],
     [
      -7808,
      -1485.8
     ],
     [
      -7804.9,
      -1486.5
     ],
     [
      -7801.9,
      -1487.7
     ],
     [
      -7798.8,
      -1488.4
     ],
     [
      -7796.1,
      -1488.8
     ],
     [
      -7793.4,
      -1489.2
     ],
     [
      -7790.3,
      -1490
     ],
     [
      -7787.7,
      -1490.4
     ],
     [
      -7784.6,
      -1490.4
     ],
     [
      -7781.5,
      -1490.7
     ],
     [
      -7778.4,
      -1490.7
     ],
     [
      -7775.8,
      -1491.1
     ],
     [
      -7773.1,
      -1491.1
     ],
     [
      -7770.4,
      -1491.5
     ],
     [
      -7767.3,
      -1491.9
     ],
     [
      -7764.6,
      -1492.3
     ],
     [
      -7761.6,
      -1492.7
     ],
     [
      -7758.9,
      -1493
     ],
     [
      -7756.2,
      -1493.4
     ],
     [
      -7753.5,
      -1494.6
     ],
     [
      -7750.4,
      -1495.7
     ],
     [
      -7748.1,
      -1497.3
     ],
     [
      -7745.4,
      -1498.8
     ],
     [
      -7743.1,
      -1500.3
     ],
     [
      -7740.8,
      -1501.9
     ],
     [
      -7738.5,
      -1503.8
     ],
     [
      -7736.6,
      -1505.7
     ]
    ]
   }
  },
  {
   "type": "Feature",
   "properties": {
    "op": "add",
    "source": "recorded",
    "zone": "Tirisfal Glades",
    "time": 1790561798,
    "trim": true
   },
   "geometry": {
    "type": "LineString",
    "coordinates": [
     [
      -7737.4,
      -1519.5
     ],
     [
      -7735.8,
      -1516.5
     ],
     [
      -7735.1,
      -1513.8
     ],
     [
      -7733.9,
      -1511.1
     ],
     [
      -7733.2,
      -1508.4
     ],
     [
      -7732,
      -1505.7
     ],
     [
      -7730.5,
      -1503.4
     ],
     [
      -7728.5,
      -1501.5
     ],
     [
      -7727,
      -1499.2
     ],
     [
      -7725.1,
      -1496.9
     ],
     [
      -7723.6,
      -1494.6
     ]
    ]
   }
  },
  {
   "type": "Feature",
   "properties": {
    "op": "add",
    "source": "recorded",
    "zone": "Tirisfal Glades",
    "time": 1790564545,
    "trim": true
   },
   "geometry": {
    "type": "LineString",
    "coordinates": [
     [
      -3448.6,
      -3143.1
     ],
     [
      -3448.6,
      -3145
     ],
     [
      -3448.6,
      -3147
     ],
     [
      -3448.6,
      -3149.2
     ],
     [
      -3448.6,
      -3151.2
     ],
     [
      -3448.6,
      -3153.1
     ],
     [
      -3448.4,
      -3154.9
     ],
     [
      -3448.1,
      -3156.6
     ],
     [
      -3448.1,
      -3158.3
     ],
     [
      -3448.1,
      -3160.5
     ],
     [
      -3448.1,
      -3162.7
     ],
     [
      -3448.1,
      -3164.7
     ],
     [
      -3448.1,
      -3166.6
     ],
     [
      -3447.9,
      -3168.4
     ],
     [
      -3447.6,
      -3170.1
     ],
     [
      -3447.4,
      -3172
     ],
     [
      -3447.1,
      -3174.3
     ],
     [
      -3446.9,
      -3176
     ],
     [
      -3446.9,
      -3177.9
     ],
     [
      -3446.7,
      -3179.7
     ],
     [
      -3446.7,
      -3182.1
     ],
     [
      -3446.7,
      -3184.1
     ],
     [
      -3446.7,
      -3186
     ],
     [
      -3446.7,
      -3188
     ],
     [
      -3446.4,
      -3190
     ]
    ]
   }
  },
  {
   "type": "Feature",
   "properties": {
    "op": "add",
    "source": "recorded",
    "zone": "Tirisfal Glades",
    "time": 1790564579,
    "trim": true
   },
   "geometry": {
    "type": "LineString",
    "coordinates": [
     [
      -8996.8,
      486.6
     ],
     [
      -8998.9,
      486
     ],
     [
      -9001.1,
      485.1
     ],
     [
      -9003.2,
      484.2
     ],
     [
      -9005.1,
      482.9
     ],
     [
      -9006.6,
      481.4
     ],
     [
      -9008.4,
      479.9
     ],
     [
      -9010,
      478.3
     ],
     [
      -9011.5,
      476.8
     ],
     [
      -9013,
      475.3
     ],
     [
      -9014.9,
      473.4
     ],
     [
      -9017,
      471.9
     ],
     [
      -9018.9,
      470.3
     ],
     [
      -9020.7,
      469.1
     ],
     [
      -9022.6,
      467.9
     ],
     [
      -9024.4,
      466.7
     ],
     [
      -9025.9,
      465.1
     ],
     [
      -9028.1,
      463.6
     ],
     [
      -9030.2,
      461.7
     ],
     [
      -9031.8,
      460.2
     ],
     [
      -9033.6,
      458.7
     ],
     [
      -9035.1,
      457.1
     ],
     [
      -9037.3,
      455.9
     ],
     [
      -9039.4,
      454.4
     ],
     [
      -9041.6,
      452.8
     ],
     [
      -9043.4,
      451.3
     ],
     [
      -9045.3,
      449.8
     ],
     [
      -9047.1,
      448.2
     ],
     [
      -9048.7,
      446.7
     ],
     [
      -9050.2,
      445.2
     ],
     [
      -9051.7,
      443.6
     ],
     [
      -9053.6,
      442.1
     ],
     [
      -9055.4,
      440.6
     ],
     [
      -9057.6,
      438.7
     ],
     [
      -9059.1,
      437.2
     ],
     [
      -9060.9,
      436
     ],
     [
      -9062.8,
      434.7
     ],
     [
      -9064.6,
      433.5
     ],
     [
      -9066.5,
      432.3
     ],
     [
      -9068.3,
      431
     ],
     [
      -9070.1,
      429.5
     ],
     [
      -9072,
      428.3
     ],
     [
      -9073.8,
      427
     ],
     [
      -9075.7,
      425.5
     ]
    ]
   }
  },
  {
   "type": "Feature",
   "properties": {
    "op": "remove",
    "source": "recorded",
    "zone": "Tirisfal Glades",
    "time": 1790564594,
    "trim": true,
    "area": true
   },
   "geometry": {
    "type": "LineString",
    "coordinates": [
     [
      -9728.9,
      564.7
     ],
     [
      -9729.9,
      561.3
     ],
     [
      -9730.4,
      557
     ],
     [
      -9730.4,
      552.2
     ],
     [
      -9730.4,
      548.9
     ],
     [
      -9730.4,
      545.5
     ],
     [
      -9730.4,
      542.2
     ],
     [
      -9729.9,
      538.3
     ],
     [
      -9728,
      535
     ],
     [
      -9725.6,
      532.1
     ],
     [
      -9722.7,
      529.2
     ],
     [
      -9719.8,
      525.8
     ],
     [
      -9717.4,
      523.4
     ],
     [
      -9714.5,
      520.6
     ],
     [
      -9710.2,
      517.7
     ],
     [
      -9707.3,
      515.8
     ],
     [
      -9704,
      514.3
     ],
     [
      -9700.6,
      512.4
     ],
     [
      -9695.3,
      509.5
     ],
     [
      -9690.1,
      506.7
     ],
     [
      -9686.7,
      505.2
     ],
     [
      -9682.4,
      503.8
     ],
     [
      -9678.1,
      502.3
     ],
     [
      -9673.3,
      500.9
     ],
     [
      -9668.5,
      499.9
     ],
     [
      -9661.8,
      499.5
     ],
     [
      -9655.5,
      499.5
     ],
     [
      -9651.2,
      499.5
     ],
     [
      -9647.4,
      499.5
     ],
     [
      -9643.5,
      499.5
     ],
     [
      -9639.7,
      499.9
     ],
     [
      -9636.3,
      499.9
     ],
     [
      -9630.6,
      500.4
     ],
     [
      -9627.2,
      500.4
     ],
     [
      -9622.4,
      500.9
     ],
     [
      -9618.6,
      500.9
     ],
     [
      -9614.3,
      500.9
     ],
     [
      -9609.9,
      500.9
     ],
     [
      -9606.1,
      500.9
     ],
     [
      -9602.7,
      500.9
     ],
     [
      -9597.5,
      501.9
     ],
     [
      -9593.1,
      503.3
     ],
     [
      -9588.8,
      504.7
     ],
     [
      -9585,
      506.7
     ],
     [
      -9581.2,
      508.6
     ],
     [
      -9577.8,
      510.5
     ],
     [
      -9575.4,
      512.9
     ],
     [
      -9574.4,
      516.3
     ],
     [
      -9575.4,
      520.1
     ],
     [
      -9578.3,
      524.9
     ],
     [
      -9580.2,
      527.8
     ],
     [
      -9583.1,
      532.1
     ],
     [
      -9586,
      535
     ],
     [
      -9591.2,
      538.8
     ],
     [
      -9594.6,
      541.2
     ],
     [
      -9599.4,
      543.6
     ],
     [
      -9603.7,
      545.5
     ],
     [
      -9607.5,
      547
     ],
     [
      -9611.9,
      548.9
     ],
     [
      -9615.7,
      549.8
     ],
     [
      -9621.5,
      551.3
     ],
     [
      -9625.3,
      551.3
     ],
     [
      -9629.1,
      551.3
     ],
     [
      -9632.5,
      551.3
     ],
     [
      -9636.8,
      551.3
     ],
     [
      -9641.1,
      551.3
     ],
     [
      -9646.4,
      551.3
     ],
     [
      -9650.7,
      551.3
     ],
     [
      -9654.6,
      551.3
     ],
     [
      -9658.9,
      551.3
     ],
     [
      -9663.2,
      551.3
     ],
     [
      -9666.6,
      550.8
     ],
     [
      -9669.9,
      550.3
     ],
     [
      -9673.7,
      549.8
     ],
     [
      -9678.1,
      549.8
     ],
     [
      -9682.4,
      549.8
     ],
     [
      -9686.7,
      550.8
     ],
     [
      -9691,
      552.2
     ],
     [
      -9694.4,
      553.7
     ],
     [
      -9698.7,
      555.1
     ],
     [
      -9702.5,
      556.6
     ],
     [
      -9706.8,
      558
     ],
     [
      -9710.2,
      559.4
     ],
     [
      -9714,
      560.4
     ],
     [
      -9717.9,
      561.3
     ],
     [
      -9721.7,
      561.3
     ],
     [
      -9725.1,
      561.3
     ],
     [
      -9728.9,
      561.3
     ],
     [
      -9732.3,
      561.8
     ]
    ]
   }
  },
  {
   "type": "Feature",
   "properties": {
    "op": "wall",
    "source": "hand",
    "zone": "Ruins of Lordaeron",
    "note": "the Ruins' southern wall over the lake: no way out there"
   },
   "geometry": {
    "type": "LineString",
    "coordinates": [
     [
      1421,
      394.0
     ],
     [
      1413,
      388.0
     ],
     [
      1411,
      382.0
     ],
     [
      1409,
      376.0
     ],
     [
      1403,
      370.0
     ],
     [
      1397,
      364.0
     ],
     [
      1395,
      358.0
     ],
     [
      1377,
      352.0
     ],
     [
      1377,
      346.0
     ],
     [
      1377,
      340.0
     ],
     [
      1369,
      334.0
     ],
     [
      1367,
      328.0
     ],
     [
      1367,
      322.0
     ],
     [
      1367,
      316.0
     ],
     [
      1367,
      310.0
     ],
     [
      1363,
      304.0
     ],
     [
      1355,
      298.0
     ],
     [
      1351,
      292.0
     ],
     [
      1349,
      286.0
     ],
     [
      1349,
      280.0
     ],
     [
      1349,
      274.0
     ],
     [
      1349,
      268.0
     ],
     [
      1349,
      262.0
     ],
     [
      1349,
      256.0
     ],
     [
      1351,
      250.0
     ],
     [
      1349,
      244.0
     ],
     [
      1349,
      238.0
     ],
     [
      1349,
      232.0
     ],
     [
      1349,
      226.0
     ],
     [
      1349,
      220.0
     ],
     [
      1349,
      214.0
     ],
     [
      1349,
      208.0
     ],
     [
      1349,
      202.0
     ],
     [
      1349,
      196.0
     ],
     [
      1359,
      190.0
     ],
     [
      1361,
      184.0
     ],
     [
      1363,
      178.0
     ],
     [
      1365,
      172.0
     ],
     [
      1367,
      166.0
     ],
     [
      1365,
      160.0
     ],
     [
      1367,
      154.0
     ],
     [
      1367,
      148.0
     ],
     [
      1371,
      142.0
     ],
     [
      1375,
      136.0
     ],
     [
      1389,
      130.0
     ],
     [
      1393,
      124.0
     ],
     [
      1403,
      118.0
     ],
     [
      1407,
      112.0
     ],
     [
      1411,
      106.0
     ],
     [
      1411,
      100.0
     ],
     [
      1413,
      94.0
     ]
    ]
   }
  },
  {
   "type": "Feature",
   "properties": {
    "op": "wall",
    "source": "recorded",
    "zone": "Undercity",
    "time": 1790569761,
    "trim": true
   },
   "geometry": {
    "type": "LineString",
    "coordinates": [
     [
      1441.3,
      30.6
     ],
     [
      1442.1,
      25.2
     ],
     [
      1442.8,
      19.8
     ],
     [
      1443.6,
      14.4
     ],
     [
      1443.6,
      9
     ],
     [
      1443.6,
      3.6
     ],
     [
      1444.4,
      -1.8
     ],
     [
      1445.1,
      -7.9
     ],
     [
      1445.1,
      -13.3
     ],
     [
      1445.9,
      -19.5
     ],
     [
      1445.9,
      -24.9
     ],
     [
      1446.7,
      -30.3
     ],
     [
      1446.7,
      -35.7
     ]
    ]
   }
  },
  {
   "type": "Feature",
   "properties": {
    "op": "unwall",
    "source": "recorded",
    "zone": "Undercity",
    "time": 1790569922,
    "trim": true,
    "area": true
   },
   "geometry": {
    "type": "LineString",
    "coordinates": [
     [
      1303.3,
      258.1
     ],
     [
      1303.3,
      249.7
     ],
     [
      1303.3,
      243.1
     ],
     [
      1302.3,
      236.6
     ],
     [
      1299.5,
      229.1
     ],
     [
      1296.7,
      222.6
     ],
     [
      1294.9,
      216
     ],
     [
      1291.1,
      209.5
     ],
     [
      1286.4,
      203.9
     ],
     [
      1279.9,
      207.6
     ],
     [
      1276.2,
      213.2
     ],
     [
      1274.3,
      220.7
     ],
     [
      1274.3,
      227.2
     ],
     [
      1276.2,
      235.7
     ],
     [
      1278,
      242.2
     ],
     [
      1279.9,
      249.7
     ],
     [
      1286.4,
      254.3
     ],
     [
      1293,
      256.2
     ],
     [
      1298.6,
      252.5
     ],
     [
      1302.3,
      245.9
     ]
    ]
   }
  },
  {
   "type": "Feature",
   "properties": {
    "op": "wall",
    "source": "recorded",
    "zone": "Undercity",
    "time": 1790570564,
    "trim": true
   },
   "geometry": {
    "type": "LineString",
    "coordinates": [
     [
      364.8,
      551.8
     ],
     [
      372,
      545.8
     ],
     [
      379.2,
      541
     ],
     [
      386.5,
      536.2
     ],
     [
      393.7,
      531.3
     ],
     [
      400.9,
      526.5
     ],
     [
      410.6,
      522.9
     ],
     [
      419,
      519.3
     ],
     [
      427.4,
      518.1
     ],
     [
      435.9,
      515.7
     ],
     [
      444.3,
      514.5
     ],
     [
      452.7,
      513.3
     ],
     [
      462.4,
      509.6
     ],
     [
      470.8,
      506
     ],
     [
      479.2,
      502.4
     ],
     [
      487.7,
      497.6
     ],
     [
      496.1,
      492.8
     ],
     [
      503.3,
      488
     ],
     [
      510.6,
      481.9
     ],
     [
      517.8,
      475.9
     ],
     [
      526.2,
      467.5
     ],
     [
      533.5,
      460.2
     ],
     [
      537.1,
      450.6
     ],
     [
      539.5,
      441
     ],
     [
      540.7,
      432.5
     ],
     [
      541.9,
      422.9
     ],
     [
      541.9,
      414.5
     ],
     [
      541.9,
      404.8
     ],
     [
      541.9,
      395.2
     ],
     [
      541.9,
      386.8
     ],
     [
      540.7,
      378.3
     ],
     [
      537.1,
      369.9
     ],
     [
      534.7,
      361.5
     ],
     [
      529.8,
      353
     ],
     [
      525,
      343.4
     ],
     [
      522.6,
      333.7
     ],
     [
      517.8,
      326.5
     ],
     [
      513,
      319.3
     ],
     [
      507,
      312.1
     ],
     [
      499.7,
      306
     ],
     [
      492.5,
      301.2
     ],
     [
      484.1,
      296.4
     ],
     [
      479.2,
      289.2
     ],
     [
      480.4,
      280.7
     ],
     [
      481.7,
      272.3
     ],
     [
      482.9,
      263.9
     ],
     [
      482.9,
      255.4
     ],
     [
      478,
      248.2
     ],
     [
      470.8,
      242.2
     ],
     [
      461.2,
      237.4
     ],
     [
      451.5,
      233.7
     ],
     [
      441.9,
      231.3
     ],
     [
      433.5,
      230.1
     ],
     [
      425,
      227.7
     ],
     [
      416.6,
      222.9
     ],
     [
      411.8,
      215.7
     ],
     [
      407,
      208.4
     ],
     [
      402.1,
      200
     ],
     [
      397.3,
      191.6
     ],
     [
      393.7,
      183.1
     ],
     [
      388.9,
      175.9
     ],
     [
      385.3,
      167.5
     ],
     [
      381.7,
      159
     ],
     [
      376.8,
      150.6
     ],
     [
      373.2,
      142.2
     ],
     [
      369.6,
      133.7
     ],
     [
      363.6,
      126.5
     ],
     [
      357.6,
      120.5
     ],
     [
      350.3,
      114.5
     ],
     [
      341.9,
      110.8
     ],
     [
      333.5,
      106
     ],
     [
      323.8,
      102.4
     ],
     [
      316.6,
      96.4
     ],
     [
      308.2,
      91.6
     ]
    ]
   }
  },
  {
   "type": "Feature",
   "properties": {
    "op": "unwall",
    "source": "recorded",
    "zone": "Undercity",
    "time": 1790570577,
    "trim": true
   },
   "geometry": {
    "type": "LineString",
    "coordinates": [
     [
      701.8,
      653.3
     ],
     [
      686.7,
      651.4
     ],
     [
      662.3,
      647.6
     ],
     [
      632.1,
      643.9
     ],
     [
      592.6,
      640.1
     ],
     [
      558.7,
      638.2
     ],
     [
      526.7,
      636.3
     ],
     [
      500.4,
      634.4
     ],
     [
      477.8,
      634.4
     ],
     [
      455.2,
      634.4
     ],
     [
      434.5,
      632.6
     ],
     [
      413.8,
      632.6
     ],
     [
      400.6,
      634.4
     ],
     [
      387.4,
      636.3
     ],
     [
      374.2,
      636.3
     ]
    ]
   }
  },
  {
   "type": "Feature",
   "properties": {
    "op": "wall",
    "source": "recorded",
    "zone": "Undercity",
    "time": 1790570614,
    "trim": true
   },
   "geometry": {
    "type": "LineString",
    "coordinates": [
     [
      1360,
      277.1
     ],
     [
      1358.8,
      274.4
     ],
     [
      1357.2,
      271.6
     ],
     [
      1355.6,
      269.2
     ],
     [
      1354.5,
      266.5
     ],
     [
      1353.7,
      263.7
     ],
     [
      1352.9,
      261
     ],
     [
      1352.1,
      257.4
     ],
     [
      1351.7,
      253.8
     ],
     [
      1351.7,
      250.7
     ],
     [
      1351.7,
      247.9
     ],
     [
      1351.3,
      244.8
     ],
     [
      1351.3,
      242
     ],
     [
      1351.3,
      238.4
     ],
     [
      1351.3,
      235.7
     ],
     [
      1350.9,
      232.9
     ],
     [
      1350.9,
      230.2
     ],
     [
      1350.9,
      227
     ],
     [
      1350.9,
      223.8
     ],
     [
      1350.9,
      220.7
     ],
     [
      1351.3,
      217.9
     ],
     [
      1351.3,
      214.8
     ],
     [
      1351.3,
      212
     ],
     [
      1351.7,
      209.2
     ]
    ]
   }
  },
  {
   "type": "Feature",
   "properties": {
    "op": "wall",
    "source": "recorded",
    "zone": "Undercity",
    "time": 1790570838,
    "trim": true
   },
   "geometry": {
    "type": "LineString",
    "coordinates": [
     [
      404.9,
      524.7
     ],
     [
      411.7,
      523.7
     ],
     [
      419.4,
      521.8
     ],
     [
      426.2,
      520.9
     ],
     [
      436.8,
      518.9
     ],
     [
      445.4,
      518
     ],
     [
      452.2,
      516
     ],
     [
      459.9,
      514.1
     ],
     [
      466.6,
      512.2
     ],
     [
      473.4,
      511.2
     ],
     [
      481.1,
      508.3
     ],
     [
      487.8,
      505.4
     ],
     [
      494.6,
      502.5
     ],
     [
      501.3,
      498.7
     ],
     [
      507.1,
      493.9
     ],
     [
      512.9,
      489
     ],
     [
      517.7,
      483.3
     ],
     [
      523.5,
      478.4
     ],
     [
      527.4,
      472.7
     ],
     [
      531.2,
      466.9
     ],
     [
      536,
      461.1
     ],
     [
      539.9,
      455.3
     ],
     [
      542.8,
      447.6
     ],
     [
      544.7,
      439.9
     ],
     [
      545.7,
      433.1
     ],
     [
      545.7,
      426.4
     ],
     [
      546.6,
      418.7
     ],
     [
      546.6,
      411
     ],
     [
      547.6,
      404.2
     ],
     [
      547.6,
      397.5
     ],
     [
      547.6,
      390.7
     ],
     [
      545.7,
      383
     ],
     [
      543.7,
      376.3
     ],
     [
      541.8,
      368.6
     ],
     [
      540.9,
      361.8
     ],
     [
      538.9,
      354.1
     ],
     [
      537,
      347.4
     ],
     [
      533.1,
      340.6
     ],
     [
      529.3,
      333.9
     ],
     [
      525.4,
      328.1
     ],
     [
      521.6,
      322.3
     ],
     [
      516.8,
      317.5
     ],
     [
      510,
      311.7
     ],
     [
      504.2,
      307.8
     ],
     [
      498.4,
      304
     ],
     [
      491.7,
      301.1
     ],
     [
      485.9,
      297.2
     ],
     [
      481.1,
      291.4
     ],
     [
      481.1,
      284.7
     ],
     [
      481.1,
      277
     ],
     [
      481.1,
      270.2
     ],
     [
      482.1,
      263.5
     ],
     [
      483,
      255.8
     ],
     [
      484,
      249
     ],
     [
      481.1,
      242.3
     ],
     [
      475.3,
      237.5
     ],
     [
      468.6,
      234.6
     ],
     [
      461.8,
      232.6
     ],
     [
      455.1,
      232.6
     ],
     [
      448.3,
      232.6
     ],
     [
      441.6,
      231.7
     ],
     [
      434.8,
      227.8
     ],
     [
      428.1,
      225.9
     ],
     [
      422.3,
      222
     ],
     [
      415.6,
      218.2
     ],
     [
      410.7,
      211.4
     ],
     [
      408.8,
      204.7
     ],
     [
      406.9,
      197.9
     ],
     [
      405.9,
      191.2
     ],
     [
      402.1,
      184.5
     ]
    ]
   }
  },
  {
   "type": "Feature",
   "properties": {
    "op": "unwall",
    "source": "recorded",
    "zone": "Undercity",
    "time": 1790570968,
    "trim": true,
    "area": true
   },
   "geometry": {
    "type": "LineString",
    "coordinates": [
     [
      1341.6,
      336.1
     ],
     [
      1347.4,
      335.5
     ],
     [
      1352.2,
      334.5
     ],
     [
      1357.4,
      333.4
     ],
     [
      1361.6,
      331.3
     ],
     [
      1366.9,
      328.2
     ],
     [
      1371.6,
      325.5
     ],
     [
      1375.3,
      322.4
     ],
     [
      1378.5,
      317.7
     ],
     [
      1380,
      312.4
     ],
     [
      1381.1,
      306.6
     ],
     [
      1381.6,
      300.3
     ],
     [
      1382.1,
      295
     ],
     [
      1382.1,
      289.3
     ],
     [
      1382.1,
      283.5
     ],
     [
      1381.1,
      275.6
     ],
     [
      1380,
      268.7
     ],
     [
      1379,
      261.9
     ],
     [
      1377.9,
      255.6
     ],
     [
      1376.9,
      248.7
     ],
     [
      1376.4,
      242.4
     ],
     [
      1375.3,
      236.7
     ],
     [
      1374.8,
      230.3
     ],
     [
      1374.8,
      224
     ],
     [
      1374.3,
      218.8
     ],
     [
      1374.3,
      214
     ],
     [
      1374.3,
      209.3
     ],
     [
      1374.3,
      205.1
     ],
     [
      1374.8,
      200.4
     ],
     [
      1374.8,
      195.6
     ],
     [
      1374.8,
      190.4
     ],
     [
      1375.3,
      184.6
     ],
     [
      1375.8,
      178.3
     ],
     [
      1375.8,
      173
     ],
     [
      1376.9,
      167.2
     ],
     [
      1378.5,
      162.5
     ],
     [
      1380,
      157.2
     ],
     [
      1381.1,
      153.5
     ],
     [
      1382.7,
      149.3
     ],
     [
      1383.2,
      144.6
     ],
     [
      1383.7,
      140.4
     ],
     [
      1383.7,
      135.7
     ],
     [
      1383.7,
      131.5
     ],
     [
      1383.7,
      126.2
     ],
     [
      1381.6,
      122
     ],
     [
      1377.4,
      117.8
     ],
     [
      1373.7,
      114.1
     ],
     [
      1370.6,
      110.9
     ],
     [
      1367.4,
      108.3
     ],
     [
      1363.7,
      106.2
     ],
     [
      1358.5,
      104.6
     ],
     [
      1352.7,
      103.6
     ],
     [
      1348.5,
      103
     ],
     [
      1343.7,
      104.1
     ],
     [
      1340.6,
      106.7
     ],
     [
      1336.4,
      112
     ],
     [
      1333.8,
      117.3
     ],
     [
      1332.2,
      120.9
     ],
     [
      1331.1,
      126.2
     ],
     [
      1330.1,
      132.5
     ],
     [
      1328.5,
      140.4
     ],
     [
      1326.9,
      149.3
     ],
     [
      1325.3,
      157.8
     ],
     [
      1324.8,
      167.2
     ],
     [
      1324.3,
      177.2
     ],
     [
      1323.2,
      188.3
     ],
     [
      1322.7,
      198.8
     ],
     [
      1322.7,
      209.3
     ],
     [
      1323.8,
      220.9
     ],
     [
      1324.8,
      231.4
     ],
     [
      1325.3,
      242.4
     ],
     [
      1325.3,
      250.9
     ],
     [
      1325.3,
      260.8
     ],
     [
      1325.9,
      269.8
     ],
     [
      1327.4,
      280.8
     ],
     [
      1328,
      289.3
     ],
     [
      1328.5,
      297.1
     ],
     [
      1328.5,
      304.5
     ],
     [
      1328.5,
      309.8
     ],
     [
      1329,
      314
     ],
     [
      1329.5,
      318.7
     ],
     [
      1330.6,
      322.9
     ],
     [
      1331.6,
      327.1
     ],
     [
      1334.3,
      331.3
     ],
     [
      1338,
      333.4
     ],
     [
      1341.6,
      334.5
     ],
     [
      1343.7,
      337.6
     ]
    ]
   }
  },
  {
   "type": "Feature",
   "properties": {
    "op": "unwall",
    "source": "recorded",
    "zone": "Undercity",
    "time": 1790570973,
    "trim": true,
    "area": true
   },
   "geometry": {
    "type": "LineString",
    "coordinates": [
     [
      1328,
      295
     ],
     [
      1333.2,
      292.4
     ],
     [
      1336.4,
      290.3
     ],
     [
      1340.1,
      287.1
     ],
     [
      1342.2,
      283.5
     ],
     [
      1344.8,
      277.7
     ],
     [
      1346.9,
      270.8
     ],
     [
      1348.5,
      265.6
     ],
     [
      1349.5,
      261.4
     ],
     [
      1349,
      257.2
     ],
     [
      1347.4,
      253
     ],
     [
      1346.4,
      248.7
     ],
     [
      1345.3,
      245.1
     ],
     [
      1344.3,
      240.3
     ],
     [
      1343.2,
      235.1
     ],
     [
      1343.2,
      230.3
     ],
     [
      1342.2,
      226.1
     ],
     [
      1341.6,
      221.4
     ],
     [
      1341.6,
      216.7
     ],
     [
      1341.6,
      212.5
     ],
     [
      1341.6,
      208.2
     ],
     [
      1337.4,
      211.4
     ],
     [
      1333.8,
      214.6
     ],
     [
      1331.1,
      217.7
     ],
     [
      1329.5,
      221.4
     ],
     [
      1328.5,
      225.6
     ],
     [
      1328,
      229.8
     ],
     [
      1326.9,
      240.9
     ],
     [
      1326.9,
      251.4
     ],
     [
      1327.4,
      262.4
     ],
     [
      1328,
      267.2
     ],
     [
      1328,
      270.8
     ],
     [
      1328,
      274.5
     ],
     [
      1328.5,
      278.7
     ],
     [
      1329.5,
      282.9
     ],
     [
      1330.1,
      286.6
     ],
     [
      1330.1,
      290.3
     ],
     [
      1330.6,
      294
     ]
    ]
   }
  },
  {
   "type": "Feature",
   "properties": {
    "op": "unwall",
    "source": "recorded",
    "zone": "Undercity",
    "time": 1790570978,
    "trim": true,
    "area": true
   },
   "geometry": {
    "type": "LineString",
    "coordinates": [
     [
      1293.2,
      320.3
     ],
     [
      1291.7,
      314.5
     ],
     [
      1288.5,
      308.2
     ],
     [
      1285.9,
      302.4
     ],
     [
      1283.3,
      297.1
     ],
     [
      1280.6,
      293.5
     ],
     [
      1277.5,
      289.3
     ],
     [
      1273.8,
      285
     ],
     [
      1270.6,
      281.9
     ],
     [
      1266.4,
      284
     ],
     [
      1262.2,
      286.1
     ],
     [
      1259.1,
      289.3
     ],
     [
      1257.5,
      294
     ],
     [
      1257.5,
      297.7
     ],
     [
      1258,
      302.4
     ],
     [
      1260.1,
      307.7
     ],
     [
      1262.2,
      310.8
     ],
     [
      1266.4,
      315
     ],
     [
      1271.7,
      317.7
     ],
     [
      1276.9,
      320.3
     ],
     [
      1280.6,
      321.9
     ],
     [
      1284.8,
      324
     ],
     [
      1288.5,
      324
     ],
     [
      1293.8,
      322.9
     ],
     [
      1296.4,
      320.3
     ]
    ]
   }
  },
  {
   "type": "Feature",
   "properties": {
    "op": "remove",
    "source": "recorded",
    "zone": "Undercity",
    "time": 1790572437,
    "trim": true,
    "area": true
   },
   "geometry": {
    "type": "LineString",
    "coordinates": [
     [
      -10917.3,
      643.1
     ],
     [
      -10902.2,
      649.1
     ],
     [
      -10891.6,
      653.7
     ],
     [
      -10875.1,
      661.2
     ],
     [
      -10863,
      664.2
     ],
     [
      -10851,
      664.2
     ],
     [
      -10840.4,
      664.2
     ],
     [
      -10829.9,
      659.7
     ],
     [
      -10822.4,
      650.6
     ],
     [
      -10814.8,
      637.1
     ],
     [
      -10810.3,
      626.5
     ],
     [
      -10807.3,
      616
     ],
     [
      -10804.3,
      604
     ],
     [
      -10802.8,
      593.4
     ],
     [
      -10801.3,
      579.9
     ],
     [
      -10801.3,
      566.3
     ],
     [
      -10799.8,
      551.2
     ],
     [
      -10798.3,
      539.2
     ],
     [
      -10796.8,
      525.6
     ],
     [
      -10795.3,
      513.6
     ],
     [
      -10795.3,
      500
     ],
     [
      -10795.3,
      486.5
     ],
     [
      -10793.8,
      474.4
     ],
     [
      -10793.8,
      463.9
     ],
     [
      -10793.8,
      453.3
     ],
     [
      -10796.8,
      438.3
     ],
     [
      -10798.3,
      426.2
     ],
     [
      -10804.3,
      412.7
     ],
     [
      -10808.8,
      402.1
     ],
     [
      -10814.8,
      390.1
     ],
     [
      -10819.4,
      378
     ],
     [
      -10829.9,
      372
     ],
     [
      -10838.9,
      378
     ],
     [
      -10846.5,
      385.6
     ],
     [
      -10852.5,
      394.6
     ],
     [
      -10861.5,
      408.2
     ],
     [
      -10864.5,
      418.7
     ],
     [
      -10870.6,
      427.7
     ],
     [
      -10876.6,
      439.8
     ],
     [
      -10882.6,
      454.9
     ],
     [
      -10885.6,
      466.9
     ],
     [
      -10887.1,
      485
     ],
     [
      -10887.1,
      498.5
     ],
     [
      -10888.6,
      513.6
     ],
     [
      -10890.1,
      527.1
     ],
     [
      -10890.1,
      540.7
     ],
     [
      -10891.6,
      552.7
     ],
     [
      -10891.6,
      566.3
     ],
     [
      -10891.6,
      582.9
     ],
     [
      -10891.6,
      594.9
     ],
     [
      -10891.6,
      607
     ],
     [
      -10894.7,
      617.5
     ],
     [
      -10900.7,
      626.5
     ],
     [
      -10906.7,
      635.6
     ]
    ]
   }
  },
  {
   "type": "Feature",
   "properties": {
    "op": "remove",
    "source": "recorded",
    "zone": "Undercity",
    "time": 1790572447,
    "trim": true,
    "area": true
   },
   "geometry": {
    "type": "LineString",
    "coordinates": [
     [
      -10907.5,
      625.7
     ],
     [
      -10900.8,
      628.6
     ],
     [
      -10889.2,
      633.4
     ],
     [
      -10882.5,
      636.3
     ],
     [
      -10873.8,
      640.1
     ],
     [
      -10864.1,
      644
     ],
     [
      -10857.4,
      646.9
     ],
     [
      -10846.8,
      649.8
     ],
     [
      -10838.1,
      648.8
     ],
     [
      -10830.4,
      645.9
     ],
     [
      -10824.6,
      639.2
     ],
     [
      -10820.8,
      627.6
     ],
     [
      -10818.8,
      618.9
     ],
     [
      -10815.9,
      606.4
     ],
     [
      -10814,
      594.8
     ],
     [
      -10813.1,
      583.3
     ],
     [
      -10811.1,
      570.7
     ],
     [
      -10810.2,
      557.2
     ],
     [
      -10808.2,
      542.8
     ],
     [
      -10807.3,
      531.2
     ],
     [
      -10806.3,
      516.8
     ],
     [
      -10805.3,
      503.3
     ],
     [
      -10805.3,
      489.8
     ],
     [
      -10805.3,
      477.2
     ],
     [
      -10805.3,
      464.7
     ],
     [
      -10808.2,
      452.2
     ],
     [
      -10811.1,
      437.7
     ],
     [
      -10814,
      427.1
     ],
     [
      -10816.9,
      415.6
     ],
     [
      -10818.8,
      408.8
     ],
     [
      -10823.7,
      401.1
     ],
     [
      -10830.4,
      396.3
     ],
     [
      -10841,
      396.3
     ],
     [
      -10849.7,
      397.2
     ],
     [
      -10860.3,
      400.1
     ],
     [
      -10869,
      404
     ],
     [
      -10875.7,
      407.8
     ],
     [
      -10885.3,
      414.6
     ],
     [
      -10890.2,
      419.4
     ],
     [
      -10895,
      426.2
     ],
     [
      -10898.8,
      431.9
     ],
     [
      -10902.7,
      440.6
     ],
     [
      -10906.5,
      450.3
     ],
     [
      -10909.4,
      460.9
     ],
     [
      -10912.3,
      470.5
     ],
     [
      -10914.3,
      481.1
     ],
     [
      -10916.2,
      491.7
     ],
     [
      -10919.1,
      505.2
     ],
     [
      -10921,
      515.8
     ],
     [
      -10922.9,
      527.4
     ],
     [
      -10923.9,
      538.9
     ],
     [
      -10925.8,
      549.5
     ],
     [
      -10926.8,
      561.1
     ],
     [
      -10926.8,
      570.7
     ],
     [
      -10927.8,
      578.5
     ],
     [
      -10927.8,
      585.2
     ],
     [
      -10927.8,
      593.9
     ],
     [
      -10926.8,
      604.5
     ],
     [
      -10924.9,
      613.2
     ],
     [
      -10922.9,
      620.9
     ],
     [
      -10919.1,
      626.6
     ],
     [
      -10913.3,
      630.5
     ],
     [
      -10906.5,
      631.5
     ],
     [
      -10902.7,
      625.7
     ]
    ]
   }
  },
  {
   "type": "Feature",
   "properties": {
    "op": "remove",
    "source": "recorded",
    "zone": "Undercity",
    "time": 1790572450,
    "trim": true
   },
   "geometry": {
    "type": "LineString",
    "coordinates": [
     [
      -10866.1,
      643
     ],
     [
      -10866.1,
      636.3
     ],
     [
      -10865.1,
      626.6
     ],
     [
      -10864.1,
      618
     ],
     [
      -10863.2,
      610.3
     ],
     [
      -10862.2,
      600.6
     ],
     [
      -10860.3,
      591.9
     ],
     [
      -10859.3,
      583.3
     ],
     [
      -10857.4,
      576.5
     ],
     [
      -10856.4,
      568.8
     ],
     [
      -10856.4,
      562.1
     ],
     [
      -10856.4,
      555.3
     ],
     [
      -10856.4,
      548.6
     ],
     [
      -10856.4,
      540.9
     ],
     [
      -10856.4,
      533.1
     ],
     [
      -10855.5,
      522.5
     ],
     [
      -10854.5,
      512.9
     ],
     [
      -10852.6,
      502.3
     ],
     [
      -10850.6,
      492.7
     ],
     [
      -10848.7,
      484
     ],
     [
      -10846.8,
      474.4
     ],
     [
      -10844.9,
      466.6
     ],
     [
      -10841,
      457
     ],
     [
      -10837.1,
      449.3
     ],
     [
      -10834.3,
      440.6
     ],
     [
      -10830.4,
      431.9
     ],
     [
      -10827.5,
      424.2
     ],
     [
      -10822.7,
      415.6
     ],
     [
      -10818.8,
      408.8
     ],
     [
      -10815,
      403
     ]
    ]
   }
  },
  {
   "type": "Feature",
   "properties": {
    "op": "remove",
    "source": "recorded",
    "zone": "Undercity",
    "time": 1790572464,
    "trim": true,
    "area": true
   },
   "geometry": {
    "type": "LineString",
    "coordinates": [
     [
      -10817.7,
      293.6
     ],
     [
      -10815.2,
      288.7
     ],
     [
      -10812.1,
      283.7
     ],
     [
      -10809.6,
      278.8
     ],
     [
      -10807.2,
      274.5
     ],
     [
      -10805.9,
      270.1
     ],
     [
      -10804.7,
      265.8
     ],
     [
      -10802.8,
      260.9
     ],
     [
      -10802.8,
      256.6
     ],
     [
      -10804.1,
      251.6
     ],
     [
      -10807.8,
      246.7
     ],
     [
      -10810.9,
      242.4
     ],
     [
      -10813.3,
      238.7
     ],
     [
      -10817,
      236.2
     ],
     [
      -10822.6,
      235.6
     ],
     [
      -10827.5,
      236.8
     ],
     [
      -10831.2,
      239.3
     ],
     [
      -10836.2,
      243
     ],
     [
      -10839.9,
      247.3
     ],
     [
      -10842.9,
      252.3
     ],
     [
      -10845.4,
      258.4
     ],
     [
      -10847.3,
      264
     ],
     [
      -10847.9,
      270.1
     ],
     [
      -10847.9,
      276.3
     ],
     [
      -10847.3,
      281.9
     ],
     [
      -10845.4,
      288
     ],
     [
      -10842.3,
      291.7
     ],
     [
      -10838,
      296.1
     ],
     [
      -10834.3,
      299.1
     ],
     [
      -10830,
      301
     ],
     [
      -10825.1,
      301.6
     ],
     [
      -10820.7,
      299.1
     ],
     [
      -10817,
      295.4
     ],
     [
      -10814,
      291.7
     ],
     [
      -10813.3,
      287.4
     ]
    ]
   }
  },
  {
   "type": "Feature",
   "properties": {
    "op": "remove",
    "source": "recorded",
    "zone": "Undercity",
    "time": 1790572551,
    "trim": true,
    "area": true
   },
   "geometry": {
    "type": "LineString",
    "coordinates": [
     [
      -10951.5,
      -698.1
     ],
     [
      -10941.9,
      -696.1
     ],
     [
      -10933.2,
      -695.2
     ],
     [
      -10924.6,
      -695.2
     ],
     [
      -10915.9,
      -695.2
     ],
     [
      -10909.1,
      -695.2
     ],
     [
      -10901.4,
      -696.1
     ],
     [
      -10891.8,
      -697.1
     ],
     [
      -10882.1,
      -698.1
     ],
     [
      -10874.4,
      -700
     ],
     [
      -10866.7,
      -702.9
     ],
     [
      -10862.9,
      -708.7
     ],
     [
      -10865.8,
      -716.4
     ],
     [
      -10873.5,
      -726
     ],
     [
      -10878.3,
      -732.8
     ],
     [
      -10886,
      -740.5
     ],
     [
      -10892.7,
      -746.3
     ],
     [
      -10902.4,
      -752.1
     ],
     [
      -10912,
      -755.9
     ],
     [
      -10921.7,
      -758.8
     ],
     [
      -10929.4,
      -761.7
     ],
     [
      -10937.1,
      -763.6
     ],
     [
      -10945.8,
      -766.5
     ],
     [
      -10953.5,
      -767.5
     ],
     [
      -10963.1,
      -767.5
     ],
     [
      -10969.9,
      -766.5
     ],
     [
      -10976.6,
      -765.5
     ],
     [
      -10984.3,
      -762.7
     ],
     [
      -10989.1,
      -757.8
     ],
     [
      -10992,
      -750.1
     ],
     [
      -10991.1,
      -741.4
     ],
     [
      -10985.3,
      -735.7
     ],
     [
      -10980.5,
      -729.9
     ],
     [
      -10974.7,
      -723.1
     ],
     [
      -10968.9,
      -716.4
     ],
     [
      -10960.2,
      -710.6
     ],
     [
      -10953.5,
      -704.8
     ],
     [
      -10946.7,
      -701
     ],
     [
      -10940,
      -697.1
     ]
    ]
   }
  },
  {
   "type": "Feature",
   "properties": {
    "op": "remove",
    "source": "recorded",
    "zone": "Undercity",
    "time": 1790572574,
    "trim": true,
    "area": true
   },
   "geometry": {
    "type": "LineString",
    "coordinates": [
     [
      -10950.7,
      -711
     ],
     [
      -10945.1,
      -710.4
     ],
     [
      -10940.2,
      -708.6
     ],
     [
      -10935.2,
      -706.7
     ],
     [
      -10929.7,
      -704.9
     ],
     [
      -10922.9,
      -703
     ],
     [
      -10916.7,
      -701.8
     ],
     [
      -10910.6,
      -700.6
     ],
     [
      -10905,
      -699.3
     ],
     [
      -10899.5,
      -698.7
     ],
     [
      -10894.5,
      -698.1
     ],
     [
      -10889,
      -698.1
     ],
     [
      -10884.7,
      -698.1
     ],
     [
      -10879.1,
      -698.1
     ],
     [
      -10871.7,
      -698.7
     ],
     [
      -10865.5,
      -699.3
     ],
     [
      -10860.6,
      -702.4
     ],
     [
      -10857.5,
      -705.5
     ],
     [
      -10856.3,
      -710.4
     ],
     [
      -10856.3,
      -717.8
     ],
     [
      -10858.1,
      -722.8
     ],
     [
      -10860.6,
      -728.3
     ],
     [
      -10863.7,
      -732.6
     ],
     [
      -10868.6,
      -737.6
     ],
     [
      -10874.2,
      -741.3
     ],
     [
      -10881.6,
      -744.4
     ],
     [
      -10889,
      -747.4
     ],
     [
      -10897,
      -749.3
     ],
     [
      -10905,
      -751.8
     ],
     [
      -10913,
      -754.2
     ],
     [
      -10918.6,
      -755.5
     ],
     [
      -10924.8,
      -757.3
     ],
     [
      -10930.3,
      -757.9
     ],
     [
      -10937.7,
      -757.9
     ],
     [
      -10944.5,
      -757.9
     ],
     [
      -10952.5,
      -757.9
     ],
     [
      -10960.5,
      -757.3
     ],
     [
      -10967.3,
      -757.3
     ],
     [
      -10973.5,
      -757.3
     ],
     [
      -10978.4,
      -757.3
     ],
     [
      -10984.6,
      -755.5
     ],
     [
      -10990.8,
      -750.5
     ],
     [
      -10993.9,
      -747.4
     ],
     [
      -10996.9,
      -743.7
     ],
     [
      -10998.8,
      -739.4
     ],
     [
      -10999.4,
      -734.5
     ],
     [
      -10996.9,
      -730.2
     ],
     [
      -10993.2,
      -727.1
     ],
     [
      -10987.7,
      -723.4
     ],
     [
      -10982.7,
      -720.3
     ],
     [
      -10977.2,
      -716
     ],
     [
      -10973.5,
      -713.5
     ],
     [
      -10968.6,
      -709.8
     ],
     [
      -10962.4,
      -708.6
     ],
     [
      -10957.5,
      -708.6
     ],
     [
      -10953.1,
      -708.6
     ],
     [
      -10948.8,
      -708.6
     ],
     [
      -10944.5,
      -708.6
     ]
    ]
   }
  },
  {
   "type": "Feature",
   "properties": {
    "op": "add",
    "source": "recorded",
    "zone": "Undercity",
    "time": 1790572576,
    "trim": true
   },
   "geometry": {
    "type": "LineString",
    "coordinates": [
     [
      -10895.8,
      -638.2
     ],
     [
      -10891.4,
      -642.6
     ],
     [
      -10884.7,
      -649.4
     ],
     [
      -10880.3,
      -654.9
     ],
     [
      -10874.8,
      -664.2
     ],
     [
      -10869.2,
      -675.3
     ],
     [
      -10862.5,
      -688.8
     ],
     [
      -10856.9,
      -703
     ],
     [
      -10850.7,
      -719.1
     ],
     [
      -10846.4,
      -729.5
     ],
     [
      -10842.7,
      -738.8
     ],
     [
      -10840.2,
      -743.1
     ]
    ]
   }
  },
  {
   "type": "Feature",
   "properties": {
    "op": "remove",
    "source": "recorded",
    "zone": "Undercity",
    "time": 1790572796,
    "trim": true,
    "area": true
   },
   "geometry": {
    "type": "LineString",
    "coordinates": [
     [
      -10890.4,
      -624.4
     ],
     [
      -10888.4,
      -629.4
     ],
     [
      -10886,
      -633.3
     ],
     [
      -10882,
      -637.3
     ],
     [
      -10879.1,
      -642.2
     ],
     [
      -10875.1,
      -647.6
     ],
     [
      -10870.7,
      -654
     ],
     [
      -10866.7,
      -661.9
     ],
     [
      -10862.8,
      -669.3
     ],
     [
      -10858.3,
      -678.7
     ],
     [
      -10854.4,
      -686.1
     ],
     [
      -10851.4,
      -692.5
     ],
     [
      -10849,
      -698
     ],
     [
      -10846,
      -703.4
     ],
     [
      -10843.5,
      -707.8
     ],
     [
      -10841.1,
      -712.8
     ],
     [
      -10839.1,
      -716.7
     ],
     [
      -10837.6,
      -721.2
     ],
     [
      -10836.6,
      -725.6
     ],
     [
      -10835.2,
      -731.5
     ],
     [
      -10834.2,
      -735.5
     ],
     [
      -10833.2,
      -739.4
     ],
     [
      -10832.2,
      -743.4
     ],
     [
      -10831.2,
      -749.3
     ],
     [
      -10830.7,
      -753.2
     ],
     [
      -10833.7,
      -756.2
     ],
     [
      -10839.6,
      -756.2
     ],
     [
      -10843.5,
      -754.7
     ],
     [
      -10849,
      -752.3
     ],
     [
      -10853.9,
      -749.8
     ],
     [
      -10858.3,
      -746.8
     ],
     [
      -10861.3,
      -744.4
     ],
     [
      -10864.8,
      -741.4
     ],
     [
      -10867.7,
      -737.9
     ],
     [
      -10870.7,
      -734
     ],
     [
      -10873.2,
      -730.5
     ],
     [
      -10875.6,
      -726.6
     ],
     [
      -10877.1,
      -723.1
     ],
     [
      -10879.1,
      -718.2
     ],
     [
      -10880.6,
      -713.3
     ],
     [
      -10882,
      -707.3
     ],
     [
      -10884,
      -700.4
     ],
     [
      -10886,
      -692.5
     ],
     [
      -10887.5,
      -686.1
     ],
     [
      -10888.9,
      -679.7
     ],
     [
      -10890.4,
      -674.8
     ],
     [
      -10891.9,
      -669.8
     ],
     [
      -10893.4,
      -665.4
     ],
     [
      -10894.4,
      -661.5
     ],
     [
      -10895.4,
      -656
     ],
     [
      -10896.3,
      -650.1
     ],
     [
      -10897.8,
      -644.7
     ],
     [
      -10898.8,
      -640.2
     ],
     [
      -10898.8,
      -636.8
     ],
     [
      -10898.8,
      -632.3
     ],
     [
      -10897.8,
      -627.9
     ],
     [
      -10896.3,
      -623.9
     ],
     [
      -10895.4,
      -620.5
     ],
     [
      -10891.9,
      -621
     ],
     [
      -10889.4,
      -623.9
     ]
    ]
   }
  },
  {
   "type": "Feature",
   "properties": {
    "op": "add",
    "source": "recorded",
    "zone": "Undercity",
    "time": 1790572799,
    "trim": true
   },
   "geometry": {
    "type": "LineString",
    "coordinates": [
     [
      -10923.5,
      -691.6
     ],
     [
      -10922,
      -695
     ],
     [
      -10920.5,
      -699
     ],
     [
      -10919,
      -702.4
     ],
     [
      -10917.6,
      -705.9
     ],
     [
      -10916.6,
      -709.3
     ],
     [
      -10915.1,
      -712.8
     ],
     [
      -10913.1,
      -717.2
     ],
     [
      -10911.2,
      -721.2
     ],
     [
      -10909.7,
      -724.6
     ],
     [
      -10907.2,
      -728.1
     ],
     [
      -10904.2,
      -731.5
     ],
     [
      -10901.3,
      -734.5
     ],
     [
      -10898.8,
      -737.9
     ],
     [
      -10896.3,
      -740.4
     ],
     [
      -10893.9,
      -743.4
     ],
     [
      -10891.4,
      -745.8
     ],
     [
      -10888.4,
      -748.3
     ],
     [
      -10886,
      -750.8
     ]
    ]
   }
  },
  {
   "type": "Feature",
   "properties": {
    "op": "remove",
    "source": "recorded",
    "zone": "Undercity",
    "time": 1790572811,
    "trim": true,
    "area": true
   },
   "geometry": {
    "type": "LineString",
    "coordinates": [
     [
      -10938.8,
      -635.3
     ],
     [
      -10938.3,
      -638.7
     ],
     [
      -10935.8,
      -642.7
     ],
     [
      -10933.4,
      -645.7
     ],
     [
      -10930.4,
      -649.6
     ],
     [
      -10927.9,
      -653.6
     ],
     [
      -10925,
      -658.5
     ],
     [
      -10922,
      -663.9
     ],
     [
      -10918.6,
      -670.3
     ],
     [
      -10915.1,
      -677.7
     ],
     [
      -10911.6,
      -684.6
     ],
     [
      -10909.2,
      -690.6
     ],
     [
      -10906.7,
      -696
     ],
     [
      -10904.7,
      -700.4
     ],
     [
      -10902.8,
      -703.9
     ],
     [
      -10900.8,
      -708.8
     ],
     [
      -10900.3,
      -712.3
     ],
     [
      -10902.3,
      -717.2
     ],
     [
      -10904.2,
      -720.7
     ],
     [
      -10906.7,
      -724.1
     ],
     [
      -10909.2,
      -727.1
     ],
     [
      -10912.1,
      -729.6
     ],
     [
      -10915.1,
      -732
     ],
     [
      -10919.5,
      -734
     ],
     [
      -10924.5,
      -735
     ],
     [
      -10929.4,
      -735.5
     ],
     [
      -10935.3,
      -735.5
     ],
     [
      -10939.8,
      -734
     ],
     [
      -10943.2,
      -732.5
     ],
     [
      -10946.7,
      -729.6
     ],
     [
      -10950.1,
      -725.6
     ],
     [
      -10954.1,
      -719.7
     ],
     [
      -10956.1,
      -715.2
     ],
     [
      -10957.5,
      -710.8
     ],
     [
      -10959,
      -706.4
     ],
     [
      -10960.5,
      -701.9
     ],
     [
      -10962,
      -696
     ],
     [
      -10964,
      -690.6
     ],
     [
      -10966.4,
      -685.1
     ],
     [
      -10968.4,
      -679.2
     ],
     [
      -10969.4,
      -674.8
     ],
     [
      -10969.9,
      -669.8
     ],
     [
      -10970.4,
      -665.9
     ],
     [
      -10970.4,
      -662.4
     ],
     [
      -10970.9,
      -657
     ],
     [
      -10969.4,
      -651.6
     ],
     [
      -10966.9,
      -646.6
     ],
     [
      -10964.5,
      -642.2
     ],
     [
      -10962,
      -638.7
     ],
     [
      -10958,
      -636.8
     ],
     [
      -10953.1,
      -635.3
     ],
     [
      -10949.6,
      -634.3
     ],
     [
      -10944.7,
      -633.8
     ],
     [
      -10940.8,
      -634.3
     ],
     [
      -10937.3,
      -635.8
     ],
     [
      -10933.9,
      -637.8
     ]
    ]
   }
  },
  {
   "type": "Feature",
   "properties": {
    "op": "add",
    "source": "recorded",
    "zone": "Undercity",
    "time": 1790572814,
    "trim": true
   },
   "geometry": {
    "type": "LineString",
    "coordinates": [
     [
      -10894.9,
      -584
     ],
     [
      -10900.8,
      -581.5
     ],
     [
      -10905.7,
      -579.5
     ],
     [
      -10911.2,
      -577.6
     ],
     [
      -10916.1,
      -575.6
     ],
     [
      -10921.5,
      -573.6
     ],
     [
      -10927.4,
      -571.6
     ],
     [
      -10933.9,
      -569.2
     ],
     [
      -10940.3,
      -567.2
     ],
     [
      -10946.2,
      -564.7
     ],
     [
      -10951.6,
      -562.7
     ],
     [
      -10955.6,
      -561.3
     ],
     [
      -10959,
      -559.8
     ],
     [
      -10962.5,
      -558.8
     ],
     [
      -10966.4,
      -557.3
     ],
     [
      -10970.4,
      -556.3
     ],
     [
      -10974.8,
      -554.9
     ],
     [
      -10978.3,
      -553.4
     ],
     [
      -10982.2,
      -551.9
     ]
    ]
   }
  },
  {
   "type": "Feature",
   "properties": {
    "op": "remove",
    "source": "recorded",
    "zone": "Undercity",
    "time": 1790572852,
    "trim": true,
    "area": true
   },
   "geometry": {
    "type": "LineString",
    "coordinates": [
     [
      -10908.4,
      -551.3
     ],
     [
      -10905.3,
      -555.9
     ],
     [
      -10900.7,
      -559.8
     ],
     [
      -10896,
      -562.9
     ],
     [
      -10892.2,
      -566.7
     ],
     [
      -10887.5,
      -569.8
     ],
     [
      -10884.5,
      -576
     ],
     [
      -10883.7,
      -581.4
     ],
     [
      -10884.5,
      -586.8
     ],
     [
      -10890.6,
      -589.9
     ],
     [
      -10896,
      -593.7
     ],
     [
      -10902.2,
      -595.2
     ],
     [
      -10909.1,
      -596.8
     ],
     [
      -10916.1,
      -597.6
     ],
     [
      -10922.2,
      -596.8
     ],
     [
      -10927.6,
      -596
     ],
     [
      -10934.6,
      -594.5
     ],
     [
      -10940.8,
      -592.2
     ],
     [
      -10946.1,
      -589.9
     ],
     [
      -10952.3,
      -588.3
     ],
     [
      -10957.7,
      -586
     ],
     [
      -10965.4,
      -582.1
     ],
     [
      -10970.8,
      -580.6
     ],
     [
      -10977,
      -578.3
     ],
     [
      -10982.4,
      -576.7
     ],
     [
      -10987,
      -572.9
     ],
     [
      -10990.9,
      -569
     ],
     [
      -10994,
      -564.4
     ],
     [
      -10997,
      -559
     ],
     [
      -10997.8,
      -553.6
     ],
     [
      -10994.7,
      -547.4
     ],
     [
      -10990.9,
      -543.6
     ],
     [
      -10987,
      -539.7
     ],
     [
      -10982.4,
      -536.6
     ],
     [
      -10977,
      -534.3
     ],
     [
      -10970.8,
      -532
     ],
     [
      -10964.7,
      -532
     ],
     [
      -10959.3,
      -532
     ],
     [
      -10953.9,
      -532.8
     ],
     [
      -10948.5,
      -535.1
     ],
     [
      -10943.1,
      -536.6
     ],
     [
      -10936.9,
      -539
     ],
     [
      -10931.5,
      -541.3
     ],
     [
      -10926.9,
      -544.4
     ],
     [
      -10919.9,
      -548.2
     ],
     [
      -10913.8,
      -549.8
     ],
     [
      -10908.4,
      -550.5
     ]
    ]
   }
  },
  {
   "type": "Feature",
   "properties": {
    "op": "add",
    "source": "recorded",
    "zone": "Undercity",
    "time": 1790572858,
    "trim": true
   },
   "geometry": {
    "type": "LineString",
    "coordinates": [
     [
      -10916.8,
      -545.9
     ],
     [
      -10919.2,
      -551.3
     ],
     [
      -10922.2,
      -555.9
     ],
     [
      -10925.3,
      -560.5
     ],
     [
      -10929.2,
      -565.2
     ],
     [
      -10932.3,
      -569.8
     ],
     [
      -10935.4,
      -574.4
     ],
     [
      -10939.2,
      -579.1
     ],
     [
      -10942.3,
      -583.7
     ],
     [
      -10945.4,
      -589.1
     ],
     [
      -10948.5,
      -594.5
     ],
     [
      -10951.5,
      -599.9
     ],
     [
      -10953.1,
      -605.3
     ],
     [
      -10954.6,
      -610.7
     ],
     [
      -10955.4,
      -616.1
     ],
     [
      -10956.2,
      -621.5
     ],
     [
      -10956.9,
      -626.9
     ],
     [
      -10957.7,
      -632.3
     ],
     [
      -10957.7,
      -637.7
     ],
     [
      -10955.4,
      -643.8
     ],
     [
      -10953.9,
      -649.2
     ],
     [
      -10950.8,
      -653.9
     ],
     [
      -10946.9,
      -658.5
     ],
     [
      -10943.8,
      -663.1
     ],
     [
      -10941.5,
      -668.5
     ],
     [
      -10938.4,
      -673.1
     ],
     [
      -10936.1,
      -678.5
     ],
     [
      -10931.5,
      -683.2
     ],
     [
      -10928.4,
      -687.8
     ],
     [
      -10925.3,
      -692.4
     ],
     [
      -10922.2,
      -697
     ],
     [
      -10919.9,
      -702.4
     ],
     [
      -10917.6,
      -707.8
     ],
     [
      -10916.1,
      -713.2
     ],
     [
      -10913,
      -717.9
     ],
     [
      -10908.4,
      -722.5
     ],
     [
      -10905.3,
      -727.1
     ]
    ]
   }
  },
  {
   "type": "Feature",
   "properties": {
    "op": "add",
    "source": "recorded",
    "zone": "Tirisfal Glades",
    "time": 1790653424,
    "trim": true
   },
   "geometry": {
    "type": "LineString",
    "coordinates": [
     [
      1796.1,
      1502.4
     ],
     [
      1793.2,
      1506.6
     ],
     [
      1786.1,
      1512.3
     ],
     [
      1780.4,
      1516.6
     ],
     [
      1774,
      1520.2
     ],
     [
      1769.7,
      1523
     ],
     [
      1766.2,
      1527.3
     ],
     [
      1761.9,
      1530.8
     ],
     [
      1757.6,
      1535.1
     ],
     [
      1753.4,
      1539.4
     ],
     [
      1747,
      1545.1
     ],
     [
      1742.7,
      1549.3
     ],
     [
      1739.1,
      1552.9
     ],
     [
      1736.3,
      1557.2
     ]
    ]
   }
  },
  {
   "type": "Feature",
   "properties": {
    "op": "remove",
    "source": "recorded",
    "zone": "Tirisfal Glades",
    "time": 1790653499,
    "trim": true,
    "area": true
   },
   "geometry": {
    "type": "LineString",
    "coordinates": [
     [
      1747,
      1566.4
     ],
     [
      1749.1,
      1561.4
     ],
     [
      1753.4,
      1557.9
     ],
     [
      1757.6,
      1555
     ],
     [
      1765.5,
      1550.8
     ],
     [
      1771.2,
      1547.9
     ],
     [
      1777.6,
      1543.6
     ],
     [
      1782.5,
      1540.8
     ],
     [
      1788.2,
      1537.2
     ],
     [
      1793.2,
      1533.7
     ],
     [
      1798.9,
      1528.7
     ],
     [
      1803.2,
      1522.3
     ],
     [
      1807.5,
      1515.9
     ],
     [
      1811.7,
      1508.8
     ],
     [
      1813.9,
      1503.8
     ],
     [
      1814.6,
      1498.8
     ],
     [
      1814.6,
      1493.8
     ],
     [
      1812.4,
      1488.1
     ],
     [
      1806.7,
      1485.3
     ],
     [
      1801.8,
      1485.3
     ],
     [
      1794.6,
      1485.3
     ],
     [
      1786.8,
      1486.7
     ],
     [
      1781.8,
      1488.1
     ],
     [
      1776.9,
      1489.6
     ],
     [
      1770.4,
      1492.4
     ],
     [
      1764.8,
      1496.7
     ],
     [
      1758.3,
      1501.7
     ],
     [
      1753.4,
      1506.6
     ],
     [
      1749.8,
      1510.9
     ],
     [
      1744.8,
      1516.6
     ],
     [
      1741.3,
      1524.4
     ],
     [
      1739.1,
      1533
     ],
     [
      1738.4,
      1538.7
     ],
     [
      1737,
      1544.4
     ],
     [
      1735.6,
      1551.5
     ],
     [
      1734.9,
      1556.5
     ],
     [
      1733.4,
      1561.4
     ],
     [
      1732,
      1566.4
     ],
     [
      1737,
      1567.8
     ],
     [
      1742,
      1567.8
     ],
     [
      1747,
      1566.4
     ],
     [
      1751.2,
      1563.6
     ]
    ]
   }
  },
  {
   "type": "Feature",
   "properties": {
    "op": "remove",
    "source": "recorded",
    "zone": "Tirisfal Glades",
    "time": 1790708280,
    "trim": true,
    "area": true
   },
   "geometry": {
    "type": "LineString",
    "coordinates": [
     [
      -6995.8,
      -3571
     ],
     [
      -6993.8,
      -3573.4
     ],
     [
      -6991.4,
      -3575.4
     ],
     [
      -6989.1,
      -3577.1
     ],
     [
      -6987,
      -3579.4
     ],
     [
      -6985.7,
      -3581.8
     ],
     [
      -6984,
      -3585.5
     ],
     [
      -6983.7,
      -3588.5
     ],
     [
      -6984.3,
      -3591.9
     ],
     [
      -6985.7,
      -3596
     ],
     [
      -6986.7,
      -3598.6
     ],
     [
      -6987.7,
      -3601.7
     ],
     [
      -6989.1,
      -3605
     ],
     [
      -6990.4,
      -3607.4
     ],
     [
      -6991.7,
      -3609.8
     ],
     [
      -6993.8,
      -3612.1
     ],
     [
      -6995.8,
      -3614.5
     ],
     [
      -6997.8,
      -3616.8
     ],
     [
      -6999.5,
      -3618.9
     ],
     [
      -7002.5,
      -3621.9
     ],
     [
      -7005.9,
      -3624.6
     ],
     [
      -7009.6,
      -3625.9
     ],
     [
      -7013.6,
      -3626.6
     ],
     [
      -7018,
      -3626.9
     ],
     [
      -7020.7,
      -3626.9
     ],
     [
      -7023.7,
      -3626.9
     ],
     [
      -7026.4,
      -3626.9
     ],
     [
      -7029.5,
      -3626.3
     ],
     [
      -7032.5,
      -3624.9
     ],
     [
      -7036.5,
      -3623.2
     ],
     [
      -7039.9,
      -3621.6
     ],
     [
      -7042.6,
      -3620.2
     ],
     [
      -7046.3,
      -3618.5
     ],
     [
      -7047.3,
      -3614.8
     ],
     [
      -7047.3,
      -3612.1
     ],
     [
      -7046.7,
      -3607.7
     ],
     [
      -7046,
      -3603
     ],
     [
      -7045,
      -3597.3
     ],
     [
      -7044,
      -3591.6
     ],
     [
      -7042.9,
      -3585.5
     ],
     [
      -7041.9,
      -3580.1
     ],
     [
      -7040.6,
      -3576.4
     ],
     [
      -7039.2,
      -3574.1
     ],
     [
      -7037.2,
      -3572.4
     ],
     [
      -7034.9,
      -3570.7
     ],
     [
      -7031.5,
      -3569
     ],
     [
      -7028.1,
      -3567.3
     ],
     [
      -7025.4,
      -3566
     ],
     [
      -7023.1,
      -3565
     ],
     [
      -7020.4,
      -3563.6
     ],
     [
      -7017.7,
      -3562.9
     ],
     [
      -7015,
      -3562.3
     ],
     [
      -7012.3,
      -3561.6
     ],
     [
      -7009.6,
      -3561.3
     ],
     [
      -7005.2,
      -3560.9
     ],
     [
      -7001.5,
      -3560.9
     ],
     [
      -6997.8,
      -3560.9
     ],
     [
      -6994.4,
      -3561.9
     ],
     [
      -6991.7,
      -3563.6
     ],
     [
      -6989.4,
      -3565.6
     ],
     [
      -6988,
      -3568
     ],
     [
      -6987,
      -3571
     ],
     [
      -6986.7,
      -3574.1
     ],
     [
      -6987,
      -3576.8
     ],
     [
      -6988,
      -3579.4
     ],
     [
      -6989.7,
      -3582.1
     ]
    ]
   }
  },
  {
   "type": "Feature",
   "properties": {
    "op": "add",
    "source": "recorded",
    "zone": "Tirisfal Glades",
    "time": 1790708286,
    "trim": true
   },
   "geometry": {
    "type": "LineString",
    "coordinates": [
     [
      -7017.2,
      -3577.8
     ],
     [
      -7018.9,
      -3574.4
     ],
     [
      -7021,
      -3570.2
     ],
     [
      -7022.7,
      -3566.4
     ],
     [
      -7025.6,
      -3561.4
     ],
     [
      -7028.6,
      -3555.1
     ],
     [
      -7031.5,
      -3549.6
     ],
     [
      -7033.2,
      -3545.4
     ],
     [
      -7035.3,
      -3540.3
     ],
     [
      -7036.2,
      -3537
     ],
     [
      -7036.6,
      -3533.6
     ],
     [
      -7036.6,
      -3529.8
     ],
     [
      -7034.9,
      -3527.3
     ]
    ]
   }
  },
  {
   "type": "Feature",
   "properties": {
    "op": "remove",
    "source": "recorded",
    "zone": "Tirisfal Glades",
    "time": 1790708291,
    "trim": true,
    "area": true
   },
   "geometry": {
    "type": "LineString",
    "coordinates": [
     [
      -7023.1,
      -3525.2
     ],
     [
      -7020.6,
      -3529.8
     ],
     [
      -7018.5,
      -3533.6
     ],
     [
      -7017.2,
      -3537
     ],
     [
      -7016,
      -3541.6
     ],
     [
      -7015.1,
      -3544.5
     ],
     [
      -7014.7,
      -3548.3
     ],
     [
      -7014.3,
      -3552.1
     ],
     [
      -7013.8,
      -3555.5
     ],
     [
      -7013.8,
      -3560.5
     ],
     [
      -7013.8,
      -3566.9
     ],
     [
      -7013.4,
      -3571.5
     ],
     [
      -7012.6,
      -3576.5
     ],
     [
      -7011.7,
      -3581.2
     ],
     [
      -7011.3,
      -3585.4
     ],
     [
      -7010.9,
      -3589.2
     ],
     [
      -7014.3,
      -3590.9
     ],
     [
      -7018.5,
      -3590.9
     ],
     [
      -7021.8,
      -3589.6
     ],
     [
      -7026.1,
      -3587.5
     ],
     [
      -7029.4,
      -3585
     ],
     [
      -7032,
      -3582.4
     ],
     [
      -7034.9,
      -3579.1
     ],
     [
      -7037.8,
      -3574.4
     ],
     [
      -7039.5,
      -3571.5
     ],
     [
      -7040.8,
      -3568.5
     ],
     [
      -7042.1,
      -3563.9
     ],
     [
      -7042.9,
      -3558.4
     ],
     [
      -7043.3,
      -3553
     ],
     [
      -7043.7,
      -3549.6
     ],
     [
      -7043.7,
      -3545.4
     ],
     [
      -7043.7,
      -3542
     ],
     [
      -7043.7,
      -3538.6
     ],
     [
      -7043.7,
      -3533.6
     ],
     [
      -7043.7,
      -3529.8
     ],
     [
      -7043.3,
      -3526
     ],
     [
      -7040.8,
      -3522.2
     ],
     [
      -7038.3,
      -3520.1
     ],
     [
      -7034.9,
      -3518.4
     ],
     [
      -7031.5,
      -3516.7
     ],
     [
      -7028.2,
      -3516.3
     ],
     [
      -7024.4,
      -3518.4
     ],
     [
      -7022.3,
      -3521
     ],
     [
      -7019.7,
      -3523.9
     ],
     [
      -7018.9,
      -3526.9
     ],
     [
      -7018.9,
      -3530.2
     ],
     [
      -7018.1,
      -3533.6
     ]
    ]
   }
  },
  {
   "type": "Feature",
   "properties": {
    "op": "add",
    "source": "recorded",
    "zone": "Tirisfal Glades",
    "time": 1790708298,
    "trim": true
   },
   "geometry": {
    "type": "LineString",
    "coordinates": [
     [
      -6982.3,
      -3580.7
     ],
     [
      -6984.8,
      -3582.9
     ],
     [
      -6987.3,
      -3584.5
     ],
     [
      -6989.8,
      -3586.2
     ],
     [
      -6992.8,
      -3587.9
     ],
     [
      -6995.7,
      -3589.6
     ],
     [
      -6998.7,
      -3591.3
     ],
     [
      -7002.5,
      -3592.5
     ],
     [
      -7005.4,
      -3593.8
     ],
     [
      -7008.4,
      -3595.5
     ],
     [
      -7011.7,
      -3597.2
     ],
     [
      -7015.1,
      -3598.9
     ],
     [
      -7018.1,
      -3600.1
     ],
     [
      -7020.6,
      -3601.8
     ],
     [
      -7024,
      -3603.5
     ],
     [
      -7027.3,
      -3605.2
     ],
     [
      -7030.3,
      -3606
     ],
     [
      -7033.2,
      -3607.3
     ],
     [
      -7036.6,
      -3608.5
     ],
     [
      -7039.5,
      -3609.4
     ],
     [
      -7042.5,
      -3610.2
     ],
     [
      -7045.8,
      -3610.2
     ]
    ]
   }
  },
  {
   "type": "Feature",
   "properties": {
    "op": "wall",
    "source": "recorded",
    "zone": "Tirisfal Glades",
    "time": 1790719167,
    "trim": true
   },
   "geometry": {
    "type": "LineString",
    "coordinates": [
     [
      2272,
      347.6
     ],
     [
      2271.6,
      344.4
     ],
     [
      2270.2,
      341.3
     ],
     [
      2268.4,
      338.6
     ],
     [
      2266.7,
      335.9
     ],
     [
      2264.9,
      332.8
     ],
     [
      2263.1,
      330.1
     ],
     [
      2262.2,
      327
     ],
     [
      2263.5,
      323.8
     ],
     [
      2264.4,
      320.7
     ],
     [
      2264.4,
      317.6
     ],
     [
      2261.7,
      315.3
     ],
     [
      2258.6,
      314.4
     ],
     [
      2255.4,
      314.9
     ],
     [
      2252.8,
      316.7
     ],
     [
      2250.5,
      314.4
     ],
     [
      2248.7,
      311.7
     ],
     [
      2246.9,
      309
     ],
     [
      2244.7,
      306.8
     ],
     [
      2243.8,
      303.7
     ],
     [
      2242,
      301
     ],
     [
      2238.9,
      299.6
     ],
     [
      2235.7,
      299.2
     ],
     [
      2232.6,
      299.2
     ],
     [
      2229.5,
      300.1
     ],
     [
      2226.3,
      300.5
     ],
     [
      2223.6,
      302.3
     ],
     [
      2221.8,
      305
     ],
     [
      2220,
      307.7
     ],
     [
      2217.8,
      310.4
     ],
     [
      2216.5,
      313.5
     ],
     [
      2215.1,
      316.7
     ],
     [
      2215.1,
      319.8
     ],
     [
      2214.7,
      322.9
     ],
     [
      2214.2,
      326.1
     ],
     [
      2213.8,
      329.2
     ],
     [
      2213.8,
      332.3
     ],
     [
      2213.8,
      335.5
     ],
     [
      2214.2,
      338.6
     ],
     [
      2216,
      341.8
     ],
     [
      2218.7,
      343.5
     ],
     [
      2221.8,
      345.3
     ],
     [
      2225,
      345.8
     ],
     [
      2228.1,
      345.8
     ],
     [
      2230.8,
      344
     ],
     [
      2233.5,
      342.2
     ],
     [
      2235.7,
      340
     ],
     [
      2238.9,
      338.2
     ],
     [
      2242,
      338.2
     ],
     [
      2244.7,
      340
     ],
     [
      2246.9,
      342.2
     ],
     [
      2248.7,
      344.9
     ],
     [
      2250.5,
      347.6
     ],
     [
      2252.8,
      349.8
     ],
     [
      2255.4,
      351.6
     ],
     [
      2257.7,
      353.9
     ],
     [
      2260.4,
      355.7
     ],
     [
      2263.5,
      356.1
     ],
     [
      2266.7,
      355.7
     ],
     [
      2268.9,
      353.4
     ],
     [
      2271.1,
      351.2
     ],
     [
      2272,
      348
     ]
    ]
   }
  },
  {
   "type": "Feature",
   "properties": {
    "op": "wall",
    "source": "recorded",
    "zone": "Tirisfal Glades",
    "time": 1790719184,
    "trim": true
   },
   "geometry": {
    "type": "LineString",
    "coordinates": [
     [
      2258.1,
      258
     ],
     [
      2261.3,
      257.5
     ],
     [
      2264.4,
      257.1
     ],
     [
      2267.5,
      257.1
     ],
     [
      2270.7,
      257.1
     ],
     [
      2273.8,
      257.1
     ],
     [
      2277,
      256.6
     ],
     [
      2280.1,
      255.3
     ],
     [
      2283.2,
      253.9
     ],
     [
      2286.4,
      253.5
     ],
     [
      2289.5,
      252.6
     ],
     [
      2292.6,
      252.1
     ],
     [
      2295.8,
      251.2
     ],
     [
      2298,
      249
     ],
     [
      2298.5,
      245.9
     ],
     [
      2298.5,
      241.8
     ],
     [
      2297.1,
      238.7
     ],
     [
      2295.8,
      235.5
     ],
     [
      2293.5,
      233.3
     ],
     [
      2290.4,
      232.9
     ],
     [
      2287.3,
      232.9
     ],
     [
      2284.1,
      233.8
     ],
     [
      2281,
      235.1
     ],
     [
      2279.2,
      232.4
     ],
     [
      2277.4,
      229.7
     ],
     [
      2276.1,
      226.6
     ],
     [
      2272.9,
      226.6
     ],
     [
      2269.8,
      226.6
     ],
     [
      2266.7,
      226.6
     ],
     [
      2263.5,
      226.6
     ],
     [
      2260.4,
      226.6
     ],
     [
      2257.2,
      226.6
     ],
     [
      2254.1,
      227
     ],
     [
      2251,
      228.4
     ],
     [
      2247.8,
      228.8
     ],
     [
      2244.7,
      229.3
     ],
     [
      2241.6,
      230.2
     ],
     [
      2240.2,
      233.3
     ],
     [
      2239.8,
      236.4
     ],
     [
      2239.8,
      239.6
     ],
     [
      2239.8,
      242.7
     ],
     [
      2239.8,
      245.9
     ],
     [
      2239.8,
      249
     ],
     [
      2239.8,
      252.1
     ],
     [
      2240.7,
      255.3
     ],
     [
      2242.9,
      257.5
     ],
     [
      2245.1,
      259.7
     ],
     [
      2248.3,
      260.2
     ],
     [
      2251,
      258.4
     ],
     [
      2254.1,
      258
     ],
     [
      2257.2,
      258.4
     ],
     [
      2260.4,
      258.4
     ]
    ]
   }
  },
  {
   "type": "Feature",
   "properties": {
    "op": "wall",
    "source": "recorded",
    "zone": "Tirisfal Glades",
    "time": 1790719196,
    "trim": true
   },
   "geometry": {
    "type": "LineString",
    "coordinates": [
     [
      2275.6,
      279.5
     ],
     [
      2277.9,
      277.2
     ],
     [
      2280.5,
      275.4
     ],
     [
      2283.2,
      273.6
     ],
     [
      2286.4,
      271.8
     ],
     [
      2289.1,
      270.1
     ],
     [
      2290.4,
      266.9
     ],
     [
      2291.3,
      263.8
     ],
     [
      2292.2,
      260.6
     ],
     [
      2294,
      258
     ],
     [
      2297.1,
      258
     ],
     [
      2300.3,
      257.1
     ],
     [
      2303.4,
      255.7
     ],
     [
      2306.5,
      254.4
     ],
     [
      2309.7,
      253.5
     ],
     [
      2312.8,
      253
     ],
     [
      2315.9,
      252.6
     ],
     [
      2319.1,
      252.6
     ],
     [
      2320,
      255.7
     ],
     [
      2320.9,
      258.8
     ],
     [
      2321.8,
      262
     ],
     [
      2323.6,
      265.1
     ],
     [
      2325.4,
      267.8
     ],
     [
      2326.7,
      271.4
     ],
     [
      2328,
      274.5
     ],
     [
      2329.8,
      277.2
     ],
     [
      2331.6,
      279.9
     ],
     [
      2332.5,
      283
     ],
     [
      2332.1,
      286.2
     ],
     [
      2330.7,
      289.3
     ],
     [
      2330.3,
      292.5
     ],
     [
      2329.8,
      295.6
     ],
     [
      2329.8,
      298.7
     ],
     [
      2329.8,
      301.9
     ],
     [
      2330.3,
      305
     ],
     [
      2327.6,
      306.8
     ],
     [
      2324.5,
      307.2
     ],
     [
      2321.3,
      307.2
     ],
     [
      2318.2,
      307.7
     ],
     [
      2315.1,
      309
     ],
     [
      2311.9,
      309.9
     ],
     [
      2308.8,
      311.3
     ],
     [
      2305.6,
      311.3
     ],
     [
      2303,
      309.5
     ],
     [
      2301.6,
      306.4
     ],
     [
      2299.8,
      303.7
     ],
     [
      2297.1,
      301.9
     ],
     [
      2294,
      301.4
     ],
     [
      2292.2,
      298.7
     ],
     [
      2291.3,
      295.6
     ],
     [
      2290.4,
      292.5
     ],
     [
      2288.6,
      289.8
     ],
     [
      2285.5,
      289.3
     ],
     [
      2282.3,
      289.3
     ],
     [
      2279.2,
      289.3
     ],
     [
      2276.1,
      288.4
     ],
     [
      2275.2,
      285.3
     ],
     [
      2274.7,
      282.2
     ],
     [
      2275.2,
      279
     ]
    ]
   }
  },
  {
   "type": "Feature",
   "properties": {
    "op": "unwall",
    "source": "recorded",
    "zone": "Tirisfal Glades",
    "time": 1790719230,
    "trim": true
   },
   "geometry": {
    "type": "LineString",
    "coordinates": [
     [
      2279.8,
      264.3
     ],
     [
      2281.5,
      262.2
     ],
     [
      2284.1,
      260.4
     ],
     [
      2286.9,
      259.7
     ],
     [
      2289.8,
      258.6
     ],
     [
      2292.3,
      257.2
     ],
     [
      2295.2,
      256.1
     ],
     [
      2297.3,
      254.6
     ],
     [
      2299.8,
      253.2
     ],
     [
      2301.6,
      251.4
     ],
     [
      2303.8,
      250
     ],
     [
      2305.6,
      247.8
     ],
     [
      2307,
      245.7
     ]
    ]
   }
  },
  {
   "type": "Feature",
   "properties": {
    "op": "wall",
    "source": "recorded",
    "zone": "Tirisfal Glades",
    "time": 1790719241,
    "trim": true
   },
   "geometry": {
    "type": "LineString",
    "coordinates": [
     [
      2274,
      278.7
     ],
     [
      2276.5,
      277.6
     ],
     [
      2279,
      276.9
     ],
     [
      2281.5,
      275.8
     ],
     [
      2284.1,
      274.7
     ],
     [
      2286.2,
      273.3
     ],
     [
      2288.7,
      271.9
     ],
     [
      2290.5,
      270.1
     ],
     [
      2292.3,
      267.9
     ],
     [
      2293.4,
      265.4
     ],
     [
      2295.2,
      263.3
     ],
     [
      2296.6,
      261.1
     ],
     [
      2299.1,
      260
     ],
     [
      2301.6,
      259.3
     ],
     [
      2304.1,
      259
     ],
     [
      2306.6,
      258.6
     ],
     [
      2309.2,
      257.9
     ],
     [
      2311.7,
      257.2
     ],
     [
      2314.2,
      256.8
     ],
     [
      2316.7,
      256.4
     ],
     [
      2318.8,
      257.9
     ],
     [
      2320.6,
      260
     ],
     [
      2321.3,
      262.9
     ],
     [
      2322.4,
      265.8
     ],
     [
      2323.5,
      268.3
     ],
     [
      2324.2,
      270.8
     ],
     [
      2325.6,
      273.6
     ],
     [
      2327.1,
      276.2
     ],
     [
      2328.2,
      278.7
     ],
     [
      2329.2,
      281.2
     ],
     [
      2330.3,
      283.7
     ],
     [
      2330.7,
      286.6
     ],
     [
      2330.7,
      289.1
     ],
     [
      2330.7,
      291.6
     ],
     [
      2330.3,
      294.4
     ],
     [
      2329.6,
      297
     ],
     [
      2328.5,
      299.5
     ],
     [
      2327.8,
      302.3
     ],
     [
      2326,
      304.1
     ],
     [
      2323.1,
      304.5
     ],
     [
      2320.3,
      304.8
     ],
     [
      2317.8,
      305.6
     ],
     [
      2315.6,
      307
     ],
     [
      2313.1,
      307.7
     ],
     [
      2310.6,
      308.8
     ],
     [
      2308.4,
      310.6
     ],
     [
      2305.9,
      310.9
     ],
     [
      2303.8,
      308.8
     ],
     [
      2302.7,
      306.3
     ],
     [
      2301.3,
      303.8
     ],
     [
      2299.5,
      302
     ],
     [
      2297.7,
      300.2
     ],
     [
      2295.9,
      298.4
     ],
     [
      2294.1,
      296.2
     ],
     [
      2292.3,
      294.4
     ],
     [
      2289.8,
      293
     ],
     [
      2288.7,
      290.5
     ],
     [
      2287.3,
      288.3
     ],
     [
      2285.1,
      286.9
     ],
     [
      2282.6,
      286.9
     ],
     [
      2280.1,
      287.6
     ],
     [
      2277.6,
      288.7
     ],
     [
      2275.8,
      286.9
     ],
     [
      2275.5,
      284.4
     ],
     [
      2275.5,
      281.9
     ],
     [
      2275.5,
      279.4
     ]
    ]
   }
  },
  {
   "type": "Feature",
   "properties": {
    "op": "wall",
    "source": "recorded",
    "zone": "Tirisfal Glades",
    "time": 1790719252,
    "trim": true
   },
   "geometry": {
    "type": "LineString",
    "coordinates": [
     [
      2271.1,
      256.1
     ],
     [
      2274,
      255
     ],
     [
      2276.5,
      254.6
     ],
     [
      2279,
      253.9
     ],
     [
      2281.5,
      252.9
     ],
     [
      2284.1,
      251.8
     ],
     [
      2286.6,
      250.3
     ],
     [
      2289.1,
      248.9
     ],
     [
      2291.6,
      248.2
     ],
     [
      2294.1,
      247.1
     ],
     [
      2295.9,
      245.3
     ],
     [
      2294.5,
      242.8
     ],
     [
      2293.4,
      239.9
     ],
     [
      2292.7,
      237.4
     ],
     [
      2290.9,
      235.3
     ],
     [
      2288.4,
      234.2
     ],
     [
      2285.8,
      234.2
     ],
     [
      2283,
      234.6
     ],
     [
      2280.5,
      234.2
     ],
     [
      2278,
      234.2
     ],
     [
      2275.8,
      232.4
     ],
     [
      2274.4,
      229.9
     ],
     [
      2273.7,
      227.4
     ],
     [
      2270.4,
      227
     ],
     [
      2267.9,
      227.4
     ],
     [
      2265.4,
      228.1
     ],
     [
      2262.9,
      228.1
     ],
     [
      2260.4,
      228.1
     ],
     [
      2257.5,
      228.1
     ],
     [
      2255,
      228.5
     ],
     [
      2252.1,
      229.2
     ],
     [
      2249.3,
      229.6
     ],
     [
      2246.8,
      230.3
     ],
     [
      2244.3,
      231.3
     ],
     [
      2241.7,
      232.4
     ],
     [
      2239.2,
      233.5
     ],
     [
      2238.9,
      236.4
     ],
     [
      2238.9,
      239.2
     ],
     [
      2239.2,
      242.5
     ],
     [
      2240.7,
      245
     ],
     [
      2241.4,
      247.5
     ],
     [
      2241.4,
      250
     ],
     [
      2241,
      252.5
     ],
     [
      2241.7,
      255
     ],
     [
      2243.5,
      256.8
     ],
     [
      2246.8,
      256.8
     ],
     [
      2250,
      256.4
     ],
     [
      2252.5,
      256.4
     ],
     [
      2256.1,
      256.1
     ],
     [
      2259,
      255.7
     ],
     [
      2261.5,
      255.7
     ],
     [
      2264.3,
      255.7
     ],
     [
      2266.8,
      255.4
     ],
     [
      2269.4,
      255
     ],
     [
      2271.9,
      255
     ]
    ]
   }
  },
  {
   "type": "Feature",
   "properties": {
    "op": "unwall",
    "source": "recorded",
    "zone": "Tirisfal Glades",
    "time": 1790719287,
    "trim": true,
    "area": true
   },
   "geometry": {
    "type": "LineString",
    "coordinates": [
     [
      2267.5,
      254.9
     ],
     [
      2269.7,
      252.7
     ],
     [
      2271.4,
      250.5
     ],
     [
      2273.6,
      249.1
     ],
     [
      2276.1,
      248.4
     ],
     [
      2278.6,
      247.7
     ],
     [
      2281.1,
      246.6
     ],
     [
      2284.4,
      245.5
     ],
     [
      2286.9,
      244.5
     ],
     [
      2290.5,
      243.4
     ],
     [
      2293,
      242.3
     ],
     [
      2295.5,
      241.2
     ],
     [
      2298,
      239.4
     ],
     [
      2299.4,
      237.3
     ],
     [
      2298.7,
      234.8
     ],
     [
      2296.2,
      232.6
     ],
     [
      2292.6,
      230.8
     ],
     [
      2290.1,
      229.8
     ],
     [
      2286.5,
      229
     ],
     [
      2283.3,
      228.3
     ],
     [
      2279.7,
      227.6
     ],
     [
      2276.1,
      227.2
     ],
     [
      2273.2,
      227.2
     ],
     [
      2270,
      227.2
     ],
     [
      2266.8,
      228
     ],
     [
      2264.3,
      229.4
     ],
     [
      2261.8,
      230.8
     ],
     [
      2258.5,
      232.6
     ],
     [
      2256,
      233.7
     ],
     [
      2252.1,
      235.5
     ],
     [
      2248.5,
      236.9
     ],
     [
      2246,
      238
     ],
     [
      2243.5,
      239.1
     ],
     [
      2239.9,
      240.5
     ],
     [
      2237.4,
      241.9
     ],
     [
      2234.5,
      243.7
     ],
     [
      2232.7,
      245.5
     ],
     [
      2230.6,
      247.3
     ],
     [
      2229.1,
      249.8
     ],
     [
      2228.4,
      252.3
     ],
     [
      2228.1,
      254.9
     ],
     [
      2228.4,
      257.7
     ],
     [
      2230.2,
      260.2
     ],
     [
      2233.4,
      262.4
     ],
     [
      2236.3,
      263.8
     ],
     [
      2238.8,
      264.5
     ],
     [
      2241.3,
      263.5
     ],
     [
      2244.2,
      261.7
     ],
     [
      2246.7,
      259.9
     ],
     [
      2249.2,
      257.7
     ],
     [
      2252.1,
      255.6
     ],
     [
      2254.2,
      254.1
     ],
     [
      2256.7,
      253.4
     ],
     [
      2259.6,
      253.4
     ],
     [
      2262.5,
      253.4
     ],
     [
      2265,
      253.8
     ],
     [
      2267.5,
      254.5
     ],
     [
      2270,
      254.9
     ]
    ]
   }
  },
  {
   "type": "Feature",
   "properties": {
    "op": "wall",
    "source": "recorded",
    "zone": "Tirisfal Glades",
    "time": 1790719296,
    "trim": true
   },
   "geometry": {
    "type": "LineString",
    "coordinates": [
     [
      2273.2,
      225.5
     ],
     [
      2270.7,
      225.5
     ],
     [
      2268.2,
      225.5
     ],
     [
      2265.7,
      225.5
     ],
     [
      2263.2,
      225.5
     ],
     [
      2260.7,
      225.5
     ],
     [
      2258.2,
      225.5
     ],
     [
      2255.7,
      225.8
     ],
     [
      2253.2,
      226.2
     ],
     [
      2250.7,
      226.9
     ],
     [
      2248.1,
      227.6
     ],
     [
      2245.6,
      228.7
     ],
     [
      2243.1,
      230.1
     ],
     [
      2240.6,
      231.2
     ],
     [
      2239.2,
      233.3
     ],
     [
      2238.8,
      235.9
     ],
     [
      2238.5,
      238.4
     ],
     [
      2238.5,
      240.9
     ],
     [
      2239.9,
      243.4
     ],
     [
      2241.3,
      245.5
     ],
     [
      2243.1,
      247.3
     ],
     [
      2244.9,
      249.1
     ],
     [
      2246.7,
      250.9
     ],
     [
      2248.5,
      252.7
     ],
     [
      2251,
      252.7
     ],
     [
      2253.5,
      252.7
     ],
     [
      2256,
      252
     ],
     [
      2258.9,
      252
     ],
     [
      2261.4,
      251.3
     ],
     [
      2263.9,
      250.5
     ],
     [
      2266.4,
      249.8
     ],
     [
      2268.9,
      249.1
     ],
     [
      2271.4,
      249.1
     ],
     [
      2274,
      249.1
     ],
     [
      2276.5,
      249.1
     ],
     [
      2279,
      248.8
     ],
     [
      2281.1,
      247
     ],
     [
      2282.9,
      245.2
     ],
     [
      2284.7,
      243
     ],
     [
      2286.1,
      240.9
     ],
     [
      2287.6,
      238.7
     ],
     [
      2289,
      236.6
     ],
     [
      2286.9,
      234.1
     ],
     [
      2284.7,
      231.9
     ],
     [
      2282.6,
      230.5
     ],
     [
      2280.1,
      230.1
     ],
     [
      2277.2,
      229.8
     ],
     [
      2274.7,
      229.8
     ],
     [
      2272.9,
      228
     ],
     [
      2271.8,
      225.5
     ]
    ]
   }
  },
  {
   "type": "Feature",
   "properties": {
    "op": "remove",
    "source": "recorded",
    "zone": "Tirisfal Glades",
    "time": 1790735359,
    "trim": true
   },
   "geometry": {
    "type": "LineString",
    "coordinates": [
     [
      -13835.4,
      420.8
     ],
     [
      -13835.8,
      423.3
     ],
     [
      -13836.5,
      426.2
     ],
     [
      -13837.2,
      428.7
     ],
     [
      -13838.3,
      431.2
     ],
     [
      -13839,
      433.7
     ],
     [
      -13840.5,
      436.2
     ],
     [
      -13841.5,
      439.1
     ],
     [
      -13842.6,
      441.9
     ]
    ]
   }
  },
  {
   "type": "Feature",
   "properties": {
    "op": "remove",
    "source": "recorded",
    "zone": "Tirisfal Glades",
    "time": 1790735363,
    "trim": true,
    "area": true
   },
   "geometry": {
    "type": "LineString",
    "coordinates": [
     [
      -13865.6,
      490.3
     ],
     [
      -13862.3,
      490.3
     ],
     [
      -13859.1,
      490.3
     ],
     [
      -13855.5,
      490.3
     ],
     [
      -13852.3,
      490
     ],
     [
      -13849.4,
      490
     ],
     [
      -13846.2,
      490
     ],
     [
      -13843,
      490.3
     ],
     [
      -13840.1,
      490.3
     ],
     [
      -13836.9,
      490.3
     ],
     [
      -13834.4,
      490.3
     ],
     [
      -13831.5,
      490
     ],
     [
      -13828.6,
      488.2
     ],
     [
      -13826.1,
      486.4
     ],
     [
      -13824,
      484.2
     ],
     [
      -13822.2,
      481.4
     ],
     [
      -13820.7,
      477.8
     ],
     [
      -13820,
      475.3
     ],
     [
      -13820,
      472
     ],
     [
      -13820.7,
      468.8
     ],
     [
      -13822.5,
      464.9
     ],
     [
      -13824,
      462
     ],
     [
      -13826.1,
      459.1
     ],
     [
      -13828.6,
      456.6
     ],
     [
      -13831.1,
      454.1
     ],
     [
      -13833.7,
      452
     ],
     [
      -13836.2,
      450.5
     ],
     [
      -13838.7,
      449.1
     ],
     [
      -13841.9,
      448
     ],
     [
      -13845.8,
      446.2
     ],
     [
      -13849.1,
      445.5
     ],
     [
      -13851.6,
      444.8
     ],
     [
      -13855.2,
      444.8
     ],
     [
      -13857.7,
      445.5
     ],
     [
      -13860.5,
      446.2
     ],
     [
      -13863.8,
      447.7
     ],
     [
      -13867,
      449.1
     ],
     [
      -13869.9,
      451.3
     ],
     [
      -13872.4,
      452.7
     ],
     [
      -13874.2,
      454.5
     ],
     [
      -13876,
      456.3
     ],
     [
      -13877.7,
      458.1
     ],
     [
      -13879.5,
      460.2
     ],
     [
      -13881,
      462.4
     ],
     [
      -13882.8,
      465.9
     ],
     [
      -13883.5,
      468.5
     ],
     [
      -13883.5,
      471.3
     ],
     [
      -13881.7,
      475.3
     ],
     [
      -13880.3,
      477.4
     ],
     [
      -13878.8,
      479.9
     ],
     [
      -13877.7,
      482.8
     ],
     [
      -13876.3,
      486
     ],
     [
      -13874.5,
      488.2
     ],
     [
      -13872,
      488.9
     ],
     [
      -13869.5,
      489.3
     ],
     [
      -13867,
      489.3
     ],
     [
      -13865.2,
      491.4
     ]
    ]
   }
  },
  {
   "type": "Feature",
   "properties": {
    "op": "add",
    "source": "recorded",
    "zone": "Tirisfal Glades",
    "time": 1790735369,
    "trim": true
   },
   "geometry": {
    "type": "LineString",
    "coordinates": [
     [
      -13844.4,
      492.1
     ],
     [
      -13844.4,
      489.6
     ],
     [
      -13844.8,
      487.1
     ],
     [
      -13845.1,
      484.6
     ],
     [
      -13846.2,
      482.1
     ],
     [
      -13846.6,
      479.2
     ],
     [
      -13847.3,
      476.7
     ],
     [
      -13847.6,
      474.2
     ],
     [
      -13847.6,
      471.7
     ],
     [
      -13847.6,
      469.2
     ],
     [
      -13847.6,
      466.7
     ],
     [
      -13847.6,
      464.2
     ],
     [
      -13847.6,
      461.6
     ],
     [
      -13847.3,
      459.1
     ],
     [
      -13846.6,
      456.3
     ],
     [
      -13845.5,
      453.4
     ],
     [
      -13844.8,
      450.5
     ],
     [
      -13844,
      448
     ],
     [
      -13843,
      445.5
     ],
     [
      -13842.3,
      443
     ],
     [
      -13841.2,
      440.5
     ],
     [
      -13840.8,
      438
     ],
     [
      -13840.1,
      435.5
     ],
     [
      -13839.7,
      433
     ],
     [
      -13839.4,
      430.5
     ],
     [
      -13838.7,
      427.9
     ],
     [
      -13837.6,
      425.4
     ],
     [
      -13836.2,
      423.3
     ]
    ]
   }
  },
  {
   "type": "Feature",
   "properties": {
    "op": "unwall",
    "source": "recorded",
    "zone": "Tirisfal Glades",
    "time": 1790735573,
    "trim": true,
    "area": true
   },
   "geometry": {
    "type": "LineString",
    "coordinates": [
     [
      2169.8,
      453.7
     ],
     [
      2171.8,
      452
     ],
     [
      2173.5,
      450.6
     ],
     [
      2175.2,
      448.9
     ],
     [
      2177,
      446.9
     ],
     [
      2179.3,
      444
     ],
     [
      2181,
      441.7
     ],
     [
      2182.4,
      439.4
     ],
     [
      2183.8,
      437.1
     ],
     [
      2185.3,
      434.8
     ],
     [
      2186.7,
      432.2
     ],
     [
      2188.1,
      429.4
     ],
     [
      2189.9,
      426.8
     ],
     [
      2191.6,
      423.3
     ],
     [
      2192.7,
      420.5
     ],
     [
      2193.6,
      418.5
     ],
     [
      2194.2,
      416.2
     ],
     [
      2193.9,
      413.9
     ],
     [
      2192.7,
      412.2
     ],
     [
      2191.3,
      410.2
     ],
     [
      2189.6,
      408.4
     ],
     [
      2186.1,
      406.4
     ],
     [
      2181.8,
      405
     ],
     [
      2175.5,
      403.6
     ],
     [
      2169.5,
      403
     ],
     [
      2163.2,
      403
     ],
     [
      2158,
      403
     ],
     [
      2152.6,
      403
     ],
     [
      2147.7,
      403
     ],
     [
      2143.1,
      403.6
     ],
     [
      2138.8,
      404.7
     ],
     [
      2135.1,
      405.9
     ],
     [
      2131.4,
      408.1
     ],
     [
      2128.5,
      410.4
     ],
     [
      2126.2,
      413.6
     ],
     [
      2124.5,
      417.9
     ],
     [
      2123.9,
      423.3
     ],
     [
      2123.9,
      429.4
     ],
     [
      2125.3,
      436.8
     ],
     [
      2127.9,
      444
     ],
     [
      2129.9,
      448
     ],
     [
      2131.6,
      451.2
     ],
     [
      2133.6,
      453.2
     ],
     [
      2135.1,
      454.6
     ],
     [
      2137.1,
      455.5
     ],
     [
      2139.1,
      456.6
     ],
     [
      2142,
      457.2
     ],
     [
      2144.8,
      457.5
     ],
     [
      2150.3,
      457.5
     ],
     [
      2153.7,
      456.6
     ],
     [
      2157.5,
      454.9
     ],
     [
      2161.5,
      452.9
     ],
     [
      2165.2,
      450.9
     ],
     [
      2168.9,
      448.9
     ],
     [
      2171.8,
      447.4
     ],
     [
      2174.1,
      446.3
     ],
     [
      2176.4,
      445.1
     ],
     [
      2178.4,
      444
     ],
     [
      2180.4,
      443.1
     ],
     [
      2182.4,
      442.6
     ],
     [
      2184.4,
      442.3
     ]
    ]
   }
  },
  {
   "type": "Feature",
   "properties": {
    "op": "wall",
    "source": "recorded",
    "zone": "Tirisfal Glades",
    "time": 1790735580,
    "trim": true
   },
   "geometry": {
    "type": "LineString",
    "coordinates": [
     [
      2181.8,
      436
     ],
     [
      2181.8,
      434
     ],
     [
      2181.8,
      432
     ],
     [
      2181.3,
      429.7
     ],
     [
      2180.4,
      427.4
     ],
     [
      2179.3,
      425.6
     ],
     [
      2177.5,
      424.2
     ],
     [
      2176.1,
      422.2
     ],
     [
      2174.7,
      420.5
     ],
     [
      2172.7,
      419.3
     ],
     [
      2170.9,
      418.2
     ],
     [
      2168.9,
      417.6
     ],
     [
      2166.3,
      417.6
     ],
     [
      2164.3,
      418.5
     ],
     [
      2162.3,
      419.3
     ],
     [
      2160,
      420.2
     ],
     [
      2158,
      421.1
     ],
     [
      2156.3,
      422.5
     ],
     [
      2155.2,
      424.5
     ],
     [
      2154.9,
      426.5
     ],
     [
      2154.6,
      428.5
     ],
     [
      2154.6,
      430.5
     ],
     [
      2155.2,
      432.5
     ],
     [
      2156.6,
      434
     ],
     [
      2158.6,
      435.1
     ],
     [
      2160.6,
      435.4
     ],
     [
      2162.9,
      435.1
     ],
     [
      2164.9,
      434.2
     ],
     [
      2167.2,
      434
     ],
     [
      2169.8,
      434
     ],
     [
      2172.4,
      434.2
     ],
     [
      2174.4,
      434.2
     ],
     [
      2176.7,
      434.2
     ],
     [
      2178.7,
      434.8
     ],
     [
      2180.7,
      434.8
     ],
     [
      2182.7,
      434.2
     ]
    ]
   }
  },
  {
   "type": "Feature",
   "properties": {
    "op": "wall",
    "source": "recorded",
    "zone": "Tirisfal Glades",
    "time": 1790738567,
    "trim": true
   },
   "geometry": {
    "type": "LineString",
    "coordinates": [
     [
      2151.9,
      -314.8
     ],
     [
      2155.8,
      -313.7
     ],
     [
      2159.7,
      -312
     ],
     [
      2164.3,
      -310.3
     ],
     [
      2168.2,
      -309.1
     ],
     [
      2172.7,
      -308
     ],
     [
      2177.2,
      -306.9
     ],
     [
      2181.1,
      -306.3
     ],
     [
      2185.7,
      -305.8
     ],
     [
      2189.6,
      -305.2
     ],
     [
      2193.5,
      -304.1
     ],
     [
      2197.5,
      -304.1
     ],
     [
      2202,
      -304.1
     ],
     [
      2205.9,
      -304.1
     ],
     [
      2209.9,
      -304.6
     ],
     [
      2213.8,
      -304.6
     ],
     [
      2217.8,
      -305.2
     ],
     [
      2222.3,
      -305.8
     ],
     [
      2226.2,
      -306.9
     ],
     [
      2230.1,
      -308
     ],
     [
      2234.6,
      -309.1
     ],
     [
      2238.6,
      -311.4
     ],
     [
      2242.5,
      -313.7
     ],
     [
      2246.5,
      -316.5
     ],
     [
      2249.3,
      -319.3
     ],
     [
      2252.7,
      -321.5
     ],
     [
      2256,
      -323.8
     ],
     [
      2258.3,
      -327.2
     ],
     [
      2257.7,
      -331.1
     ],
     [
      2254.9,
      -333.9
     ],
     [
      2251.5,
      -336.2
     ],
     [
      2247.6,
      -338.4
     ],
     [
      2243.7,
      -339.6
     ],
     [
      2239.7,
      -339.6
     ],
     [
      2235.8,
      -339.6
     ],
     [
      2231.3,
      -339.6
     ],
     [
      2227.3,
      -338.4
     ],
     [
      2222.8,
      -338.4
     ],
     [
      2218.3,
      -337.3
     ],
     [
      2214.4,
      -336.7
     ],
     [
      2209.9,
      -335.6
     ],
     [
      2205.4,
      -334.5
     ],
     [
      2200.9,
      -333.4
     ],
     [
      2196.9,
      -332.8
     ],
     [
      2191.8,
      -331.1
     ],
     [
      2187.9,
      -330
     ],
     [
      2184,
      -328.9
     ],
     [
      2180,
      -328.9
     ],
     [
      2176.1,
      -327.7
     ],
     [
      2172.1,
      -327.2
     ],
     [
      2168.2,
      -326
     ],
     [
      2164.3,
      -325.5
     ],
     [
      2159.7,
      -324.9
     ],
     [
      2155.2,
      -324.9
     ],
     [
      2150.7,
      -323.8
     ],
     [
      2146.8,
      -323.2
     ],
     [
      2142.9,
      -322.1
     ],
     [
      2140,
      -319.3
     ],
     [
      2138.9,
      -315.3
     ],
     [
      2141.7,
      -312
     ],
     [
      2145.7,
      -310.8
     ],
     [
      2149.6,
      -310.3
     ],
     [
      2153.6,
      -310.3
     ],
     [
      2157.5,
      -310.8
     ]
    ]
   }
  },
  {
   "type": "Feature",
   "properties": {
    "op": "remove",
    "source": "recorded",
    "zone": "Stormwind City",
    "time": 1790809349,
    "trim": true,
    "area": true
   },
   "geometry": {
    "type": "LineString",
    "coordinates": [
     [
      -8533.3,
      670.9
     ],
     [
      -8533.1,
      668.5
     ],
     [
      -8532.8,
      666.6
     ],
     [
      -8532.5,
      664.5
     ],
     [
      -8532.5,
      662
     ],
     [
      -8532.3,
      660.2
     ],
     [
      -8532.3,
      658
     ],
     [
      -8532,
      655.9
     ],
     [
      -8532.3,
      654
     ],
     [
      -8533.1,
      652.1
     ],
     [
      -8533.6,
      650.2
     ],
     [
      -8535.2,
      649.1
     ],
     [
      -8537.1,
      648.9
     ],
     [
      -8539,
      648.6
     ],
     [
      -8540.9,
      648.6
     ],
     [
      -8542.5,
      649.7
     ],
     [
      -8543.6,
      652.1
     ],
     [
      -8543.9,
      655
     ],
     [
      -8543.9,
      656.9
     ],
     [
      -8543.9,
      658.8
     ],
     [
      -8543.6,
      660.7
     ],
     [
      -8543,
      662.9
     ],
     [
      -8541.7,
      665
     ],
     [
      -8540.1,
      666.9
     ],
     [
      -8538.5,
      668.8
     ],
     [
      -8537.1,
      670.1
     ],
     [
      -8535,
      670.4
     ],
     [
      -8532.8,
      669.6
     ]
    ]
   }
  },
  {
   "type": "Feature",
   "properties": {
    "op": "remove",
    "source": "recorded",
    "zone": "Stormwind City",
    "time": 1790809356,
    "trim": true,
    "area": true
   },
   "geometry": {
    "type": "LineString",
    "coordinates": [
     [
      -8497.5,
      686.2
     ],
     [
      -8498.9,
      683.5
     ],
     [
      -8500.6,
      681.2
     ],
     [
      -8501.9,
      679.2
     ],
     [
      -8503.3,
      676.8
     ],
     [
      -8505.6,
      675.8
     ],
     [
      -8508,
      675.4
     ],
     [
      -8510.3,
      675.4
     ],
     [
      -8512.7,
      675.4
     ],
     [
      -8515.4,
      675.4
     ],
     [
      -8518.1,
      676.1
     ],
     [
      -8520.4,
      677.1
     ],
     [
      -8522.1,
      678.8
     ],
     [
      -8522.4,
      681.2
     ],
     [
      -8522.8,
      683.5
     ],
     [
      -8522.8,
      685.9
     ],
     [
      -8522.8,
      688.2
     ],
     [
      -8522.8,
      690.6
     ],
     [
      -8522.4,
      693
     ],
     [
      -8519.4,
      694.3
     ],
     [
      -8517.1,
      694.6
     ],
     [
      -8514.4,
      694.6
     ],
     [
      -8511.3,
      694.3
     ],
     [
      -8509,
      693.6
     ],
     [
      -8506.6,
      692.6
     ],
     [
      -8504.6,
      691.3
     ],
     [
      -8502.9,
      689.6
     ],
     [
      -8501.2,
      687.9
     ],
     [
      -8498.9,
      686.6
     ]
    ]
   }
  },
  {
   "type": "Feature",
   "properties": {
    "op": "add",
    "source": "recorded",
    "zone": "Stormwind City",
    "time": 1790809366,
    "trim": true
   },
   "geometry": {
    "type": "LineString",
    "coordinates": [
     [
      -8522.2,
      697.6
     ],
     [
      -8521.2,
      698.7
     ],
     [
      -8520.1,
      700.2
     ],
     [
      -8519,
      701.3
     ],
     [
      -8517.7,
      702.6
     ],
     [
      -8516.6,
      703.7
     ],
     [
      -8515.1,
      704.5
     ],
     [
      -8513.2,
      705.2
     ],
     [
      -8511.7,
      705.8
     ],
     [
      -8510.2,
      706.5
     ],
     [
      -8508.7,
      707.1
     ],
     [
      -8507.4,
      708
     ],
     [
      -8506.1,
      708.8
     ],
     [
      -8504.6,
      709.9
     ],
     [
      -8503.1,
      711
     ],
     [
      -8501.8,
      712.1
     ],
     [
      -8500.5,
      713.2
     ],
     [
      -8499.4,
      714.2
     ],
     [
      -8498.1,
      715.3
     ],
     [
      -8496.8,
      716.4
     ],
     [
      -8495.3,
      717.7
     ],
     [
      -8494.2,
      718.8
     ],
     [
      -8492.7,
      720.3
     ],
     [
      -8491.4,
      721.6
     ],
     [
      -8490.1,
      722.9
     ]
    ]
   }
  },
  {
   "type": "Feature",
   "properties": {
    "op": "remove",
    "source": "recorded",
    "zone": "Stormwind City",
    "time": 1790809368,
    "trim": true
   },
   "geometry": {
    "type": "LineString",
    "coordinates": [
     [
      -8524.2,
      691.6
     ],
     [
      -8525,
      690.3
     ],
     [
      -8526.1,
      689
     ],
     [
      -8526.3,
      687.5
     ],
     [
      -8525.9,
      685.8
     ],
     [
      -8524.4,
      685.2
     ],
     [
      -8522.7,
      684.9
     ],
     [
      -8521.2,
      685.4
     ],
     [
      -8519.7,
      686
     ],
     [
      -8519.2,
      687.5
     ],
     [
      -8519.2,
      689.2
     ],
     [
      -8519.4,
      691.2
     ],
     [
      -8519.9,
      692.7
     ],
     [
      -8521.4,
      693.3
     ],
     [
      -8522.9,
      692.9
     ],
     [
      -8523.8,
      691.6
     ],
     [
      -8525.3,
      691.4
     ]
    ]
   }
  },
  {
   "type": "Feature",
   "properties": {
    "op": "add",
    "source": "recorded",
    "zone": "Stormwind City",
    "time": 1790809377,
    "trim": true
   },
   "geometry": {
    "type": "LineString",
    "coordinates": [
     [
      -8513.5,
      705.1
     ],
     [
      -8515,
      704.1
     ],
     [
      -8516.8,
      703
     ],
     [
      -8518,
      702.1
     ],
     [
      -8519.3,
      701.3
     ],
     [
      -8520.8,
      700.4
     ],
     [
      -8521.9,
      699.3
     ],
     [
      -8523.4,
      698
     ],
     [
      -8524.7,
      696.5
     ],
     [
      -8525.8,
      695.4
     ],
     [
      -8527.1,
      694.4
     ],
     [
      -8528.2,
      693.3
     ],
     [
      -8529.5,
      692
     ],
     [
      -8530.8,
      690.9
     ],
     [
      -8531.8,
      689.8
     ]
    ]
   }
  },
  {
   "type": "Feature",
   "properties": {
    "op": "remove",
    "source": "recorded",
    "zone": "Stormwind City",
    "time": 1790809389,
    "trim": true,
    "area": true
   },
   "geometry": {
    "type": "LineString",
    "coordinates": [
     [
      -8543.8,
      491.4
     ],
     [
      -8542.5,
      489.4
     ],
     [
      -8540.8,
      487.7
     ],
     [
      -8539.8,
      485.3
     ],
     [
      -8540.5,
      482.6
     ],
     [
      -8541.8,
      480.3
     ],
     [
      -8543.1,
      478.2
     ],
     [
      -8545.5,
      476.9
     ],
     [
      -8547.9,
      476.6
     ],
     [
      -8550.2,
      476.6
     ],
     [
      -8552.6,
      476.9
     ],
     [
      -8554.9,
      476.9
     ],
     [
      -8557.3,
      477.2
     ],
     [
      -8560,
      477.6
     ],
     [
      -8562.3,
      478.2
     ],
     [
      -8564.7,
      478.6
     ],
     [
      -8567,
      478.9
     ],
     [
      -8569.4,
      479.3
     ],
     [
      -8571.8,
      480.3
     ],
     [
      -8572.4,
      482.6
     ],
     [
      -8571.8,
      485.3
     ],
     [
      -8570.1,
      487.3
     ],
     [
      -8568.4,
      489
     ],
     [
      -8566.4,
      490.7
     ],
     [
      -8564.4,
      492.4
     ],
     [
      -8562,
      493.4
     ],
     [
      -8559.6,
      494.1
     ],
     [
      -8557.3,
      494.4
     ],
     [
      -8554.9,
      494.1
     ],
     [
      -8552.6,
      493.4
     ],
     [
      -8550.2,
      493.1
     ],
     [
      -8547.9,
      492
     ],
     [
      -8545.5,
      492
     ],
     [
      -8543.5,
      490.7
     ]
    ]
   }
  },
  {
   "type": "Feature",
   "properties": {
    "op": "remove",
    "source": "recorded",
    "zone": "Stormwind City",
    "time": 1790809395,
    "trim": true,
    "area": true
   },
   "geometry": {
    "type": "LineString",
    "coordinates": [
     [
      -8624.9,
      539.8
     ],
     [
      -8627,
      541.2
     ],
     [
      -8629.3,
      542.5
     ],
     [
      -8631.3,
      543.9
     ],
     [
      -8633.4,
      545.2
     ],
     [
      -8635.4,
      546.6
     ],
     [
      -8637.4,
      547.9
     ],
     [
      -8639.4,
      549.6
     ],
     [
      -8641.1,
      551.3
     ],
     [
      -8642.5,
      553.3
     ],
     [
      -8642.8,
      555.7
     ],
     [
      -8642.5,
      558
     ],
     [
      -8641.4,
      560.4
     ],
     [
      -8639.8,
      562.4
     ],
     [
      -8638.1,
      564.1
     ],
     [
      -8635.4,
      565.1
     ],
     [
      -8633,
      566.4
     ],
     [
      -8630.7,
      567.1
     ],
     [
      -8628.3,
      567.8
     ],
     [
      -8626,
      568.1
     ],
     [
      -8622.9,
      568.5
     ],
     [
      -8619.6,
      568.5
     ],
     [
      -8616.5,
      567.8
     ],
     [
      -8614.2,
      567.5
     ],
     [
      -8611.5,
      566.1
     ],
     [
      -8608.8,
      565.1
     ],
     [
      -8606.4,
      563.7
     ],
     [
      -8604.1,
      562.7
     ],
     [
      -8601.7,
      561.4
     ],
     [
      -8599.4,
      560.4
     ],
     [
      -8597,
      559
     ],
     [
      -8595.3,
      557.4
     ],
     [
      -8595.3,
      554.7
     ],
     [
      -8595,
      552.3
     ],
     [
      -8595,
      549.9
     ],
     [
      -8597,
      547.9
     ],
     [
      -8599,
      546.6
     ],
     [
      -8601.4,
      545.2
     ],
     [
      -8604.1,
      544.2
     ],
     [
      -8606.4,
      543.9
     ],
     [
      -8609.1,
      543.5
     ],
     [
      -8611.8,
      543.5
     ],
     [
      -8614.9,
      543.5
     ],
     [
      -8617.2,
      543.5
     ],
     [
      -8619.9,
      543.5
     ],
     [
      -8622.3,
      543.5
     ],
     [
      -8624.6,
      543.2
     ],
     [
      -8626.6,
      541.9
     ]
    ]
   }
  },
  {
   "type": "Feature",
   "properties": {
    "op": "remove",
    "source": "recorded",
    "zone": "Stormwind City",
    "time": 1790809403,
    "trim": true,
    "area": true
   },
   "geometry": {
    "type": "LineString",
    "coordinates": [
     [
      -8669.6,
      661.5
     ],
     [
      -8668.6,
      660.4
     ],
     [
      -8667.1,
      660
     ],
     [
      -8665.5,
      658.9
     ],
     [
      -8663.8,
      657.6
     ],
     [
      -8662.1,
      655.9
     ],
     [
      -8660.6,
      654.4
     ],
     [
      -8659.5,
      653.3
     ],
     [
      -8658.2,
      652.4
     ],
     [
      -8656.7,
      651.4
     ],
     [
      -8655.2,
      650.5
     ],
     [
      -8653.7,
      649.6
     ],
     [
      -8652.4,
      648.8
     ],
     [
      -8651.3,
      647.5
     ],
     [
      -8651.1,
      645.6
     ],
     [
      -8652.2,
      644.3
     ],
     [
      -8653.3,
      643.2
     ],
     [
      -8655,
      641.9
     ],
     [
      -8656.7,
      640.8
     ],
     [
      -8658.2,
      640
     ],
     [
      -8659.7,
      639.1
     ],
     [
      -8661.2,
      638.7
     ],
     [
      -8663.6,
      638.2
     ],
     [
      -8665.1,
      638.2
     ],
     [
      -8667.5,
      638.2
     ],
     [
      -8669.4,
      638.2
     ],
     [
      -8671.4,
      638.7
     ],
     [
      -8673.5,
      639.3
     ],
     [
      -8675,
      639.5
     ],
     [
      -8677,
      640
     ],
     [
      -8678.7,
      640.2
     ],
     [
      -8680.2,
      640.6
     ],
     [
      -8682.1,
      641
     ],
     [
      -8683.6,
      641.5
     ],
     [
      -8685.6,
      642.3
     ],
     [
      -8687.3,
      643.2
     ],
     [
      -8688.8,
      643.8
     ],
     [
      -8690.3,
      644.9
     ],
     [
      -8691.8,
      645.8
     ],
     [
      -8692.9,
      646.8
     ],
     [
      -8694.2,
      647.9
     ],
     [
      -8695.7,
      649.2
     ],
     [
      -8696.8,
      650.3
     ],
     [
      -8697.9,
      651.6
     ],
     [
      -8698.9,
      652.7
     ],
     [
      -8700.2,
      653.7
     ],
     [
      -8701.3,
      654.8
     ],
     [
      -8700.2,
      656.1
     ],
     [
      -8698.5,
      658.3
     ],
     [
      -8697.4,
      659.6
     ],
     [
      -8695.9,
      661.3
     ],
     [
      -8694.8,
      662.4
     ],
     [
      -8693.6,
      663.4
     ],
     [
      -8692,
      664.5
     ],
     [
      -8690.1,
      665.6
     ],
     [
      -8688.6,
      666
     ],
     [
      -8686.2,
      666.7
     ],
     [
      -8684.3,
      666.9
     ],
     [
      -8682.8,
      666.9
     ],
     [
      -8680.8,
      666.5
     ],
     [
      -8679.3,
      665.8
     ],
     [
      -8677.8,
      665.2
     ],
     [
      -8675.9,
      664.3
     ],
     [
      -8674.4,
      663.4
     ],
     [
      -8672.9,
      662.6
     ],
     [
      -8671.6,
      661.7
     ],
     [
      -8670.3,
      660.8
     ],
     [
      -8668.8,
      660.2
     ],
     [
      -8667.5,
      659.3
     ]
    ]
   }
  },
  {
   "type": "Feature",
   "properties": {
    "op": "remove",
    "source": "recorded",
    "zone": "Stormwind City",
    "time": 1790809407,
    "trim": true,
    "area": true
   },
   "geometry": {
    "type": "LineString",
    "coordinates": [
     [
      -8705.4,
      660.8
     ],
     [
      -8704.3,
      659.8
     ],
     [
      -8703,
      658.5
     ],
     [
      -8702,
      657.4
     ],
     [
      -8701.3,
      655.9
     ],
     [
      -8701.1,
      654.4
     ],
     [
      -8701.3,
      652.4
     ],
     [
      -8701.5,
      650.9
     ],
     [
      -8702,
      649.4
     ],
     [
      -8702.8,
      648.1
     ],
     [
      -8703.7,
      646.6
     ],
     [
      -8705,
      645.6
     ],
     [
      -8706.5,
      644.5
     ],
     [
      -8708.4,
      644.3
     ],
     [
      -8709.9,
      644.3
     ],
     [
      -8711.7,
      644.5
     ],
     [
      -8713.4,
      645.3
     ],
     [
      -8715.1,
      646
     ],
     [
      -8716.4,
      646.8
     ],
     [
      -8717.9,
      647.5
     ],
     [
      -8719.4,
      648.6
     ],
     [
      -8719.8,
      650.1
     ],
     [
      -8719.2,
      652.2
     ],
     [
      -8718.3,
      653.5
     ],
     [
      -8717,
      655.5
     ],
     [
      -8715.5,
      657
     ],
     [
      -8713.6,
      658.3
     ],
     [
      -8711.4,
      659.1
     ],
     [
      -8709.9,
      659.6
     ],
     [
      -8708.2,
      659.8
     ],
     [
      -8706.7,
      659.8
     ],
     [
      -8705.2,
      659.8
     ],
     [
      -8703.7,
      659.6
     ],
     [
      -8702.2,
      659.3
     ]
    ]
   }
  },
  {
   "type": "Feature",
   "properties": {
    "op": "add",
    "source": "recorded",
    "zone": "Stormwind City",
    "time": 1790809410,
    "trim": true
   },
   "geometry": {
    "type": "LineString",
    "coordinates": [
     [
      -8715.7,
      668.4
     ],
     [
      -8715.5,
      666.9
     ],
     [
      -8714.9,
      665.4
     ],
     [
      -8714.2,
      663.9
     ],
     [
      -8713.6,
      662.1
     ],
     [
      -8712.9,
      660.6
     ],
     [
      -8712.3,
      658.9
     ],
     [
      -8712.1,
      657.4
     ],
     [
      -8711.7,
      655.9
     ],
     [
      -8711.4,
      654.4
     ],
     [
      -8711.2,
      652.9
     ],
     [
      -8711,
      651.4
     ],
     [
      -8710.6,
      649.9
     ],
     [
      -8709.9,
      648.4
     ],
     [
      -8709.1,
      646.8
     ],
     [
      -8708.4,
      645.3
     ],
     [
      -8707.8,
      643.8
     ],
     [
      -8707.1,
      642.1
     ],
     [
      -8706.9,
      640.6
     ],
     [
      -8706.7,
      638.9
     ],
     [
      -8706.5,
      637.4
     ],
     [
      -8706.3,
      635.6
     ],
     [
      -8706.3,
      634.1
     ],
     [
      -8706.3,
      632.6
     ],
     [
      -8706.1,
      631.1
     ],
     [
      -8705.8,
      629.6
     ]
    ]
   }
  },
  {
   "type": "Feature",
   "properties": {
    "op": "remove",
    "source": "recorded",
    "zone": "Stormwind City",
    "time": 1790809412,
    "trim": true
   },
   "geometry": {
    "type": "LineString",
    "coordinates": [
     [
      -8707.3,
      634.1
     ],
     [
      -8705.4,
      633.5
     ],
     [
      -8703.7,
      632.8
     ],
     [
      -8702.2,
      632
     ],
     [
      -8701.1,
      630.9
     ],
     [
      -8701.7,
      629.2
     ],
     [
      -8703.3,
      628.3
     ],
     [
      -8705,
      627.7
     ],
     [
      -8706.7,
      628.5
     ],
     [
      -8707.6,
      629.8
     ],
     [
      -8708,
      631.5
     ],
     [
      -8708.2,
      633.1
     ],
     [
      -8707.1,
      634.1
     ],
     [
      -8705.6,
      634.3
     ]
    ]
   }
  },
  {
   "type": "Feature",
   "properties": {
    "op": "add",
    "source": "recorded",
    "zone": "Stormwind City",
    "time": 1790809415,
    "trim": true
   },
   "geometry": {
    "type": "LineString",
    "coordinates": [
     [
      -8709.3,
      647.1
     ],
     [
      -8708.4,
      645.8
     ],
     [
      -8707.8,
      644
     ],
     [
      -8707.1,
      642.5
     ],
     [
      -8706.5,
      641
     ],
     [
      -8706.1,
      639.5
     ],
     [
      -8705.8,
      637.8
     ],
     [
      -8705.6,
      636.3
     ],
     [
      -8705.2,
      634.8
     ],
     [
      -8705.2,
      633.1
     ],
     [
      -8705,
      631.5
     ],
     [
      -8705,
      629.8
     ],
     [
      -8704.8,
      627.9
     ],
     [
      -8704.8,
      626.4
     ],
     [
      -8704.5,
      624.9
     ],
     [
      -8704.5,
      623.1
     ],
     [
      -8704.5,
      621.4
     ],
     [
      -8704.5,
      619.7
     ],
     [
      -8704.3,
      618.2
     ],
     [
      -8704.3,
      616.5
     ],
     [
      -8704.5,
      615
     ],
     [
      -8704.5,
      613.5
     ],
     [
      -8704.8,
      611.9
     ],
     [
      -8704.8,
      610.4
     ],
     [
      -8704.8,
      608.9
     ],
     [
      -8704.8,
      607.4
     ]
    ]
   }
  },
  {
   "type": "Feature",
   "properties": {
    "op": "remove",
    "source": "recorded",
    "zone": "Stormwind City",
    "time": 1790809422,
    "trim": true,
    "area": true
   },
   "geometry": {
    "type": "LineString",
    "coordinates": [
     [
      -8732.6,
      726.1
     ],
     [
      -8733.8,
      724.2
     ],
     [
      -8734.9,
      722.7
     ],
     [
      -8735.8,
      721.4
     ],
     [
      -8737.3,
      721.2
     ],
     [
      -8738.8,
      721
     ],
     [
      -8740.3,
      721.6
     ],
     [
      -8741.8,
      722.5
     ],
     [
      -8743.1,
      723.5
     ],
     [
      -8743.8,
      725.1
     ],
     [
      -8744.2,
      726.6
     ],
     [
      -8744.2,
      728.1
     ],
     [
      -8743.3,
      729.4
     ],
     [
      -8741.6,
      729.6
     ],
     [
      -8740.1,
      729.6
     ],
     [
      -8738.4,
      729.6
     ],
     [
      -8736.9,
      729.1
     ],
     [
      -8735.4,
      728.7
     ],
     [
      -8734.1,
      727.9
     ],
     [
      -8733.2,
      726.3
     ]
    ]
   }
  },
  {
   "type": "Feature",
   "properties": {
    "op": "remove",
    "source": "recorded",
    "zone": "Stormwind City",
    "time": 1790809425,
    "trim": true,
    "area": true
   },
   "geometry": {
    "type": "LineString",
    "coordinates": [
     [
      -8763.6,
      730.7
     ],
     [
      -8762.1,
      730.7
     ],
     [
      -8760.6,
      730.4
     ],
     [
      -8759.3,
      729.6
     ],
     [
      -8758.6,
      728.1
     ],
     [
      -8758,
      726.6
     ],
     [
      -8757.5,
      725.1
     ],
     [
      -8757.3,
      723.5
     ],
     [
      -8757.1,
      722
     ],
     [
      -8757.1,
      720.5
     ],
     [
      -8757.1,
      719
     ],
     [
      -8758.2,
      717.3
     ],
     [
      -8759.3,
      716.2
     ],
     [
      -8760.8,
      715.6
     ],
     [
      -8762.7,
      715.1
     ],
     [
      -8764.2,
      714.9
     ],
     [
      -8765.5,
      716
     ],
     [
      -8766.2,
      717.7
     ],
     [
      -8767,
      719.7
     ],
     [
      -8767.2,
      721.6
     ],
     [
      -8767.5,
      723.3
     ],
     [
      -8767.5,
      725.1
     ],
     [
      -8767.2,
      726.6
     ],
     [
      -8766.6,
      728.3
     ],
     [
      -8765.5,
      729.4
     ],
     [
      -8764.4,
      730.4
     ],
     [
      -8762.7,
      730.9
     ]
    ]
   }
  },
  {
   "type": "Feature",
   "properties": {
    "op": "remove",
    "source": "recorded",
    "zone": "Stormwind City",
    "time": 1790809434,
    "trim": true,
    "area": true
   },
   "geometry": {
    "type": "LineString",
    "coordinates": [
     [
      -8750.2,
      728.1
     ],
     [
      -8751.1,
      729.6
     ],
     [
      -8752.2,
      730.9
     ],
     [
      -8753.2,
      732.2
     ],
     [
      -8754.1,
      733.5
     ],
     [
      -8755.2,
      734.7
     ],
     [
      -8756,
      736
     ],
     [
      -8756.9,
      737.3
     ],
     [
      -8757.8,
      738.6
     ],
     [
      -8758.6,
      739.9
     ],
     [
      -8759.5,
      741.6
     ],
     [
      -8759.9,
      743.1
     ],
     [
      -8760.3,
      744.9
     ],
     [
      -8760.3,
      746.4
     ],
     [
      -8760.6,
      747.9
     ],
     [
      -8760.8,
      749.8
     ],
     [
      -8761.2,
      751.6
     ],
     [
      -8761.4,
      753.1
     ],
     [
      -8761.4,
      754.6
     ],
     [
      -8761.9,
      756.1
     ],
     [
      -8762.1,
      757.8
     ],
     [
      -8762.3,
      759.3
     ],
     [
      -8762.7,
      760.8
     ],
     [
      -8762.9,
      762.3
     ],
     [
      -8763.6,
      763.8
     ],
     [
      -8763.8,
      766
     ],
     [
      -8763.4,
      767.9
     ],
     [
      -8762.9,
      769.6
     ],
     [
      -8762.3,
      771.4
     ],
     [
      -8761.4,
      772.9
     ],
     [
      -8760.1,
      774.4
     ],
     [
      -8758.8,
      775.9
     ],
     [
      -8758,
      777.2
     ],
     [
      -8757.1,
      778.5
     ],
     [
      -8755.8,
      779.6
     ],
     [
      -8754.3,
      780.4
     ],
     [
      -8752.8,
      781.1
     ],
     [
      -8751.1,
      781.7
     ],
     [
      -8749.4,
      782.1
     ],
     [
      -8747.6,
      782.8
     ],
     [
      -8746.1,
      783.4
     ],
     [
      -8744.6,
      783.7
     ],
     [
      -8743.1,
      783.9
     ],
     [
      -8741.6,
      783.7
     ],
     [
      -8740.5,
      782.6
     ],
     [
      -8739.2,
      781.3
     ],
     [
      -8737.7,
      780.4
     ],
     [
      -8736.9,
      779.1
     ],
     [
      -8736.4,
      777.4
     ],
     [
      -8736.2,
      775.5
     ],
     [
      -8736,
      774
     ],
     [
      -8736,
      772
     ],
     [
      -8736,
      770.1
     ],
     [
      -8736,
      767.7
     ],
     [
      -8736,
      765.8
     ],
     [
      -8736,
      764.3
     ],
     [
      -8736,
      762.3
     ],
     [
      -8736,
      760.8
     ],
     [
      -8736,
      759.1
     ],
     [
      -8735.8,
      757.2
     ],
     [
      -8735.4,
      755
     ],
     [
      -8734.9,
      753.1
     ],
     [
      -8734.3,
      751.1
     ],
     [
      -8733.8,
      749.4
     ],
     [
      -8733.2,
      747.2
     ],
     [
      -8732.8,
      745.7
     ],
     [
      -8731.9,
      744.2
     ],
     [
      -8731,
      742.7
     ],
     [
      -8730.2,
      741.2
     ],
     [
      -8729.3,
      739.7
     ],
     [
      -8728.5,
      738.2
     ],
     [
      -8727.8,
      736.7
     ],
     [
      -8729.3,
      735.4
     ],
     [
      -8731.3,
      735.4
     ],
     [
      -8733,
      735.4
     ],
     [
      -8734.9,
      735.4
     ],
     [
      -8736.4,
      735.6
     ],
     [
      -8738.4,
      736
     ],
     [
      -8740.5,
      736.7
     ],
     [
      -8742.2,
      737.3
     ],
     [
      -8743.8,
      737.8
     ],
     [
      -8745.3,
      738.2
     ],
     [
      -8746.8,
      738.6
     ],
     [
      -8748.3,
      738.8
     ],
     [
      -8749.8,
      739.1
     ],
     [
      -8751.3,
      739.3
     ],
     [
      -8752.8,
      739.7
     ],
     [
      -8754.5,
      740.6
     ],
     [
      -8756,
      740.8
     ],
     [
      -8757.5,
      741.2
     ],
     [
      -8759.3,
      741.9
     ]
    ]
   }
  },
  {
   "type": "Feature",
   "properties": {
    "op": "remove",
    "source": "recorded",
    "zone": "Stormwind City",
    "time": 1790809437,
    "trim": true
   },
   "geometry": {
    "type": "LineString",
    "coordinates": [
     [
      -8753.9,
      736.7
     ],
     [
      -8754.3,
      735.2
     ],
     [
      -8754.3,
      733.7
     ],
     [
      -8754.1,
      732.2
     ],
     [
      -8753.7,
      730.7
     ],
     [
      -8752.6,
      729.6
     ],
     [
      -8751.3,
      728.7
     ],
     [
      -8749.8,
      728.5
     ],
     [
      -8748.7,
      729.6
     ],
     [
      -8748.7,
      731.3
     ],
     [
      -8748.9,
      732.8
     ],
     [
      -8749.8,
      734.1
     ],
     [
      -8751.3,
      735.4
     ],
     [
      -8752.8,
      736.7
     ],
     [
      -8754.3,
      737.1
     ],
     [
      -8755.8,
      737.8
     ]
    ]
   }
  },
  {
   "type": "Feature",
   "properties": {
    "op": "remove",
    "source": "recorded",
    "zone": "Stormwind City",
    "time": 1790809447,
    "trim": true,
    "area": true
   },
   "geometry": {
    "type": "LineString",
    "coordinates": [
     [
      -8732.3,
      807.8
     ],
     [
      -8731.3,
      806.7
     ],
     [
      -8730,
      805.6
     ],
     [
      -8729.1,
      804.3
     ],
     [
      -8727.8,
      803.3
     ],
     [
      -8726.9,
      801.7
     ],
     [
      -8726.3,
      799.8
     ],
     [
      -8725.9,
      798.1
     ],
     [
      -8725.9,
      796.4
     ],
     [
      -8726.7,
      794.6
     ],
     [
      -8727.6,
      793.1
     ],
     [
      -8728.7,
      791.4
     ],
     [
      -8729.5,
      790.1
     ],
     [
      -8730.4,
      788.8
     ],
     [
      -8731.3,
      787.3
     ],
     [
      -8731.9,
      785.8
     ],
     [
      -8732.8,
      784.5
     ],
     [
      -8733.8,
      783.2
     ],
     [
      -8735.1,
      781.9
     ],
     [
      -8736.2,
      780.9
     ],
     [
      -8737.3,
      779.8
     ],
     [
      -8739.2,
      778.5
     ],
     [
      -8740.7,
      777.6
     ],
     [
      -8742.2,
      776.5
     ],
     [
      -8744.4,
      775
     ],
     [
      -8746.6,
      773.5
     ],
     [
      -8747.8,
      772.4
     ],
     [
      -8749.4,
      771.2
     ],
     [
      -8750.4,
      769.9
     ],
     [
      -8751.7,
      768.8
     ],
     [
      -8752.8,
      767.7
     ],
     [
      -8754.3,
      766.6
     ],
     [
      -8755.8,
      765.8
     ],
     [
      -8757.1,
      764.9
     ],
     [
      -8758.6,
      764.3
     ],
     [
      -8760.6,
      763.6
     ],
     [
      -8762.1,
      763.2
     ],
     [
      -8763.8,
      763.2
     ],
     [
      -8765.5,
      763.2
     ],
     [
      -8767,
      763.2
     ],
     [
      -8768.5,
      763.4
     ],
     [
      -8770.3,
      763.8
     ],
     [
      -8771.8,
      764.3
     ],
     [
      -8773.3,
      764.7
     ],
     [
      -8774.6,
      765.6
     ],
     [
      -8776.3,
      766.4
     ],
     [
      -8777.8,
      767.3
     ],
     [
      -8779.3,
      767.7
     ],
     [
      -8780.8,
      768.1
     ],
     [
      -8782.3,
      768.6
     ],
     [
      -8784,
      769
     ],
     [
      -8785.6,
      769.6
     ],
     [
      -8787.1,
      770.3
     ],
     [
      -8788.4,
      771.2
     ],
     [
      -8789.6,
      772
     ],
     [
      -8790.9,
      773.5
     ],
     [
      -8791.8,
      774.8
     ],
     [
      -8792.9,
      776.3
     ],
     [
      -8793.7,
      777.8
     ],
     [
      -8794.6,
      779.1
     ],
     [
      -8795.5,
      780.4
     ],
     [
      -8796.1,
      782.1
     ],
     [
      -8796.5,
      783.9
     ],
     [
      -8796.8,
      785.6
     ],
     [
      -8796.3,
      787.1
     ],
     [
      -8795.9,
      789.3
     ],
     [
      -8795.2,
      790.8
     ],
     [
      -8793.7,
      792.7
     ],
     [
      -8792.4,
      793.6
     ],
     [
      -8790.3,
      794.2
     ],
     [
      -8788.4,
      795.1
     ],
     [
      -8785.8,
      795.9
     ],
     [
      -8783.4,
      796.8
     ],
     [
      -8781,
      797.4
     ],
     [
      -8778.2,
      798.1
     ],
     [
      -8775.2,
      798.1
     ],
     [
      -8772.2,
      798.1
     ],
     [
      -8769.8,
      797.9
     ],
     [
      -8767.7,
      797.7
     ],
     [
      -8765.7,
      797.7
     ],
     [
      -8764.2,
      797.7
     ],
     [
      -8762.5,
      797.7
     ],
     [
      -8761,
      797.4
     ],
     [
      -8758.8,
      797.4
     ],
     [
      -8756.7,
      797.7
     ],
     [
      -8755.2,
      798.1
     ],
     [
      -8752.8,
      798.5
     ],
     [
      -8750.6,
      799.2
     ],
     [
      -8748.9,
      799.6
     ],
     [
      -8747,
      800.2
     ],
     [
      -8745,
      801.1
     ],
     [
      -8743.3,
      802
     ],
     [
      -8741.4,
      802.6
     ],
     [
      -8739.9,
      803.3
     ],
     [
      -8738.2,
      804.1
     ],
     [
      -8736.6,
      804.8
     ],
     [
      -8735.1,
      805.6
     ],
     [
      -8733.6,
      806.3
     ],
     [
      -8732.1,
      807.1
     ]
    ]
   }
  },
  {
   "type": "Feature",
   "properties": {
    "op": "remove",
    "source": "recorded",
    "zone": "Stormwind City",
    "time": 1790809450,
    "trim": true,
    "area": true
   },
   "geometry": {
    "type": "LineString",
    "coordinates": [
     [
      -8726.7,
      795.1
     ],
     [
      -8725,
      795.5
     ],
     [
      -8723.3,
      795.7
     ],
     [
      -8721.8,
      795.7
     ],
     [
      -8720.1,
      795.5
     ],
     [
      -8717.9,
      795.1
     ],
     [
      -8716,
      794.2
     ],
     [
      -8714,
      792.9
     ],
     [
      -8712.9,
      791.8
     ],
     [
      -8711.9,
      790.8
     ],
     [
      -8711,
      789.3
     ],
     [
      -8711,
      787.5
     ],
     [
      -8711.2,
      786
     ],
     [
      -8712.5,
      784.1
     ],
     [
      -8714,
      782.6
     ],
     [
      -8716.4,
      780.6
     ],
     [
      -8718.5,
      778.7
     ],
     [
      -8720.1,
      777.2
     ],
     [
      -8721.6,
      776.1
     ],
     [
      -8723.1,
      775
     ],
     [
      -8724.6,
      774.2
     ],
     [
      -8726.3,
      773.7
     ],
     [
      -8728.2,
      773.3
     ],
     [
      -8730.4,
      772.9
     ],
     [
      -8732.3,
      772.9
     ],
     [
      -8733.8,
      774.2
     ],
     [
      -8734.9,
      775.5
     ],
     [
      -8735.4,
      777
     ],
     [
      -8735.6,
      778.5
     ],
     [
      -8735.6,
      780.4
     ],
     [
      -8735.4,
      782.6
     ],
     [
      -8734.7,
      785.2
     ],
     [
      -8734.1,
      787.1
     ],
     [
      -8733.6,
      788.6
     ],
     [
      -8733,
      790.3
     ],
     [
      -8731.9,
      792.1
     ],
     [
      -8730,
      792.9
     ],
     [
      -8728.5,
      793.3
     ],
     [
      -8726.7,
      793.6
     ],
     [
      -8725.2,
      794
     ],
     [
      -8725,
      795.5
     ],
     [
      -8725,
      797
     ]
    ]
   }
  },
  {
   "type": "Feature",
   "properties": {
    "op": "add",
    "source": "recorded",
    "zone": "Stormwind City",
    "time": 1790809453,
    "trim": true
   },
   "geometry": {
    "type": "LineString",
    "coordinates": [
     [
      -8721.8,
      803.9
     ],
     [
      -8721.1,
      802.4
     ],
     [
      -8720.3,
      801.1
     ],
     [
      -8719.6,
      799.6
     ],
     [
      -8718.8,
      798.3
     ],
     [
      -8718.3,
      796.8
     ],
     [
      -8717.9,
      795.3
     ],
     [
      -8717.5,
      793.8
     ],
     [
      -8717.7,
      792.1
     ],
     [
      -8718.3,
      790.5
     ],
     [
      -8719.2,
      789.3
     ],
     [
      -8720.5,
      788
     ],
     [
      -8721.6,
      786.9
     ],
     [
      -8722.9,
      785.8
     ],
     [
      -8723.7,
      784.5
     ],
     [
      -8724.8,
      783.2
     ],
     [
      -8725.7,
      781.7
     ],
     [
      -8727.2,
      780.4
     ],
     [
      -8728.2,
      779.3
     ],
     [
      -8729.3,
      778.1
     ],
     [
      -8730.2,
      776.5
     ],
     [
      -8730.8,
      775
     ],
     [
      -8731.3,
      773.5
     ],
     [
      -8731.5,
      772
     ],
     [
      -8731.7,
      770.5
     ],
     [
      -8731.7,
      769
     ],
     [
      -8731.7,
      767.5
     ]
    ]
   }
  },
  {
   "type": "Feature",
   "properties": {
    "op": "remove",
    "source": "recorded",
    "zone": "Stormwind City",
    "time": 1790809457,
    "trim": true,
    "area": true
   },
   "geometry": {
    "type": "LineString",
    "coordinates": [
     [
      -8729.8,
      820.7
     ],
     [
      -8729.5,
      819
     ],
     [
      -8729.1,
      816.8
     ],
     [
      -8728.5,
      815.1
     ],
     [
      -8728.2,
      813.4
     ],
     [
      -8728.2,
      811.7
     ],
     [
      -8729.5,
      810.6
     ],
     [
      -8731,
      810.2
     ],
     [
      -8733,
      810.4
     ],
     [
      -8734.7,
      811.2
     ],
     [
      -8736.2,
      813
     ],
     [
      -8737.3,
      814.7
     ],
     [
      -8737.9,
      816.4
     ],
     [
      -8738.2,
      818.3
     ],
     [
      -8738.2,
      819.8
     ],
     [
      -8737.5,
      821.6
     ],
     [
      -8736.4,
      822.9
     ],
     [
      -8734.9,
      823.3
     ],
     [
      -8733,
      822.6
     ],
     [
      -8731.7,
      821.6
     ],
     [
      -8730.8,
      820.3
     ],
     [
      -8729.3,
      819.6
     ]
    ]
   }
  },
  {
   "type": "Feature",
   "properties": {
    "op": "remove",
    "source": "recorded",
    "zone": "Stormwind City",
    "time": 1790809462,
    "trim": true,
    "area": true
   },
   "geometry": {
    "type": "LineString",
    "coordinates": [
     [
      -8718.8,
      845.9
     ],
     [
      -8719.8,
      844.6
     ],
     [
      -8720.7,
      843.3
     ],
     [
      -8721.8,
      841.6
     ],
     [
      -8722.4,
      839.9
     ],
     [
      -8722.9,
      838.4
     ],
     [
      -8723.5,
      836.4
     ],
     [
      -8723.7,
      834.7
     ],
     [
      -8723.9,
      833.2
     ],
     [
      -8724.1,
      831.7
     ],
     [
      -8724.4,
      830
     ],
     [
      -8724.4,
      828.5
     ],
     [
      -8724.4,
      827
     ],
     [
      -8724.4,
      825.4
     ],
     [
      -8724.4,
      823.9
     ],
     [
      -8724.1,
      822
     ],
     [
      -8724.1,
      820.5
     ],
     [
      -8724.1,
      818.8
     ],
     [
      -8724.1,
      817.3
     ],
     [
      -8723.9,
      815.5
     ],
     [
      -8723.9,
      814
     ],
     [
      -8722.9,
      813
     ],
     [
      -8720.9,
      813.4
     ],
     [
      -8719.4,
      814.2
     ],
     [
      -8718.3,
      815.3
     ],
     [
      -8717.3,
      816.6
     ],
     [
      -8716.2,
      818.3
     ],
     [
      -8715.3,
      819.8
     ],
     [
      -8714.7,
      821.6
     ],
     [
      -8714,
      823.3
     ],
     [
      -8713.8,
      824.8
     ],
     [
      -8713.6,
      826.5
     ],
     [
      -8713.6,
      828
     ],
     [
      -8713.8,
      829.5
     ],
     [
      -8714.5,
      831.7
     ],
     [
      -8715.5,
      834.1
     ],
     [
      -8716.2,
      835.8
     ],
     [
      -8716.6,
      837.3
     ],
     [
      -8716.8,
      839
     ],
     [
      -8717.3,
      840.7
     ],
     [
      -8717.7,
      842.3
     ],
     [
      -8718.1,
      843.8
     ],
     [
      -8718.5,
      845.3
     ],
     [
      -8719.2,
      846.8
     ]
    ]
   }
  },
  {
   "type": "Feature",
   "properties": {
    "op": "remove",
    "source": "recorded",
    "zone": "Stormwind City",
    "time": 1790809464,
    "trim": true,
    "area": true
   },
   "geometry": {
    "type": "LineString",
    "coordinates": [
     [
      -8722.4,
      822.4
     ],
     [
      -8721.3,
      821.4
     ],
     [
      -8720.5,
      820.1
     ],
     [
      -8720.3,
      818.3
     ],
     [
      -8720.3,
      816.4
     ],
     [
      -8720.7,
      814.7
     ],
     [
      -8720.9,
      813.2
     ],
     [
      -8721.6,
      811.7
     ],
     [
      -8722.4,
      809.7
     ],
     [
      -8723.5,
      807.8
     ],
     [
      -8724.6,
      806.3
     ],
     [
      -8726.5,
      805.8
     ],
     [
      -8728,
      806.5
     ],
     [
      -8728.9,
      808.4
     ],
     [
      -8729.3,
      810.4
     ],
     [
      -8729.5,
      812.5
     ],
     [
      -8729.3,
      814
     ],
     [
      -8728.7,
      816
     ],
     [
      -8727.2,
      818.6
     ],
     [
      -8725.9,
      820.9
     ],
     [
      -8725,
      822.2
     ],
     [
      -8723.9,
      823.3
     ],
     [
      -8722.4,
      823.5
     ]
    ]
   }
  },
  {
   "type": "Feature",
   "properties": {
    "op": "add",
    "source": "recorded",
    "zone": "Stormwind City",
    "time": 1790809468,
    "trim": true
   },
   "geometry": {
    "type": "LineString",
    "coordinates": [
     [
      -8727.6,
      836.2
     ],
     [
      -8728,
      834.7
     ],
     [
      -8728.7,
      833.2
     ],
     [
      -8728.9,
      831.7
     ],
     [
      -8729.3,
      830.2
     ],
     [
      -8729.3,
      828.7
     ],
     [
      -8729.5,
      827.2
     ],
     [
      -8729.5,
      825.4
     ],
     [
      -8729.5,
      823.9
     ],
     [
      -8729.3,
      822.4
     ],
     [
      -8729.1,
      820.9
     ],
     [
      -8728.7,
      819.4
     ],
     [
      -8728.2,
      817.9
     ],
     [
      -8727.6,
      816.4
     ],
     [
      -8727.2,
      814.9
     ],
     [
      -8726.3,
      813.4
     ],
     [
      -8725.7,
      811.9
     ],
     [
      -8724.6,
      810.4
     ],
     [
      -8723.7,
      809.1
     ],
     [
      -8723.1,
      807.6
     ],
     [
      -8722.4,
      805.8
     ],
     [
      -8721.8,
      804.3
     ]
    ]
   }
  },
  {
   "type": "Feature",
   "properties": {
    "op": "remove",
    "source": "recorded",
    "zone": "Stormwind City",
    "time": 1790809505,
    "trim": true,
    "area": true
   },
   "geometry": {
    "type": "LineString",
    "coordinates": [
     [
      -8626.1,
      656.9
     ],
     [
      -8624.6,
      657.3
     ],
     [
      -8623.1,
      657.5
     ],
     [
      -8621.1,
      658
     ],
     [
      -8619.2,
      658.2
     ],
     [
      -8617.4,
      658.2
     ],
     [
      -8617.2,
      659.9
     ],
     [
      -8618.3,
      661.4
     ],
     [
      -8620,
      662.7
     ],
     [
      -8621.8,
      663.4
     ],
     [
      -8623.9,
      664
     ],
     [
      -8625.4,
      664.4
     ],
     [
      -8626.9,
      664.4
     ],
     [
      -8628.4,
      664.2
     ],
     [
      -8629.7,
      663.4
     ],
     [
      -8631,
      662.5
     ],
     [
      -8632.5,
      661.6
     ],
     [
      -8633.6,
      660.6
     ],
     [
      -8632.7,
      659
     ],
     [
      -8631,
      658.4
     ],
     [
      -8629.3,
      658
     ],
     [
      -8627.4,
      657.5
     ],
     [
      -8625.9,
      657.1
     ]
    ]
   }
  },
  {
   "type": "Feature",
   "properties": {
    "op": "remove",
    "source": "recorded",
    "zone": "Stormwind City",
    "time": 1790809516,
    "trim": true,
    "area": true
   },
   "geometry": {
    "type": "LineString",
    "coordinates": [
     [
      -8635.5,
      660.3
     ],
     [
      -8634.5,
      658.6
     ],
     [
      -8633.6,
      657.1
     ],
     [
      -8632.7,
      655.8
     ],
     [
      -8631.9,
      654.3
     ],
     [
      -8631.5,
      652.4
     ],
     [
      -8631,
      650.6
     ],
     [
      -8630.8,
      649.1
     ],
     [
      -8631.2,
      647.4
     ],
     [
      -8633,
      646.3
     ],
     [
      -8634.5,
      645.7
     ],
     [
      -8637.1,
      645
     ],
     [
      -8639,
      645
     ],
     [
      -8640.5,
      645
     ],
     [
      -8642.2,
      645.3
     ],
     [
      -8643.9,
      646.1
     ],
     [
      -8645.9,
      647
     ],
     [
      -8647.4,
      647.6
     ],
     [
      -8649.1,
      648.7
     ],
     [
      -8650.6,
      649.8
     ],
     [
      -8652.4,
      650.6
     ],
     [
      -8653.9,
      651.7
     ],
     [
      -8654.9,
      653
     ],
     [
      -8656,
      654.1
     ],
     [
      -8656,
      655.6
     ],
     [
      -8656,
      657.1
     ],
     [
      -8653.6,
      658.8
     ],
     [
      -8651.9,
      659.7
     ],
     [
      -8649.8,
      660.8
     ],
     [
      -8648.3,
      661.4
     ],
     [
      -8646.5,
      661.8
     ],
     [
      -8644.8,
      661.8
     ],
     [
      -8643.3,
      661.8
     ],
     [
      -8641.6,
      661.8
     ],
     [
      -8640.1,
      662.1
     ],
     [
      -8638.1,
      662.1
     ],
     [
      -8636.6,
      661.6
     ],
     [
      -8635.5,
      660.1
     ]
    ]
   }
  },
  {
   "type": "Feature",
   "properties": {
    "op": "add",
    "source": "recorded",
    "zone": "Stormwind City",
    "time": 1790809519,
    "trim": true
   },
   "geometry": {
    "type": "LineString",
    "coordinates": [
     [
      -8620.7,
      653.7
     ],
     [
      -8622.2,
      653.9
     ],
     [
      -8623.7,
      654.1
     ],
     [
      -8625.2,
      654.3
     ],
     [
      -8626.7,
      654.5
     ],
     [
      -8628.2,
      654.5
     ],
     [
      -8629.7,
      654.5
     ],
     [
      -8631.2,
      654.5
     ],
     [
      -8633,
      654.5
     ],
     [
      -8634.7,
      654.5
     ],
     [
      -8636.2,
      654.5
     ],
     [
      -8637.7,
      654.7
     ],
     [
      -8639.4,
      655.2
     ],
     [
      -8641.1,
      655.4
     ],
     [
      -8642.7,
      655.8
     ],
     [
      -8644.4,
      655.8
     ],
     [
      -8646.3,
      656
     ],
     [
      -8648,
      656.2
     ],
     [
      -8649.8,
      656.5
     ],
     [
      -8651.5,
      656.7
     ],
     [
      -8653,
      657.1
     ],
     [
      -8654.7,
      657.8
     ],
     [
      -8656.2,
      658.4
     ],
     [
      -8657.3,
      659.5
     ],
     [
      -8658.2,
      660.8
     ],
     [
      -8659.2,
      661.8
     ],
     [
      -8660.3,
      662.9
     ]
    ]
   }
  },
  {
   "type": "Feature",
   "properties": {
    "op": "remove",
    "source": "recorded",
    "zone": "Stormwind City",
    "time": 1790809521,
    "trim": true
   },
   "geometry": {
    "type": "LineString",
    "coordinates": [
     [
      -8662.9,
      665.7
     ],
     [
      -8661.4,
      665.7
     ],
     [
      -8659.5,
      665.7
     ],
     [
      -8657.7,
      665.3
     ],
     [
      -8656.2,
      664.6
     ],
     [
      -8655.4,
      663.4
     ],
     [
      -8655.4,
      661.8
     ],
     [
      -8655.6,
      660.1
     ],
     [
      -8656.4,
      658.8
     ],
     [
      -8658.2,
      658.4
     ],
     [
      -8660.1,
      658.8
     ],
     [
      -8661.8,
      659.9
     ],
     [
      -8662.9,
      661.2
     ],
     [
      -8663.8,
      662.7
     ],
     [
      -8663.8,
      664.6
     ],
     [
      -8663.8,
      666.6
     ],
     [
      -8662.3,
      667.2
     ]
    ]
   }
  },
  {
   "type": "Feature",
   "properties": {
    "op": "add",
    "source": "recorded",
    "zone": "Stormwind City",
    "time": 1790809524,
    "trim": true
   },
   "geometry": {
    "type": "LineString",
    "coordinates": [
     [
      -8673.7,
      676.3
     ],
     [
      -8672.4,
      675.4
     ],
     [
      -8670.9,
      674.3
     ],
     [
      -8669.6,
      673.3
     ],
     [
      -8668.1,
      672
     ],
     [
      -8666.8,
      671.1
     ],
     [
      -8665.5,
      670
     ],
     [
      -8664.4,
      669
     ],
     [
      -8663.3,
      667.9
     ],
     [
      -8661.8,
      666.6
     ],
     [
      -8660.3,
      665.3
     ],
     [
      -8659,
      664.4
     ],
     [
      -8657.7,
      663.4
     ],
     [
      -8656.4,
      662.3
     ],
     [
      -8655.2,
      661.4
     ],
     [
      -8653.6,
      660.6
     ],
     [
      -8651.9,
      659.9
     ],
     [
      -8650.4,
      659.7
     ],
     [
      -8648.9,
      659
     ],
     [
      -8647.2,
      658.2
     ],
     [
      -8645.7,
      657.1
     ],
     [
      -8644.4,
      656.2
     ],
     [
      -8642.9,
      656
     ],
     [
      -8641.4,
      655.8
     ]
    ]
   }
  },
  {
   "type": "Feature",
   "properties": {
    "op": "remove",
    "source": "recorded",
    "zone": "Stormwind City",
    "time": 1790809533,
    "trim": true,
    "area": true
   },
   "geometry": {
    "type": "LineString",
    "coordinates": [
     [
      -8669.2,
      683.4
     ],
     [
      -8669.2,
      681
     ],
     [
      -8668.9,
      678.7
     ],
     [
      -8666.9,
      677.3
     ],
     [
      -8664.5,
      678
     ],
     [
      -8662.2,
      678
     ],
     [
      -8659.8,
      677.7
     ],
     [
      -8657.5,
      678.3
     ],
     [
      -8657.1,
      680.7
     ],
     [
      -8657.5,
      683
     ],
     [
      -8659.5,
      684.7
     ],
     [
      -8662.2,
      685.4
     ],
     [
      -8664.5,
      686.1
     ],
     [
      -8666.9,
      686.1
     ],
     [
      -8669.2,
      685.7
     ],
     [
      -8671.3,
      684.4
     ],
     [
      -8670.9,
      682
     ],
     [
      -8668.6,
      681.4
     ]
    ]
   }
  },
  {
   "type": "Feature",
   "properties": {
    "op": "remove",
    "source": "recorded",
    "zone": "Stormwind City",
    "time": 1790809677,
    "trim": true,
    "area": true
   },
   "geometry": {
    "type": "LineString",
    "coordinates": [
     [
      -8798.7,
      916.8
     ],
     [
      -8797.3,
      914.8
     ],
     [
      -8795.3,
      913.1
     ],
     [
      -8794,
      911.1
     ],
     [
      -8792,
      909.4
     ],
     [
      -8789.9,
      907.4
     ],
     [
      -8788.3,
      905.4
     ],
     [
      -8786.9,
      903
     ],
     [
      -8785.9,
      900.6
     ],
     [
      -8785.6,
      898.3
     ],
     [
      -8785.2,
      895.9
     ],
     [
      -8784.9,
      893.2
     ],
     [
      -8784.9,
      890.5
     ],
     [
      -8784.9,
      887.9
     ],
     [
      -8784.9,
      885.5
     ],
     [
      -8785.2,
      883.1
     ],
     [
      -8785.6,
      880.5
     ],
     [
      -8786.2,
      878.1
     ],
     [
      -8787.9,
      875.7
     ],
     [
      -8789.3,
      873.7
     ],
     [
      -8790.9,
      872
     ],
     [
      -8793.3,
      870.4
     ],
     [
      -8796,
      869
     ],
     [
      -8799,
      868.3
     ],
     [
      -8801.7,
      867.7
     ],
     [
      -8804.8,
      867.7
     ],
     [
      -8807.1,
      867.7
     ],
     [
      -8809.5,
      868.3
     ],
     [
      -8812.2,
      869.7
     ],
     [
      -8814.2,
      871.4
     ],
     [
      -8815.9,
      873
     ],
     [
      -8816.9,
      875.4
     ],
     [
      -8818.2,
      877.4
     ],
     [
      -8819.2,
      879.8
     ],
     [
      -8819.9,
      882.1
     ],
     [
      -8820.2,
      884.5
     ],
     [
      -8821.6,
      887.5
     ],
     [
      -8822.6,
      889.9
     ],
     [
      -8823.3,
      892.2
     ],
     [
      -8823.9,
      894.6
     ],
     [
      -8824.9,
      897.3
     ],
     [
      -8826,
      900
     ],
     [
      -8827.3,
      902
     ],
     [
      -8828.7,
      904.7
     ],
     [
      -8830,
      906.7
     ],
     [
      -8831.7,
      909.1
     ],
     [
      -8833.4,
      910.7
     ],
     [
      -8835,
      912.8
     ],
     [
      -8836.4,
      914.8
     ],
     [
      -8836.1,
      917.1
     ],
     [
      -8834.7,
      919.2
     ],
     [
      -8833,
      921.9
     ],
     [
      -8831,
      923.9
     ],
     [
      -8828.7,
      925.6
     ],
     [
      -8825.6,
      926.9
     ],
     [
      -8823.3,
      927.9
     ],
     [
      -8820.9,
      928.6
     ],
     [
      -8817.5,
      928.6
     ],
     [
      -8814.9,
      927.6
     ],
     [
      -8812.5,
      926.9
     ],
     [
      -8809.8,
      925.6
     ],
     [
      -8807.4,
      923.5
     ],
     [
      -8805.1,
      921.9
     ],
     [
      -8803.4,
      920.2
     ],
     [
      -8801.4,
      918.5
     ],
     [
      -8800,
      916.5
     ],
     [
      -8798.4,
      914.5
     ],
     [
      -8796,
      913.1
     ]
    ]
   }
  },
  {
   "type": "Feature",
   "properties": {
    "op": "remove",
    "source": "recorded",
    "zone": "Stormwind City",
    "time": 1790809681,
    "trim": true
   },
   "geometry": {
    "type": "LineString",
    "coordinates": [
     [
      -8790.6,
      909.9
     ],
     [
      -8789.5,
      908.9
     ],
     [
      -8788.5,
      907.8
     ],
     [
      -8787.8,
      906.3
     ],
     [
      -8787.2,
      904.8
     ],
     [
      -8787,
      903.3
     ],
     [
      -8788.5,
      903.3
     ],
     [
      -8789.5,
      904.8
     ],
     [
      -8790,
      906.3
     ],
     [
      -8790.2,
      907.8
     ],
     [
      -8790.6,
      909.3
     ],
     [
      -8791,
      910.8
     ]
    ]
   }
  },
  {
   "type": "Feature",
   "properties": {
    "op": "add",
    "source": "recorded",
    "zone": "Stormwind City",
    "time": 1790809685,
    "trim": true
   },
   "geometry": {
    "type": "LineString",
    "coordinates": [
     [
      -8794.3,
      926.1
     ],
     [
      -8793,
      925
     ],
     [
      -8791.9,
      923.7
     ],
     [
      -8790.8,
      922.2
     ],
     [
      -8790,
      920.5
     ],
     [
      -8789.3,
      919
     ],
     [
      -8788.5,
      917.1
     ],
     [
      -8787.8,
      915.3
     ],
     [
      -8787,
      913.8
     ],
     [
      -8786.1,
      912.3
     ],
     [
      -8785,
      911
     ],
     [
      -8783.7,
      909.7
     ],
     [
      -8782.4,
      908.4
     ],
     [
      -8781.4,
      907.4
     ],
     [
      -8779.8,
      906.3
     ],
     [
      -8778.3,
      905.2
     ],
     [
      -8777.3,
      904.1
     ],
     [
      -8776,
      903.3
     ],
     [
      -8774.5,
      902.4
     ],
     [
      -8773.2,
      901.3
     ],
     [
      -8771.9,
      900.5
     ],
     [
      -8770.6,
      899.4
     ],
     [
      -8768.6,
      898.5
     ],
     [
      -8767.3,
      897.7
     ],
     [
      -8766.1,
      896.8
     ],
     [
      -8764.5,
      896.2
     ]
    ]
   }
  },
  {
   "type": "Feature",
   "properties": {
    "op": "remove",
    "source": "recorded",
    "zone": "Stormwind City",
    "time": 1790809689,
    "trim": true,
    "area": true
   },
   "geometry": {
    "type": "LineString",
    "coordinates": [
     [
      -8760,
      894.2
     ],
     [
      -8758.7,
      893.4
     ],
     [
      -8757.2,
      892.7
     ],
     [
      -8755.5,
      892.3
     ],
     [
      -8754,
      891.8
     ],
     [
      -8752.3,
      892.5
     ],
     [
      -8751.4,
      893.8
     ],
     [
      -8750.3,
      895.1
     ],
     [
      -8749.7,
      896.6
     ],
     [
      -8749.2,
      898.1
     ],
     [
      -8749,
      899.6
     ],
     [
      -8750.1,
      900.9
     ],
     [
      -8751.4,
      901.8
     ],
     [
      -8753.1,
      902.6
     ],
     [
      -8754.6,
      902.8
     ],
     [
      -8756.4,
      902.2
     ],
     [
      -8757.2,
      900.9
     ],
     [
      -8757.7,
      899.4
     ],
     [
      -8758.3,
      897.9
     ],
     [
      -8758.5,
      896.4
     ],
     [
      -8758.9,
      894.9
     ],
     [
      -8759.8,
      893.4
     ]
    ]
   }
  },
  {
   "type": "Feature",
   "properties": {
    "op": "remove",
    "source": "recorded",
    "zone": "Stormwind City",
    "time": 1790809693,
    "trim": true,
    "area": true
   },
   "geometry": {
    "type": "LineString",
    "coordinates": [
     [
      -8758.3,
      888.4
     ],
     [
      -8756.8,
      888.2
     ],
     [
      -8755.3,
      888.2
     ],
     [
      -8753.8,
      888.2
     ],
     [
      -8752.3,
      888.4
     ],
     [
      -8750.8,
      888.6
     ],
     [
      -8749.2,
      888.6
     ],
     [
      -8747.7,
      888.4
     ],
     [
      -8746.7,
      887.3
     ],
     [
      -8746.4,
      885.8
     ],
     [
      -8746.2,
      884.1
     ],
     [
      -8746,
      882.4
     ],
     [
      -8745.8,
      880.9
     ],
     [
      -8745.8,
      879.4
     ],
     [
      -8745.6,
      877.6
     ],
     [
      -8745.6,
      876.1
     ],
     [
      -8745.6,
      874.6
     ],
     [
      -8746.9,
      873.8
     ],
     [
      -8748.8,
      873.1
     ],
     [
      -8750.3,
      872.9
     ],
     [
      -8751.8,
      872.9
     ],
     [
      -8753.6,
      873.5
     ],
     [
      -8754.6,
      874.6
     ],
     [
      -8755.7,
      875.7
     ],
     [
      -8756.6,
      877.4
     ],
     [
      -8757.2,
      878.9
     ],
     [
      -8757.7,
      880.4
     ],
     [
      -8758.1,
      881.9
     ],
     [
      -8758.3,
      883.4
     ],
     [
      -8758.3,
      885
     ],
     [
      -8758.3,
      886.5
     ],
     [
      -8758.3,
      888
     ]
    ]
   }
  },
  {
   "type": "Feature",
   "properties": {
    "op": "remove",
    "source": "recorded",
    "zone": "Stormwind City",
    "time": 1790809695,
    "trim": true,
    "area": true
   },
   "geometry": {
    "type": "LineString",
    "coordinates": [
     [
      -8763,
      900.9
     ],
     [
      -8762.2,
      899.4
     ],
     [
      -8760,
      898.1
     ],
     [
      -8758.3,
      897
     ],
     [
      -8757,
      895.7
     ],
     [
      -8755.7,
      894.6
     ],
     [
      -8754.6,
      893.6
     ],
     [
      -8753.1,
      892.1
     ],
     [
      -8751.8,
      890.8
     ],
     [
      -8750.5,
      889.7
     ],
     [
      -8749,
      888.6
     ],
     [
      -8748,
      887.5
     ],
     [
      -8748.8,
      886.2
     ],
     [
      -8750.8,
      886
     ],
     [
      -8752.3,
      886
     ],
     [
      -8753.8,
      886
     ],
     [
      -8755.3,
      886.5
     ],
     [
      -8757.2,
      887.1
     ],
     [
      -8758.9,
      887.8
     ],
     [
      -8760.5,
      888.2
     ],
     [
      -8761.7,
      889
     ],
     [
      -8763.3,
      890.3
     ],
     [
      -8764.5,
      891.6
     ],
     [
      -8765.8,
      892.9
     ],
     [
      -8766.7,
      894.4
     ],
     [
      -8767.6,
      895.7
     ],
     [
      -8768.6,
      897.7
     ],
     [
      -8769.1,
      899.2
     ],
     [
      -8767.8,
      900.9
     ],
     [
      -8766.3,
      901.5
     ],
     [
      -8764.8,
      902.2
     ],
     [
      -8763.3,
      901.8
     ],
     [
      -8761.7,
      901.1
     ],
     [
      -8761.1,
      899.6
     ]
    ]
   }
  },
  {
   "type": "Feature",
   "properties": {
    "op": "add",
    "source": "recorded",
    "zone": "Stormwind City",
    "time": 1790809698,
    "trim": true
   },
   "geometry": {
    "type": "LineString",
    "coordinates": [
     [
      -8770.1,
      899.6
     ],
     [
      -8769.9,
      898.1
     ],
     [
      -8768.9,
      896.8
     ],
     [
      -8767.6,
      895.9
     ],
     [
      -8766.1,
      895.3
     ],
     [
      -8764.3,
      894.4
     ],
     [
      -8762.8,
      893.8
     ],
     [
      -8761.3,
      893.4
     ],
     [
      -8759.8,
      892.7
     ],
     [
      -8758.3,
      892.3
     ],
     [
      -8756.8,
      891.8
     ],
     [
      -8755.3,
      891.6
     ],
     [
      -8753.6,
      891.2
     ],
     [
      -8752.1,
      891
     ],
     [
      -8750.3,
      890.6
     ],
     [
      -8748.8,
      890.1
     ],
     [
      -8747.3,
      889.9
     ],
     [
      -8745.6,
      889.5
     ],
     [
      -8744.1,
      889
     ],
     [
      -8742.6,
      889
     ],
     [
      -8741.3,
      889.9
     ]
    ]
   }
  },
  {
   "type": "Feature",
   "properties": {
    "op": "remove",
    "source": "recorded",
    "zone": "Stormwind City",
    "time": 1790809716,
    "trim": true,
    "area": true
   },
   "geometry": {
    "type": "LineString",
    "coordinates": [
     [
      -8831.1,
      781.8
     ],
     [
      -8832.9,
      781.1
     ],
     [
      -8834.6,
      780.1
     ],
     [
      -8835.9,
      779.2
     ],
     [
      -8837.2,
      778.1
     ],
     [
      -8838.7,
      776.8
     ],
     [
      -8840,
      775.5
     ],
     [
      -8841.3,
      773.8
     ],
     [
      -8842.3,
      772.1
     ],
     [
      -8843.2,
      770.8
     ],
     [
      -8844.5,
      769.3
     ],
     [
      -8845.3,
      768
     ],
     [
      -8846.6,
      766.7
     ],
     [
      -8847.9,
      765.6
     ],
     [
      -8849.2,
      764.8
     ],
     [
      -8850.5,
      763.9
     ],
     [
      -8852,
      763.3
     ],
     [
      -8853.3,
      762.2
     ],
     [
      -8854.4,
      761.1
     ],
     [
      -8855,
      759.4
     ],
     [
      -8855.3,
      757.9
     ],
     [
      -8855.3,
      756.1
     ],
     [
      -8854.8,
      754.6
     ],
     [
      -8854,
      752.9
     ],
     [
      -8853.5,
      751.4
     ],
     [
      -8852.7,
      749.2
     ],
     [
      -8851.6,
      747.1
     ],
     [
      -8850.9,
      745.6
     ],
     [
      -8850.1,
      744.3
     ],
     [
      -8849.2,
      742.8
     ],
     [
      -8848.4,
      741.1
     ],
     [
      -8847.3,
      740
     ],
     [
      -8846,
      738.9
     ],
     [
      -8844.9,
      737.6
     ],
     [
      -8843.8,
      736.5
     ],
     [
      -8842.8,
      735.5
     ],
     [
      -8841,
      735
     ],
     [
      -8839.5,
      735
     ],
     [
      -8838,
      734.8
     ],
     [
      -8836.3,
      735.2
     ],
     [
      -8834.8,
      735.9
     ],
     [
      -8833.1,
      737
     ],
     [
      -8831.3,
      738.5
     ],
     [
      -8830.1,
      739.6
     ],
     [
      -8828.8,
      740.4
     ],
     [
      -8827.3,
      741.9
     ],
     [
      -8826.2,
      743
     ],
     [
      -8824.5,
      744.3
     ],
     [
      -8822.7,
      745.6
     ],
     [
      -8821.4,
      746.7
     ],
     [
      -8820.4,
      747.7
     ],
     [
      -8819.1,
      748.8
     ],
     [
      -8817.8,
      749.9
     ],
     [
      -8816.5,
      751
     ],
     [
      -8815,
      752
     ],
     [
      -8813.7,
      752.9
     ],
     [
      -8812,
      753.8
     ],
     [
      -8810.4,
      754.2
     ],
     [
      -8808.9,
      754.6
     ],
     [
      -8807.4,
      755.1
     ],
     [
      -8805.9,
      755.1
     ],
     [
      -8804.4,
      755.1
     ],
     [
      -8802.9,
      755.1
     ],
     [
      -8801.8,
      756.1
     ],
     [
      -8802.7,
      757.6
     ],
     [
      -8803.6,
      759.2
     ],
     [
      -8804.4,
      760.7
     ],
     [
      -8805.3,
      762
     ],
     [
      -8806.4,
      763.5
     ],
     [
      -8807.6,
      764.8
     ],
     [
      -8808.9,
      766.3
     ],
     [
      -8810.2,
      767.3
     ],
     [
      -8811.5,
      768.4
     ],
     [
      -8812.8,
      769.5
     ],
     [
      -8814.3,
      770.4
     ],
     [
      -8815.8,
      771.7
     ],
     [
      -8817.1,
      772.5
     ],
     [
      -8818.6,
      773.4
     ],
     [
      -8819.9,
      774.2
     ],
     [
      -8821.6,
      775.3
     ],
     [
      -8822.9,
      776.2
     ],
     [
      -8824.7,
      777
     ],
     [
      -8826.2,
      777.7
     ],
     [
      -8827.7,
      778.3
     ],
     [
      -8829.6,
      779
     ],
     [
      -8831.1,
      779.2
     ],
     [
      -8832.6,
      779.6
     ],
     [
      -8833.5,
      781.1
     ]
    ]
   }
  },
  {
   "type": "Feature",
   "properties": {
    "op": "remove",
    "source": "recorded",
    "zone": "Stormwind City",
    "time": 1790809722,
    "trim": true,
    "area": true
   },
   "geometry": {
    "type": "LineString",
    "coordinates": [
     [
      -8805.9,
      769.5
     ],
     [
      -8804.2,
      769.9
     ],
     [
      -8802.7,
      770.1
     ],
     [
      -8800.8,
      770.1
     ],
     [
      -8799.2,
      769.9
     ],
     [
      -8797.7,
      769.9
     ],
     [
      -8796,
      769.7
     ],
     [
      -8794.5,
      769.7
     ],
     [
      -8793,
      769.7
     ],
     [
      -8791.5,
      770.1
     ],
     [
      -8791.1,
      771.7
     ],
     [
      -8790.8,
      773.2
     ],
     [
      -8790.8,
      774.9
     ],
     [
      -8790.8,
      776.4
     ],
     [
      -8791.7,
      778.3
     ],
     [
      -8792.8,
      780.1
     ],
     [
      -8793.9,
      782
     ],
     [
      -8794.7,
      783.7
     ],
     [
      -8796,
      785
     ],
     [
      -8797.1,
      786.1
     ],
     [
      -8798.6,
      787.4
     ],
     [
      -8799.9,
      788.2
     ],
     [
      -8801.4,
      788.9
     ],
     [
      -8802.9,
      789.3
     ],
     [
      -8805.1,
      790
     ],
     [
      -8806.8,
      790.2
     ],
     [
      -8808.5,
      790.8
     ],
     [
      -8810,
      791.5
     ],
     [
      -8811.7,
      792.3
     ],
     [
      -8813.5,
      793
     ],
     [
      -8815,
      793.6
     ],
     [
      -8816.7,
      794.5
     ],
     [
      -8818.2,
      795.4
     ],
     [
      -8819.7,
      796
     ],
     [
      -8821.2,
      796.6
     ],
     [
      -8822.7,
      797.1
     ],
     [
      -8824.7,
      797.5
     ],
     [
      -8826.4,
      797.5
     ],
     [
      -8828.1,
      797.3
     ],
     [
      -8829.6,
      796.9
     ],
     [
      -8830.1,
      795.4
     ],
     [
      -8830.7,
      793.8
     ],
     [
      -8831.6,
      792.6
     ],
     [
      -8832.4,
      791
     ],
     [
      -8833.1,
      789.5
     ],
     [
      -8833.5,
      788
     ],
     [
      -8834.1,
      786.5
     ],
     [
      -8834.4,
      784.8
     ],
     [
      -8834.4,
      783.1
     ],
     [
      -8834.1,
      781.3
     ],
     [
      -8833.7,
      779.8
     ],
     [
      -8833.1,
      778.3
     ],
     [
      -8831.8,
      777.3
     ],
     [
      -8830.3,
      776
     ],
     [
      -8828.8,
      775.1
     ],
     [
      -8827.3,
      774.5
     ],
     [
      -8825.7,
      774.2
     ],
     [
      -8824,
      774
     ],
     [
      -8822.3,
      773.6
     ],
     [
      -8820.6,
      772.9
     ],
     [
      -8819.1,
      772.5
     ],
     [
      -8817.6,
      772.3
     ],
     [
      -8815.8,
      772.1
     ],
     [
      -8814.1,
      771.9
     ],
     [
      -8812.4,
      771.7
     ],
     [
      -8810.9,
      771.7
     ],
     [
      -8809.4,
      771.4
     ],
     [
      -8807.4,
      771
     ],
     [
      -8805.7,
      770.8
     ],
     [
      -8804.2,
      770.1
     ]
    ]
   }
  },
  {
   "type": "Feature",
   "properties": {
    "op": "remove",
    "source": "recorded",
    "zone": "Stormwind City",
    "time": 1790809730,
    "trim": true,
    "area": true
   },
   "geometry": {
    "type": "LineString",
    "coordinates": [
     [
      -8829.2,
      794.5
     ],
     [
      -8829.8,
      792.8
     ],
     [
      -8831.3,
      790.8
     ],
     [
      -8832.4,
      789.3
     ],
     [
      -8833.3,
      787.6
     ],
     [
      -8834.1,
      786.1
     ],
     [
      -8835,
      784.6
     ],
     [
      -8835.7,
      783.1
     ],
     [
      -8836.5,
      781.6
     ],
     [
      -8837.4,
      779.8
     ],
     [
      -8838.2,
      777.9
     ],
     [
      -8839.3,
      775.5
     ],
     [
      -8840,
      773.6
     ],
     [
      -8840.8,
      771.9
     ],
     [
      -8841.9,
      770.1
     ],
     [
      -8842.5,
      768.6
     ],
     [
      -8843.4,
      767.3
     ],
     [
      -8844.7,
      766.1
     ],
     [
      -8846.2,
      765
     ],
     [
      -8847.7,
      764.1
     ],
     [
      -8849,
      763.3
     ],
     [
      -8850.5,
      762.6
     ],
     [
      -8852.2,
      761.7
     ],
     [
      -8853.8,
      761.1
     ],
     [
      -8855.3,
      761.1
     ],
     [
      -8856.8,
      761.1
     ],
     [
      -8858.3,
      761.3
     ],
     [
      -8860,
      762
     ],
     [
      -8861.5,
      762.6
     ],
     [
      -8862.8,
      763.7
     ],
     [
      -8863.7,
      765
     ],
     [
      -8863.9,
      766.5
     ],
     [
      -8864.3,
      768.4
     ],
     [
      -8864.5,
      770.4
     ],
     [
      -8864.7,
      772.5
     ],
     [
      -8864.7,
      774
     ],
     [
      -8865,
      775.5
     ],
     [
      -8865,
      777
     ],
     [
      -8865,
      778.8
     ],
     [
      -8864.5,
      780.5
     ],
     [
      -8863.9,
      782.4
     ],
     [
      -8863.4,
      784.6
     ],
     [
      -8862.8,
      786.1
     ],
     [
      -8861.7,
      787.6
     ],
     [
      -8860.4,
      788.9
     ],
     [
      -8859.4,
      790
     ],
     [
      -8858.3,
      791
     ],
     [
      -8856.8,
      792.1
     ],
     [
      -8855,
      793.4
     ],
     [
      -8853.3,
      794.5
     ],
     [
      -8852,
      795.4
     ],
     [
      -8850.5,
      796
     ],
     [
      -8848.8,
      796.9
     ],
     [
      -8846.6,
      797.5
     ],
     [
      -8845.1,
      798.2
     ],
     [
      -8843.2,
      798.8
     ],
     [
      -8841.7,
      799.4
     ],
     [
      -8840.2,
      799.7
     ],
     [
      -8838.7,
      799.7
     ],
     [
      -8836.7,
      799.4
     ],
     [
      -8835.2,
      799.4
     ],
     [
      -8833.5,
      799
     ],
     [
      -8832,
      798.4
     ],
     [
      -8830.7,
      797.5
     ],
     [
      -8829.4,
      796.6
     ],
     [
      -8828.3,
      795.6
     ],
     [
      -8827.5,
      794.3
     ]
    ]
   }
  },
  {
   "type": "Feature",
   "properties": {
    "op": "add",
    "source": "recorded",
    "zone": "Stormwind City",
    "time": 1790809734,
    "trim": true
   },
   "geometry": {
    "type": "LineString",
    "coordinates": [
     [
      -8826.2,
      806.6
     ],
     [
      -8826.2,
      805
     ],
     [
      -8826.6,
      803.5
     ],
     [
      -8827,
      802
     ],
     [
      -8827.5,
      800.5
     ],
     [
      -8828.1,
      799
     ],
     [
      -8828.8,
      797.5
     ],
     [
      -8829.2,
      796
     ],
     [
      -8829.8,
      794.5
     ],
     [
      -8830.3,
      793
     ],
     [
      -8831.1,
      791.7
     ],
     [
      -8832,
      790.4
     ],
     [
      -8833.1,
      789.3
     ],
     [
      -8833.9,
      788
     ],
     [
      -8835,
      786.7
     ],
     [
      -8836.1,
      785.7
     ],
     [
      -8837.2,
      784.1
     ],
     [
      -8838.2,
      783.1
     ],
     [
      -8839.5,
      782.2
     ],
     [
      -8840.8,
      781.1
     ],
     [
      -8842.3,
      780.1
     ],
     [
      -8844.1,
      779.2
     ],
     [
      -8845.3,
      778.3
     ],
     [
      -8846.9,
      777.5
     ],
     [
      -8848.4,
      776.6
     ],
     [
      -8849.7,
      775.5
     ],
     [
      -8850.7,
      774.5
     ],
     [
      -8852,
      773.6
     ],
     [
      -8853.3,
      772.7
     ],
     [
      -8854.8,
      772.1
     ],
     [
      -8856.3,
      771.2
     ],
     [
      -8857.8,
      770.6
     ],
     [
      -8859.6,
      769.9
     ],
     [
      -8861.1,
      769.1
     ],
     [
      -8862.2,
      768
     ],
     [
      -8863.2,
      766.9
     ],
     [
      -8864.1,
      765.6
     ],
     [
      -8865.2,
      764.5
     ],
     [
      -8866.2,
      763.3
     ],
     [
      -8867.5,
      762.2
     ],
     [
      -8869,
      761.3
     ],
     [
      -8870.6,
      760.7
     ],
     [
      -8871.6,
      759.6
     ]
    ]
   }
  },
  {
   "type": "Feature",
   "properties": {
    "op": "remove",
    "source": "recorded",
    "zone": "Stormwind City",
    "time": 1790809744,
    "trim": true,
    "area": true
   },
   "geometry": {
    "type": "LineString",
    "coordinates": [
     [
      -8802.3,
      749.2
     ],
     [
      -8800.3,
      748.6
     ],
     [
      -8798.6,
      748.6
     ],
     [
      -8797.1,
      748.6
     ],
     [
      -8795.6,
      748.4
     ],
     [
      -8793.9,
      748.4
     ],
     [
      -8792.3,
      748.4
     ],
     [
      -8790.8,
      748.6
     ],
     [
      -8789.3,
      748.6
     ],
     [
      -8787.8,
      749
     ],
     [
      -8786.3,
      749.9
     ],
     [
      -8784.8,
      751.2
     ],
     [
      -8783.7,
      752.7
     ],
     [
      -8783.1,
      754.2
     ],
     [
      -8782.9,
      755.7
     ],
     [
      -8782.7,
      757.6
     ],
     [
      -8782.7,
      759.6
     ],
     [
      -8782.4,
      761.7
     ],
     [
      -8782.4,
      763.5
     ],
     [
      -8782,
      765
     ],
     [
      -8781.8,
      766.5
     ],
     [
      -8781.8,
      768
     ],
     [
      -8781.8,
      769.5
     ],
     [
      -8782.7,
      771.2
     ],
     [
      -8783.7,
      772.7
     ],
     [
      -8784.8,
      773.8
     ],
     [
      -8786.5,
      774.9
     ],
     [
      -8788.3,
      775.5
     ],
     [
      -8790,
      775.5
     ],
     [
      -8791.5,
      775.5
     ],
     [
      -8793,
      775.5
     ],
     [
      -8794.7,
      775.3
     ],
     [
      -8796.7,
      774.9
     ],
     [
      -8798.2,
      774.5
     ],
     [
      -8800.1,
      773.8
     ],
     [
      -8802.3,
      772.9
     ],
     [
      -8803.6,
      772.1
     ],
     [
      -8805.5,
      771
     ],
     [
      -8807.2,
      769.5
     ],
     [
      -8808.5,
      768
     ],
     [
      -8809.4,
      766.5
     ],
     [
      -8810,
      764.8
     ],
     [
      -8810.4,
      762.8
     ],
     [
      -8810.7,
      761.3
     ],
     [
      -8810.4,
      759.2
     ],
     [
      -8809.8,
      757.4
     ],
     [
      -8809.2,
      755.7
     ],
     [
      -8808.3,
      754
     ],
     [
      -8807.4,
      752.7
     ],
     [
      -8806.4,
      751.4
     ],
     [
      -8804.8,
      750.8
     ],
     [
      -8803.3,
      750.1
     ],
     [
      -8802.3,
      749
     ],
     [
      -8800.8,
      748.4
     ]
    ]
   }
  },
  {
   "type": "Feature",
   "properties": {
    "op": "remove",
    "source": "recorded",
    "zone": "Stormwind City",
    "time": 1790809747,
    "trim": true
   },
   "geometry": {
    "type": "LineString",
    "coordinates": [
     [
      -8794.3,
      746.9
     ],
     [
      -8792.6,
      746.7
     ],
     [
      -8790.8,
      746
     ],
     [
      -8789.3,
      745.6
     ],
     [
      -8788,
      746.4
     ],
     [
      -8788.7,
      748
     ],
     [
      -8790.4,
      748.4
     ],
     [
      -8792.1,
      748.6
     ],
     [
      -8793.6,
      748.8
     ],
     [
      -8795.1,
      748.8
     ],
     [
      -8796,
      747.5
     ],
     [
      -8796.2,
      746
     ],
     [
      -8794.7,
      745.8
     ],
     [
      -8793.2,
      746.2
     ]
    ]
   }
  },
  {
   "type": "Feature",
   "properties": {
    "op": "remove",
    "source": "recorded",
    "zone": "Stormwind City",
    "time": 1790809751,
    "trim": true,
    "area": true
   },
   "geometry": {
    "type": "LineString",
    "coordinates": [
     [
      -8812.4,
      750.5
     ],
     [
      -8811.3,
      748.4
     ],
     [
      -8809.6,
      746.4
     ],
     [
      -8808.3,
      744.1
     ],
     [
      -8807,
      740.8
     ],
     [
      -8805.7,
      737.4
     ],
     [
      -8804.4,
      733.7
     ],
     [
      -8803.8,
      731.1
     ],
     [
      -8803.6,
      729.6
     ],
     [
      -8805.3,
      728.3
     ],
     [
      -8807.2,
      727.3
     ],
     [
      -8810,
      726
     ],
     [
      -8812.2,
      725.3
     ],
     [
      -8814.1,
      724.9
     ],
     [
      -8815.8,
      725.3
     ],
     [
      -8818.2,
      726.4
     ],
     [
      -8820.1,
      727.9
     ],
     [
      -8821.6,
      729.4
     ],
     [
      -8822.9,
      731.1
     ],
     [
      -8823.6,
      733.1
     ],
     [
      -8823.8,
      735
     ],
     [
      -8823.8,
      737.8
     ],
     [
      -8823.8,
      740.4
     ],
     [
      -8824.2,
      743.2
     ],
     [
      -8824.5,
      744.9
     ],
     [
      -8824.5,
      746.4
     ],
     [
      -8823.8,
      748.4
     ],
     [
      -8822.7,
      750.1
     ],
     [
      -8821.9,
      751.4
     ],
     [
      -8820.4,
      752.9
     ],
     [
      -8818.8,
      753.8
     ],
     [
      -8817.3,
      754.2
     ],
     [
      -8815.4,
      754.2
     ],
     [
      -8813.7,
      753.8
     ],
     [
      -8812.4,
      752.3
     ],
     [
      -8811.1,
      750.3
     ],
     [
      -8810,
      748
     ],
     [
      -8809.2,
      746.2
     ]
    ]
   }
  },
  {
   "type": "Feature",
   "properties": {
    "op": "add",
    "source": "recorded",
    "zone": "Stormwind City",
    "time": 1790809756,
    "trim": true
   },
   "geometry": {
    "type": "LineString",
    "coordinates": [
     [
      -8749.9,
      714.6
     ],
     [
      -8751.2,
      715.4
     ],
     [
      -8752.1,
      716.7
     ],
     [
      -8752.9,
      718.2
     ],
     [
      -8753.6,
      719.7
     ],
     [
      -8754.2,
      721.2
     ],
     [
      -8755.1,
      723
     ],
     [
      -8755.9,
      724.5
     ],
     [
      -8756.8,
      726
     ],
     [
      -8757.7,
      727.3
     ],
     [
      -8758.5,
      728.6
     ],
     [
      -8759.4,
      729.9
     ],
     [
      -8760.2,
      731.1
     ],
     [
      -8761.1,
      732.7
     ],
     [
      -8762.2,
      733.7
     ],
     [
      -8763.5,
      735
     ],
     [
      -8765,
      736.1
     ],
     [
      -8766.5,
      737
     ],
     [
      -8768.2,
      737.8
     ],
     [
      -8770.2,
      738.5
     ],
     [
      -8771.9,
      739.3
     ],
     [
      -8773.6,
      740
     ],
     [
      -8775.3,
      740.8
     ],
     [
      -8776.8,
      741.5
     ],
     [
      -8778.3,
      742.1
     ],
     [
      -8779.9,
      742.4
     ],
     [
      -8781.4,
      742.6
     ],
     [
      -8782.9,
      742.8
     ],
     [
      -8784.4,
      743
     ],
     [
      -8785.9,
      743
     ],
     [
      -8787.6,
      743.2
     ],
     [
      -8789.3,
      743.4
     ],
     [
      -8791.1,
      743.6
     ],
     [
      -8792.6,
      743.6
     ],
     [
      -8794.3,
      743.6
     ],
     [
      -8795.8,
      743.9
     ],
     [
      -8797.5,
      743.9
     ],
     [
      -8799,
      743.9
     ],
     [
      -8801,
      743.9
     ],
     [
      -8802.7,
      743.4
     ],
     [
      -8804.4,
      743
     ],
     [
      -8805.9,
      742.4
     ],
     [
      -8807.4,
      741.5
     ],
     [
      -8809.2,
      740.8
     ],
     [
      -8810.9,
      740
     ],
     [
      -8812.6,
      739.6
     ],
     [
      -8814.3,
      739.1
     ],
     [
      -8815.8,
      738.9
     ],
     [
      -8817.3,
      738.5
     ],
     [
      -8818.8,
      738
     ],
     [
      -8820.6,
      737.4
     ],
     [
      -8822.3,
      736.8
     ],
     [
      -8823.6,
      735.9
     ],
     [
      -8824.9,
      735
     ],
     [
      -8826.6,
      734.4
     ],
     [
      -8828.1,
      734
     ],
     [
      -8829.6,
      734
     ]
    ]
   }
  },
  {
   "type": "Feature",
   "properties": {
    "op": "remove",
    "source": "recorded",
    "zone": "Stormwind City",
    "time": 1790809757,
    "trim": true
   },
   "geometry": {
    "type": "LineString",
    "coordinates": [
     [
      -8829,
      735.5
     ],
     [
      -8827.7,
      736.3
     ],
     [
      -8826,
      736.5
     ],
     [
      -8824.2,
      736.5
     ],
     [
      -8823.2,
      735.5
     ],
     [
      -8822.5,
      734
     ],
     [
      -8824.2,
      733.1
     ],
     [
      -8825.7,
      732.4
     ],
     [
      -8827.5,
      732
     ],
     [
      -8829,
      732.9
     ],
     [
      -8830.1,
      734
     ],
     [
      -8830.7,
      735.5
     ],
     [
      -8830.3,
      737.2
     ],
     [
      -8828.5,
      738.3
     ],
     [
      -8827,
      738.7
     ]
    ]
   }
  },
  {
   "type": "Feature",
   "properties": {
    "op": "add",
    "source": "recorded",
    "zone": "Stormwind City",
    "time": 1790809759,
    "trim": true
   },
   "geometry": {
    "type": "LineString",
    "coordinates": [
     [
      -8827,
      740.2
     ],
     [
      -8824.7,
      740.6
     ],
     [
      -8821.6,
      741.5
     ],
     [
      -8819.3,
      742.4
     ],
     [
      -8817.3,
      742.8
     ],
     [
      -8815,
      743
     ],
     [
      -8813,
      743.4
     ],
     [
      -8811.3,
      743.9
     ],
     [
      -8809.6,
      743.9
     ],
     [
      -8807.9,
      744.1
     ],
     [
      -8806.1,
      744.3
     ],
     [
      -8804.6,
      744.5
     ]
    ]
   }
  },
  {
   "type": "Feature",
   "properties": {
    "op": "remove",
    "source": "recorded",
    "zone": "Stormwind City",
    "time": 1790809761,
    "trim": true,
    "area": true
   },
   "geometry": {
    "type": "LineString",
    "coordinates": [
     [
      -8804.6,
      748.4
     ],
     [
      -8804.4,
      746.9
     ],
     [
      -8804.4,
      745.2
     ],
     [
      -8805.1,
      743.4
     ],
     [
      -8805.9,
      741.7
     ],
     [
      -8807.4,
      740.2
     ],
     [
      -8808.7,
      739.1
     ],
     [
      -8810.7,
      738
     ],
     [
      -8812.4,
      737.2
     ],
     [
      -8814.3,
      736.1
     ],
     [
      -8816.3,
      735.5
     ],
     [
      -8818.6,
      734.4
     ],
     [
      -8821,
      733.5
     ],
     [
      -8823.4,
      732.7
     ],
     [
      -8825.3,
      732.2
     ],
     [
      -8827,
      732
     ],
     [
      -8828.8,
      732
     ],
     [
      -8830.9,
      732.4
     ],
     [
      -8832.4,
      733.3
     ],
     [
      -8833.7,
      734.6
     ],
     [
      -8834.4,
      736.1
     ],
     [
      -8833.9,
      737.6
     ],
     [
      -8832.6,
      738.9
     ],
     [
      -8830.5,
      740.2
     ],
     [
      -8827.7,
      741.5
     ],
     [
      -8824.5,
      742.8
     ],
     [
      -8821,
      743.9
     ],
     [
      -8818.2,
      744.5
     ],
     [
      -8816,
      744.7
     ],
     [
      -8813.7,
      744.9
     ],
     [
      -8811.5,
      745.2
     ],
     [
      -8809.8,
      745.6
     ],
     [
      -8808.1,
      745.6
     ],
     [
      -8806.6,
      745.6
     ],
     [
      -8805.1,
      745.6
     ]
    ]
   }
  },
  {
   "type": "Feature",
   "properties": {
    "op": "add",
    "source": "recorded",
    "zone": "Stormwind City",
    "time": 1790809765,
    "trim": true
   },
   "geometry": {
    "type": "LineString",
    "coordinates": [
     [
      -8802.7,
      743.4
     ],
     [
      -8804.2,
      743
     ],
     [
      -8805.9,
      742.8
     ],
     [
      -8807.4,
      742.1
     ],
     [
      -8808.9,
      741.5
     ],
     [
      -8810.7,
      740.6
     ],
     [
      -8812.4,
      740
     ],
     [
      -8813.9,
      739.3
     ],
     [
      -8815.4,
      738.7
     ],
     [
      -8816.9,
      738.3
     ],
     [
      -8818.4,
      737.6
     ],
     [
      -8819.9,
      737
     ],
     [
      -8821.4,
      736.3
     ],
     [
      -8823.2,
      735.5
     ],
     [
      -8824.9,
      734.6
     ],
     [
      -8826.2,
      733.7
     ],
     [
      -8827.9,
      732.9
     ],
     [
      -8829.4,
      732
     ],
     [
      -8830.7,
      731.1
     ],
     [
      -8832.2,
      730.3
     ],
     [
      -8833.7,
      729.6
     ],
     [
      -8835.2,
      728.8
     ],
     [
      -8836.7,
      728.1
     ],
     [
      -8838,
      727.3
     ],
     [
      -8839.5,
      726.4
     ],
     [
      -8840.8,
      725.5
     ],
     [
      -8842.3,
      724.7
     ],
     [
      -8843.6,
      723.8
     ],
     [
      -8845.1,
      723.8
     ],
     [
      -8846.2,
      724.9
     ],
     [
      -8846.9,
      726.4
     ],
     [
      -8847.1,
      727.9
     ],
     [
      -8847.7,
      729.4
     ]
    ]
   }
  },
  {
   "type": "Feature",
   "properties": {
    "op": "remove",
    "source": "recorded",
    "zone": "Stormwind City",
    "time": 1790809767,
    "trim": true,
    "area": true
   },
   "geometry": {
    "type": "LineString",
    "coordinates": [
     [
      -8843.6,
      733.3
     ],
     [
      -8842.8,
      732
     ],
     [
      -8841.3,
      730.5
     ],
     [
      -8840,
      729
     ],
     [
      -8838.7,
      727.3
     ],
     [
      -8838,
      725.8
     ],
     [
      -8838.2,
      724.3
     ],
     [
      -8838.9,
      722.3
     ],
     [
      -8839.3,
      720.8
     ],
     [
      -8840.4,
      719.7
     ],
     [
      -8841.5,
      718.4
     ],
     [
      -8842.8,
      717.4
     ],
     [
      -8844.1,
      715.9
     ],
     [
      -8845.3,
      715
     ],
     [
      -8847.1,
      714.8
     ],
     [
      -8849.2,
      715.2
     ],
     [
      -8850.7,
      715.6
     ],
     [
      -8852.5,
      716.3
     ],
     [
      -8854.2,
      717.1
     ],
     [
      -8855.7,
      717.8
     ],
     [
      -8857.4,
      718.4
     ],
     [
      -8858.7,
      719.3
     ],
     [
      -8858.3,
      721.5
     ],
     [
      -8857.6,
      723.2
     ],
     [
      -8857,
      724.9
     ],
     [
      -8856.1,
      726.4
     ],
     [
      -8855,
      728.1
     ],
     [
      -8853.5,
      729.6
     ],
     [
      -8852.2,
      730.9
     ],
     [
      -8850.5,
      732.2
     ],
     [
      -8849,
      733.1
     ],
     [
      -8847.3,
      733.3
     ],
     [
      -8845.6,
      733.7
     ],
     [
      -8844.1,
      734
     ],
     [
      -8842.5,
      734.2
     ],
     [
      -8841.7,
      732.7
     ],
     [
      -8841.3,
      731.1
     ],
     [
      -8841.3,
      729.6
     ],
     [
      -8841.3,
      728.1
     ]
    ]
   }
  },
  {
   "type": "Feature",
   "properties": {
    "op": "add",
    "source": "recorded",
    "zone": "Stormwind City",
    "time": 1790809771,
    "trim": true
   },
   "geometry": {
    "type": "LineString",
    "coordinates": [
     [
      -8836.9,
      727.5
     ],
     [
      -8838.5,
      727.1
     ],
     [
      -8840.2,
      726.2
     ],
     [
      -8842.1,
      725.3
     ],
     [
      -8843.6,
      724.9
     ],
     [
      -8845.1,
      724.3
     ],
     [
      -8846.6,
      723.4
     ],
     [
      -8848.1,
      722.7
     ],
     [
      -8849.7,
      722.1
     ],
     [
      -8851.6,
      721.2
     ],
     [
      -8853.1,
      720.6
     ],
     [
      -8854.6,
      719.9
     ],
     [
      -8856.3,
      719.1
     ],
     [
      -8857.8,
      718.2
     ],
     [
      -8859.4,
      717.4
     ],
     [
      -8860.9,
      716.5
     ],
     [
      -8862.6,
      715.6
     ],
     [
      -8864.3,
      714.8
     ],
     [
      -8866,
      714.1
     ],
     [
      -8868,
      713.5
     ],
     [
      -8869.5,
      712.8
     ],
     [
      -8870.8,
      712
     ],
     [
      -8872.3,
      711.1
     ],
     [
      -8873.6,
      710.3
     ],
     [
      -8875.3,
      709.2
     ],
     [
      -8876.8,
      708.3
     ],
     [
      -8878.3,
      707.7
     ],
     [
      -8880.5,
      706.8
     ],
     [
      -8882.2,
      705.9
     ],
     [
      -8883.7,
      705.3
     ],
     [
      -8885.4,
      704.6
     ],
     [
      -8886.9,
      703.8
     ],
     [
      -8888.7,
      702.7
     ],
     [
      -8890.2,
      701.8
     ],
     [
      -8891.5,
      701
     ],
     [
      -8893,
      700.1
     ]
    ]
   }
  },
  {
   "type": "Feature",
   "properties": {
    "op": "add",
    "source": "recorded",
    "zone": "Stormwind City",
    "time": 1790809775,
    "trim": true
   },
   "geometry": {
    "type": "LineString",
    "coordinates": [
     [
      -8858.3,
      742.1
     ],
     [
      -8857.4,
      740.8
     ],
     [
      -8856.8,
      739.3
     ],
     [
      -8856.3,
      737.8
     ],
     [
      -8855.5,
      736.3
     ],
     [
      -8854.4,
      734.6
     ],
     [
      -8853.8,
      732.9
     ],
     [
      -8852.9,
      731.1
     ],
     [
      -8851.8,
      729.6
     ],
     [
      -8851.2,
      728.1
     ],
     [
      -8850.3,
      726.6
     ],
     [
      -8849.2,
      725.3
     ],
     [
      -8848.4,
      723.8
     ],
     [
      -8847.3,
      722.7
     ],
     [
      -8846.4,
      721.5
     ],
     [
      -8845.6,
      719.9
     ],
     [
      -8844.5,
      718.4
     ],
     [
      -8843.6,
      717.1
     ],
     [
      -8843,
      715.4
     ],
     [
      -8842.1,
      714.1
     ],
     [
      -8841.3,
      712.8
     ],
     [
      -8840.6,
      711.3
     ],
     [
      -8840,
      709.8
     ],
     [
      -8839.1,
      708.3
     ],
     [
      -8838.5,
      706.8
     ],
     [
      -8837.6,
      705.5
     ]
    ]
   }
  },
  {
   "type": "Feature",
   "properties": {
    "op": "remove",
    "source": "recorded",
    "zone": "Stormwind City",
    "time": 1790809792,
    "trim": true,
    "area": true
   },
   "geometry": {
    "type": "LineString",
    "coordinates": [
     [
      -9067.4,
      502.2
     ],
     [
      -9066.6,
      499.3
     ],
     [
      -9064.5,
      497.2
     ],
     [
      -9062,
      494.7
     ],
     [
      -9058.6,
      491.7
     ],
     [
      -9056.5,
      489.2
     ],
     [
      -9053.6,
      485.8
     ],
     [
      -9051,
      483.3
     ],
     [
      -9048.9,
      480.8
     ],
     [
      -9046.8,
      478.7
     ],
     [
      -9043.9,
      476.1
     ],
     [
      -9041.4,
      473.2
     ],
     [
      -9039.3,
      470.2
     ],
     [
      -9037.2,
      467.3
     ],
     [
      -9035,
      464.4
     ],
     [
      -9032.5,
      461
     ],
     [
      -9029.6,
      457.6
     ],
     [
      -9027.1,
      454.7
     ],
     [
      -9024.1,
      451.3
     ],
     [
      -9022.4,
      448.8
     ],
     [
      -9020.3,
      446.3
     ],
     [
      -9018.6,
      443.3
     ],
     [
      -9016.1,
      440
     ],
     [
      -9014,
      436.6
     ],
     [
      -9011.9,
      433.2
     ],
     [
      -9010.2,
      430.3
     ],
     [
      -9008.5,
      427.7
     ],
     [
      -9007.7,
      424.8
     ],
     [
      -9008.5,
      420.2
     ],
     [
      -9009.8,
      414.3
     ],
     [
      -9011.1,
      408.4
     ],
     [
      -9012.7,
      402.9
     ],
     [
      -9014.4,
      399.1
     ],
     [
      -9016.5,
      395.3
     ],
     [
      -9019.9,
      392
     ],
     [
      -9023.7,
      388.6
     ],
     [
      -9027.1,
      385.7
     ],
     [
      -9030.4,
      382.7
     ],
     [
      -9034.2,
      379.8
     ],
     [
      -9037.6,
      376.8
     ],
     [
      -9040.5,
      374.7
     ],
     [
      -9043.9,
      373.9
     ],
     [
      -9048.5,
      372.2
     ],
     [
      -9051.9,
      370.9
     ],
     [
      -9055.7,
      369.3
     ],
     [
      -9059,
      368.4
     ],
     [
      -9063.2,
      367.6
     ],
     [
      -9067.9,
      367.6
     ],
     [
      -9073.8,
      368.4
     ],
     [
      -9080.1,
      370.1
     ],
     [
      -9085.5,
      371.8
     ],
     [
      -9089.3,
      373
     ],
     [
      -9092.7,
      374.3
     ],
     [
      -9096.5,
      376
     ],
     [
      -9100.7,
      378.5
     ],
     [
      -9105.7,
      381.9
     ],
     [
      -9109.9,
      385.7
     ],
     [
      -9112.9,
      388.2
     ],
     [
      -9115.8,
      390.3
     ],
     [
      -9117.9,
      392.4
     ],
     [
      -9120.9,
      395.3
     ],
     [
      -9124.7,
      398.7
     ],
     [
      -9128.9,
      403.3
     ],
     [
      -9132.3,
      407.1
     ],
     [
      -9135.6,
      411.8
     ],
     [
      -9137.7,
      415.1
     ],
     [
      -9140.2,
      418.9
     ],
     [
      -9142.4,
      422.7
     ],
     [
      -9145.3,
      426.9
     ],
     [
      -9147,
      431.1
     ],
     [
      -9149.1,
      435.7
     ],
     [
      -9150.8,
      440.4
     ],
     [
      -9152,
      444.2
     ],
     [
      -9153.7,
      448.4
     ],
     [
      -9155,
      452.2
     ],
     [
      -9156.7,
      455.9
     ],
     [
      -9158.3,
      459.7
     ],
     [
      -9159.2,
      462.7
     ],
     [
      -9159.6,
      466.5
     ],
     [
      -9159.6,
      469.8
     ],
     [
      -9158.8,
      473.2
     ],
     [
      -9157.5,
      476.6
     ],
     [
      -9155.8,
      480.3
     ],
     [
      -9153.3,
      484.1
     ],
     [
      -9150.8,
      487.5
     ],
     [
      -9148.2,
      490
     ],
     [
      -9144.9,
      491.7
     ],
     [
      -9140.2,
      493.8
     ],
     [
      -9136.5,
      495.5
     ],
     [
      -9133.1,
      496.8
     ],
     [
      -9128.5,
      497.6
     ],
     [
      -9123.8,
      497.6
     ],
     [
      -9118.4,
      497.6
     ],
     [
      -9114.6,
      497.6
     ],
     [
      -9109.9,
      497.6
     ],
     [
      -9105.7,
      497.6
     ],
     [
      -9101.5,
      497.6
     ],
     [
      -9097.7,
      498
     ],
     [
      -9093.5,
      498
     ],
     [
      -9089.8,
      497.6
     ],
     [
      -9086.4,
      497.6
     ],
     [
      -9083.4,
      497.6
     ],
     [
      -9078.8,
      497.6
     ],
     [
      -9075,
      497.2
     ],
     [
      -9071.7,
      497.2
     ],
     [
      -9067.9,
      496.8
     ],
     [
      -9064.1,
      495.5
     ],
     [
      -9061.1,
      495.1
     ],
     [
      -9058.2,
      495.1
     ]
    ]
   }
  },
  {
   "type": "Feature",
   "properties": {
    "op": "remove",
    "source": "recorded",
    "zone": "Stormwind City",
    "time": 1790809795,
    "trim": true,
    "area": true
   },
   "geometry": {
    "type": "LineString",
    "coordinates": [
     [
      -9020.7,
      503.1
     ],
     [
      -9017.4,
      503.1
     ],
     [
      -9014,
      501.8
     ],
     [
      -9010.6,
      498.9
     ],
     [
      -9006.4,
      494.2
     ],
     [
      -9002.6,
      489.6
     ],
     [
      -8999.7,
      486.2
     ],
     [
      -8997.2,
      482.5
     ],
     [
      -8995.5,
      478.7
     ],
     [
      -8994.2,
      474.5
     ],
     [
      -8992.5,
      470.2
     ],
     [
      -8991.3,
      466.9
     ],
     [
      -8990.4,
      463.5
     ],
     [
      -8993,
      461.4
     ],
     [
      -8999.7,
      461
     ],
     [
      -9006,
      461
     ],
     [
      -9010.6,
      461.4
     ],
     [
      -9015.7,
      462.7
     ],
     [
      -9019.9,
      465.2
     ],
     [
      -9023.3,
      467.7
     ],
     [
      -9025.8,
      471.5
     ],
     [
      -9026.6,
      474.5
     ],
     [
      -9027.1,
      477.8
     ],
     [
      -9027.1,
      481.2
     ],
     [
      -9027.1,
      484.6
     ],
     [
      -9027.1,
      488.8
     ],
     [
      -9027.1,
      493.4
     ],
     [
      -9027.1,
      496.8
     ],
     [
      -9024.9,
      499.3
     ],
     [
      -9022.8,
      502.7
     ],
     [
      -9020.7,
      504.8
     ],
     [
      -9017.4,
      503.1
     ],
     [
      -9015.3,
      500.5
     ],
     [
      -9014,
      497.6
     ]
    ]
   }
  },
  {
   "type": "Feature",
   "properties": {
    "op": "remove",
    "source": "recorded",
    "zone": "Stormwind City",
    "time": 1790809806,
    "trim": true,
    "area": true
   },
   "geometry": {
    "type": "LineString",
    "coordinates": [
     [
      -8974.5,
      583
     ],
     [
      -8971.1,
      583
     ],
     [
      -8966.9,
      582.2
     ],
     [
      -8962.3,
      580.9
     ],
     [
      -8957.6,
      579.2
     ],
     [
      -8952.2,
      576.3
     ],
     [
      -8946.3,
      572.5
     ],
     [
      -8940.8,
      568.7
     ],
     [
      -8936.6,
      564.1
     ],
     [
      -8932.8,
      559
     ],
     [
      -8929,
      552.3
     ],
     [
      -8925.6,
      547.3
     ],
     [
      -8922.7,
      542.2
     ],
     [
      -8919.3,
      537.2
     ],
     [
      -8915.1,
      531.3
     ],
     [
      -8912.2,
      527.1
     ],
     [
      -8909.7,
      522.8
     ],
     [
      -8908,
      519.1
     ],
     [
      -8905.9,
      514.9
     ],
     [
      -8905,
      511.1
     ],
     [
      -8903.3,
      507.3
     ],
     [
      -8902.1,
      503.5
     ],
     [
      -8901.2,
      499.7
     ],
     [
      -8900.4,
      495.9
     ],
     [
      -8899.6,
      492.1
     ],
     [
      -8899.6,
      488.8
     ],
     [
      -8900.4,
      485.4
     ],
     [
      -8902.5,
      482.5
     ],
     [
      -8905.9,
      479.1
     ],
     [
      -8910.9,
      475.7
     ],
     [
      -8917.2,
      472.4
     ],
     [
      -8923.5,
      469.8
     ],
     [
      -8930.7,
      467.3
     ],
     [
      -8937,
      466
     ],
     [
      -8943.3,
      465.6
     ],
     [
      -8950.5,
      466.9
     ],
     [
      -8957.2,
      469.8
     ],
     [
      -8961.4,
      471.5
     ],
     [
      -8964.8,
      473.2
     ],
     [
      -8968.1,
      474.5
     ],
     [
      -8971.9,
      476.1
     ],
     [
      -8975.3,
      477.4
     ],
     [
      -8978.7,
      478.7
     ],
     [
      -8982.4,
      479.9
     ],
     [
      -8985,
      481.6
     ],
     [
      -8987.9,
      484.6
     ],
     [
      -8990.9,
      487.5
     ],
     [
      -8993,
      490.4
     ],
     [
      -8994.7,
      493
     ],
     [
      -8996.3,
      495.5
     ],
     [
      -8998.4,
      498
     ],
     [
      -9000.5,
      500.5
     ],
     [
      -9002.6,
      503.1
     ],
     [
      -9004.3,
      505.6
     ],
     [
      -9005.2,
      508.5
     ],
     [
      -9005.2,
      513.6
     ],
     [
      -9005.2,
      521.6
     ],
     [
      -9003.9,
      529.6
     ],
     [
      -9001.8,
      537.6
     ],
     [
      -8999.3,
      544.7
     ],
     [
      -8996.8,
      551
     ],
     [
      -8995.5,
      556.1
     ],
     [
      -8994.7,
      559.5
     ],
     [
      -8993.8,
      562.4
     ],
     [
      -8991.3,
      566.6
     ],
     [
      -8988.8,
      570.8
     ],
     [
      -8986.2,
      575.4
     ],
     [
      -8984.6,
      578
     ],
     [
      -8982,
      580.9
     ],
     [
      -8978.7,
      583
     ],
     [
      -8974.9,
      584.7
     ],
     [
      -8971.5,
      585.1
     ],
     [
      -8969.8,
      582.6
     ]
    ]
   }
  },
  {
   "type": "Feature",
   "properties": {
    "op": "add",
    "source": "recorded",
    "zone": "Stormwind City",
    "time": 1790809814,
    "trim": true
   },
   "geometry": {
    "type": "LineString",
    "coordinates": [
     [
      -8892,
      570.8
     ],
     [
      -8894.1,
      568.7
     ],
     [
      -8895.8,
      566.2
     ],
     [
      -8897.4,
      563.7
     ],
     [
      -8899.6,
      561.6
     ],
     [
      -8901.7,
      559.5
     ],
     [
      -8904.2,
      557.8
     ],
     [
      -8906.7,
      556.1
     ],
     [
      -8909.2,
      554.4
     ],
     [
      -8912.2,
      552.7
     ],
     [
      -8915.1,
      551.9
     ],
     [
      -8918.1,
      551.9
     ],
     [
      -8921,
      552.7
     ],
     [
      -8923.5,
      554.8
     ],
     [
      -8925.6,
      556.9
     ],
     [
      -8927.7,
      559
     ],
     [
      -8929.9,
      561.1
     ],
     [
      -8932.4,
      563.2
     ],
     [
      -8934.9,
      564.9
     ],
     [
      -8937.8,
      566.2
     ],
     [
      -8940.4,
      567.9
     ],
     [
      -8943.3,
      569.1
     ],
     [
      -8946.3,
      570
     ],
     [
      -8949.6,
      570.4
     ],
     [
      -8952.6,
      569.6
     ],
     [
      -8955.1,
      567.9
     ],
     [
      -8958,
      566.6
     ],
     [
      -8960.6,
      564.9
     ],
     [
      -8963.1,
      562.8
     ],
     [
      -8964.8,
      560.3
     ],
     [
      -8965.2,
      557.4
     ],
     [
      -8965.2,
      554.4
     ],
     [
      -8964.8,
      551
     ],
     [
      -8963.9,
      547.7
     ],
     [
      -8963.1,
      544.3
     ],
     [
      -8961.4,
      541.8
     ],
     [
      -8960.1,
      538.8
     ],
     [
      -8958.5,
      535.9
     ],
     [
      -8957.2,
      532.9
     ],
     [
      -8955.9,
      529.6
     ],
     [
      -8956.8,
      526.6
     ],
     [
      -8958.5,
      523.7
     ],
     [
      -8960.6,
      520.7
     ],
     [
      -8962.3,
      517.8
     ],
     [
      -8963.9,
      515.3
     ],
     [
      -8966,
      513.2
     ],
     [
      -8968.1,
      511.1
     ],
     [
      -8970.7,
      509
     ],
     [
      -8973.2,
      507.3
     ],
     [
      -8976.1,
      506
     ],
     [
      -8978.7,
      503.9
     ],
     [
      -8981.2,
      501.8
     ],
     [
      -8983.3,
      499.7
     ],
     [
      -8985.4,
      497.6
     ],
     [
      -8987.5,
      495.5
     ],
     [
      -8990,
      493.4
     ],
     [
      -8992.1,
      490.9
     ],
     [
      -8994.7,
      489.2
     ],
     [
      -8997.2,
      487.5
     ],
     [
      -8999.7,
      485.4
     ],
     [
      -9002.2,
      483.7
     ],
     [
      -9004.8,
      481.6
     ],
     [
      -9007.3,
      479.5
     ],
     [
      -9009.4,
      477.4
     ]
    ]
   }
  },
  {
   "type": "Feature",
   "properties": {
    "op": "add",
    "source": "recorded",
    "zone": "Stormwind City",
    "time": 1790809819,
    "trim": true
   },
   "geometry": {
    "type": "LineString",
    "coordinates": [
     [
      -8914.7,
      552.3
     ],
     [
      -8915.5,
      549.4
     ],
     [
      -8916,
      546.4
     ],
     [
      -8916,
      543.5
     ],
     [
      -8916,
      540.5
     ],
     [
      -8915.1,
      537.6
     ],
     [
      -8913.9,
      534.6
     ],
     [
      -8912.2,
      531.7
     ],
     [
      -8910.5,
      528.7
     ],
     [
      -8909.2,
      525.8
     ],
     [
      -8907.1,
      522.8
     ],
     [
      -8905.4,
      520.3
     ],
     [
      -8904.2,
      517.4
     ],
     [
      -8906.3,
      513.6
     ],
     [
      -8908.4,
      510.6
     ],
     [
      -8910.5,
      508.5
     ],
     [
      -8912.6,
      506
     ],
     [
      -8915.1,
      504.3
     ],
     [
      -8918.1,
      502.7
     ],
     [
      -8921,
      501.8
     ],
     [
      -8924.4,
      501
     ],
     [
      -8927.3,
      501
     ],
     [
      -8930.3,
      501
     ],
     [
      -8933.2,
      501.4
     ],
     [
      -8936.2,
      503.1
     ],
     [
      -8938.7,
      504.8
     ],
     [
      -8940.8,
      506.9
     ],
     [
      -8942.5,
      509.4
     ],
     [
      -8944.6,
      511.9
     ],
     [
      -8946.7,
      514.4
     ],
     [
      -8949.2,
      516.5
     ],
     [
      -8951.7,
      518.2
     ],
     [
      -8954.7,
      518.6
     ],
     [
      -8957.6,
      517
     ],
     [
      -8960.1,
      514.9
     ],
     [
      -8962.3,
      512.7
     ],
     [
      -8964.4,
      510.6
     ],
     [
      -8966.5,
      508.5
     ],
     [
      -8969,
      506.9
     ],
     [
      -8971.9,
      505.6
     ],
     [
      -8974.5,
      503.9
     ],
     [
      -8976.6,
      501.8
     ],
     [
      -8979.1,
      499.7
     ],
     [
      -8982,
      498.9
     ]
    ]
   }
  },
  {
   "type": "Feature",
   "properties": {
    "op": "remove",
    "source": "recorded",
    "zone": "Stormwind City",
    "time": 1790809821,
    "trim": true,
    "area": true
   },
   "geometry": {
    "type": "LineString",
    "coordinates": [
     [
      -8968.1,
      518.6
     ],
     [
      -8964.8,
      518.2
     ],
     [
      -8960.6,
      517.4
     ],
     [
      -8957.6,
      515.7
     ],
     [
      -8954.7,
      513.2
     ],
     [
      -8952.6,
      510.6
     ],
     [
      -8952.2,
      507.7
     ],
     [
      -8954.7,
      503.9
     ],
     [
      -8958.9,
      499.7
     ],
     [
      -8966.5,
      495.9
     ],
     [
      -8974.9,
      491.7
     ],
     [
      -8979.5,
      487.5
     ],
     [
      -8982.4,
      485.4
     ],
     [
      -8986.2,
      484.1
     ],
     [
      -8991.3,
      482
     ],
     [
      -8998,
      479.9
     ],
     [
      -9001.8,
      478.2
     ],
     [
      -9004.8,
      477.4
     ],
     [
      -9009,
      476.6
     ],
     [
      -9013.2,
      476.6
     ],
     [
      -9018.2,
      476.6
     ],
     [
      -9017,
      481.2
     ],
     [
      -9010.6,
      490.9
     ],
     [
      -9003.5,
      501
     ],
     [
      -8996.8,
      507.7
     ],
     [
      -8990,
      511.9
     ],
     [
      -8984.6,
      514.4
     ],
     [
      -8979.9,
      515.7
     ],
     [
      -8977,
      516.5
     ],
     [
      -8974,
      518.2
     ],
     [
      -8970.7,
      519.1
     ],
     [
      -8967.3,
      519.1
     ],
     [
      -8964.4,
      517.8
     ],
     [
      -8961.8,
      516.1
     ]
    ]
   }
  },
  {
   "type": "Feature",
   "properties": {
    "op": "add",
    "source": "recorded",
    "zone": "Stormwind City",
    "time": 1790809824,
    "trim": true
   },
   "geometry": {
    "type": "LineString",
    "coordinates": [
     [
      -8953,
      517
     ],
     [
      -8955.5,
      518.6
     ],
     [
      -8958.5,
      518.2
     ],
     [
      -8961.4,
      517.4
     ],
     [
      -8963.5,
      515.3
     ],
     [
      -8965.2,
      512.3
     ],
     [
      -8967.3,
      509.8
     ],
     [
      -8969.4,
      507.7
     ],
     [
      -8971.9,
      505.6
     ],
     [
      -8974.5,
      503.9
     ],
     [
      -8977,
      502.2
     ],
     [
      -8979.5,
      500.1
     ],
     [
      -8982,
      498
     ],
     [
      -8984.6,
      496.3
     ],
     [
      -8987.9,
      494.7
     ],
     [
      -8990.9,
      493
     ],
     [
      -8994.2,
      491.3
     ],
     [
      -8996.8,
      489.2
     ],
     [
      -8999.3,
      486.7
     ],
     [
      -9001.4,
      484.1
     ],
     [
      -9003.5,
      482
     ],
     [
      -9006,
      479.9
     ],
     [
      -9008.5,
      478.2
     ],
     [
      -9011.1,
      476.6
     ],
     [
      -9013.6,
      474.9
     ],
     [
      -9015.7,
      472.8
     ],
     [
      -9017.8,
      470.7
     ],
     [
      -9020.3,
      468.6
     ],
     [
      -9022.8,
      466.5
     ],
     [
      -9025.4,
      464.8
     ],
     [
      -9027.9,
      462.3
     ],
     [
      -9030.8,
      460.6
     ],
     [
      -9032.9,
      458.5
     ],
     [
      -9035.9,
      455.9
     ],
     [
      -9038.4,
      453.8
     ],
     [
      -9041.4,
      451.3
     ],
     [
      -9043.5,
      448.8
     ],
     [
      -9045.6,
      446.7
     ]
    ]
   }
  },
  {
   "type": "Feature",
   "properties": {
    "op": "remove",
    "source": "recorded",
    "zone": "Stormwind City",
    "time": 1790809835,
    "trim": true,
    "area": true
   },
   "geometry": {
    "type": "LineString",
    "coordinates": [
     [
      -8839.1,
      659
     ],
     [
      -8840.6,
      658.6
     ],
     [
      -8842.3,
      657.7
     ],
     [
      -8843.6,
      656.7
     ],
     [
      -8844.7,
      655.6
     ],
     [
      -8846.2,
      654.1
     ],
     [
      -8847.3,
      653
     ],
     [
      -8848.6,
      651.5
     ],
     [
      -8849.7,
      650.4
     ],
     [
      -8850.5,
      649.1
     ],
     [
      -8851.6,
      647.8
     ],
     [
      -8852.7,
      646.8
     ],
     [
      -8854,
      645.5
     ],
     [
      -8855,
      644.4
     ],
     [
      -8856.5,
      643.1
     ],
     [
      -8857.8,
      641.8
     ],
     [
      -8859.4,
      640.7
     ],
     [
      -8860.9,
      639.4
     ],
     [
      -8862.2,
      638.6
     ],
     [
      -8863.4,
      637.5
     ],
     [
      -8864.7,
      636.4
     ],
     [
      -8865.6,
      634.9
     ],
     [
      -8865.8,
      628.4
     ],
     [
      -8865.2,
      626.1
     ],
     [
      -8864.5,
      624.1
     ],
     [
      -8863.7,
      622
     ],
     [
      -8862.8,
      619.8
     ],
     [
      -8861.7,
      617.5
     ],
     [
      -8861.1,
      615.7
     ],
     [
      -8860,
      613.6
     ],
     [
      -8859.1,
      612.3
     ],
     [
      -8858.1,
      610.6
     ],
     [
      -8857.2,
      609.1
     ],
     [
      -8855.9,
      608
     ],
     [
      -8854.6,
      606.9
     ],
     [
      -8853.5,
      605.6
     ],
     [
      -8852.7,
      603.9
     ],
     [
      -8852,
      602.2
     ],
     [
      -8851.2,
      600.9
     ],
     [
      -8850.3,
      599.1
     ],
     [
      -8849.2,
      598.1
     ],
     [
      -8847.7,
      597.4
     ],
     [
      -8845.6,
      597.2
     ],
     [
      -8843.8,
      597
     ],
     [
      -8841.9,
      596.8
     ],
     [
      -8840.4,
      597
     ],
     [
      -8838.9,
      597.6
     ],
     [
      -8837.6,
      598.5
     ],
     [
      -8836.3,
      599.6
     ],
     [
      -8835,
      600.4
     ],
     [
      -8833.3,
      600.2
     ],
     [
      -8832.2,
      599.1
     ],
     [
      -8831.1,
      597.9
     ],
     [
      -8830.3,
      596.3
     ],
     [
      -8829.2,
      594
     ],
     [
      -8828.5,
      592.5
     ],
     [
      -8827.7,
      591
     ],
     [
      -8826.4,
      589.9
     ],
     [
      -8825.3,
      588.8
     ],
     [
      -8824,
      587.9
     ],
     [
      -8822.5,
      587.1
     ],
     [
      -8820.6,
      586.2
     ],
     [
      -8818.4,
      585.8
     ],
     [
      -8816.9,
      585.6
     ],
     [
      -8815.4,
      585.6
     ],
     [
      -8813.5,
      585.6
     ],
     [
      -8812,
      586
     ],
     [
      -8810.4,
      586.7
     ],
     [
      -8808.7,
      587.5
     ],
     [
      -8806.8,
      588.6
     ],
     [
      -8805.3,
      589.2
     ],
     [
      -8803.3,
      590.3
     ],
     [
      -8802,
      591.2
     ],
     [
      -8801,
      592.3
     ],
     [
      -8799.7,
      593.3
     ],
     [
      -8798.6,
      594.4
     ],
     [
      -8797.5,
      595.7
     ],
     [
      -8796.2,
      597.2
     ],
     [
      -8795.4,
      598.9
     ],
     [
      -8794.5,
      600.9
     ],
     [
      -8793.9,
      602.6
     ],
     [
      -8793.2,
      604.3
     ],
     [
      -8792.6,
      606.3
     ],
     [
      -8791.9,
      607.8
     ],
     [
      -8791.3,
      609.7
     ],
     [
      -8791.1,
      611.9
     ],
     [
      -8790.8,
      613.4
     ],
     [
      -8790.4,
      615.3
     ],
     [
      -8790,
      617.7
     ],
     [
      -8789.8,
      620
     ],
     [
      -8789.8,
      621.6
     ],
     [
      -8789.8,
      623.5
     ],
     [
      -8789.8,
      625
     ],
     [
      -8789.5,
      626.9
     ],
     [
      -8789.1,
      629.1
     ],
     [
      -8789.1,
      631
     ],
     [
      -8788.9,
      632.5
     ],
     [
      -8788.5,
      634.5
     ],
     [
      -8788.3,
      636
     ],
     [
      -8788.3,
      637.5
     ],
     [
      -8788.3,
      639.4
     ],
     [
      -8788.3,
      642
     ],
     [
      -8788.3,
      643.7
     ],
     [
      -8788.3,
      645.3
     ],
     [
      -8789.1,
      646.5
     ],
     [
      -8790.8,
      647.2
     ],
     [
      -8792.6,
      647.8
     ],
     [
      -8794.3,
      648.5
     ],
     [
      -8796.2,
      648.9
     ],
     [
      -8797.7,
      649.3
     ],
     [
      -8799.2,
      650.2
     ],
     [
      -8800.7,
      650.9
     ],
     [
      -8802.5,
      651.9
     ],
     [
      -8804.4,
      652.6
     ],
     [
      -8806.1,
      653.2
     ],
     [
      -8808.3,
      653.7
     ],
     [
      -8809.8,
      653.9
     ],
     [
      -8811.5,
      654.1
     ],
     [
      -8813.2,
      654.5
     ],
     [
      -8815,
      654.9
     ],
     [
      -8816.5,
      655.4
     ],
     [
      -8818.6,
      655.8
     ],
     [
      -8820.6,
      656
     ],
     [
      -8822.3,
      656
     ],
     [
      -8824.7,
      656.2
     ],
     [
      -8827,
      656.2
     ],
     [
      -8828.8,
      656.2
     ],
     [
      -8830.7,
      656.2
     ],
     [
      -8832.9,
      656
     ],
     [
      -8834.4,
      655.8
     ],
     [
      -8835.9,
      655.8
     ],
     [
      -8837.8,
      655.6
     ],
     [
      -8839.3,
      655.4
     ],
     [
      -8841.3,
      655.2
     ],
     [
      -8842.8,
      654.9
     ],
     [
      -8844.3,
      654.7
     ]
    ]
   }
  },
  {
   "type": "Feature",
   "properties": {
    "op": "remove",
    "source": "recorded",
    "zone": "Stormwind City",
    "time": 1790809837,
    "trim": true,
    "area": true
   },
   "geometry": {
    "type": "LineString",
    "coordinates": [
     [
      -8802.7,
      657.1
     ],
     [
      -8800.7,
      656.7
     ],
     [
      -8799.2,
      655.6
     ],
     [
      -8797.5,
      654.5
     ],
     [
      -8796.2,
      653.4
     ],
     [
      -8795.8,
      651.7
     ],
     [
      -8796,
      650.2
     ],
     [
      -8797.1,
      648.5
     ],
     [
      -8797.9,
      647.2
     ],
     [
      -8799.5,
      646.8
     ],
     [
      -8801.6,
      647.2
     ],
     [
      -8802.9,
      648.3
     ],
     [
      -8803.8,
      649.8
     ],
     [
      -8804.6,
      651.9
     ],
     [
      -8804.6,
      654.1
     ],
     [
      -8804.6,
      655.8
     ],
     [
      -8804.4,
      657.5
     ],
     [
      -8803.8,
      659
     ],
     [
      -8802,
      659.3
     ],
     [
      -8800.3,
      658.4
     ],
     [
      -8799.5,
      657.1
     ]
    ]
   }
  },
  {
   "type": "Feature",
   "properties": {
    "op": "remove",
    "source": "recorded",
    "zone": "Stormwind City",
    "time": 1790809843,
    "trim": true,
    "area": true
   },
   "geometry": {
    "type": "LineString",
    "coordinates": [
     [
      -8854.2,
      652.6
     ],
     [
      -8853.5,
      650.4
     ],
     [
      -8852.7,
      648.1
     ],
     [
      -8852,
      644.4
     ],
     [
      -8851.6,
      640.9
     ],
     [
      -8851.6,
      639.2
     ],
     [
      -8851.8,
      637.5
     ],
     [
      -8853.1,
      636.4
     ],
     [
      -8854.8,
      635.6
     ],
     [
      -8857.2,
      634.5
     ],
     [
      -8860,
      633.8
     ],
     [
      -8862.2,
      633.4
     ],
     [
      -8864.3,
      633.6
     ],
     [
      -8866,
      634.7
     ],
     [
      -8867.8,
      636.2
     ],
     [
      -8869,
      637.5
     ],
     [
      -8869.7,
      639.2
     ],
     [
      -8869.9,
      641.4
     ],
     [
      -8870.1,
      643.7
     ],
     [
      -8870.1,
      645.3
     ],
     [
      -8869,
      647
     ],
     [
      -8867.1,
      648.3
     ],
     [
      -8865,
      649.8
     ],
     [
      -8862.4,
      651.7
     ],
     [
      -8860.9,
      653
     ],
     [
      -8859.1,
      653.7
     ],
     [
      -8857,
      653.9
     ],
     [
      -8854.8,
      653.9
     ],
     [
      -8853.3,
      653
     ],
     [
      -8852.5,
      651.5
     ],
     [
      -8851.8,
      650
     ]
    ]
   }
  },
  {
   "type": "Feature",
   "properties": {
    "op": "remove",
    "source": "recorded",
    "zone": "Stormwind City",
    "time": 1790809848,
    "trim": true,
    "area": true
   },
   "geometry": {
    "type": "LineString",
    "coordinates": [
     [
      -8880,
      650.9
     ],
     [
      -8878.7,
      649.8
     ],
     [
      -8877.9,
      648.5
     ],
     [
      -8877.2,
      647
     ],
     [
      -8876.6,
      645.3
     ],
     [
      -8876.4,
      643.5
     ],
     [
      -8876.2,
      641.8
     ],
     [
      -8876.2,
      640.1
     ],
     [
      -8876.4,
      638.1
     ],
     [
      -8876.6,
      636.4
     ],
     [
      -8877,
      634.9
     ],
     [
      -8877.7,
      633.4
     ],
     [
      -8878.7,
      631.2
     ],
     [
      -8879.4,
      629.7
     ],
     [
      -8880,
      628.2
     ],
     [
      -8881.1,
      626.9
     ],
     [
      -8882.4,
      625.6
     ],
     [
      -8883.9,
      624.8
     ],
     [
      -8885.4,
      624.1
     ],
     [
      -8886.9,
      623.5
     ],
     [
      -8888.9,
      623.9
     ],
     [
      -8890.6,
      624.8
     ],
     [
      -8891.7,
      626.1
     ],
     [
      -8892.1,
      627.6
     ],
     [
      -8892.1,
      629.7
     ],
     [
      -8892.1,
      632.1
     ],
     [
      -8891.9,
      634.7
     ],
     [
      -8891.5,
      636.2
     ],
     [
      -8890.8,
      637.9
     ],
     [
      -8890.2,
      639.7
     ],
     [
      -8889.3,
      641.6
     ],
     [
      -8888.4,
      643.3
     ],
     [
      -8887.1,
      644.8
     ],
     [
      -8885.6,
      646.1
     ],
     [
      -8884.1,
      647.2
     ],
     [
      -8882.8,
      648.5
     ],
     [
      -8880.9,
      649.1
     ],
     [
      -8879.4,
      649.3
     ]
    ]
   }
  },
  {
   "type": "Feature",
   "properties": {
    "op": "remove",
    "source": "recorded",
    "zone": "Stormwind City",
    "time": 1790809857,
    "trim": true,
    "area": true
   },
   "geometry": {
    "type": "LineString",
    "coordinates": [
     [
      -8865.6,
      658.4
     ],
     [
      -8863.9,
      659.3
     ],
     [
      -8862.2,
      660.1
     ],
     [
      -8860.6,
      660.8
     ],
     [
      -8858.7,
      661.2
     ],
     [
      -8857,
      661.6
     ],
     [
      -8855,
      662.1
     ],
     [
      -8853.3,
      662.9
     ],
     [
      -8851.6,
      663.8
     ],
     [
      -8850.1,
      664.6
     ],
     [
      -8848.6,
      665.3
     ],
     [
      -8846.6,
      666.4
     ],
     [
      -8845.1,
      667.2
     ],
     [
      -8843.4,
      667
     ],
     [
      -8842.1,
      665.5
     ],
     [
      -8841.5,
      664
     ],
     [
      -8841.3,
      662.3
     ],
     [
      -8841.3,
      660.3
     ],
     [
      -8842.1,
      658.2
     ],
     [
      -8843.2,
      656
     ],
     [
      -8844.3,
      654.3
     ],
     [
      -8846,
      653
     ],
     [
      -8848.1,
      651.7
     ],
     [
      -8851.4,
      650.2
     ],
     [
      -8853.5,
      649.3
     ],
     [
      -8855.3,
      648.3
     ],
     [
      -8856.8,
      647.6
     ],
     [
      -8859.1,
      646.8
     ],
     [
      -8861.7,
      645.7
     ],
     [
      -8864.3,
      644.8
     ],
     [
      -8865.8,
      644.2
     ],
     [
      -8867.5,
      643.7
     ],
     [
      -8869.5,
      643.7
     ],
     [
      -8871.4,
      644.6
     ],
     [
      -8872.7,
      645.5
     ],
     [
      -8873.6,
      647
     ],
     [
      -8874,
      648.5
     ],
     [
      -8873.8,
      650.4
     ],
     [
      -8872.7,
      652.8
     ],
     [
      -8871.2,
      655.6
     ],
     [
      -8869.9,
      657.5
     ],
     [
      -8868.6,
      658.4
     ],
     [
      -8867.1,
      659.5
     ],
     [
      -8865.4,
      660.1
     ],
     [
      -8863.9,
      660.1
     ]
    ]
   }
  },
  {
   "type": "Feature",
   "properties": {
    "op": "remove",
    "source": "recorded",
    "zone": "Stormwind City",
    "time": 1790809861,
    "trim": true,
    "area": true
   },
   "geometry": {
    "type": "LineString",
    "coordinates": [
     [
      -8838.2,
      684
     ],
     [
      -8836.7,
      684
     ],
     [
      -8835,
      682.5
     ],
     [
      -8833.7,
      680.8
     ],
     [
      -8832.4,
      679.1
     ],
     [
      -8831.3,
      677.4
     ],
     [
      -8830.7,
      675.8
     ],
     [
      -8830.5,
      674.3
     ],
     [
      -8831.6,
      672.4
     ],
     [
      -8832.6,
      670.9
     ],
     [
      -8833.9,
      669.6
     ],
     [
      -8835.2,
      668.7
     ],
     [
      -8837.4,
      668.1
     ],
     [
      -8839.3,
      668.1
     ],
     [
      -8841,
      669
     ],
     [
      -8842.1,
      670
     ],
     [
      -8842.8,
      671.5
     ],
     [
      -8843.4,
      673.5
     ],
     [
      -8843.4,
      675
     ],
     [
      -8843,
      676.9
     ],
     [
      -8842.1,
      679.1
     ],
     [
      -8841.3,
      681.2
     ],
     [
      -8840.4,
      683.6
     ],
     [
      -8839.1,
      684.5
     ],
     [
      -8837.2,
      684.9
     ],
     [
      -8835.7,
      683.8
     ],
     [
      -8835.2,
      682.3
     ]
    ]
   }
  },
  {
   "type": "Feature",
   "properties": {
    "op": "add",
    "source": "recorded",
    "zone": "Stormwind City",
    "time": 1790809864,
    "trim": true
   },
   "geometry": {
    "type": "LineString",
    "coordinates": [
     [
      -8822.7,
      679.9
     ],
     [
      -8824.4,
      679.5
     ],
     [
      -8827.9,
      678
     ],
     [
      -8829.6,
      677.4
     ],
     [
      -8831.1,
      676.5
     ],
     [
      -8832.6,
      675.4
     ],
     [
      -8833.9,
      674.6
     ],
     [
      -8835.7,
      673.5
     ],
     [
      -8837.2,
      672.2
     ],
     [
      -8838.2,
      671.1
     ],
     [
      -8840,
      670.2
     ],
     [
      -8841.3,
      669.4
     ],
     [
      -8842.5,
      668.5
     ],
     [
      -8843.8,
      667.4
     ],
     [
      -8845.1,
      666.6
     ],
     [
      -8846.2,
      665.5
     ],
     [
      -8847.3,
      664.4
     ],
     [
      -8848.4,
      663.1
     ],
     [
      -8849.4,
      662.1
     ],
     [
      -8850.5,
      661
     ],
     [
      -8851.2,
      659.5
     ],
     [
      -8851.8,
      658
     ],
     [
      -8852,
      656.2
     ],
     [
      -8852,
      654.5
     ],
     [
      -8851.2,
      652.8
     ],
     [
      -8849.9,
      651.3
     ],
     [
      -8848.8,
      650.2
     ],
     [
      -8847.7,
      648.9
     ],
     [
      -8846.4,
      647.8
     ],
     [
      -8845.3,
      646.5
     ],
     [
      -8844.3,
      645.3
     ],
     [
      -8843,
      644.2
     ],
     [
      -8841.9,
      643.1
     ],
     [
      -8840.8,
      641.6
     ],
     [
      -8839.5,
      640.1
     ],
     [
      -8838.2,
      639
     ],
     [
      -8837.2,
      637.5
     ],
     [
      -8836.1,
      635.8
     ],
     [
      -8835,
      634.3
     ],
     [
      -8833.9,
      633
     ],
     [
      -8832.6,
      631.2
     ],
     [
      -8831.8,
      629.7
     ],
     [
      -8830.7,
      628.7
     ],
     [
      -8829.4,
      627.2
     ],
     [
      -8828.5,
      625.6
     ],
     [
      -8827.5,
      624.4
     ],
     [
      -8826.2,
      623.1
     ],
     [
      -8824.9,
      622.2
     ],
     [
      -8823.8,
      621.1
     ],
     [
      -8822.5,
      620.3
     ],
     [
      -8821,
      619.4
     ],
     [
      -8819.9,
      618.1
     ],
     [
      -8818.6,
      617
     ],
     [
      -8817.6,
      615.7
     ],
     [
      -8816.5,
      614.2
     ],
     [
      -8815.2,
      612.9
     ],
     [
      -8814.1,
      611.9
     ]
    ]
   }
  },
  {
   "type": "Feature",
   "properties": {
    "op": "add",
    "source": "recorded",
    "zone": "Stormwind City",
    "time": 1790809869,
    "trim": true
   },
   "geometry": {
    "type": "LineString",
    "coordinates": [
     [
      -8827,
      625.4
     ],
     [
      -8825.5,
      626.7
     ],
     [
      -8824.2,
      627.6
     ],
     [
      -8822.7,
      628.7
     ],
     [
      -8821,
      629.7
     ],
     [
      -8819.7,
      630.6
     ],
     [
      -8818,
      631.9
     ],
     [
      -8816.5,
      633
     ],
     [
      -8814.8,
      634.1
     ],
     [
      -8813.5,
      634.9
     ],
     [
      -8812,
      636.2
     ],
     [
      -8810.4,
      637.3
     ],
     [
      -8809.2,
      638.1
     ],
     [
      -8807.9,
      639.4
     ],
     [
      -8806.6,
      640.5
     ],
     [
      -8805.5,
      641.6
     ],
     [
      -8804.2,
      642.7
     ],
     [
      -8802.9,
      644
     ],
     [
      -8801.6,
      645
     ],
     [
      -8800.5,
      646.1
     ],
     [
      -8799.2,
      647.2
     ],
     [
      -8798.2,
      648.3
     ],
     [
      -8797.3,
      649.6
     ],
     [
      -8796.7,
      651.1
     ],
     [
      -8795.8,
      652.6
     ],
     [
      -8795.4,
      654.1
     ],
     [
      -8794.5,
      655.4
     ],
     [
      -8793.6,
      656.7
     ],
     [
      -8793.2,
      658.2
     ],
     [
      -8792.8,
      659.7
     ],
     [
      -8792.8,
      661.2
     ],
     [
      -8792.8,
      662.7
     ],
     [
      -8792.3,
      664.2
     ],
     [
      -8791.9,
      665.7
     ]
    ]
   }
  },
  {
   "type": "Feature",
   "properties": {
    "op": "remove",
    "source": "recorded",
    "zone": "Stormwind City",
    "time": 1790809870,
    "trim": true,
    "area": true
   },
   "geometry": {
    "type": "LineString",
    "coordinates": [
     [
      -8795.8,
      676.5
     ],
     [
      -8794.9,
      675
     ],
     [
      -8793.6,
      673.5
     ],
     [
      -8792.3,
      671.8
     ],
     [
      -8791.5,
      669.6
     ],
     [
      -8790.6,
      667.2
     ],
     [
      -8789.8,
      664.6
     ],
     [
      -8789.1,
      662.7
     ],
     [
      -8788.9,
      661
     ],
     [
      -8788.9,
      659.5
     ],
     [
      -8789.1,
      657.7
     ],
     [
      -8790.4,
      656.2
     ],
     [
      -8791.9,
      655.6
     ],
     [
      -8793.9,
      655.2
     ],
     [
      -8795.6,
      655.6
     ],
     [
      -8796.2,
      657.1
     ],
     [
      -8796.2,
      661.2
     ],
     [
      -8796,
      665.9
     ],
     [
      -8795.8,
      669.6
     ],
     [
      -8794.5,
      670.7
     ],
     [
      -8793,
      670.5
     ],
     [
      -8791.5,
      670.2
     ]
    ]
   }
  },
  {
   "type": "Feature",
   "properties": {
    "op": "add",
    "source": "recorded",
    "zone": "Stormwind City",
    "time": 1790809873,
    "trim": true
   },
   "geometry": {
    "type": "LineString",
    "coordinates": [
     [
      -8795.6,
      653.9
     ],
     [
      -8796.2,
      655.4
     ],
     [
      -8797.1,
      656.7
     ],
     [
      -8797.3,
      658.2
     ],
     [
      -8796.9,
      659.9
     ],
     [
      -8796.2,
      661.4
     ],
     [
      -8795.6,
      663.1
     ],
     [
      -8795.1,
      664.6
     ],
     [
      -8794.9,
      666.2
     ],
     [
      -8794.5,
      667.7
     ],
     [
      -8793.9,
      669.2
     ],
     [
      -8793.6,
      670.7
     ],
     [
      -8792.3,
      671.8
     ],
     [
      -8791.7,
      673.3
     ],
     [
      -8791.5,
      674.8
     ],
     [
      -8791.3,
      676.3
     ],
     [
      -8791.9,
      677.8
     ],
     [
      -8791.9,
      679.3
     ]
    ]
   }
  },
  {
   "type": "Feature",
   "properties": {
    "op": "add",
    "source": "recorded",
    "zone": "Stormwind City",
    "time": 1790809877,
    "trim": true
   },
   "geometry": {
    "type": "LineString",
    "coordinates": [
     [
      -8814.8,
      613.2
     ],
     [
      -8813.9,
      611.9
     ],
     [
      -8812.8,
      610.1
     ],
     [
      -8811.7,
      608.6
     ],
     [
      -8810.9,
      607.3
     ],
     [
      -8810,
      605.8
     ],
     [
      -8809.2,
      604.5
     ],
     [
      -8808.1,
      603.5
     ],
     [
      -8806.8,
      601.9
     ],
     [
      -8805.5,
      600.4
     ],
     [
      -8804,
      599.1
     ],
     [
      -8802.5,
      598.3
     ],
     [
      -8801.2,
      597.2
     ],
     [
      -8799.7,
      596.3
     ],
     [
      -8798.2,
      595.1
     ],
     [
      -8796.9,
      594
     ],
     [
      -8795.6,
      592.9
     ],
     [
      -8794.3,
      591.6
     ],
     [
      -8793.4,
      590.3
     ]
    ]
   }
  },
  {
   "type": "Feature",
   "properties": {
    "op": "remove",
    "source": "recorded",
    "zone": "Stormwind City",
    "time": 1790809886,
    "trim": true,
    "area": true
   },
   "geometry": {
    "type": "LineString",
    "coordinates": [
     [
      -8855.7,
      597
     ],
     [
      -8855.7,
      595.5
     ],
     [
      -8856.3,
      593.8
     ],
     [
      -8856.8,
      592
     ],
     [
      -8857.4,
      590.5
     ],
     [
      -8858.3,
      589
     ],
     [
      -8859.4,
      587.7
     ],
     [
      -8860.4,
      586.7
     ],
     [
      -8861.5,
      585.6
     ],
     [
      -8862.8,
      584.5
     ],
     [
      -8864.7,
      583.4
     ],
     [
      -8866.2,
      582.8
     ],
     [
      -8867.8,
      583
     ],
     [
      -8868.6,
      584.3
     ],
     [
      -8869,
      585.8
     ],
     [
      -8869,
      588.4
     ],
     [
      -8869,
      591.2
     ],
     [
      -8868.8,
      593.5
     ],
     [
      -8868.4,
      595.5
     ],
     [
      -8867.5,
      597
     ],
     [
      -8866.2,
      597.9
     ],
     [
      -8865,
      598.7
     ],
     [
      -8863.2,
      599.4
     ],
     [
      -8861.7,
      599.8
     ],
     [
      -8859.8,
      599.8
     ],
     [
      -8858.1,
      599.8
     ],
     [
      -8856.5,
      598.9
     ],
     [
      -8855.7,
      597
     ],
     [
      -8855.3,
      595.3
     ]
    ]
   }
  },
  {
   "type": "Feature",
   "properties": {
    "op": "remove",
    "source": "recorded",
    "zone": "Stormwind City",
    "time": 1790809887,
    "trim": true,
    "area": true
   },
   "geometry": {
    "type": "LineString",
    "coordinates": [
     [
      -8852.2,
      598.7
     ],
     [
      -8852.2,
      597
     ],
     [
      -8852.5,
      595.5
     ],
     [
      -8853.1,
      593.8
     ],
     [
      -8854,
      591.2
     ],
     [
      -8854.8,
      589.5
     ],
     [
      -8856.1,
      587.7
     ],
     [
      -8857.4,
      586
     ],
     [
      -8858.9,
      585.1
     ],
     [
      -8860.6,
      584.5
     ],
     [
      -8862.8,
      584.3
     ],
     [
      -8864.5,
      583.9
     ],
     [
      -8866.2,
      584.3
     ],
     [
      -8867.5,
      585.4
     ],
     [
      -8868.6,
      587.1
     ],
     [
      -8869,
      588.6
     ],
     [
      -8869,
      590.1
     ],
     [
      -8869,
      591.8
     ],
     [
      -8868.6,
      593.5
     ],
     [
      -8867.8,
      595.5
     ],
     [
      -8866.5,
      597.6
     ],
     [
      -8865,
      598.9
     ],
     [
      -8863.4,
      599.8
     ],
     [
      -8861.5,
      600.4
     ],
     [
      -8859.8,
      600.7
     ],
     [
      -8858.3,
      600.9
     ],
     [
      -8856.1,
      600.7
     ],
     [
      -8854.4,
      600
     ],
     [
      -8852.7,
      599.4
     ],
     [
      -8851.4,
      598.5
     ]
    ]
   }
  },
  {
   "type": "Feature",
   "properties": {
    "op": "add",
    "source": "recorded",
    "zone": "Stormwind City",
    "time": 1790809891,
    "trim": true
   },
   "geometry": {
    "type": "LineString",
    "coordinates": [
     [
      -8873.8,
      583.4
     ],
     [
      -8873.1,
      584.9
     ],
     [
      -8872.3,
      586.7
     ],
     [
      -8871.2,
      587.9
     ],
     [
      -8870.1,
      589.2
     ],
     [
      -8869,
      590.5
     ],
     [
      -8867.8,
      591.8
     ],
     [
      -8866.7,
      592.9
     ],
     [
      -8865.6,
      594
     ],
     [
      -8864.5,
      595.1
     ],
     [
      -8863.7,
      596.3
     ],
     [
      -8862.6,
      597.4
     ],
     [
      -8861.5,
      598.5
     ],
     [
      -8860.2,
      599.6
     ],
     [
      -8859.1,
      600.7
     ],
     [
      -8857.8,
      601.7
     ],
     [
      -8856.3,
      602.8
     ],
     [
      -8854.6,
      603.9
     ],
     [
      -8853.3,
      604.7
     ],
     [
      -8852,
      605.8
     ],
     [
      -8850.7,
      606.7
     ],
     [
      -8849.4,
      607.8
     ],
     [
      -8848.1,
      608.6
     ],
     [
      -8846.4,
      609.5
     ],
     [
      -8844.7,
      610.6
     ],
     [
      -8843.4,
      611.6
     ],
     [
      -8842.1,
      612.5
     ],
     [
      -8840.8,
      613.6
     ],
     [
      -8839.3,
      614.7
     ],
     [
      -8838,
      615.7
     ],
     [
      -8836.7,
      616.8
     ],
     [
      -8835.4,
      618.1
     ],
     [
      -8834.1,
      619
     ],
     [
      -8833.1,
      620
     ],
     [
      -8831.8,
      621.1
     ],
     [
      -8830.5,
      622.2
     ],
     [
      -8829.4,
      623.3
     ],
     [
      -8828.1,
      624.4
     ],
     [
      -8827.2,
      625.6
     ]
    ]
   }
  },
  {
   "type": "Feature",
   "properties": {
    "op": "add",
    "source": "recorded",
    "zone": "Stormwind City",
    "time": 1790809897,
    "trim": true
   },
   "geometry": {
    "type": "LineString",
    "coordinates": [
     [
      -8856.1,
      602.6
     ],
     [
      -8857.2,
      603.9
     ],
     [
      -8858.3,
      605
     ],
     [
      -8859.4,
      606
     ],
     [
      -8860.4,
      607.1
     ],
     [
      -8861.9,
      608
     ],
     [
      -8863,
      609.1
     ],
     [
      -8864.1,
      610.1
     ]
    ]
   }
  },
  {
   "type": "Feature",
   "properties": {
    "op": "add",
    "source": "recorded",
    "zone": "Stormwind City",
    "time": 1790809901,
    "trim": true
   },
   "geometry": {
    "type": "LineString",
    "coordinates": [
     [
      -8870.1,
      635.3
     ],
     [
      -8868.6,
      636.2
     ],
     [
      -8867.3,
      637.1
     ],
     [
      -8865.8,
      637.9
     ],
     [
      -8864.5,
      638.8
     ],
     [
      -8863,
      639.7
     ],
     [
      -8861.5,
      640.3
     ],
     [
      -8860,
      640.7
     ],
     [
      -8858.3,
      641.4
     ],
     [
      -8856.8,
      642
     ],
     [
      -8855.5,
      642.9
     ],
     [
      -8854,
      643.7
     ],
     [
      -8852.2,
      644.4
     ],
     [
      -8850.5,
      645.3
     ],
     [
      -8849,
      645.7
     ],
     [
      -8847.5,
      646.5
     ],
     [
      -8846.2,
      647.4
     ]
    ]
   }
  },
  {
   "type": "Feature",
   "properties": {
    "op": "remove",
    "source": "recorded",
    "zone": "Stormwind City",
    "time": 1790809906,
    "trim": true,
    "area": true
   },
   "geometry": {
    "type": "LineString",
    "coordinates": [
     [
      -8896,
      622
     ],
     [
      -8896,
      620.3
     ],
     [
      -8896,
      618.5
     ],
     [
      -8895.8,
      616.8
     ],
     [
      -8894.9,
      614.9
     ],
     [
      -8893.6,
      612.7
     ],
     [
      -8892.7,
      610.8
     ],
     [
      -8891.7,
      608.2
     ],
     [
      -8890.8,
      605.6
     ],
     [
      -8890.2,
      604.1
     ],
     [
      -8889.1,
      602.8
     ],
     [
      -8887.8,
      601.9
     ],
     [
      -8886.3,
      601.5
     ],
     [
      -8884.8,
      600.9
     ],
     [
      -8883,
      600.4
     ],
     [
      -8881.5,
      600
     ],
     [
      -8880,
      599.8
     ],
     [
      -8878.5,
      599.6
     ],
     [
      -8877.2,
      600.7
     ],
     [
      -8876.8,
      602.2
     ],
     [
      -8876.4,
      604.5
     ],
     [
      -8876.4,
      607.6
     ],
     [
      -8876.4,
      611.2
     ],
     [
      -8876.6,
      614.9
     ],
     [
      -8877,
      617.2
     ],
     [
      -8877.7,
      618.8
     ],
     [
      -8878.3,
      620.5
     ],
     [
      -8878.7,
      622
     ],
     [
      -8879.4,
      623.5
     ],
     [
      -8880.2,
      625.4
     ],
     [
      -8880.9,
      627.2
     ],
     [
      -8882.2,
      628.7
     ],
     [
      -8883.5,
      629.5
     ],
     [
      -8885,
      630
     ],
     [
      -8887.4,
      630
     ],
     [
      -8889.7,
      630
     ],
     [
      -8892.1,
      630
     ],
     [
      -8893.8,
      629.5
     ],
     [
      -8895.3,
      628.9
     ],
     [
      -8896.6,
      628
     ],
     [
      -8896.6,
      626.3
     ],
     [
      -8896.4,
      624.1
     ],
     [
      -8896.2,
      622.2
     ],
     [
      -8896.2,
      620.5
     ],
     [
      -8896.2,
      619
     ]
    ]
   }
  },
  {
   "type": "Feature",
   "properties": {
    "op": "add",
    "source": "recorded",
    "zone": "Stormwind City",
    "time": 1790809908,
    "trim": true
   },
   "geometry": {
    "type": "LineString",
    "coordinates": [
     [
      -8897.1,
      612.1
     ],
     [
      -8895.3,
      611.9
     ],
     [
      -8894,
      611
     ],
     [
      -8893,
      609.9
     ],
     [
      -8892.1,
      608.4
     ],
     [
      -8891.5,
      606.7
     ],
     [
      -8890.6,
      605.2
     ],
     [
      -8889.9,
      603.2
     ],
     [
      -8889.1,
      601.7
     ],
     [
      -8888.2,
      600.4
     ],
     [
      -8887.4,
      599.1
     ],
     [
      -8886.7,
      597.6
     ],
     [
      -8886.3,
      596.1
     ]
    ]
   }
  },
  {
   "type": "Feature",
   "properties": {
    "op": "remove",
    "source": "recorded",
    "zone": "Stormwind City",
    "time": 1790809913,
    "trim": true,
    "area": true
   },
   "geometry": {
    "type": "LineString",
    "coordinates": [
     [
      -8899.6,
      622.4
     ],
     [
      -8901.1,
      621.6
     ],
     [
      -8902.4,
      620.5
     ],
     [
      -8903.5,
      619.4
     ],
     [
      -8904.8,
      618.3
     ],
     [
      -8905.7,
      617
     ],
     [
      -8905.9,
      615.5
     ],
     [
      -8905.9,
      613.8
     ],
     [
      -8905.7,
      612.3
     ],
     [
      -8905.2,
      610.4
     ],
     [
      -8904.2,
      608.6
     ],
     [
      -8903.3,
      607.1
     ],
     [
      -8902.4,
      605.8
     ],
     [
      -8901.4,
      603.9
     ],
     [
      -8899.6,
      601.7
     ],
     [
      -8898.6,
      600
     ],
     [
      -8897.3,
      598.1
     ],
     [
      -8896.4,
      596.6
     ],
     [
      -8895.3,
      595.3
     ],
     [
      -8894,
      593.8
     ],
     [
      -8893,
      592.5
     ],
     [
      -8891.7,
      591.4
     ],
     [
      -8890.4,
      590.3
     ],
     [
      -8889.3,
      589.2
     ],
     [
      -8888.2,
      588.2
     ],
     [
      -8886.7,
      586.9
     ],
     [
      -8885.4,
      586
     ],
     [
      -8883.9,
      585.4
     ],
     [
      -8882.4,
      584.7
     ],
     [
      -8880.9,
      583.9
     ],
     [
      -8879.6,
      583
     ],
     [
      -8878.1,
      582.6
     ],
     [
      -8876.8,
      583.4
     ],
     [
      -8875.7,
      584.5
     ],
     [
      -8874.9,
      585.8
     ],
     [
      -8874.2,
      587.3
     ],
     [
      -8873.1,
      588.8
     ],
     [
      -8872.9,
      591
     ],
     [
      -8873.6,
      592.7
     ],
     [
      -8874.4,
      595.3
     ],
     [
      -8875.5,
      597.9
     ],
     [
      -8877,
      600.7
     ],
     [
      -8877.9,
      602.6
     ],
     [
      -8879.2,
      604.1
     ],
     [
      -8881.1,
      605.8
     ],
     [
      -8883.9,
      608.6
     ],
     [
      -8885.4,
      610.4
     ],
     [
      -8886.9,
      611.6
     ],
     [
      -8888.9,
      612.9
     ],
     [
      -8890.6,
      614.2
     ],
     [
      -8892.1,
      615.3
     ],
     [
      -8893.8,
      616.4
     ],
     [
      -8895.3,
      617.2
     ],
     [
      -8896.6,
      618.1
     ],
     [
      -8897.7,
      619.4
     ],
     [
      -8898.8,
      620.5
     ],
     [
      -8899.4,
      622
     ]
    ]
   }
  },
  {
   "type": "Feature",
   "properties": {
    "op": "remove",
    "source": "recorded",
    "zone": "Stormwind City",
    "time": 1790809918,
    "trim": true,
    "area": true
   },
   "geometry": {
    "type": "LineString",
    "coordinates": [
     [
      -8899.2,
      629.1
     ],
     [
      -8899,
      627.4
     ],
     [
      -8899,
      625.2
     ],
     [
      -8899,
      622.8
     ],
     [
      -8900.1,
      620
     ],
     [
      -8901.1,
      617.5
     ],
     [
      -8902.7,
      614.4
     ],
     [
      -8904.4,
      611
     ],
     [
      -8906.3,
      607.3
     ],
     [
      -8908.3,
      604.7
     ],
     [
      -8910.6,
      602.4
     ],
     [
      -8913.4,
      600.4
     ],
     [
      -8917.1,
      598.7
     ],
     [
      -8920.8,
      597.9
     ],
     [
      -8924.6,
      597.9
     ],
     [
      -8927.6,
      597.9
     ],
     [
      -8930.4,
      598.3
     ],
     [
      -8932.6,
      599.1
     ],
     [
      -8935.8,
      600.9
     ],
     [
      -8939.1,
      602.4
     ],
     [
      -8941.7,
      603.2
     ],
     [
      -8943.2,
      603.7
     ],
     [
      -8944.5,
      604.7
     ],
     [
      -8945.3,
      606.9
     ],
     [
      -8945.3,
      610.1
     ],
     [
      -8944.7,
      614.4
     ],
     [
      -8944.2,
      619
     ],
     [
      -8944.2,
      621.3
     ],
     [
      -8944,
      623.1
     ],
     [
      -8942.9,
      624.8
     ],
     [
      -8941.7,
      626.3
     ],
     [
      -8940.4,
      627.6
     ],
     [
      -8938.6,
      629.1
     ],
     [
      -8937.3,
      630.4
     ],
     [
      -8935.8,
      631.2
     ],
     [
      -8933.9,
      631.9
     ],
     [
      -8931.1,
      632.1
     ],
     [
      -8928.5,
      632.1
     ],
     [
      -8925.3,
      632.1
     ],
     [
      -8922.7,
      631.7
     ],
     [
      -8919.9,
      631.2
     ],
     [
      -8917.3,
      630.4
     ],
     [
      -8914.5,
      629.1
     ],
     [
      -8912.6,
      627.8
     ],
     [
      -8910.6,
      626.9
     ],
     [
      -8908.5,
      626.3
     ],
     [
      -8907,
      626.1
     ],
     [
      -8905.5,
      625.9
     ],
     [
      -8903.9,
      625.6
     ],
     [
      -8902.2,
      625.6
     ],
     [
      -8900.7,
      626.1
     ],
     [
      -8899.2,
      626.7
     ],
     [
      -8897.7,
      626.5
     ]
    ]
   }
  },
  {
   "type": "Feature",
   "properties": {
    "op": "add",
    "source": "recorded",
    "zone": "Stormwind City",
    "time": 1790809924,
    "trim": true
   },
   "geometry": {
    "type": "LineString",
    "coordinates": [
     [
      -8864.3,
      638.8
     ],
     [
      -8865.8,
      639.4
     ],
     [
      -8866.7,
      640.7
     ],
     [
      -8867.8,
      642
     ],
     [
      -8868.2,
      643.5
     ],
     [
      -8868.8,
      645
     ],
     [
      -8869.7,
      646.3
     ],
     [
      -8871.2,
      647
     ],
     [
      -8872.7,
      647
     ],
     [
      -8874.2,
      646.8
     ],
     [
      -8875.7,
      646.1
     ],
     [
      -8877,
      645.3
     ],
     [
      -8878.3,
      644.4
     ],
     [
      -8879.6,
      643.5
     ],
     [
      -8881.1,
      642.9
     ],
     [
      -8882.4,
      642
     ]
    ]
   }
  },
  {
   "type": "Feature",
   "properties": {
    "op": "add",
    "source": "recorded",
    "zone": "Stormwind City",
    "time": 1790809927,
    "trim": true
   },
   "geometry": {
    "type": "LineString",
    "coordinates": [
     [
      -8851.6,
      656.7
     ],
     [
      -8853.3,
      657.3
     ],
     [
      -8854.8,
      657.3
     ],
     [
      -8856.3,
      657.1
     ],
     [
      -8857.8,
      656.7
     ],
     [
      -8859.4,
      655.8
     ],
     [
      -8860.6,
      654.9
     ],
     [
      -8862.4,
      653.9
     ],
     [
      -8863.7,
      652.8
     ],
     [
      -8865,
      651.9
     ],
     [
      -8866.5,
      651.3
     ],
     [
      -8867.8,
      650.4
     ],
     [
      -8869.3,
      649.6
     ],
     [
      -8870.3,
      648.5
     ],
     [
      -8871.2,
      647.2
     ]
    ]
   }
  },
  {
   "type": "Feature",
   "properties": {
    "op": "remove",
    "source": "recorded",
    "zone": "Stormwind City",
    "time": 1790809937,
    "trim": true
   },
   "geometry": {
    "type": "LineString",
    "coordinates": [
     [
      -8841,
      479.2
     ],
     [
      -8839.7,
      478.4
     ],
     [
      -8838.4,
      477.5
     ],
     [
      -8837.6,
      476.2
     ],
     [
      -8836.7,
      474.9
     ],
     [
      -8836.3,
      473.4
     ],
     [
      -8836.5,
      471.7
     ],
     [
      -8837.6,
      470.6
     ],
     [
      -8839.3,
      470.2
     ],
     [
      -8840.8,
      470.4
     ],
     [
      -8842.1,
      471.7
     ],
     [
      -8842.5,
      473.2
     ],
     [
      -8842.7,
      474.7
     ],
     [
      -8842.7,
      476.2
     ],
     [
      -8841.7,
      477.5
     ],
     [
      -8840.6,
      478.6
     ]
    ]
   }
  },
  {
   "type": "Feature",
   "properties": {
    "op": "remove",
    "source": "recorded",
    "zone": "Stormwind City",
    "time": 1790809940,
    "trim": true,
    "area": true
   },
   "geometry": {
    "type": "LineString",
    "coordinates": [
     [
      -8841.2,
      511.7
     ],
     [
      -8841.2,
      509.6
     ],
     [
      -8841.2,
      508.1
     ],
     [
      -8841.4,
      506.1
     ],
     [
      -8841.9,
      504
     ],
     [
      -8842.5,
      502.5
     ],
     [
      -8843.4,
      501.2
     ],
     [
      -8844.7,
      499.2
     ],
     [
      -8845.8,
      497.7
     ],
     [
      -8846.8,
      496.4
     ],
     [
      -8848.1,
      495.4
     ],
     [
      -8849.8,
      494.5
     ],
     [
      -8851.6,
      493.9
     ],
     [
      -8852.2,
      495.4
     ],
     [
      -8852.4,
      497.3
     ],
     [
      -8852.2,
      499.5
     ],
     [
      -8851.6,
      501.8
     ],
     [
      -8850.7,
      503.6
     ],
     [
      -8849.6,
      505.5
     ],
     [
      -8848.3,
      506.8
     ],
     [
      -8847.3,
      507.9
     ],
     [
      -8846,
      508.7
     ],
     [
      -8844.5,
      509.4
     ],
     [
      -8843,
      510
     ],
     [
      -8841.4,
      510.5
     ],
     [
      -8839.9,
      510.7
     ]
    ]
   }
  },
  {
   "type": "Feature",
   "properties": {
    "op": "add",
    "source": "recorded",
    "zone": "Stormwind City",
    "time": 1790809943,
    "trim": true
   },
   "geometry": {
    "type": "LineString",
    "coordinates": [
     [
      -8861.5,
      518.6
     ],
     [
      -8861.5,
      517.1
     ],
     [
      -8860.8,
      515.6
     ],
     [
      -8859.8,
      514.1
     ],
     [
      -8858.7,
      512.8
     ],
     [
      -8857.8,
      511.3
     ],
     [
      -8857,
      510
     ],
     [
      -8856.1,
      508.5
     ],
     [
      -8855.2,
      507.2
     ],
     [
      -8854.4,
      505.7
     ],
     [
      -8853.7,
      504.2
     ],
     [
      -8852.9,
      502.9
     ],
     [
      -8852,
      501.6
     ],
     [
      -8850.9,
      500.3
     ],
     [
      -8850.1,
      499
     ],
     [
      -8849,
      497.7
     ],
     [
      -8847.9,
      496.7
     ],
     [
      -8847,
      495.4
     ],
     [
      -8846.2,
      494.1
     ],
     [
      -8845.1,
      492.4
     ],
     [
      -8844.2,
      490.6
     ],
     [
      -8843.6,
      489.1
     ],
     [
      -8842.7,
      487.8
     ],
     [
      -8841.7,
      486.1
     ],
     [
      -8840.8,
      484.6
     ],
     [
      -8840.2,
      483.1
     ],
     [
      -8839.3,
      481.8
     ]
    ]
   }
  },
  {
   "type": "Feature",
   "properties": {
    "op": "remove",
    "source": "recorded",
    "zone": "Stormwind City",
    "time": 1790809977,
    "trim": true,
    "area": true
   },
   "geometry": {
    "type": "LineString",
    "coordinates": [
     [
      -8406.8,
      640
     ],
     [
      -8406.2,
      638.2
     ],
     [
      -8405.1,
      636.7
     ],
     [
      -8403.8,
      634.6
     ],
     [
      -8403,
      633.3
     ],
     [
      -8402.1,
      631.6
     ],
     [
      -8401,
      629.4
     ],
     [
      -8400.2,
      627.7
     ],
     [
      -8398.9,
      625.8
     ],
     [
      -8397.4,
      624
     ],
     [
      -8396.3,
      622.5
     ],
     [
      -8395.2,
      620.8
     ],
     [
      -8393.9,
      619.3
     ],
     [
      -8392.6,
      618
     ],
     [
      -8391.1,
      616.7
     ],
     [
      -8389.6,
      615.6
     ],
     [
      -8388.3,
      614.8
     ],
     [
      -8386.8,
      613.9
     ],
     [
      -8385.3,
      613
     ],
     [
      -8383.8,
      612
     ],
     [
      -8381.8,
      610.7
     ],
     [
      -8380.8,
      609.6
     ],
     [
      -8379.3,
      608.3
     ],
     [
      -8378.2,
      607.2
     ],
     [
      -8377.3,
      605.7
     ],
     [
      -8376.7,
      604.2
     ],
     [
      -8376.2,
      602.3
     ],
     [
      -8375.8,
      600.3
     ],
     [
      -8375.6,
      598
     ],
     [
      -8375.4,
      596
     ],
     [
      -8375.4,
      594.3
     ],
     [
      -8375.4,
      592.6
     ],
     [
      -8375.8,
      591.1
     ],
     [
      -8376.9,
      589.8
     ],
     [
      -8378,
      588.3
     ],
     [
      -8379.3,
      586.8
     ],
     [
      -8380.5,
      585.7
     ],
     [
      -8382.3,
      584.4
     ],
     [
      -8383.6,
      583.5
     ],
     [
      -8385.1,
      582.4
     ],
     [
      -8386.4,
      581.6
     ],
     [
      -8388.1,
      580.5
     ],
     [
      -8389.6,
      579.6
     ],
     [
      -8391.1,
      579
     ],
     [
      -8392.6,
      578.1
     ],
     [
      -8394.1,
      577.3
     ],
     [
      -8396.1,
      576.6
     ],
     [
      -8397.8,
      575.8
     ],
     [
      -8399.1,
      574.7
     ],
     [
      -8400.4,
      573.6
     ],
     [
      -8401.7,
      571.9
     ],
     [
      -8402.7,
      570.2
     ],
     [
      -8403.6,
      568.9
     ],
     [
      -8404.5,
      567.6
     ],
     [
      -8405.3,
      566.3
     ],
     [
      -8406.4,
      565.2
     ],
     [
      -8407.5,
      563.9
     ],
     [
      -8408.6,
      562.6
     ],
     [
      -8410.1,
      562
     ],
     [
      -8412.2,
      561.1
     ],
     [
      -8413.9,
      560.5
     ],
     [
      -8415.5,
      560
     ],
     [
      -8417,
      559.8
     ],
     [
      -8418.9,
      559.8
     ],
     [
      -8420.4,
      559.6
     ],
     [
      -8422.6,
      559.8
     ],
     [
      -8424.5,
      560.3
     ],
     [
      -8426,
      560.3
     ],
     [
      -8427.9,
      560.7
     ],
     [
      -8429.5,
      561.1
     ],
     [
      -8431,
      561.6
     ],
     [
      -8432.9,
      562.6
     ],
     [
      -8434.4,
      563.3
     ],
     [
      -8435.9,
      563.9
     ],
     [
      -8437.4,
      564.8
     ],
     [
      -8438.7,
      565.6
     ],
     [
      -8440.2,
      566.7
     ],
     [
      -8441.5,
      567.8
     ],
     [
      -8442.6,
      569.1
     ],
     [
      -8443.5,
      570.4
     ],
     [
      -8444.3,
      572.5
     ],
     [
      -8444.8,
      574.3
     ],
     [
      -8445,
      575.8
     ],
     [
      -8445.2,
      577.5
     ],
     [
      -8445.4,
      579.6
     ],
     [
      -8445.6,
      581.6
     ],
     [
      -8445.8,
      583.1
     ],
     [
      -8446,
      584.6
     ],
     [
      -8446,
      586.1
     ],
     [
      -8446,
      587.6
     ],
     [
      -8446,
      589.6
     ],
     [
      -8446.3,
      591.3
     ],
     [
      -8446.5,
      593
     ],
     [
      -8446.5,
      594.7
     ],
     [
      -8446.5,
      596.7
     ],
     [
      -8446.5,
      598.2
     ],
     [
      -8446.5,
      599.9
     ],
     [
      -8446.5,
      601.4
     ],
     [
      -8445.8,
      602.9
     ],
     [
      -8445.2,
      604.4
     ],
     [
      -8444.3,
      606.4
     ],
     [
      -8443.7,
      607.9
     ],
     [
      -8442.8,
      609.8
     ],
     [
      -8441.7,
      611.3
     ],
     [
      -8440.9,
      612.6
     ],
     [
      -8439.6,
      614.3
     ],
     [
      -8438.9,
      615.8
     ],
     [
      -8438.1,
      617.1
     ],
     [
      -8437.2,
      618.6
     ],
     [
      -8436.1,
      620.2
     ],
     [
      -8435.3,
      621.7
     ],
     [
      -8434,
      622.7
     ],
     [
      -8432.3,
      624.5
     ],
     [
      -8430.3,
      626
     ],
     [
      -8428.8,
      627.5
     ],
     [
      -8427.1,
      628.8
     ],
     [
      -8425.1,
      630.1
     ],
     [
      -8423,
      631.1
     ],
     [
      -8420.8,
      632
     ],
     [
      -8418.9,
      632.9
     ],
     [
      -8417.4,
      633.7
     ],
     [
      -8415.5,
      634.8
     ],
     [
      -8413.1,
      635.4
     ],
     [
      -8410.9,
      636.1
     ],
     [
      -8409.4,
      636.3
     ],
     [
      -8407.5,
      636.7
     ],
     [
      -8406,
      637.2
     ]
    ]
   }
  },
  {
   "type": "Feature",
   "properties": {
    "op": "remove",
    "source": "recorded",
    "zone": "Stormwind City",
    "time": 1790809979,
    "trim": true,
    "area": true
   },
   "geometry": {
    "type": "LineString",
    "coordinates": [
     [
      -8394.8,
      627.3
     ],
     [
      -8392.8,
      627.7
     ],
     [
      -8391.3,
      628.1
     ],
     [
      -8389.4,
      628.3
     ],
     [
      -8387.9,
      627.7
     ],
     [
      -8387.2,
      626.2
     ],
     [
      -8386.8,
      624.5
     ],
     [
      -8386.8,
      623
     ],
     [
      -8387.7,
      621.7
     ],
     [
      -8389.2,
      620.2
     ],
     [
      -8390.5,
      619.1
     ],
     [
      -8392.2,
      618
     ],
     [
      -8394.1,
      617.6
     ],
     [
      -8395.8,
      617.6
     ],
     [
      -8397.8,
      618.2
     ],
     [
      -8399.1,
      619.1
     ],
     [
      -8399.7,
      620.6
     ],
     [
      -8399.7,
      623
     ],
     [
      -8399.7,
      624.5
     ],
     [
      -8399.7,
      626.2
     ],
     [
      -8399.1,
      627.7
     ],
     [
      -8398.4,
      629.6
     ],
     [
      -8397.6,
      630.9
     ],
     [
      -8396.1,
      631.1
     ],
     [
      -8394.8,
      630.3
     ],
     [
      -8393.9,
      629
     ],
     [
      -8393,
      627.7
     ]
    ]
   }
  },
  {
   "type": "Feature",
   "properties": {
    "op": "add",
    "source": "recorded",
    "zone": "Stormwind City",
    "time": 1790809983,
    "trim": true
   },
   "geometry": {
    "type": "LineString",
    "coordinates": [
     [
      -8387.7,
      638.5
     ],
     [
      -8389,
      637.6
     ],
     [
      -8390.7,
      636.5
     ],
     [
      -8392.2,
      635.7
     ],
     [
      -8393.9,
      634.6
     ],
     [
      -8395.2,
      633.7
     ],
     [
      -8396.5,
      632.9
     ],
     [
      -8397.8,
      632
     ],
     [
      -8399.1,
      630.9
     ],
     [
      -8400.4,
      629.8
     ],
     [
      -8401.9,
      628.8
     ],
     [
      -8403.2,
      627.9
     ],
     [
      -8404.5,
      626.8
     ],
     [
      -8406,
      625.8
     ],
     [
      -8407.3,
      624.9
     ],
     [
      -8408.8,
      623.8
     ],
     [
      -8410.3,
      623.2
     ],
     [
      -8411.8,
      622.3
     ],
     [
      -8413.1,
      621.4
     ],
     [
      -8414.4,
      620.4
     ],
     [
      -8415.9,
      619.5
     ],
     [
      -8417,
      618.4
     ],
     [
      -8418.3,
      617.6
     ],
     [
      -8419.5,
      616.5
     ],
     [
      -8421.1,
      615.4
     ],
     [
      -8422.3,
      614.5
     ],
     [
      -8423.6,
      613.7
     ],
     [
      -8424.9,
      612.6
     ],
     [
      -8426.4,
      611.5
     ],
     [
      -8427.7,
      610.5
     ],
     [
      -8429,
      609.6
     ],
     [
      -8430.1,
      608.5
     ],
     [
      -8431.4,
      607.4
     ],
     [
      -8432.7,
      606.1
     ],
     [
      -8433.8,
      605.1
     ],
     [
      -8435.3,
      603.6
     ],
     [
      -8437.2,
      601.2
     ],
     [
      -8438.3,
      599.9
     ],
     [
      -8439.4,
      598.6
     ],
     [
      -8440.2,
      597.3
     ],
     [
      -8441.3,
      596
     ],
     [
      -8442.6,
      594.5
     ],
     [
      -8443.5,
      593.2
     ],
     [
      -8444.5,
      592.1
     ],
     [
      -8445.4,
      590.9
     ],
     [
      -8446.5,
      589.8
     ],
     [
      -8447.6,
      588.7
     ],
     [
      -8448.6,
      587.6
     ],
     [
      -8449.7,
      586.5
     ]
    ]
   }
  },
  {
   "type": "Feature",
   "properties": {
    "op": "add",
    "source": "recorded",
    "zone": "Stormwind City",
    "time": 1790809987,
    "trim": true
   },
   "geometry": {
    "type": "LineString",
    "coordinates": [
     [
      -8434.6,
      562.4
     ],
     [
      -8433.1,
      562.4
     ],
     [
      -8431.6,
      562.4
     ],
     [
      -8429.9,
      562.4
     ],
     [
      -8428.4,
      562.4
     ],
     [
      -8426.9,
      562.6
     ],
     [
      -8425.1,
      562.8
     ],
     [
      -8423.6,
      562.8
     ],
     [
      -8421.9,
      563.1
     ],
     [
      -8420.2,
      563.5
     ],
     [
      -8418.5,
      563.9
     ],
     [
      -8417,
      564.4
     ],
     [
      -8415.5,
      564.8
     ],
     [
      -8413.7,
      565.4
     ],
     [
      -8411.6,
      566.3
     ],
     [
      -8409.4,
      567.4
     ],
     [
      -8407.3,
      568.7
     ],
     [
      -8405.3,
      569.7
     ],
     [
      -8403.8,
      570.8
     ],
     [
      -8402.1,
      571.7
     ],
     [
      -8400.6,
      572.8
     ],
     [
      -8399.1,
      573.6
     ],
     [
      -8397.1,
      574.7
     ],
     [
      -8395.4,
      576.2
     ],
     [
      -8394.1,
      577.3
     ],
     [
      -8392.8,
      578.6
     ],
     [
      -8391.5,
      580.1
     ],
     [
      -8390.2,
      581.8
     ],
     [
      -8389.2,
      583.3
     ],
     [
      -8388.1,
      584.6
     ],
     [
      -8387.2,
      586.3
     ],
     [
      -8386.4,
      588
     ],
     [
      -8385.9,
      589.8
     ],
     [
      -8385.5,
      591.3
     ],
     [
      -8385.3,
      593
     ],
     [
      -8385.1,
      594.5
     ],
     [
      -8385.1,
      596.5
     ],
     [
      -8385.1,
      598
     ],
     [
      -8385.1,
      599.5
     ],
     [
      -8385.1,
      601.4
     ],
     [
      -8385.5,
      603.1
     ],
     [
      -8385.9,
      605.1
     ],
     [
      -8386.4,
      606.6
     ],
     [
      -8387,
      608.1
     ],
     [
      -8388.1,
      610.5
     ],
     [
      -8388.7,
      612
     ],
     [
      -8389.6,
      613.3
     ],
     [
      -8390.5,
      614.5
     ],
     [
      -8391.5,
      616.1
     ],
     [
      -8392.4,
      617.4
     ],
     [
      -8393.5,
      619.1
     ],
     [
      -8394.6,
      620.4
     ],
     [
      -8395.6,
      622.1
     ],
     [
      -8396.7,
      623.4
     ],
     [
      -8397.8,
      624.7
     ],
     [
      -8398.9,
      625.8
     ],
     [
      -8399.9,
      626.8
     ],
     [
      -8400.8,
      628.1
     ],
     [
      -8401.7,
      629.4
     ]
    ]
   }
  },
  {
   "type": "Feature",
   "properties": {
    "op": "add",
    "source": "recorded",
    "zone": "Stormwind City",
    "time": 1790809990,
    "trim": true
   },
   "geometry": {
    "type": "LineString",
    "coordinates": [
     [
      -8396.7,
      575.1
     ],
     [
      -8395.6,
      573.2
     ],
     [
      -8394.1,
      571
     ],
     [
      -8392.2,
      568.4
     ],
     [
      -8390,
      566.1
     ],
     [
      -8387.7,
      563.3
     ],
     [
      -8385.7,
      561.1
     ],
     [
      -8384.2,
      559.4
     ],
     [
      -8382.5,
      557.5
     ],
     [
      -8381,
      556.2
     ],
     [
      -8379.7,
      555.1
     ],
     [
      -8378.6,
      554
     ],
     [
      -8377.3,
      552.9
     ],
     [
      -8375.8,
      551.9
     ],
     [
      -8374.3,
      550.8
     ],
     [
      -8373.2,
      549.5
     ],
     [
      -8371.7,
      548.4
     ],
     [
      -8370.6,
      547.3
     ],
     [
      -8369.8,
      546
     ],
     [
      -8368.9,
      544.7
     ],
     [
      -8367.8,
      543.7
     ],
     [
      -8366.8,
      542.6
     ]
    ]
   }
  },
  {
   "type": "Feature",
   "properties": {
    "op": "remove",
    "source": "recorded",
    "zone": "Stormwind City",
    "time": 1790810023,
    "trim": true,
    "area": true
   },
   "geometry": {
    "type": "LineString",
    "coordinates": [
     [
      -8784,
      754
     ],
     [
      -8787,
      752.3
     ],
     [
      -8789.9,
      750.2
     ],
     [
      -8792.4,
      748.5
     ],
     [
      -8795.8,
      747.3
     ],
     [
      -8798.8,
      746.8
     ],
     [
      -8801.7,
      746.8
     ],
     [
      -8805.1,
      746.8
     ],
     [
      -8808.4,
      746.8
     ],
     [
      -8811.8,
      747.3
     ],
     [
      -8814.7,
      747.3
     ],
     [
      -8817.7,
      748.1
     ],
     [
      -8821.1,
      748.9
     ],
     [
      -8824,
      749.4
     ],
     [
      -8826.9,
      750.2
     ],
     [
      -8830.3,
      751.5
     ],
     [
      -8834.1,
      753.2
     ],
     [
      -8837.5,
      754.4
     ],
     [
      -8840.4,
      755.7
     ],
     [
      -8843.4,
      756.9
     ],
     [
      -8846.7,
      758.6
     ],
     [
      -8848.8,
      760.7
     ],
     [
      -8849.3,
      763.7
     ],
     [
      -8849.3,
      766.6
     ],
     [
      -8848.8,
      769.6
     ],
     [
      -8848.4,
      772.5
     ],
     [
      -8847.1,
      775.5
     ],
     [
      -8845,
      778
     ],
     [
      -8842.5,
      780.1
     ],
     [
      -8839.6,
      782.2
     ],
     [
      -8836.6,
      783
     ],
     [
      -8833.3,
      783.5
     ],
     [
      -8830.3,
      783.5
     ],
     [
      -8826.9,
      783.5
     ],
     [
      -8823.2,
      783
     ],
     [
      -8819.8,
      782.6
     ],
     [
      -8815.6,
      782.2
     ],
     [
      -8811.8,
      781.8
     ],
     [
      -8808.4,
      780.9
     ],
     [
      -8805.5,
      780.1
     ],
     [
      -8802.1,
      778.8
     ],
     [
      -8798.8,
      777.1
     ],
     [
      -8796.7,
      775
     ],
     [
      -8795,
      772.5
     ],
     [
      -8793.7,
      769.1
     ],
     [
      -8792,
      765.8
     ],
     [
      -8789.9,
      762.8
     ],
     [
      -8787.4,
      759.9
     ],
     [
      -8785.3,
      756.9
     ],
     [
      -8782.8,
      754.4
     ]
    ]
   }
  },
  {
   "type": "Feature",
   "properties": {
    "op": "add",
    "source": "recorded",
    "zone": "Stormwind City",
    "time": 1790810027,
    "trim": true
   },
   "geometry": {
    "type": "LineString",
    "coordinates": [
     [
      -8833.3,
      788.5
     ],
     [
      -8835.4,
      786.4
     ],
     [
      -8837.9,
      784.7
     ],
     [
      -8840,
      782.6
     ],
     [
      -8842.5,
      780.5
     ],
     [
      -8845,
      778.8
     ],
     [
      -8847.6,
      777.1
     ],
     [
      -8849.7,
      775
     ],
     [
      -8852.2,
      773.4
     ]
    ]
   }
  },
  {
   "type": "Feature",
   "properties": {
    "op": "remove",
    "source": "recorded",
    "zone": "Stormwind City",
    "time": 1790810137,
    "trim": true,
    "area": true
   },
   "geometry": {
    "type": "LineString",
    "coordinates": [
     [
      -8581.9,
      606.6
     ],
     [
      -8580.8,
      605.5
     ],
     [
      -8578.7,
      604
     ],
     [
      -8577.2,
      602.7
     ],
     [
      -8575.7,
      601.2
     ],
     [
      -8574.1,
      599.7
     ],
     [
      -8572.9,
      598.4
     ],
     [
      -8572,
      597.1
     ],
     [
      -8570.9,
      595.8
     ],
     [
      -8570.1,
      594.1
     ],
     [
      -8569.2,
      592.8
     ],
     [
      -8568.3,
      591.1
     ],
     [
      -8568.1,
      589.4
     ],
     [
      -8569.6,
      587.6
     ],
     [
      -8571.1,
      586.3
     ],
     [
      -8573.1,
      585
     ],
     [
      -8575.2,
      583.8
     ],
     [
      -8576.9,
      582.9
     ],
     [
      -8578.9,
      582.2
     ],
     [
      -8580.6,
      582
     ],
     [
      -8582.3,
      582
     ],
     [
      -8584.1,
      582.5
     ],
     [
      -8586,
      583.5
     ],
     [
      -8587.7,
      584.8
     ],
     [
      -8588.8,
      585.9
     ],
     [
      -8589.9,
      587.4
     ],
     [
      -8590.5,
      589.1
     ],
     [
      -8591,
      590.6
     ],
     [
      -8591.2,
      592.2
     ],
     [
      -8591.4,
      593.9
     ],
     [
      -8591,
      595.6
     ],
     [
      -8589.9,
      597.8
     ],
     [
      -8589,
      599.5
     ],
     [
      -8588.2,
      601.6
     ],
     [
      -8587.3,
      603.1
     ],
     [
      -8586,
      604
     ],
     [
      -8584.3,
      604.4
     ],
     [
      -8582.8,
      604.9
     ],
     [
      -8581.3,
      605.1
     ],
     [
      -8580,
      604
     ]
    ]
   }
  },
  {
   "type": "Feature",
   "properties": {
    "op": "add",
    "source": "recorded",
    "zone": "Stormwind City",
    "time": 1790810140,
    "trim": true
   },
   "geometry": {
    "type": "LineString",
    "coordinates": [
     [
      -8575,
      607.5
     ],
     [
      -8575.9,
      606.2
     ],
     [
      -8576.5,
      604.4
     ],
     [
      -8577.4,
      603.1
     ],
     [
      -8578.2,
      601.8
     ],
     [
      -8578.9,
      600.1
     ],
     [
      -8579.3,
      598.6
     ],
     [
      -8580,
      596.9
     ],
     [
      -8580.4,
      595.4
     ],
     [
      -8581,
      593.7
     ],
     [
      -8581.5,
      591.9
     ],
     [
      -8581.7,
      590.4
     ],
     [
      -8582.1,
      588.9
     ],
     [
      -8582.6,
      587.4
     ],
     [
      -8583,
      585.9
     ],
     [
      -8583.2,
      584.4
     ],
     [
      -8583.4,
      582.7
     ],
     [
      -8584.1,
      581.2
     ],
     [
      -8584.9,
      579.7
     ],
     [
      -8585.8,
      578.1
     ],
     [
      -8586,
      576.6
     ],
     [
      -8586.2,
      575.1
     ],
     [
      -8586.2,
      573.6
     ]
    ]
   }
  },
  {
   "type": "Feature",
   "properties": {
    "op": "remove",
    "source": "recorded",
    "zone": "Stormwind City",
    "time": 1790810142,
    "trim": true,
    "area": true
   },
   "geometry": {
    "type": "LineString",
    "coordinates": [
     [
      -8581.7,
      551
     ],
     [
      -8581,
      549.5
     ],
     [
      -8580,
      547.8
     ],
     [
      -8578.9,
      545.8
     ],
     [
      -8577.8,
      544.5
     ],
     [
      -8577.2,
      543
     ],
     [
      -8576.3,
      541.1
     ],
     [
      -8575.9,
      539.6
     ],
     [
      -8575.7,
      537.9
     ],
     [
      -8575,
      535.9
     ],
     [
      -8574.8,
      534.4
     ],
     [
      -8575.7,
      532.9
     ],
     [
      -8576.7,
      531.4
     ],
     [
      -8578.5,
      530.3
     ],
     [
      -8580,
      529.7
     ],
     [
      -8581.7,
      529.5
     ],
     [
      -8583.4,
      529.5
     ],
     [
      -8584.9,
      530.1
     ],
     [
      -8586.6,
      530.8
     ],
     [
      -8588.2,
      531.6
     ],
     [
      -8589.4,
      532.9
     ],
     [
      -8590.7,
      534.8
     ],
     [
      -8591.4,
      536.4
     ],
     [
      -8592.2,
      538.1
     ],
     [
      -8593.1,
      539.8
     ],
     [
      -8594.2,
      542
     ],
     [
      -8595,
      543.7
     ],
     [
      -8595.5,
      545.4
     ],
     [
      -8594.2,
      547.3
     ],
     [
      -8593.1,
      548.8
     ],
     [
      -8592,
      550.1
     ],
     [
      -8590.5,
      550.6
     ],
     [
      -8589,
      550.8
     ],
     [
      -8587.5,
      550.8
     ],
     [
      -8585.8,
      550.8
     ],
     [
      -8584.3,
      550.8
     ],
     [
      -8582.8,
      549.9
     ],
     [
      -8581.3,
      549.7
     ],
     [
      -8579.8,
      549.7
     ]
    ]
   }
  },
  {
   "type": "Feature",
   "properties": {
    "op": "remove",
    "source": "recorded",
    "zone": "Stormwind City",
    "time": 1790810145,
    "trim": true,
    "area": true
   },
   "geometry": {
    "type": "LineString",
    "coordinates": [
     [
      -8591,
      558.8
     ],
     [
      -8589,
      558.3
     ],
     [
      -8587.1,
      557.5
     ],
     [
      -8585.6,
      556.4
     ],
     [
      -8584.3,
      555.5
     ],
     [
      -8583.8,
      554
     ],
     [
      -8585.1,
      552.9
     ],
     [
      -8586.4,
      552.1
     ],
     [
      -8587.7,
      551.2
     ],
     [
      -8589.4,
      550.1
     ],
     [
      -8591,
      549.7
     ],
     [
      -8592.7,
      549.3
     ],
     [
      -8594.2,
      549.3
     ],
     [
      -8595,
      550.6
     ],
     [
      -8595.9,
      551.9
     ],
     [
      -8596.3,
      553.4
     ],
     [
      -8596.6,
      555.3
     ],
     [
      -8596.1,
      556.8
     ],
     [
      -8595.3,
      558.5
     ],
     [
      -8594,
      560.1
     ],
     [
      -8592,
      560.7
     ],
     [
      -8590.5,
      560.5
     ],
     [
      -8589.2,
      559.6
     ],
     [
      -8588.4,
      558.1
     ]
    ]
   }
  },
  {
   "type": "Feature",
   "properties": {
    "op": "add",
    "source": "recorded",
    "zone": "Stormwind City",
    "time": 1790810146,
    "trim": true
   },
   "geometry": {
    "type": "LineString",
    "coordinates": [
     [
      -8585.8,
      560.9
     ],
     [
      -8585.6,
      559.4
     ],
     [
      -8585.4,
      557.7
     ],
     [
      -8584.7,
      556
     ],
     [
      -8584.1,
      554.2
     ],
     [
      -8583.2,
      552.5
     ],
     [
      -8582.1,
      550.8
     ],
     [
      -8581,
      549.5
     ],
     [
      -8580.2,
      548.2
     ],
     [
      -8579.3,
      546.9
     ],
     [
      -8578.5,
      545.4
     ],
     [
      -8577.8,
      543.7
     ],
     [
      -8576.9,
      542
     ],
     [
      -8576.1,
      540.2
     ],
     [
      -8575.4,
      538.7
     ],
     [
      -8574.6,
      537
     ],
     [
      -8573.9,
      535.5
     ],
     [
      -8573.3,
      534
     ],
     [
      -8572.4,
      532.7
     ],
     [
      -8571.8,
      531.2
     ]
    ]
   }
  },
  {
   "type": "Feature",
   "properties": {
    "op": "remove",
    "source": "recorded",
    "zone": "Stormwind City",
    "time": 1790810148,
    "trim": true,
    "area": true
   },
   "geometry": {
    "type": "LineString",
    "coordinates": [
     [
      -8563.4,
      535.9
     ],
     [
      -8564.5,
      534.2
     ],
     [
      -8564.9,
      532.7
     ],
     [
      -8563.8,
      531.4
     ],
     [
      -8562.1,
      529.7
     ],
     [
      -8560.8,
      528.2
     ],
     [
      -8559.7,
      527.1
     ],
     [
      -8558,
      526.7
     ],
     [
      -8556.3,
      526.9
     ],
     [
      -8555.6,
      528.4
     ],
     [
      -8556.1,
      530.1
     ],
     [
      -8556.7,
      531.6
     ],
     [
      -8557.6,
      532.9
     ],
     [
      -8558.4,
      534.6
     ],
     [
      -8559.3,
      535.9
     ],
     [
      -8560.6,
      537.9
     ],
     [
      -8561.4,
      539.2
     ],
     [
      -8562.7,
      540
     ],
     [
      -8564.2,
      540.7
     ],
     [
      -8565.3,
      539.2
     ],
     [
      -8565.5,
      537.4
     ],
     [
      -8566,
      535.9
     ],
     [
      -8566,
      534.4
     ],
     [
      -8566,
      532.9
     ]
    ]
   }
  },
  {
   "type": "Feature",
   "properties": {
    "op": "remove",
    "source": "recorded",
    "zone": "Stormwind City",
    "time": 1790810151,
    "trim": true,
    "area": true
   },
   "geometry": {
    "type": "LineString",
    "coordinates": [
     [
      -8576.5,
      537.4
     ],
     [
      -8574.6,
      536.8
     ],
     [
      -8572.2,
      536.4
     ],
     [
      -8569.4,
      534.8
     ],
     [
      -8566.6,
      532.3
     ],
     [
      -8564.7,
      530.1
     ],
     [
      -8562.9,
      528.4
     ],
     [
      -8561.7,
      526.9
     ],
     [
      -8560.1,
      525.8
     ],
     [
      -8558.9,
      524.9
     ],
     [
      -8557.8,
      523.4
     ],
     [
      -8557.6,
      521.9
     ],
     [
      -8557.6,
      520.4
     ],
     [
      -8558.4,
      519.1
     ],
     [
      -8560.4,
      518.5
     ],
     [
      -8562.1,
      518.5
     ],
     [
      -8563.8,
      518.5
     ],
     [
      -8565.7,
      519.5
     ],
     [
      -8567.5,
      520.8
     ],
     [
      -8568.8,
      522.3
     ],
     [
      -8570.1,
      523.9
     ],
     [
      -8570.9,
      525.6
     ],
     [
      -8572.2,
      527.7
     ],
     [
      -8573.1,
      529.5
     ],
     [
      -8574.1,
      531
     ],
     [
      -8574.8,
      532.5
     ],
     [
      -8575.7,
      534
     ],
     [
      -8576.1,
      535.5
     ],
     [
      -8576.5,
      537.2
     ],
     [
      -8576.5,
      538.7
     ]
    ]
   }
  },
  {
   "type": "Feature",
   "properties": {
    "op": "add",
    "source": "recorded",
    "zone": "Stormwind City",
    "time": 1790810153,
    "trim": true
   },
   "geometry": {
    "type": "LineString",
    "coordinates": [
     [
      -8574.8,
      539.2
     ],
     [
      -8574.8,
      537.6
     ],
     [
      -8574.1,
      536.1
     ],
     [
      -8573.3,
      534.8
     ],
     [
      -8572.2,
      533.6
     ],
     [
      -8571.1,
      532.3
     ],
     [
      -8570.1,
      531
     ],
     [
      -8569,
      529.7
     ],
     [
      -8568.1,
      528.4
     ],
     [
      -8567,
      527.1
     ],
     [
      -8566.2,
      525.8
     ],
     [
      -8565.1,
      524.5
     ],
     [
      -8564.2,
      523
     ],
     [
      -8563.2,
      521.3
     ],
     [
      -8562.3,
      520
     ],
     [
      -8561.2,
      518.9
     ],
     [
      -8560.6,
      517.4
     ],
     [
      -8559.7,
      515.7
     ]
    ]
   }
  },
  {
   "type": "Feature",
   "properties": {
    "op": "remove",
    "source": "recorded",
    "zone": "Stormwind City",
    "time": 1790810156,
    "trim": true,
    "area": true
   },
   "geometry": {
    "type": "LineString",
    "coordinates": [
     [
      -8604.5,
      532.3
     ],
     [
      -8605.2,
      530.8
     ],
     [
      -8605.2,
      529
     ],
     [
      -8605.2,
      527.5
     ],
     [
      -8605,
      526
     ],
     [
      -8604.3,
      524.5
     ],
     [
      -8603.4,
      522.6
     ],
     [
      -8602.8,
      520.8
     ],
     [
      -8601.9,
      519.1
     ],
     [
      -8600.9,
      517.6
     ],
     [
      -8599.4,
      518.7
     ],
     [
      -8598.9,
      520.2
     ],
     [
      -8598.9,
      522.1
     ],
     [
      -8599.4,
      524.1
     ],
     [
      -8600.4,
      526.2
     ],
     [
      -8600.9,
      527.7
     ],
     [
      -8601.7,
      529.2
     ],
     [
      -8603,
      530.3
     ],
     [
      -8604.5,
      531
     ],
     [
      -8606,
      531.6
     ]
    ]
   }
  },
  {
   "type": "Feature",
   "properties": {
    "op": "add",
    "source": "recorded",
    "zone": "Stormwind City",
    "time": 1790810158,
    "trim": true
   },
   "geometry": {
    "type": "LineString",
    "coordinates": [
     [
      -8604.3,
      520.6
     ],
     [
      -8603,
      521.5
     ],
     [
      -8601.7,
      522.3
     ],
     [
      -8600.4,
      523.4
     ],
     [
      -8599.4,
      524.5
     ],
     [
      -8598.3,
      525.8
     ],
     [
      -8597,
      526.9
     ],
     [
      -8595.7,
      528
     ],
     [
      -8594.4,
      528.8
     ],
     [
      -8593.3,
      529.9
     ],
     [
      -8591.8,
      531.2
     ],
     [
      -8590.7,
      532.3
     ],
     [
      -8589.7,
      533.6
     ],
     [
      -8588.6,
      534.6
     ],
     [
      -8587.3,
      535.5
     ],
     [
      -8586,
      536.6
     ],
     [
      -8584.7,
      537.4
     ],
     [
      -8583.2,
      538.3
     ],
     [
      -8582.3,
      539.6
     ],
     [
      -8581.3,
      540.9
     ],
     [
      -8580.4,
      542.2
     ],
     [
      -8579.1,
      543.2
     ],
     [
      -8577.8,
      544.1
     ]
    ]
   }
  },
  {
   "type": "Feature",
   "properties": {
    "op": "remove",
    "source": "recorded",
    "zone": "Stormwind City",
    "time": 1790811721,
    "trim": true,
    "area": true
   },
   "geometry": {
    "type": "LineString",
    "coordinates": [
     [
      -8744,
      547.4
     ],
     [
      -8742.7,
      546
     ],
     [
      -8741.1,
      545
     ],
     [
      -8739.7,
      543.6
     ],
     [
      -8738.7,
      542
     ],
     [
      -8737,
      540.9
     ],
     [
      -8735.7,
      539.3
     ],
     [
      -8734.9,
      537.4
     ],
     [
      -8734.6,
      535.5
     ],
     [
      -8734.3,
      533.7
     ],
     [
      -8734.3,
      531.8
     ],
     [
      -8735.4,
      529.9
     ],
     [
      -8736.8,
      528.3
     ],
     [
      -8738.7,
      526.9
     ],
     [
      -8741.1,
      525.8
     ],
     [
      -8743,
      525
     ],
     [
      -8745.1,
      524.2
     ],
     [
      -8747.5,
      523.7
     ],
     [
      -8750,
      522.9
     ],
     [
      -8752.7,
      522.1
     ],
     [
      -8754.8,
      521.8
     ],
     [
      -8756.7,
      521.5
     ],
     [
      -8758.6,
      521.3
     ],
     [
      -8760.7,
      521
     ],
     [
      -8762.6,
      521.3
     ],
     [
      -8764.8,
      522.1
     ],
     [
      -8766.7,
      524
     ],
     [
      -8767.7,
      525.8
     ],
     [
      -8768.3,
      527.7
     ],
     [
      -8768.6,
      530.2
     ],
     [
      -8768.6,
      532.9
     ],
     [
      -8767.7,
      535.8
     ],
     [
      -8766.7,
      537.7
     ],
     [
      -8765.6,
      539.3
     ],
     [
      -8764,
      541.2
     ],
     [
      -8761.8,
      543.1
     ],
     [
      -8759.9,
      544.7
     ],
     [
      -8757.8,
      545.8
     ],
     [
      -8755.4,
      546.3
     ],
     [
      -8753.5,
      546.3
     ],
     [
      -8751.3,
      546.3
     ],
     [
      -8749.2,
      546
     ],
     [
      -8747.3,
      545.5
     ],
     [
      -8745.4,
      545.5
     ],
     [
      -8743.5,
      545.5
     ],
     [
      -8741.6,
      545.5
     ]
    ]
   }
  },
  {
   "type": "Feature",
   "properties": {
    "op": "add",
    "source": "recorded",
    "zone": "Stormwind City",
    "time": 1790811729,
    "trim": true
   },
   "geometry": {
    "type": "LineString",
    "coordinates": [
     [
      -8759.9,
      547.9
     ],
     [
      -8761.3,
      546
     ],
     [
      -8762.6,
      543.9
     ],
     [
      -8763.7,
      542.3
     ],
     [
      -8765.1,
      540.4
     ],
     [
      -8766.1,
      538.8
     ],
     [
      -8767.5,
      537.2
     ],
     [
      -8768.8,
      535.5
     ],
     [
      -8770.2,
      533.9
     ],
     [
      -8771.8,
      532.3
     ],
     [
      -8772.9,
      530.7
     ],
     [
      -8774.2,
      529.3
     ],
     [
      -8775.6,
      527.5
     ],
     [
      -8777.2,
      525.8
     ],
     [
      -8778.2,
      524.2
     ],
     [
      -8779.6,
      522.3
     ],
     [
      -8781.2,
      520.5
     ],
     [
      -8782.3,
      518.6
     ],
     [
      -8783.4,
      516.7
     ],
     [
      -8785.5,
      514.8
     ],
     [
      -8786.9,
      513.2
     ],
     [
      -8788.7,
      511.8
     ],
     [
      -8790.4,
      510.5
     ],
     [
      -8792,
      509.4
     ],
     [
      -8793.6,
      508.3
     ],
     [
      -8795.8,
      507.3
     ],
     [
      -8797.4,
      506.2
     ],
     [
      -8798.7,
      504.6
     ],
     [
      -8799.8,
      503
     ],
     [
      -8800.9,
      501.3
     ],
     [
      -8801.7,
      499.5
     ],
     [
      -8802.5,
      497.6
     ],
     [
      -8803.3,
      495.1
     ],
     [
      -8803.8,
      493.3
     ],
     [
      -8804.1,
      491.1
     ],
     [
      -8804.1,
      489
     ],
     [
      -8803,
      486.5
     ],
     [
      -8802.2,
      484.6
     ],
     [
      -8800.9,
      483.3
     ],
     [
      -8799.5,
      481.4
     ],
     [
      -8798.4,
      479.8
     ],
     [
      -8797.6,
      477.9
     ],
     [
      -8796.3,
      476.6
     ],
     [
      -8794.7,
      474.9
     ],
     [
      -8793.1,
      473.6
     ],
     [
      -8791.4,
      472.5
     ],
     [
      -8789.3,
      471.4
     ],
     [
      -8787.1,
      470.9
     ],
     [
      -8785,
      470.4
     ],
     [
      -8782.8,
      469.8
     ],
     [
      -8780.7,
      469.8
     ],
     [
      -8778.8,
      470.4
     ],
     [
      -8776.6,
      470.6
     ],
     [
      -8774.7,
      471.2
     ],
     [
      -8773.1,
      472.3
     ],
     [
      -8771.2,
      473.3
     ],
     [
      -8769.4,
      474.1
     ],
     [
      -8767.2,
      475.2
     ],
     [
      -8765.1,
      475.8
     ],
     [
      -8762.9,
      476.6
     ],
     [
      -8761,
      477.1
     ],
     [
      -8758.6,
      478.2
     ],
     [
      -8756.7,
      479.3
     ],
     [
      -8755.1,
      480.3
     ],
     [
      -8753.5,
      481.4
     ],
     [
      -8751.9,
      482.8
     ],
     [
      -8750.2,
      484.4
     ],
     [
      -8748.6,
      485.7
     ],
     [
      -8747,
      487.6
     ],
     [
      -8745.4,
      489.2
     ],
     [
      -8744.3,
      490.8
     ],
     [
      -8742.7,
      492.2
     ],
     [
      -8741.1,
      494.1
     ],
     [
      -8739.5,
      496
     ],
     [
      -8738.1,
      497.3
     ],
     [
      -8736.8,
      498.6
     ],
     [
      -8735.4,
      500
     ],
     [
      -8733.5,
      501.3
     ],
     [
      -8731.4,
      502.7
     ],
     [
      -8729.8,
      503.8
     ],
     [
      -8727.9,
      505.4
     ],
     [
      -8726.3,
      506.7
     ],
     [
      -8724.7,
      508.1
     ],
     [
      -8723,
      509.4
     ],
     [
      -8721.4,
      510.5
     ],
     [
      -8719.8,
      511.8
     ]
    ]
   }
  },
  {
   "type": "Feature",
   "properties": {
    "op": "remove",
    "source": "recorded",
    "zone": "Stormwind City",
    "time": 1790811731,
    "trim": true,
    "area": true
   },
   "geometry": {
    "type": "LineString",
    "coordinates": [
     [
      -8737.3,
      546.3
     ],
     [
      -8734.9,
      545.2
     ],
     [
      -8732.5,
      544.7
     ],
     [
      -8730.3,
      543.6
     ],
     [
      -8728.2,
      541.5
     ],
     [
      -8726.8,
      539.6
     ],
     [
      -8725.7,
      538
     ],
     [
      -8725.2,
      536.1
     ],
     [
      -8724.7,
      533.9
     ],
     [
      -8724.9,
      531.8
     ],
     [
      -8726.5,
      529.6
     ],
     [
      -8728.4,
      527.7
     ],
     [
      -8731.1,
      527.2
     ],
     [
      -8733.3,
      527.5
     ],
     [
      -8735.4,
      528.3
     ],
     [
      -8737.3,
      529.9
     ],
     [
      -8738.4,
      532.6
     ],
     [
      -8738.7,
      534.7
     ],
     [
      -8738.9,
      536.6
     ],
     [
      -8738.9,
      538.5
     ],
     [
      -8738.9,
      540.4
     ],
     [
      -8738.7,
      542.3
     ],
     [
      -8737,
      543.6
     ],
     [
      -8734.9,
      544.4
     ],
     [
      -8733,
      545.5
     ]
    ]
   }
  },
  {
   "type": "Feature",
   "properties": {
    "op": "add",
    "source": "recorded",
    "zone": "Stormwind City",
    "time": 1790811734,
    "trim": true
   },
   "geometry": {
    "type": "LineString",
    "coordinates": [
     [
      -8743.8,
      554.9
     ],
     [
      -8743.2,
      553
     ],
     [
      -8742.4,
      551.2
     ],
     [
      -8741.4,
      549.3
     ],
     [
      -8740,
      547.7
     ],
     [
      -8738.7,
      546.3
     ],
     [
      -8737.3,
      545
     ],
     [
      -8735.7,
      543.4
     ],
     [
      -8734.1,
      542
     ],
     [
      -8732.7,
      540.7
     ],
     [
      -8731.4,
      539.3
     ],
     [
      -8729.8,
      538.2
     ],
     [
      -8728.2,
      536.9
     ],
     [
      -8726.5,
      535.5
     ],
     [
      -8725.2,
      534.2
     ],
     [
      -8723.8,
      532.9
     ],
     [
      -8723,
      531
     ]
    ]
   }
  },
  {
   "type": "Feature",
   "properties": {
    "op": "add",
    "source": "recorded",
    "zone": "Stormwind City",
    "time": 1790811751,
    "trim": true
   },
   "geometry": {
    "type": "LineString",
    "coordinates": [
     [
      -9060.9,
      436.6
     ],
     [
      -9063.6,
      434.9
     ],
     [
      -9066.3,
      432.9
     ],
     [
      -9068.7,
      431.2
     ],
     [
      -9071,
      429.9
     ],
     [
      -9073.4,
      428.2
     ],
     [
      -9076.4,
      426.5
     ],
     [
      -9078.8,
      425.2
     ],
     [
      -9080.8,
      423.8
     ],
     [
      -9083.1,
      422.5
     ],
     [
      -9085.5,
      420.5
     ],
     [
      -9087.5,
      418.8
     ],
     [
      -9089.5,
      417.4
     ],
     [
      -9091.6,
      415.8
     ],
     [
      -9093.2,
      414.1
     ],
     [
      -9095.6,
      412.7
     ],
     [
      -9097.6,
      411.4
     ],
     [
      -9100,
      409.7
     ],
     [
      -9102.3,
      408
     ],
     [
      -9104.3,
      406.7
     ],
     [
      -9106.4,
      405
     ],
     [
      -9108.4,
      403.6
     ],
     [
      -9110.7,
      401.9
     ],
     [
      -9113.1,
      400.6
     ],
     [
      -9115.5,
      399.3
     ],
     [
      -9117.8,
      398.2
     ],
     [
      -9120.2,
      396.9
     ],
     [
      -9121.9,
      395.2
     ],
     [
      -9123.5,
      393.5
     ]
    ]
   }
  },
  {
   "type": "Feature",
   "properties": {
    "op": "remove",
    "source": "recorded",
    "zone": "Stormwind City",
    "time": 1790811765,
    "trim": true,
    "area": true
   },
   "geometry": {
    "type": "LineString",
    "coordinates": [
     [
      -8695.4,
      704.3
     ],
     [
      -8693.7,
      704.3
     ],
     [
      -8691.7,
      703.7
     ],
     [
      -8690.2,
      702.8
     ],
     [
      -8688.9,
      701.9
     ],
     [
      -8687.8,
      700.9
     ],
     [
      -8687.2,
      699.1
     ],
     [
      -8687,
      697.4
     ],
     [
      -8687,
      695.5
     ],
     [
      -8687,
      693.5
     ],
     [
      -8687.2,
      691.4
     ],
     [
      -8687.4,
      689.9
     ],
     [
      -8687.8,
      688.1
     ],
     [
      -8688.5,
      685.6
     ],
     [
      -8688.9,
      683.8
     ],
     [
      -8689.3,
      682.3
     ],
     [
      -8690.4,
      680
     ],
     [
      -8691.5,
      678.7
     ],
     [
      -8692.6,
      677.6
     ],
     [
      -8694.3,
      676.3
     ],
     [
      -8695.8,
      675.4
     ],
     [
      -8697.1,
      674.6
     ],
     [
      -8698.6,
      674.1
     ],
     [
      -8700.1,
      673.5
     ],
     [
      -8702.1,
      672.8
     ],
     [
      -8703.6,
      672.4
     ],
     [
      -8705.5,
      672
     ],
     [
      -8707.2,
      671.8
     ],
     [
      -8709.2,
      671.8
     ],
     [
      -8711.1,
      671.8
     ],
     [
      -8713,
      671.8
     ],
     [
      -8714.6,
      672
     ],
     [
      -8716.1,
      672.4
     ],
     [
      -8717.6,
      673.1
     ],
     [
      -8718.6,
      674.1
     ],
     [
      -8719.7,
      675.4
     ],
     [
      -8720.4,
      676.9
     ],
     [
      -8720.8,
      678.7
     ],
     [
      -8721,
      680.2
     ],
     [
      -8721,
      682.3
     ],
     [
      -8721,
      684.3
     ],
     [
      -8720.8,
      686.2
     ],
     [
      -8719.9,
      688.1
     ],
     [
      -8718.6,
      689.9
     ],
     [
      -8717.8,
      691.2
     ],
     [
      -8716.3,
      693.1
     ],
     [
      -8715.2,
      694.6
     ],
     [
      -8713.7,
      695.9
     ],
     [
      -8712.2,
      697.2
     ],
     [
      -8710.5,
      698.3
     ],
     [
      -8709.2,
      699.1
     ],
     [
      -8707.7,
      699.8
     ],
     [
      -8706.2,
      700.2
     ],
     [
      -8704.4,
      700.6
     ],
     [
      -8702.5,
      701.1
     ],
     [
      -8701,
      701.9
     ],
     [
      -8699.3,
      702.8
     ],
     [
      -8698,
      703.7
     ],
     [
      -8696.5,
      704.3
     ],
     [
      -8694.9,
      705.2
     ],
     [
      -8693.4,
      704.9
     ]
    ]
   }
  },
  {
   "type": "Feature",
   "properties": {
    "op": "add",
    "source": "recorded",
    "zone": "Stormwind City",
    "time": 1790823899,
    "trim": true,
    "indoors": false
   },
   "geometry": {
    "type": "LineString",
    "coordinates": [
     [
      -9059.1,
      437.7
     ],
     [
      -9062.8,
      436.8
     ],
     [
      -9066,
      435.4
     ],
     [
      -9069.7,
      433.1
     ],
     [
      -9072.4,
      430.8
     ],
     [
      -9075.2,
      428.5
     ],
     [
      -9077.5,
      425.7
     ],
     [
      -9080.3,
      423.4
     ],
     [
      -9082.6,
      421.1
     ],
     [
      -9085.8,
      418.8
     ],
     [
      -9088.5,
      416.5
     ],
     [
      -9091.3,
      414.7
     ],
     [
      -9094.5,
      412.8
     ],
     [
      -9097.8,
      410.5
     ],
     [
      -9101.4,
      408.7
     ],
     [
      -9104.7,
      406.8
     ],
     [
      -9107.4,
      405
     ],
     [
      -9111.1,
      403.2
     ],
     [
      -9114.3,
      401.3
     ],
     [
      -9117.6,
      399
     ],
     [
      -9120.3,
      397.2
     ],
     [
      -9123.1,
      395.3
     ],
     [
      -9126.3,
      392.6
     ],
     [
      -9129.5,
      390.3
     ],
     [
      -9131.8,
      388
     ],
     [
      -9133.7,
      385.2
     ],
     [
      -9136,
      382.9
     ],
     [
      -9137.8,
      380.1
     ]
    ]
   }
  }
 ]
}