{
 "type": "FeatureCollection",
 "features": [
  {
   "type": "Feature",
   "properties": {
    "op": "add",
    "source": "recorded",
    "zone": "Tirisfal Glades",
    "time": 1790561958,
    "trim": true
   },
   "geometry": {
    "type": "LineString",
    "coordinates": [
     [
      -247.5,
      -979.2
     ],
     [
      -253.1,
      -940.2
     ],
     [
      -253.1,
      -901.3
     ],
     [
      -253.1,
      -862.3
     ],
     [
      -241.9,
      -823.4
     ],
     [
      -225.2,
      -784.4
     ],
     [
      -197.4,
      -756.6
     ],
     [
      -164,
      -734.4
     ],
     [
      -125.1,
      -717.7
     ],
     [
      -91.7,
      -695.4
     ],
     [
      -52.8,
      -678.7
     ],
     [
      -30.5,
      -645.3
     ],
     [
      -13.8,
      -606.4
     ],
     [
      -8.3,
      -567.5
     ],
     [
      -13.8,
      -528.5
     ],
     [
      -24.9,
      -489.6
     ],
     [
      -30.5,
      -450.6
     ],
     [
      -36.1,
      -411.7
     ],
     [
      -36.1,
      -372.7
     ],
     [
      -36.1,
      -333.8
     ],
     [
      -36.1,
      -294.8
     ],
     [
      -19.4,
      -255.9
     ],
     [
      2.9,
      -222.5
     ],
     [
      19.6,
      -183.5
     ],
     [
      41.8,
      -150.2
     ],
     [
      64.1,
      -116.8
     ],
     [
      97.5,
      -89
     ],
     [
      114.2,
      -50
     ],
     [
      125.3,
      -11.1
     ],
     [
      142,
      27.9
     ],
     [
      158.7,
      66.8
     ],
     [
      175.4,
      105.8
     ],
     [
      180.9,
      144.7
     ],
     [
      186.5,
      183.7
     ],
     [
      203.2,
      222.6
     ],
     [
      225.4,
      256
     ],
     [
      253.3,
      283.8
     ],
     [
      286.6,
      306.1
     ],
     [
      325.6,
      317.2
     ],
     [
      364.5,
      322.8
     ],
     [
      403.5,
      322.8
     ],
     [
      442.4,
      333.9
     ],
     [
      481.4,
      339.5
     ],
     [
      520.3,
      339.5
     ],
     [
      559.3,
      328.3
     ],
     [
      598.2,
      311.6
     ],
     [
      631.6,
      289.4
     ],
     [
      665,
      267.1
     ],
     [
      703.9,
      267.1
     ],
     [
      742.9,
      267.1
     ],
     [
      781.8,
      267.1
     ],
     [
      820.8,
      256
     ],
     [
      854.2,
      233.7
     ],
     [
      887.5,
      205.9
     ],
     [
      926.5,
      189.2
     ],
     [
      965.4,
      172.5
     ],
     [
      998.8,
      150.3
     ],
     [
      1026.6,
      122.5
     ],
     [
      1054.5,
      89.1
     ],
     [
      1082.3,
      61.3
     ]
    ]
   }
  },
  {
   "type": "Feature",
   "properties": {
    "op": "add",
    "source": "recorded",
    "zone": "Tirisfal Glades",
    "time": 1790561971,
    "trim": true
   },
   "geometry": {
    "type": "LineString",
    "coordinates": [
     [
      601.8,
      315.6
     ],
     [
      613.2,
      332.6
     ],
     [
      627.4,
      346.9
     ],
     [
      641.7,
      361.1
     ],
     [
      661.6,
      369.7
     ],
     [
      681.6,
      372.5
     ],
     [
      701.5,
      378.2
     ],
     [
      721.4,
      386.8
     ],
     [
      738.5,
      398.2
     ],
     [
      755.6,
      409.6
     ],
     [
      772.7,
      423.8
     ],
     [
      787,
      438
     ],
     [
      798.4,
      455.1
     ],
     [
      809.8,
      475.1
     ],
     [
      821.1,
      492.2
     ],
     [
      826.8,
      512.1
     ],
     [
      835.4,
      532.1
     ],
     [
      843.9,
      552
     ],
     [
      852.5,
      571.9
     ],
     [
      863.9,
      589
     ],
     [
      875.3,
      606.1
     ],
     [
      889.5,
      623.2
     ],
     [
      903.8,
      637.5
     ],
     [
      923.7,
      646
     ],
     [
      943.6,
      654.5
     ],
     [
      963.6,
      657.4
     ],
     [
      983.5,
      660.2
     ],
     [
      1003.5,
      660.2
     ],
     [
      1023.4,
      657.4
     ],
     [
      1043.3,
      660.2
     ],
     [
      1054.7,
      677.3
     ],
     [
      1074.7,
      685.9
     ],
     [
      1094.6,
      688.7
     ],
     [
      1114.6,
      688.7
     ],
     [
      1134.5,
      683
     ],
     [
      1151.6,
      671.6
     ],
     [
      1171.5,
      665.9
     ],
     [
      1191.5,
      671.6
     ],
     [
      1202.9,
      688.7
     ],
     [
      1217.1,
      703
     ],
     [
      1234.2,
      714.4
     ],
     [
      1251.3,
      725.8
     ],
     [
      1271.2,
      737.2
     ],
     [
      1291.2,
      737.2
     ],
     [
      1311.1,
      740
     ],
     [
      1333.9,
      740
     ],
     [
      1353.9,
      740
     ],
     [
      1370.9,
      751.4
     ],
     [
      1385.2,
      765.6
     ],
     [
      1396.6,
      785.6
     ],
     [
      1402.3,
      805.5
     ],
     [
      1410.8,
      825.5
     ],
     [
      1419.4,
      845.4
     ],
     [
      1425.1,
      865.4
     ],
     [
      1433.6,
      885.3
     ],
     [
      1439.3,
      905.2
     ],
     [
      1450.7,
      925.2
     ],
     [
      1462.1,
      945.1
     ],
     [
      1476.4,
      959.4
     ],
     [
      1490.6,
      973.6
     ],
     [
      1507.7,
      987.8
     ],
     [
      1524.8,
      1002.1
     ],
     [
      1544.7,
      1010.6
     ],
     [
      1564.7,
      1019.2
     ],
     [
      1584.6,
      1024.9
     ],
     [
      1604.5,
      1027.7
     ],
     [
      1624.5,
      1030.6
     ],
     [
      1644.4,
      1030.6
     ],
     [
      1664.4,
      1027.7
     ],
     [
      1684.3,
      1016.3
     ],
     [
      1704.2,
      1007.8
     ],
     [
      1721.3,
      996.4
     ],
     [
      1738.4,
      985
     ],
     [
      1758.4,
      973.6
     ],
     [
      1778.3,
      967.9
     ],
     [
      1798.3,
      959.4
     ],
     [
      1818.2,
      950.8
     ],
     [
      1838.1,
      948
     ],
     [
      1858.1,
      948
     ],
     [
      1880.9,
      950.8
     ],
     [
      1900.8,
      956.5
     ],
     [
      1923.6,
      962.2
     ],
     [
      1943.5,
      967.9
     ],
     [
      1963.5,
      970.8
     ],
     [
      1986.3,
      976.5
     ],
     [
      2009.1,
      982.1
     ],
     [
      2029,
      990.7
     ],
     [
      2051.8,
      999.2
     ],
     [
      2071.7,
      1007.8
     ],
     [
      2091.7,
      1016.3
     ],
     [
      2111.6,
      1024.9
     ],
     [
      2131.6,
      1033.4
     ],
     [
      2151.5,
      1042
     ],
     [
      2171.4,
      1047.7
     ],
     [
      2191.4,
      1053.4
     ],
     [
      2211.3,
      1059.1
     ],
     [
      2231.3,
      1061.9
     ],
     [
      2251.2,
      1064.8
     ],
     [
      2271.1,
      1070.5
     ],
     [
      2291.1,
      1076.2
     ],
     [
      2311,
      1081.9
     ],
     [
      2331,
      1087.6
     ]
    ]
   }
  },
  {
   "type": "Feature",
   "properties": {
    "op": "add",
    "source": "recorded",
    "zone": "Tirisfal Glades",
    "time": 1790561977,
    "trim": true
   },
   "geometry": {
    "type": "LineString",
    "coordinates": [
     [
      1570.4,
      1019.2
     ],
     [
      1567.5,
      1039.1
     ],
     [
      1564.7,
      1059.1
     ],
     [
      1561.8,
      1079
     ],
     [
      1561.8,
      1098.9
     ],
     [
      1561.8,
      1121.7
     ],
     [
      1561.8,
      1144.5
     ],
     [
      1564.7,
      1167.3
     ],
     [
      1564.7,
      1190.1
     ],
     [
      1564.7,
      1212.9
     ],
     [
      1564.7,
      1232.8
     ],
     [
      1567.5,
      1252.8
     ],
     [
      1567.5,
      1272.7
     ],
     [
      1561.8,
      1292.7
     ],
     [
      1550.4,
      1309.8
     ],
     [
      1544.7,
      1329.7
     ],
     [
      1533.3,
      1346.8
     ],
     [
      1521.9,
      1366.7
     ],
     [
      1510.5,
      1383.8
     ],
     [
      1496.3,
      1400.9
     ],
     [
      1484.9,
      1418
     ],
     [
      1467.8,
      1429.4
     ],
     [
      1447.9,
      1437.9
     ],
     [
      1427.9,
      1446.5
     ],
     [
      1408,
      1452.2
     ],
     [
      1385.2,
      1455
     ],
     [
      1365.3,
      1457.9
     ],
     [
      1345.3,
      1460.7
     ],
     [
      1322.5,
      1460.7
     ],
     [
      1302.6,
      1460.7
     ],
     [
      1282.6,
      1460.7
     ],
     [
      1262.7,
      1466.4
     ],
     [
      1242.8,
      1469.3
     ],
     [
      1220,
      1477.8
     ],
     [
      1200,
      1483.5
     ],
     [
      1177.2,
      1486.4
     ],
     [
      1157.3,
      1492.1
     ],
     [
      1137.4,
      1494.9
     ],
     [
      1117.4,
      1500.6
     ],
     [
      1097.5,
      1509.2
     ],
     [
      1074.7,
      1514.9
     ],
     [
      1051.9,
      1517.7
     ],
     [
      1032,
      1517.7
     ],
     [
      1012,
      1520.6
     ],
     [
      992.1,
      1529.1
     ],
     [
      975,
      1540.5
     ],
     [
      957.9,
      1551.9
     ],
     [
      940.8,
      1563.3
     ],
     [
      923.7,
      1574.7
     ],
     [
      903.8,
      1583.2
     ],
     [
      878.1,
      1588.9
     ],
     [
      855.3,
      1594.6
     ],
     [
      835.4,
      1603.2
     ],
     [
      815.4,
      1608.9
     ],
     [
      795.5,
      1614.6
     ],
     [
      775.6,
      1623.1
     ]
    ]
   }
  },
  {
   "type": "Feature",
   "properties": {
    "op": "add",
    "source": "recorded",
    "zone": "Tirisfal Glades",
    "time": 1790561981,
    "trim": true
   },
   "geometry": {
    "type": "LineString",
    "coordinates": [
     [
      1071.8,
      680.2
     ],
     [
      1051.9,
      691.6
     ],
     [
      1032,
      700.1
     ],
     [
      1014.9,
      711.5
     ],
     [
      997.8,
      722.9
     ],
     [
      980.7,
      734.3
     ],
     [
      963.6,
      745.7
     ],
     [
      949.3,
      760
     ],
     [
      940.8,
      779.9
     ],
     [
      929.4,
      799.8
     ],
     [
      923.7,
      819.8
     ],
     [
      918,
      839.7
     ],
     [
      918,
      859.7
     ],
     [
      923.7,
      879.6
     ],
     [
      929.4,
      899.5
     ]
    ]
   }
  },
  {
   "type": "Feature",
   "properties": {
    "op": "add",
    "source": "recorded",
    "zone": "Tirisfal Glades",
    "time": 1790561987,
    "trim": true
   },
   "geometry": {
    "type": "LineString",
    "coordinates": [
     [
      2325.3,
      1090.4
     ],
     [
      2345.2,
      1096.1
     ],
     [
      2365.2,
      1104.6
     ],
     [
      2379.4,
      1118.9
     ],
     [
      2390.8,
      1138.8
     ],
     [
      2393.6,
      1158.8
     ],
     [
      2393.6,
      1178.7
     ],
     [
      2393.6,
      1198.7
     ],
     [
      2393.6,
      1218.6
     ],
     [
      2396.5,
      1238.5
     ],
     [
      2399.3,
      1258.5
     ],
     [
      2399.3,
      1278.4
     ],
     [
      2402.2,
      1298.4
     ],
     [
      2410.7,
      1318.3
     ],
     [
      2422.1,
      1335.4
     ],
     [
      2430.7,
      1355.3
     ],
     [
      2442.1,
      1375.3
     ],
     [
      2450.6,
      1395.2
     ],
     [
      2464.9,
      1409.5
     ]
    ]
   }
  },
  {
   "type": "Feature",
   "properties": {
    "op": "add",
    "source": "recorded",
    "zone": "Tirisfal Glades",
    "time": 1790561992,
    "trim": true
   },
   "geometry": {
    "type": "LineString",
    "coordinates": [
     [
      2407.9,
      1292.7
     ],
     [
      2393.6,
      1306.9
     ],
     [
      2379.4,
      1324
     ],
     [
      2365.2,
      1338.2
     ],
     [
      2350.9,
      1352.5
     ],
     [
      2339.5,
      1369.6
     ],
     [
      2333.8,
      1389.5
     ],
     [
      2333.8,
      1409.5
     ],
     [
      2333.8,
      1429.4
     ],
     [
      2333.8,
      1452.2
     ],
     [
      2339.5,
      1475
     ],
     [
      2339.5,
      1494.9
     ],
     [
      2339.5,
      1517.7
     ],
     [
      2342.4,
      1537.6
     ],
     [
      2342.4,
      1557.6
     ],
     [
      2345.2,
      1577.5
     ],
     [
      2348.1,
      1597.5
     ],
     [
      2350.9,
      1617.4
     ],
     [
      2362.3,
      1634.5
     ],
     [
      2379.4,
      1645.9
     ],
     [
      2396.5,
      1660.1
     ],
     [
      2416.4,
      1671.5
     ],
     [
      2433.5,
      1682.9
     ],
     [
      2439.2,
      1702.9
     ],
     [
      2439.2,
      1722.8
     ],
     [
      2439.2,
      1742.8
     ],
     [
      2436.4,
      1765.5
     ],
     [
      2433.5,
      1785.5
     ],
     [
      2430.7,
      1805.4
     ]
    ]
   }
  },
  {
   "type": "Feature",
   "properties": {
    "op": "add",
    "source": "recorded",
    "zone": "Tirisfal Glades",
    "time": 1790561999,
    "trim": true
   },
   "geometry": {
    "type": "LineString",
    "coordinates": [
     [
      240,
      1865.3
     ],
     [
      262.8,
      1853.9
     ],
     [
      282.7,
      1848.2
     ],
     [
      305.5,
      1842.5
     ],
     [
      328.3,
      1833.9
     ],
     [
      348.3,
      1822.5
     ],
     [
      368.2,
      1814
     ],
     [
      388.1,
      1802.6
     ],
     [
      408.1,
      1791.2
     ],
     [
      428,
      1782.6
     ],
     [
      448,
      1776.9
     ],
     [
      467.9,
      1774.1
     ],
     [
      490.7,
      1768.4
     ],
     [
      510.6,
      1762.7
     ],
     [
      530.6,
      1754.2
     ],
     [
      553.4,
      1748.5
     ],
     [
      573.3,
      1737.1
     ],
     [
      593.2,
      1728.5
     ],
     [
      613.2,
      1717.1
     ],
     [
      636,
      1705.7
     ],
     [
      655.9,
      1694.3
     ],
     [
      675.9,
      1685.8
     ],
     [
      695.8,
      1680.1
     ],
     [
      715.7,
      1671.5
     ],
     [
      735.7,
      1663
     ],
     [
      752.8,
      1651.6
     ],
     [
      769.9,
      1640.2
     ],
     [
      789.8,
      1631.7
     ],
     [
      809.8,
      1626
     ]
    ]
   }
  },
  {
   "type": "Feature",
   "properties": {
    "op": "add",
    "source": "recorded",
    "zone": "Tirisfal Glades",
    "time": 1790562138,
    "trim": true
   },
   "geometry": {
    "type": "LineString",
    "coordinates": [
     [
      -7073.8,
      -3738.9
     ],
     [
      -7073.8,
      -3750.6
     ],
     [
      -7076.8,
      -3760.9
     ],
     [
      -7078.2,
      -3771.1
     ],
     [
      -7079.7,
      -3781.4
     ],
     [
      -7081.2,
      -3791.6
     ],
     [
      -7082.6,
      -3801.9
     ],
     [
      -7084.1,
      -3812.1
     ],
     [
      -7085.5,
      -3822.4
     ],
     [
      -7089.9,
      -3832.6
     ],
     [
      -7092.9,
      -3842.9
     ],
     [
      -7098.7,
      -3853.1
     ],
     [
      -7104.6,
      -3863.4
     ],
     [
      -7111.9,
      -3870.7
     ],
     [
      -7117.8,
      -3879.5
     ],
     [
      -7123.6,
      -3888.3
     ],
     [
      -7128,
      -3898.5
     ],
     [
      -7133.9,
      -3907.3
     ],
     [
      -7138.3,
      -3917.5
     ],
     [
      -7145.6,
      -3926.3
     ],
     [
      -7151.4,
      -3935.1
     ],
     [
      -7157.3,
      -3943.9
     ],
     [
      -7160.2,
      -3954.1
     ],
     [
      -7161.7,
      -3964.4
     ],
     [
      -7161.7,
      -3974.6
     ],
     [
      -7161.7,
      -3984.9
     ],
     [
      -7160.2,
      -3995.1
     ],
     [
      -7158.8,
      -4005.4
     ],
     [
      -7158.8,
      -4015.6
     ],
     [
      -7161.7,
      -4025.9
     ],
     [
      -7167.5,
      -4036.1
     ],
     [
      -7173.4,
      -4046.4
     ],
     [
      -7180.7,
      -4055.2
     ],
     [
      -7189.5,
      -4062.5
     ],
     [
      -7196.8,
      -4071.3
     ],
     [
      -7202.7,
      -4081.5
     ],
     [
      -7208.5,
      -4093.2
     ],
     [
      -7214.4,
      -4102
     ],
     [
      -7218.8,
      -4112.3
     ],
     [
      -7221.7,
      -4122.5
     ],
     [
      -7221.7,
      -4132.8
     ],
     [
      -7223.2,
      -4144.5
     ],
     [
      -7223.2,
      -4154.7
     ],
     [
      -7223.2,
      -4166.4
     ],
     [
      -7220.2,
      -4176.7
     ],
     [
      -7217.3,
      -4186.9
     ],
     [
      -7214.4,
      -4197.2
     ],
     [
      -7211.5,
      -4207.4
     ],
     [
      -7208.5,
      -4219.1
     ],
     [
      -7208.5,
      -4229.4
     ],
     [
      -7208.5,
      -4242.6
     ],
     [
      -7210,
      -4254.3
     ],
     [
      -7210,
      -4264.5
     ],
     [
      -7210,
      -4274.8
     ],
     [
      -7204.1,
      -4283.6
     ],
     [
      -7196.8,
      -4290.9
     ],
     [
      -7188,
      -4298.2
     ],
     [
      -7179.3,
      -4305.5
     ],
     [
      -7171.9,
      -4312.9
     ],
     [
      -7164.6,
      -4320.2
     ],
     [
      -7157.3,
      -4329
     ],
     [
      -7148.5,
      -4337.7
     ],
     [
      -7141.2,
      -4346.5
     ],
     [
      -7132.4,
      -4352.4
     ],
     [
      -7122.2,
      -4358.2
     ],
     [
      -7111.9,
      -4361.2
     ],
     [
      -7101.7,
      -4364.1
     ],
     [
      -7092.9,
      -4370
     ],
     [
      -7085.5,
      -4378.7
     ],
     [
      -7082.6,
      -4390.4
     ],
     [
      -7081.2,
      -4400.7
     ],
     [
      -7079.7,
      -4410.9
     ],
     [
      -7079.7,
      -4422.7
     ],
     [
      -7081.2,
      -4434.4
     ],
     [
      -7081.2,
      -4444.6
     ],
     [
      -7082.6,
      -4456.3
     ],
     [
      -7082.6,
      -4466.6
     ],
     [
      -7084.1,
      -4476.8
     ],
     [
      -7085.5,
      -4487.1
     ],
     [
      -7085.5,
      -4497.3
     ],
     [
      -7085.5,
      -4509
     ],
     [
      -7082.6,
      -4519.3
     ],
     [
      -7079.7,
      -4529.5
     ],
     [
      -7075.3,
      -4539.8
     ],
     [
      -7072.4,
      -4551.5
     ],
     [
      -7068,
      -4561.8
     ],
     [
      -7063.6,
      -4572
     ],
     [
      -7057.7,
      -4580.8
     ],
     [
      -7051.9,
      -4589.6
     ],
     [
      -7047.5,
      -4599.8
     ],
     [
      -7043.1,
      -4610.1
     ],
     [
      -7037.2,
      -4620.3
     ],
     [
      -7032.8,
      -4630.6
     ],
     [
      -7024.1,
      -4636.4
     ],
     [
      -7013.8,
      -4642.3
     ],
     [
      -7005,
      -4648.1
     ],
     [
      -6994.8,
      -4654
     ],
     [
      -6986,
      -4659.8
     ],
     [
      -6978.7,
      -4667.2
     ],
     [
      -6971.3,
      -4674.5
     ],
     [
      -6967,
      -4686.2
     ],
     [
      -6965.5,
      -4696.4
     ],
     [
      -6967,
      -4706.7
     ],
     [
      -6967,
      -4718.4
     ],
     [
      -6967,
      -4728.7
     ],
     [
      -6968.4,
      -4738.9
     ],
     [
      -6972.8,
      -4749.2
     ],
     [
      -6969.9,
      -4760.9
     ],
     [
      -6964,
      -4772.6
     ],
     [
      -6956.7,
      -4781.4
     ]
    ]
   }
  },
  {
   "type": "Feature",
   "properties": {
    "op": "add",
    "source": "recorded",
    "zone": "Tirisfal Glades",
    "time": 1790562158,
    "trim": true
   },
   "geometry": {
    "type": "LineString",
    "coordinates": [
     [
      -7072.4,
      -3746.2
     ],
     [
      -7072.4,
      -3736
     ],
     [
      -7073.8,
      -3725.7
     ],
     [
      -7075.3,
      -3715.5
     ],
     [
      -7076.8,
      -3705.2
     ],
     [
      -7079.7,
      -3695
     ],
     [
      -7073.8,
      -3686.2
     ],
     [
      -7063.6,
      -3680.4
     ],
     [
      -7053.3,
      -3678.9
     ],
     [
      -7043.1,
      -3676
     ],
     [
      -7032.8,
      -3681.8
     ],
     [
      -7025.5,
      -3689.1
     ],
     [
      -7016.7,
      -3696.5
     ],
     [
      -7009.4,
      -3703.8
     ],
     [
      -7000.6,
      -3711.1
     ],
     [
      -6991.8,
      -3718.4
     ],
     [
      -6983.1,
      -3724.3
     ],
     [
      -6972.8,
      -3725.7
     ],
     [
      -6964,
      -3719.9
     ],
     [
      -6959.6,
      -3709.6
     ],
     [
      -6949.4,
      -3709.6
     ],
     [
      -6940.6,
      -3715.5
     ],
     [
      -6934.7,
      -3724.3
     ],
     [
      -6927.4,
      -3733.1
     ],
     [
      -6920.1,
      -3740.4
     ],
     [
      -6911.3,
      -3746.2
     ],
     [
      -6904,
      -3753.6
     ],
     [
      -6898.1,
      -3762.3
     ],
     [
      -6890.8,
      -3771.1
     ],
     [
      -6880.6,
      -3772.6
     ],
     [
      -6871.8,
      -3766.7
     ],
     [
      -6863,
      -3760.9
     ],
     [
      -6852.8,
      -3756.5
     ],
     [
      -6842.5,
      -3752.1
     ],
     [
      -6832.3,
      -3752.1
     ],
     [
      -6822,
      -3755
     ],
     [
      -6811.8,
      -3755
     ],
     [
      -6801.5,
      -3755
     ],
     [
      -6792.7,
      -3749.2
     ],
     [
      -6786.9,
      -3740.4
     ],
     [
      -6781,
      -3731.6
     ],
     [
      -6775.2,
      -3722.8
     ],
     [
      -6770.8,
      -3712.6
     ],
     [
      -6763.4,
      -3705.2
     ],
     [
      -6753.2,
      -3700.9
     ],
     [
      -6742.9,
      -3700.9
     ],
     [
      -6732.7,
      -3700.9
     ],
     [
      -6722.5,
      -3700.9
     ],
     [
      -6712.2,
      -3700.9
     ],
     [
      -6702,
      -3697.9
     ],
     [
      -6691.7,
      -3695
     ],
     [
      -6681.5,
      -3690.6
     ],
     [
      -6671.2,
      -3692.1
     ],
     [
      -6662.4,
      -3697.9
     ],
     [
      -6655.1,
      -3705.2
     ],
     [
      -6649.2,
      -3714
     ],
     [
      -6641.9,
      -3721.4
     ],
     [
      -6633.1,
      -3727.2
     ],
     [
      -6622.9,
      -3728.7
     ],
     [
      -6612.6,
      -3730.1
     ],
     [
      -6602.4,
      -3730.1
     ],
     [
      -6590.7,
      -3730.1
     ],
     [
      -6580.4,
      -3730.1
     ],
     [
      -6570.2,
      -3730.1
     ],
     [
      -6559.9,
      -3730.1
     ],
     [
      -6549.7,
      -3730.1
     ],
     [
      -6539.4,
      -3730.1
     ],
     [
      -6529.2,
      -3730.1
     ],
     [
      -6518.9,
      -3730.1
     ],
     [
      -6507.2,
      -3728.7
     ],
     [
      -6497,
      -3727.2
     ],
     [
      -6486.7,
      -3725.7
     ],
     [
      -6476.5,
      -3721.4
     ],
     [
      -6466.2,
      -3717
     ],
     [
      -6456,
      -3714
     ],
     [
      -6445.7,
      -3712.6
     ],
     [
      -6435.5,
      -3711.1
     ],
     [
      -6425.2,
      -3711.1
     ],
     [
      -6415,
      -3711.1
     ],
     [
      -6404.7,
      -3711.1
     ],
     [
      -6393,
      -3711.1
     ],
     [
      -6382.8,
      -3711.1
     ],
     [
      -6372.5,
      -3711.1
     ],
     [
      -6362.3,
      -3711.1
     ],
     [
      -6350.6,
      -3709.6
     ],
     [
      -6338.9,
      -3708.2
     ],
     [
      -6327.1,
      -3706.7
     ],
     [
      -6316.9,
      -3703.8
     ],
     [
      -6306.6,
      -3702.3
     ],
     [
      -6296.4,
      -3700.9
     ],
     [
      -6286.1,
      -3699.4
     ],
     [
      -6274.4,
      -3697.9
     ],
     [
      -6264.2,
      -3696.5
     ],
     [
      -6253.9,
      -3696.5
     ],
     [
      -6242.2,
      -3696.5
     ],
     [
      -6232,
      -3696.5
     ],
     [
      -6221.7,
      -3697.9
     ],
     [
      -6211.5,
      -3697.9
     ]
    ]
   }
  },
  {
   "type": "Feature",
   "properties": {
    "op": "add",
    "source": "recorded",
    "zone": "Tirisfal Glades",
    "time": 1790562171,
    "trim": true
   },
   "geometry": {
    "type": "LineString",
    "coordinates": [
     [
      -6215.9,
      -3697.9
     ],
     [
      -6205.6,
      -3697.9
     ],
     [
      -6195.4,
      -3699.4
     ],
     [
      -6185.1,
      -3702.3
     ],
     [
      -6174.9,
      -3705.2
     ],
     [
      -6164.6,
      -3706.7
     ],
     [
      -6154.4,
      -3708.2
     ],
     [
      -6144.1,
      -3708.2
     ],
     [
      -6133.9,
      -3708.2
     ],
     [
      -6123.6,
      -3708.2
     ],
     [
      -6113.4,
      -3709.6
     ],
     [
      -6103.1,
      -3709.6
     ],
     [
      -6092.9,
      -3711.1
     ],
     [
      -6081.2,
      -3711.1
     ],
     [
      -6069.5,
      -3711.1
     ],
     [
      -6057.7,
      -3711.1
     ],
     [
      -6046,
      -3711.1
     ],
     [
      -6035.8,
      -3711.1
     ],
     [
      -6025.5,
      -3711.1
     ],
     [
      -6015.3,
      -3711.1
     ],
     [
      -6005,
      -3711.1
     ],
     [
      -5991.9,
      -3709.6
     ],
     [
      -5981.6,
      -3708.2
     ],
     [
      -5971.4,
      -3705.2
     ],
     [
      -5959.7,
      -3703.8
     ],
     [
      -5949.4,
      -3700.9
     ],
     [
      -5937.7,
      -3697.9
     ],
     [
      -5927.4,
      -3695
     ],
     [
      -5917.2,
      -3690.6
     ],
     [
      -5906.9,
      -3684.7
     ],
     [
      -5896.7,
      -3678.9
     ],
     [
      -5886.4,
      -3673
     ],
     [
      -5876.2,
      -3668.6
     ],
     [
      -5865.9,
      -3662.8
     ],
     [
      -5855.7,
      -3656.9
     ],
     [
      -5846.9,
      -3651.1
     ],
     [
      -5838.1,
      -3645.2
     ],
     [
      -5829.3,
      -3639.4
     ],
     [
      -5819.1,
      -3633.5
     ],
     [
      -5808.8,
      -3627.6
     ],
     [
      -5800.1,
      -3621.8
     ],
     [
      -5791.3,
      -3614.5
     ],
     [
      -5782.5,
      -3607.2
     ],
     [
      -5775.2,
      -3599.8
     ],
     [
      -5766.4,
      -3591
     ],
     [
      -5759.1,
      -3583.7
     ],
     [
      -5751.7,
      -3576.4
     ],
     [
      -5743,
      -3567.6
     ],
     [
      -5735.6,
      -3558.8
     ],
     [
      -5726.9,
      -3551.5
     ],
     [
      -5718.1,
      -3545.7
     ],
     [
      -5707.8,
      -3538.3
     ],
     [
      -5699,
      -3532.5
     ],
     [
      -5690.3,
      -3525.2
     ],
     [
      -5681.5,
      -3517.8
     ],
     [
      -5672.7,
      -3510.5
     ],
     [
      -5665.4,
      -3503.2
     ],
     [
      -5656.6,
      -3495.9
     ],
     [
      -5649.3,
      -3488.6
     ],
     [
      -5641.9,
      -3481.2
     ],
     [
      -5634.6,
      -3472.5
     ],
     [
      -5628.8,
      -3462.2
     ],
     [
      -5625.8,
      -3452
     ],
     [
      -5622.9,
      -3441.7
     ],
     [
      -5620,
      -3431.5
     ],
     [
      -5615.6,
      -3421.2
     ],
     [
      -5612.7,
      -3411
     ],
     [
      -5609.7,
      -3400.7
     ],
     [
      -5606.8,
      -3390.5
     ],
     [
      -5605.3,
      -3380.2
     ],
     [
      -5602.4,
      -3370
     ],
     [
      -5600.9,
      -3359.7
     ],
     [
      -5599.5,
      -3349.5
     ],
     [
      -5598,
      -3339.2
     ],
     [
      -5595.1,
      -3329
     ],
     [
      -5590.7,
      -3318.7
     ],
     [
      -5584.8,
      -3309.9
     ],
     [
      -5577.5,
      -3302.6
     ],
     [
      -5570.2,
      -3295.3
     ],
     [
      -5562.9,
      -3286.5
     ],
     [
      -5557,
      -3277.7
     ],
     [
      -5551.2,
      -3268.9
     ],
     [
      -5551.2,
      -3258.7
     ],
     [
      -5557,
      -3249.9
     ],
     [
      -5561.4,
      -3239.7
     ],
     [
      -5567.3,
      -3230.9
     ],
     [
      -5570.2,
      -3220.6
     ],
     [
      -5571.7,
      -3210.4
     ],
     [
      -5573.1,
      -3200.1
     ],
     [
      -5574.6,
      -3189.9
     ],
     [
      -5574.6,
      -3179.6
     ],
     [
      -5577.5,
      -3169.4
     ],
     [
      -5580.4,
      -3159.1
     ],
     [
      -5583.4,
      -3148.9
     ],
     [
      -5586.3,
      -3138.6
     ],
     [
      -5589.2,
      -3126.9
     ],
     [
      -5590.7,
      -3116.7
     ],
     [
      -5592.2,
      -3106.4
     ],
     [
      -5595.1,
      -3096.2
     ],
     [
      -5599.5,
      -3085.9
     ],
     [
      -5603.9,
      -3075.7
     ],
     [
      -5605.3,
      -3065.4
     ],
     [
      -5605.3,
      -3055.2
     ],
     [
      -5606.8,
      -3044.9
     ],
     [
      -5608.3,
      -3034.7
     ]
    ]
   }
  },
  {
   "type": "Feature",
   "properties": {
    "op": "add",
    "source": "recorded",
    "zone": "Tirisfal Glades",
    "time": 1790562187,
    "trim": true
   },
   "geometry": {
    "type": "LineString",
    "coordinates": [
     [
      -5605.3,
      -3042
     ],
     [
      -5606.8,
      -3031.8
     ],
     [
      -5608.3,
      -3021.5
     ],
     [
      -5608.3,
      -3011.3
     ],
     [
      -5609.7,
      -3001
     ],
     [
      -5611.2,
      -2990.8
     ],
     [
      -5612.7,
      -2980.5
     ],
     [
      -5612.7,
      -2968.8
     ],
     [
      -5612.7,
      -2958.6
     ],
     [
      -5611.2,
      -2948.3
     ],
     [
      -5609.7,
      -2938.1
     ],
     [
      -5605.3,
      -2927.8
     ],
     [
      -5600.9,
      -2917.6
     ],
     [
      -5593.6,
      -2910.2
     ],
     [
      -5587.8,
      -2901.5
     ],
     [
      -5584.8,
      -2891.2
     ],
     [
      -5579,
      -2879.5
     ],
     [
      -5576.1,
      -2869.2
     ],
     [
      -5573.1,
      -2859
     ],
     [
      -5567.3,
      -2848.7
     ],
     [
      -5560,
      -2840
     ],
     [
      -5554.1,
      -2831.2
     ],
     [
      -5549.7,
      -2819.5
     ],
     [
      -5548.2,
      -2809.2
     ],
     [
      -5545.3,
      -2799
     ],
     [
      -5545.3,
      -2788.7
     ],
     [
      -5545.3,
      -2778.5
     ],
     [
      -5548.2,
      -2768.2
     ],
     [
      -5551.2,
      -2758
     ],
     [
      -5551.2,
      -2747.7
     ],
     [
      -5549.7,
      -2737.5
     ],
     [
      -5545.3,
      -2727.2
     ],
     [
      -5540.9,
      -2717
     ],
     [
      -5533.6,
      -2709.7
     ],
     [
      -5524.8,
      -2702.3
     ],
     [
      -5517.5,
      -2695
     ],
     [
      -5513.1,
      -2684.8
     ],
     [
      -5508.7,
      -2673.1
     ],
     [
      -5505.8,
      -2661.3
     ],
     [
      -5505.8,
      -2651.1
     ],
     [
      -5505.8,
      -2640.8
     ],
     [
      -5504.3,
      -2630.6
     ],
     [
      -5504.3,
      -2620.3
     ],
     [
      -5504.3,
      -2610.1
     ],
     [
      -5502.8,
      -2599.8
     ],
     [
      -5497,
      -2591.1
     ],
     [
      -5491.1,
      -2582.3
     ],
     [
      -5483.8,
      -2575
     ],
     [
      -5476.5,
      -2566.2
     ],
     [
      -5469.2,
      -2558.9
     ],
     [
      -5460.4,
      -2553
     ],
     [
      -5450.1,
      -2548.6
     ],
     [
      -5439.9,
      -2544.2
     ],
     [
      -5429.6,
      -2541.3
     ],
     [
      -5419.4,
      -2538.4
     ],
     [
      -5409.1,
      -2534
     ],
     [
      -5398.9,
      -2532.5
     ],
     [
      -5388.6,
      -2531
     ],
     [
      -5378.4,
      -2528.1
     ],
     [
      -5368.2,
      -2526.6
     ],
     [
      -5359.4,
      -2520.8
     ],
     [
      -5353.5,
      -2512
     ],
     [
      -5347.7,
      -2503.2
     ],
     [
      -5343.3,
      -2493
     ],
     [
      -5337.4,
      -2482.7
     ],
     [
      -5333,
      -2472.5
     ],
     [
      -5328.6,
      -2462.2
     ],
     [
      -5324.2,
      -2452
     ],
     [
      -5319.8,
      -2441.7
     ],
     [
      -5314,
      -2432.9
     ],
     [
      -5312.5,
      -2422.7
     ],
     [
      -5315.4,
      -2412.4
     ],
     [
      -5318.4,
      -2402.2
     ],
     [
      -5324.2,
      -2391.9
     ],
     [
      -5327.2,
      -2381.7
     ],
     [
      -5330.1,
      -2371.4
     ],
     [
      -5333,
      -2361.2
     ],
     [
      -5337.4,
      -2350.9
     ],
     [
      -5341.8,
      -2340.7
     ],
     [
      -5344.7,
      -2329
     ],
     [
      -5346.2,
      -2318.7
     ],
     [
      -5346.2,
      -2308.5
     ],
     [
      -5346.2,
      -2298.2
     ],
     [
      -5346.2,
      -2288
     ],
     [
      -5344.7,
      -2277.7
     ],
     [
      -5341.8,
      -2267.5
     ],
     [
      -5337.4,
      -2255.8
     ],
     [
      -5334.5,
      -2245.5
     ],
     [
      -5328.6,
      -2235.3
     ],
     [
      -5324.2,
      -2225
     ],
     [
      -5318.4,
      -2216.3
     ],
     [
      -5311.1,
      -2207.5
     ],
     [
      -5303.7,
      -2198.7
     ],
     [
      -5294.9,
      -2189.9
     ],
     [
      -5287.6,
      -2182.6
     ],
     [
      -5277.4,
      -2178.2
     ],
     [
      -5268.6,
      -2172.3
     ],
     [
      -5268.6,
      -2162.1
     ],
     [
      -5268.6,
      -2151.8
     ],
     [
      -5270.1,
      -2141.6
     ],
     [
      -5270.1,
      -2131.3
     ],
     [
      -5271.5,
      -2121.1
     ],
     [
      -5274.4,
      -2110.8
     ],
     [
      -5275.9,
      -2099.1
     ],
     [
      -5278.8,
      -2088.9
     ],
     [
      -5278.8,
      -2078.6
     ],
     [
      -5278.8,
      -2068.4
     ],
     [
      -5278.8,
      -2058.1
     ],
     [
      -5273,
      -2049.3
     ],
     [
      -5267.1,
      -2040.6
     ],
     [
      -5259.8,
      -2031.8
     ],
     [
      -5254,
      -2023
     ],
     [
      -5248.1,
      -2014.2
     ],
     [
      -5242.2,
      -2005.4
     ],
     [
      -5236.4,
      -1996.6
     ],
     [
      -5229.1,
      -1987.8
     ],
     [
      -5221.7,
      -1979.1
     ],
     [
      -5217.3,
      -1968.8
     ],
     [
      -5215.9,
      -1958.6
     ]
    ]
   }
  },
  {
   "type": "Feature",
   "properties": {
    "op": "add",
    "source": "recorded",
    "zone": "Tirisfal Glades",
    "time": 1790562197,
    "trim": true
   },
   "geometry": {
    "type": "LineString",
    "coordinates": [
     [
      -5215.9,
      -1964.4
     ],
     [
      -5217.3,
      -1954.2
     ],
     [
      -5218.8,
      -1943.9
     ],
     [
      -5220.3,
      -1933.7
     ],
     [
      -5223.2,
      -1923.4
     ],
     [
      -5226.1,
      -1913.2
     ],
     [
      -5227.6,
      -1902.9
     ],
     [
      -5227.6,
      -1891.2
     ],
     [
      -5227.6,
      -1881
     ],
     [
      -5227.6,
      -1870.7
     ],
     [
      -5229.1,
      -1860.5
     ],
     [
      -5234.9,
      -1850.2
     ],
     [
      -5237.8,
      -1840
     ],
     [
      -5239.3,
      -1829.7
     ],
     [
      -5236.4,
      -1819.5
     ],
     [
      -5232,
      -1809.2
     ],
     [
      -5226.1,
      -1800.4
     ],
     [
      -5220.3,
      -1791.7
     ],
     [
      -5213,
      -1784.3
     ],
     [
      -5205.6,
      -1775.6
     ],
     [
      -5198.3,
      -1768.2
     ],
     [
      -5192.5,
      -1759.4
     ],
     [
      -5183.7,
      -1753.6
     ],
     [
      -5176.4,
      -1746.3
     ],
     [
      -5166.1,
      -1741.9
     ],
     [
      -5155.9,
      -1740.4
     ],
     [
      -5145.6,
      -1737.5
     ],
     [
      -5135.4,
      -1739
     ],
     [
      -5125.1,
      -1741.9
     ],
     [
      -5114.9,
      -1744.8
     ],
     [
      -5104.6,
      -1747.7
     ],
     [
      -5094.4,
      -1749.2
     ],
     [
      -5084.1,
      -1752.1
     ],
     [
      -5073.9,
      -1752.1
     ],
     [
      -5063.6,
      -1753.6
     ],
     [
      -5053.4,
      -1755.1
     ],
     [
      -5043.1,
      -1755.1
     ],
     [
      -5032.9,
      -1755.1
     ],
     [
      -5022.6,
      -1755.1
     ],
     [
      -5012.4,
      -1755.1
     ],
     [
      -5002.1,
      -1752.1
     ],
     [
      -4993.3,
      -1746.3
     ],
     [
      -4987.5,
      -1736
     ],
     [
      -4980.2,
      -1728.7
     ],
     [
      -4971.4,
      -1722.8
     ],
     [
      -4961.1,
      -1718.5
     ],
     [
      -4950.9,
      -1724.3
     ],
     [
      -4945,
      -1733.1
     ],
     [
      -4939.2,
      -1741.9
     ],
     [
      -4933.3,
      -1750.7
     ],
     [
      -4926,
      -1758
     ],
     [
      -4918.7,
      -1766.8
     ],
     [
      -4909.9,
      -1772.6
     ],
     [
      -4901.1,
      -1778.5
     ],
     [
      -4889.4,
      -1784.3
     ],
     [
      -4879.1,
      -1787.3
     ],
     [
      -4870.4,
      -1793.1
     ],
     [
      -4861.6,
      -1799
     ],
     [
      -4854.3,
      -1807.8
     ],
     [
      -4846.9,
      -1815.1
     ],
     [
      -4838.1,
      -1820.9
     ],
     [
      -4827.9,
      -1820.9
     ],
     [
      -4817.6,
      -1819.5
     ],
     [
      -4807.4,
      -1815.1
     ],
     [
      -4797.2,
      -1810.7
     ],
     [
      -4788.4,
      -1804.8
     ],
     [
      -4779.6,
      -1799
     ],
     [
      -4770.8,
      -1793.1
     ],
     [
      -4759.1,
      -1793.1
     ],
     [
      -4748.8,
      -1796.1
     ],
     [
      -4738.6,
      -1800.4
     ],
     [
      -4729.8,
      -1807.8
     ],
     [
      -4719.6,
      -1813.6
     ],
     [
      -4710.8,
      -1819.5
     ],
     [
      -4703.4,
      -1826.8
     ],
     [
      -4694.7,
      -1832.7
     ],
     [
      -4684.4,
      -1834.1
     ],
     [
      -4674.2,
      -1835.6
     ]
    ]
   }
  },
  {
   "type": "Feature",
   "properties": {
    "op": "add",
    "source": "recorded",
    "zone": "Tirisfal Glades",
    "time": 1790562213,
    "trim": true
   },
   "geometry": {
    "type": "LineString",
    "coordinates": [
     [
      -4961.1,
      -1719.9
     ],
     [
      -4953.8,
      -1712.6
     ],
     [
      -4950.9,
      -1702.3
     ],
     [
      -4949.4,
      -1692.1
     ],
     [
      -4949.4,
      -1681.9
     ],
     [
      -4949.4,
      -1671.6
     ],
     [
      -4949.4,
      -1661.4
     ],
     [
      -4950.9,
      -1651.1
     ],
     [
      -4956.7,
      -1640.9
     ],
     [
      -4961.1,
      -1630.6
     ],
     [
      -4967,
      -1620.4
     ],
     [
      -4971.4,
      -1610.1
     ],
     [
      -4972.8,
      -1599.9
     ],
     [
      -4972.8,
      -1589.6
     ],
     [
      -4972.8,
      -1579.4
     ],
     [
      -4972.8,
      -1569.1
     ],
     [
      -4972.8,
      -1558.9
     ],
     [
      -4972.8,
      -1548.6
     ],
     [
      -4969.9,
      -1538.4
     ],
     [
      -4962.6,
      -1529.6
     ],
     [
      -4955.3,
      -1522.3
     ],
     [
      -4946.5,
      -1516.4
     ],
     [
      -4936.2,
      -1512
     ],
     [
      -4927.5,
      -1506.2
     ],
     [
      -4918.7,
      -1498.8
     ],
     [
      -4911.4,
      -1490.1
     ],
     [
      -4907,
      -1479.8
     ],
     [
      -4902.6,
      -1469.6
     ],
     [
      -4896.7,
      -1459.3
     ],
     [
      -4892.3,
      -1449.1
     ],
     [
      -4889.4,
      -1438.8
     ],
     [
      -4887.9,
      -1428.6
     ],
     [
      -4887.9,
      -1418.3
     ],
     [
      -4882.1,
      -1409.5
     ],
     [
      -4871.8,
      -1406.6
     ],
     [
      -4861.6,
      -1403.7
     ],
     [
      -4851.3,
      -1400.7
     ],
     [
      -4842.5,
      -1394.9
     ],
     [
      -4835.2,
      -1387.6
     ],
     [
      -4827.9,
      -1380.2
     ],
     [
      -4820.6,
      -1371.5
     ],
     [
      -4813.3,
      -1364.1
     ],
     [
      -4805.9,
      -1356.8
     ],
     [
      -4797.2,
      -1351
     ],
     [
      -4788.4,
      -1345.1
     ],
     [
      -4779.6,
      -1339.2
     ],
     [
      -4775.2,
      -1329
     ],
     [
      -4772.3,
      -1318.8
     ],
     [
      -4770.8,
      -1308.5
     ],
     [
      -4766.4,
      -1298.3
     ],
     [
      -4760.5,
      -1289.5
     ],
     [
      -4753.2,
      -1280.7
     ],
     [
      -4747.4,
      -1271.9
     ],
     [
      -4745.9,
      -1261.7
     ],
     [
      -4745.9,
      -1251.4
     ],
     [
      -4745.9,
      -1241.2
     ],
     [
      -4747.4,
      -1230.9
     ],
     [
      -4751.8,
      -1220.7
     ],
     [
      -4754.7,
      -1210.4
     ],
     [
      -4756.2,
      -1200.2
     ],
     [
      -4757.6,
      -1189.9
     ],
     [
      -4754.7,
      -1179.7
     ],
     [
      -4750.3,
      -1169.4
     ],
     [
      -4745.9,
      -1159.2
     ],
     [
      -4741.5,
      -1148.9
     ],
     [
      -4737.1,
      -1138.7
     ],
     [
      -4734.2,
      -1128.4
     ],
     [
      -4729.8,
      -1118.2
     ],
     [
      -4723.9,
      -1107.9
     ],
     [
      -4715.2,
      -1102.1
     ],
     [
      -4704.9,
      -1102.1
     ],
     [
      -4694.7,
      -1102.1
     ],
     [
      -4684.4,
      -1100.6
     ],
     [
      -4674.2,
      -1099.1
     ],
     [
      -4663.9,
      -1097.7
     ],
     [
      -4653.7,
      -1094.7
     ],
     [
      -4643.4,
      -1093.3
     ],
     [
      -4633.2,
      -1093.3
     ],
     [
      -4622.9,
      -1091.8
     ],
     [
      -4612.7,
      -1087.4
     ],
     [
      -4602.4,
      -1081.6
     ],
     [
      -4593.6,
      -1075.7
     ],
     [
      -4584.9,
      -1068.4
     ],
     [
      -4576.1,
      -1061.1
     ],
     [
      -4567.3,
      -1053.7
     ]
    ]
   }
  },
  {
   "type": "Feature",
   "properties": {
    "op": "add",
    "source": "recorded",
    "zone": "Tirisfal Glades",
    "time": 1790562231,
    "trim": true
   },
   "geometry": {
    "type": "LineString",
    "coordinates": [
     [
      -5669.3,
      -1601.6
     ],
     [
      -5661.8,
      -1601.6
     ],
     [
      -5654.3,
      -1601.6
     ],
     [
      -5647.8,
      -1601.6
     ],
     [
      -5641.2,
      -1601.6
     ],
     [
      -5634.6,
      -1601.6
     ],
     [
      -5628.1,
      -1603.5
     ],
     [
      -5621.5,
      -1605.3
     ],
     [
      -5615,
      -1607.2
     ],
     [
      -5608.4,
      -1610
     ],
     [
      -5601.8,
      -1611.9
     ],
     [
      -5595.3,
      -1614.7
     ],
     [
      -5587.8,
      -1618.4
     ],
     [
      -5581.2,
      -1622.2
     ],
     [
      -5574.7,
      -1625
     ],
     [
      -5568.1,
      -1626.9
     ],
     [
      -5561.6,
      -1628.8
     ],
     [
      -5554.1,
      -1629.7
     ],
     [
      -5547.5,
      -1630.6
     ],
     [
      -5540.9,
      -1630.6
     ],
     [
      -5533.4,
      -1630.6
     ],
     [
      -5526.9,
      -1629.7
     ],
     [
      -5519.4,
      -1628.8
     ],
     [
      -5511.9,
      -1627.8
     ],
     [
      -5504.4,
      -1627.8
     ],
     [
      -5497.8,
      -1627.8
     ],
     [
      -5491.3,
      -1627.8
     ],
     [
      -5484.7,
      -1627.8
     ],
     [
      -5478.2,
      -1627.8
     ],
     [
      -5470.7,
      -1628.8
     ],
     [
      -5464.1,
      -1629.7
     ],
     [
      -5457.5,
      -1632.5
     ],
     [
      -5451,
      -1637.2
     ],
     [
      -5445.4,
      -1641.9
     ],
     [
      -5439.7,
      -1646.6
     ],
     [
      -5435.1,
      -1651.2
     ],
     [
      -5429.4,
      -1655
     ],
     [
      -5423.8,
      -1659.7
     ],
     [
      -5417.2,
      -1664.4
     ],
     [
      -5411.6,
      -1669
     ],
     [
      -5406,
      -1672.8
     ],
     [
      -5399.4,
      -1677.5
     ],
     [
      -5393.8,
      -1683.1
     ],
     [
      -5388.2,
      -1687.8
     ],
     [
      -5383.5,
      -1692.5
     ],
     [
      -5378.8,
      -1698.1
     ],
     [
      -5374.1,
      -1702.8
     ],
     [
      -5369.5,
      -1707.5
     ],
     [
      -5365.7,
      -1713.1
     ],
     [
      -5361,
      -1718.7
     ],
     [
      -5356.3,
      -1724.3
     ],
     [
      -5351.7,
      -1730
     ],
     [
      -5346,
      -1736.5
     ],
     [
      -5340.4,
      -1742.1
     ],
     [
      -5335.7,
      -1746.8
     ],
     [
      -5332,
      -1753.4
     ],
     [
      -5328.2,
      -1759.9
     ],
     [
      -5324.5,
      -1766.5
     ],
     [
      -5319.8,
      -1773.1
     ],
     [
      -5316,
      -1781.5
     ],
     [
      -5313.2,
      -1789.9
     ],
     [
      -5309.5,
      -1795.5
     ],
     [
      -5304.8,
      -1801.2
     ],
     [
      -5299.2,
      -1805.8
     ],
     [
      -5291.7,
      -1809.6
     ],
     [
      -5284.2,
      -1814.3
     ],
     [
      -5275.8,
      -1818
     ],
     [
      -5269.2,
      -1820.8
     ],
     [
      -5261.7,
      -1824.6
     ],
     [
      -5254.2,
      -1826.5
     ],
     [
      -5247.6,
      -1827.4
     ],
     [
      -5240.2,
      -1828.3
     ]
    ]
   }
  },
  {
   "type": "Feature",
   "properties": {
    "op": "add",
    "source": "recorded",
    "zone": "Tirisfal Glades",
    "time": 1790562249,
    "trim": true
   },
   "geometry": {
    "type": "LineString",
    "coordinates": [
     [
      -4567.3,
      -1055.9
     ],
     [
      -4560.2,
      -1051.3
     ],
     [
      -4553.2,
      -1045.4
     ],
     [
      -4548.5,
      -1037.2
     ],
     [
      -4543.8,
      -1027.8
     ],
     [
      -4538,
      -1020.8
     ],
     [
      -4533.3,
      -1013.8
     ],
     [
      -4526.3,
      -1009.1
     ],
     [
      -4520.4,
      -1003.2
     ],
     [
      -4513.4,
      -998.5
     ],
     [
      -4505.2,
      -993.9
     ],
     [
      -4498.2,
      -989.2
     ],
     [
      -4490,
      -985.7
     ],
     [
      -4481.8,
      -983.3
     ],
     [
      -4473.6,
      -979.8
     ],
     [
      -4465.4,
      -976.3
     ],
     [
      -4457.2,
      -971.6
     ],
     [
      -4450.1,
      -966.9
     ],
     [
      -4444.3,
      -961.1
     ],
     [
      -4438.4,
      -954
     ],
     [
      -4433.7,
      -945.8
     ],
     [
      -4429.1,
      -938.8
     ],
     [
      -4424.4,
      -931.8
     ],
     [
      -4419.7,
      -922.4
     ],
     [
      -4415,
      -914.2
     ],
     [
      -4411.5,
      -906
     ],
     [
      -4408,
      -897.8
     ],
     [
      -4405.6,
      -889.6
     ],
     [
      -4402.1,
      -881.4
     ],
     [
      -4399.8,
      -873.2
     ],
     [
      -4396.3,
      -865
     ],
     [
      -4392.7,
      -856.8
     ],
     [
      -4388.1,
      -849.8
     ],
     [
      -4383.4,
      -842.8
     ],
     [
      -4377.5,
      -836.9
     ],
     [
      -4370.5,
      -829.9
     ],
     [
      -4363.5,
      -825.2
     ],
     [
      -4356.4,
      -819.3
     ],
     [
      -4348.2,
      -814.7
     ],
     [
      -4340,
      -811.1
     ],
     [
      -4331.8,
      -808.8
     ],
     [
      -4323.6,
      -808.8
     ],
     [
      -4315.4,
      -807.6
     ],
     [
      -4307.2,
      -804.1
     ],
     [
      -4300.2,
      -798.3
     ],
     [
      -4294.4,
      -792.4
     ],
     [
      -4288.5,
      -784.2
     ],
     [
      -4283.8,
      -777.2
     ],
     [
      -4279.1,
      -770.1
     ],
     [
      -4273.3,
      -764.3
     ]
    ]
   }
  },
  {
   "type": "Feature",
   "properties": {
    "op": "add",
    "source": "recorded",
    "zone": "Tirisfal Glades",
    "time": 1790562291,
    "trim": true
   },
   "geometry": {
    "type": "LineString",
    "coordinates": [
     [
      -6518.9,
      -540.5
     ],
     [
      -6506.1,
      -533.2
     ],
     [
      -6495.1,
      -525.8
     ],
     [
      -6482.3,
      -522.2
     ],
     [
      -6469.5,
      -522.2
     ],
     [
      -6456.7,
      -527.7
     ],
     [
      -6443.9,
      -533.2
     ],
     [
      -6432.9,
      -540.5
     ],
     [
      -6421.9,
      -547.8
     ],
     [
      -6409.1,
      -553.3
     ],
     [
      -6396.3,
      -555.1
     ],
     [
      -6383.5,
      -555.1
     ],
     [
      -6370.7,
      -549.6
     ],
     [
      -6357.9,
      -546
     ],
     [
      -6345.1,
      -547.8
     ],
     [
      -6332.2,
      -553.3
     ],
     [
      -6319.4,
      -560.6
     ],
     [
      -6308.5,
      -567.9
     ],
     [
      -6295.6,
      -575.2
     ],
     [
      -6282.8,
      -582.6
     ],
     [
      -6270,
      -588.1
     ],
     [
      -6257.2,
      -591.7
     ],
     [
      -6244.4,
      -591.7
     ],
     [
      -6231.6,
      -589.9
     ],
     [
      -6218.8,
      -584.4
     ],
     [
      -6216.9,
      -571.6
     ],
     [
      -6216.9,
      -558.8
     ],
     [
      -6216.9,
      -546
     ],
     [
      -6216.9,
      -533.2
     ],
     [
      -6216.9,
      -520.3
     ],
     [
      -6216.9,
      -507.5
     ],
     [
      -6218.8,
      -494.7
     ],
     [
      -6222.4,
      -481.9
     ],
     [
      -6227.9,
      -469.1
     ],
     [
      -6235.3,
      -458.1
     ],
     [
      -6242.6,
      -447.1
     ],
     [
      -6248.1,
      -434.3
     ],
     [
      -6255.4,
      -423.3
     ],
     [
      -6262.7,
      -412.4
     ],
     [
      -6271.9,
      -401.4
     ],
     [
      -6279.2,
      -390.4
     ],
     [
      -6286.5,
      -377.6
     ],
     [
      -6293.8,
      -364.8
     ],
     [
      -6303,
      -355.6
     ],
     [
      -6312.1,
      -344.6
     ],
     [
      -6321.3,
      -333.7
     ],
     [
      -6332.2,
      -324.5
     ],
     [
      -6341.4,
      -315.4
     ],
     [
      -6350.5,
      -304.4
     ],
     [
      -6359.7,
      -293.4
     ],
     [
      -6367,
      -282.4
     ],
     [
      -6376.2,
      -271.4
     ],
     [
      -6383.5,
      -260.5
     ],
     [
      -6390.8,
      -249.5
     ],
     [
      -6398.1,
      -238.5
     ],
     [
      -6407.3,
      -227.5
     ],
     [
      -6416.4,
      -216.5
     ],
     [
      -6427.4,
      -207.4
     ],
     [
      -6438.4,
      -196.4
     ],
     [
      -6449.4,
      -189.1
     ],
     [
      -6460.4,
      -181.8
     ],
     [
      -6473.2,
      -174.4
     ],
     [
      -6484.1,
      -167.1
     ],
     [
      -6495.1,
      -158
     ],
     [
      -6507.9,
      -150.7
     ],
     [
      -6520.8,
      -145.2
     ],
     [
      -6533.6,
      -139.7
     ],
     [
      -6546.4,
      -134.2
     ],
     [
      -6557.4,
      -126.9
     ],
     [
      -6570.2,
      -117.7
     ],
     [
      -6583,
      -108.6
     ],
     [
      -6594,
      -101.2
     ],
     [
      -6606.8,
      -92.1
     ],
     [
      -6617.7,
      -82.9
     ],
     [
      -6628.7,
      -73.8
     ],
     [
      -6639.7,
      -66.5
     ],
     [
      -6652.5,
      -57.3
     ],
     [
      -6663.5,
      -50
     ],
     [
      -6672.7,
      -40.8
     ],
     [
      -6681.8,
      -31.7
     ],
     [
      -6691,
      -22.5
     ],
     [
      -6700.1,
      -11.6
     ],
     [
      -6709.3,
      -0.6
     ],
     [
      -6718.4,
      8.6
     ],
     [
      -6727.6,
      19.5
     ],
     [
      -6734.9,
      30.5
     ],
     [
      -6742.2,
      41.5
     ],
     [
      -6749.5,
      54.3
     ],
     [
      -6756.8,
      69
     ],
     [
      -6760.5,
      81.8
     ],
     [
      -6767.8,
      94.6
     ],
     [
      -6773.3,
      109.2
     ],
     [
      -6777,
      123.9
     ],
     [
      -6780.6,
      136.7
     ],
     [
      -6786.1,
      151.3
     ],
     [
      -6788,
      166
     ],
     [
      -6789.8,
      180.6
     ],
     [
      -6791.6,
      193.4
     ],
     [
      -6793.4,
      206.2
     ],
     [
      -6793.4,
      219
     ],
     [
      -6791.6,
      231.8
     ],
     [
      -6786.1,
      244.7
     ],
     [
      -6784.3,
      257.5
     ],
     [
      -6782.5,
      270.3
     ],
     [
      -6780.6,
      283.1
     ],
     [
      -6778.8,
      295.9
     ],
     [
      -6777,
      308.7
     ],
     [
      -6777,
      321.5
     ],
     [
      -6775.1,
      334.3
     ],
     [
      -6771.5,
      347.1
     ],
     [
      -6769.6,
      360
     ],
     [
      -6767.8,
      372.8
     ],
     [
      -6766,
      385.6
     ],
     [
      -6766,
      398.4
     ]
    ]
   }
  },
  {
   "type": "Feature",
   "properties": {
    "op": "add",
    "source": "recorded",
    "zone": "Tirisfal Glades",
    "time": 1790562303,
    "trim": true
   },
   "geometry": {
    "type": "LineString",
    "coordinates": [
     [
      -6764.2,
      389.2
     ],
     [
      -6766,
      402
     ],
     [
      -6769.6,
      414.9
     ],
     [
      -6773.3,
      427.7
     ],
     [
      -6778.8,
      440.5
     ],
     [
      -6786.1,
      453.3
     ],
     [
      -6789.8,
      466.1
     ],
     [
      -6795.3,
      478.9
     ],
     [
      -6798.9,
      491.7
     ],
     [
      -6798.9,
      504.5
     ],
     [
      -6800.8,
      519.2
     ],
     [
      -6800.8,
      533.8
     ],
     [
      -6800.8,
      546.6
     ],
     [
      -6800.8,
      559.4
     ],
     [
      -6800.8,
      572.2
     ],
     [
      -6800.8,
      585.1
     ],
     [
      -6800.8,
      597.9
     ],
     [
      -6800.8,
      610.7
     ],
     [
      -6800.8,
      623.5
     ],
     [
      -6802.6,
      638.1
     ],
     [
      -6804.4,
      652.8
     ],
     [
      -6806.3,
      665.6
     ],
     [
      -6809.9,
      678.4
     ],
     [
      -6813.6,
      691.2
     ],
     [
      -6817.2,
      704
     ],
     [
      -6820.9,
      716.8
     ],
     [
      -6824.6,
      729.6
     ],
     [
      -6828.2,
      744.3
     ],
     [
      -6831.9,
      757.1
     ],
     [
      -6835.5,
      769.9
     ],
     [
      -6839.2,
      784.5
     ],
     [
      -6844.7,
      797.4
     ],
     [
      -6850.2,
      810.2
     ],
     [
      -6857.5,
      821.1
     ],
     [
      -6866.6,
      832.1
     ],
     [
      -6874,
      843.1
     ],
     [
      -6881.3,
      854.1
     ],
     [
      -6888.6,
      865.1
     ],
     [
      -6895.9,
      876.1
     ],
     [
      -6905.1,
      887
     ],
     [
      -6912.4,
      898
     ],
     [
      -6921.6,
      907.2
     ],
     [
      -6930.7,
      918.1
     ],
     [
      -6939.9,
      927.3
     ],
     [
      -6950.8,
      936.4
     ],
     [
      -6961.8,
      945.6
     ],
     [
      -6972.8,
      954.7
     ],
     [
      -6983.8,
      962.1
     ],
     [
      -6996.6,
      969.4
     ],
     [
      -7009.4,
      971.2
     ],
     [
      -7022.2,
      971.2
     ],
     [
      -7035,
      971.2
     ],
     [
      -7047.8,
      973
     ],
     [
      -7060.6,
      974.9
     ],
     [
      -7073.5,
      974.9
     ],
     [
      -7086.3,
      974.9
     ],
     [
      -7099.1,
      973
     ],
     [
      -7111.9,
      971.2
     ],
     [
      -7124.7,
      967.6
     ],
     [
      -7139.3,
      967.6
     ],
     [
      -7154,
      969.4
     ],
     [
      -7166.8,
      971.2
     ],
     [
      -7179.6,
      976.7
     ],
     [
      -7192.4,
      978.5
     ],
     [
      -7207.1,
      984
     ],
     [
      -7219.9,
      987.7
     ],
     [
      -7232.7,
      991.3
     ],
     [
      -7247.3,
      993.2
     ],
     [
      -7260.1,
      995
     ],
     [
      -7272.9,
      995
     ],
     [
      -7285.7,
      995
     ],
     [
      -7298.6,
      996.8
     ],
     [
      -7311.4,
      996.8
     ],
     [
      -7324.2,
      998.7
     ],
     [
      -7337,
      1000.5
     ],
     [
      -7349.8,
      1002.3
     ],
     [
      -7364.4,
      1004.2
     ],
     [
      -7377.3,
      1006
     ],
     [
      -7391.9,
      1006
     ],
     [
      -7404.7,
      1009.6
     ],
     [
      -7417.5,
      1013.3
     ],
     [
      -7432.2,
      1018.8
     ],
     [
      -7445,
      1026.1
     ],
     [
      -7457.8,
      1029.8
     ],
     [
      -7472.4,
      1031.6
     ],
     [
      -7487.1,
      1035.3
     ],
     [
      -7501.7,
      1037.1
     ],
     [
      -7514.5,
      1038.9
     ],
     [
      -7527.3,
      1042.6
     ],
     [
      -7540.1,
      1046.3
     ],
     [
      -7552.9,
      1048.1
     ],
     [
      -7565.8,
      1048.1
     ],
     [
      -7578.6,
      1051.7
     ],
     [
      -7591.4,
      1051.7
     ],
     [
      -7604.2,
      1053.6
     ],
     [
      -7617,
      1051.7
     ],
     [
      -7629.8,
      1049.9
     ],
     [
      -7642.6,
      1049.9
     ]
    ]
   }
  },
  {
   "type": "Feature",
   "properties": {
    "op": "add",
    "source": "recorded",
    "zone": "Tirisfal Glades",
    "time": 1790562308,
    "trim": true
   },
   "geometry": {
    "type": "LineString",
    "coordinates": [
     [
      -6800.8,
      555.8
     ],
     [
      -6815.4,
      557.6
     ],
     [
      -6830,
      559.4
     ],
     [
      -6842.9,
      559.4
     ],
     [
      -6855.7,
      561.3
     ],
     [
      -6868.5,
      559.4
     ],
     [
      -6881.3,
      553.9
     ],
     [
      -6892.3,
      546.6
     ],
     [
      -6905.1,
      539.3
     ],
     [
      -6917.9,
      533.8
     ],
     [
      -6930.7,
      530.2
     ],
     [
      -6943.5,
      526.5
     ],
     [
      -6954.5,
      519.2
     ],
     [
      -6969.1,
      515.5
     ],
     [
      -6981.9,
      510
     ],
     [
      -6992.9,
      502.7
     ],
     [
      -7005.7,
      500.9
     ],
     [
      -7018.5,
      495.4
     ],
     [
      -7031.4,
      489.9
     ],
     [
      -7038.7,
      478.9
     ],
     [
      -7047.8,
      467.9
     ],
     [
      -7053.3,
      455.1
     ],
     [
      -7060.6,
      444.1
     ],
     [
      -7071.6,
      435
     ],
     [
      -7080.8,
      425.8
     ],
     [
      -7091.8,
      416.7
     ],
     [
      -7100.9,
      407.5
     ],
     [
      -7110.1,
      398.4
     ],
     [
      -7122.9,
      392.9
     ]
    ]
   }
  },
  {
   "type": "Feature",
   "properties": {
    "op": "add",
    "source": "recorded",
    "zone": "Tirisfal Glades",
    "time": 1790562317,
    "trim": true
   },
   "geometry": {
    "type": "LineString",
    "coordinates": [
     [
      -7631.6,
      1048.1
     ],
     [
      -7644.5,
      1048.1
     ],
     [
      -7657.3,
      1049.9
     ],
     [
      -7670.1,
      1057.2
     ],
     [
      -7682.9,
      1062.7
     ],
     [
      -7693.9,
      1070
     ],
     [
      -7703,
      1079.2
     ],
     [
      -7712.2,
      1088.3
     ],
     [
      -7719.5,
      1099.3
     ],
     [
      -7728.6,
      1108.5
     ],
     [
      -7736,
      1119.5
     ],
     [
      -7741.5,
      1132.3
     ],
     [
      -7748.8,
      1143.2
     ],
     [
      -7752.4,
      1156.1
     ],
     [
      -7757.9,
      1168.9
     ],
     [
      -7763.4,
      1181.7
     ],
     [
      -7767.1,
      1194.5
     ],
     [
      -7772.6,
      1207.3
     ],
     [
      -7779.9,
      1221.9
     ],
     [
      -7785.4,
      1234.8
     ],
     [
      -7790.9,
      1247.6
     ],
     [
      -7800,
      1258.5
     ],
     [
      -7809.2,
      1267.7
     ],
     [
      -7820.1,
      1276.8
     ],
     [
      -7833,
      1284.2
     ],
     [
      -7845.8,
      1291.5
     ],
     [
      -7856.7,
      1298.8
     ],
     [
      -7867.7,
      1306.1
     ],
     [
      -7880.5,
      1313.5
     ],
     [
      -7893.4,
      1320.8
     ],
     [
      -7904.3,
      1328.1
     ],
     [
      -7915.3,
      1335.4
     ],
     [
      -7922.6,
      1346.4
     ],
     [
      -7930,
      1357.4
     ],
     [
      -7937.3,
      1368.4
     ],
     [
      -7942.8,
      1381.2
     ],
     [
      -7946.4,
      1394
     ],
     [
      -7946.4,
      1408.6
     ],
     [
      -7948.3,
      1421.4
     ],
     [
      -7946.4,
      1434.2
     ],
     [
      -7939.1,
      1447.1
     ],
     [
      -7935.4,
      1459.9
     ],
     [
      -7931.8,
      1472.7
     ],
     [
      -7933.6,
      1485.5
     ],
     [
      -7937.3,
      1498.3
     ],
     [
      -7942.8,
      1511.1
     ],
     [
      -7950.1,
      1522.1
     ]
    ]
   }
  },
  {
   "type": "Feature",
   "properties": {
    "op": "add",
    "source": "recorded",
    "zone": "Tirisfal Glades",
    "time": 1790562342,
    "trim": true
   },
   "geometry": {
    "type": "LineString",
    "coordinates": [
     [
      -5682.1,
      -1023.3
     ],
     [
      -5677.4,
      -1030.3
     ],
     [
      -5672.7,
      -1037.4
     ],
     [
      -5666.8,
      -1045.6
     ],
     [
      -5662.1,
      -1053.8
     ],
     [
      -5657.5,
      -1060.8
     ],
     [
      -5653.9,
      -1070.2
     ],
     [
      -5650.4,
      -1078.4
     ],
     [
      -5649.3,
      -1086.6
     ],
     [
      -5648.1,
      -1094.8
     ],
     [
      -5646.9,
      -1103
     ],
     [
      -5646.9,
      -1112.3
     ],
     [
      -5646.9,
      -1120.5
     ],
     [
      -5648.1,
      -1128.7
     ],
     [
      -5646.9,
      -1138.1
     ],
     [
      -5644.6,
      -1147.5
     ],
     [
      -5643.4,
      -1155.7
     ],
     [
      -5643.4,
      -1165
     ],
     [
      -5642.2,
      -1173.2
     ],
     [
      -5641.1,
      -1181.4
     ],
     [
      -5639.9,
      -1190.8
     ],
     [
      -5639.9,
      -1199
     ],
     [
      -5639.9,
      -1207.2
     ],
     [
      -5639.9,
      -1215.4
     ],
     [
      -5639.9,
      -1223.6
     ],
     [
      -5639.9,
      -1233
     ],
     [
      -5639.9,
      -1242.3
     ],
     [
      -5639.9,
      -1251.7
     ],
     [
      -5636.4,
      -1261.1
     ],
     [
      -5632.9,
      -1270.5
     ],
     [
      -5629.3,
      -1278.7
     ],
     [
      -5627,
      -1286.9
     ],
     [
      -5624.7,
      -1295.1
     ],
     [
      -5621.1,
      -1303.3
     ],
     [
      -5616.5,
      -1311.5
     ],
     [
      -5615.3,
      -1319.7
     ],
     [
      -5615.3,
      -1327.9
     ],
     [
      -5615.3,
      -1337.2
     ],
     [
      -5615.3,
      -1345.4
     ],
     [
      -5617.6,
      -1353.6
     ],
     [
      -5620,
      -1361.8
     ],
     [
      -5623.5,
      -1371.2
     ],
     [
      -5625.8,
      -1380.6
     ],
     [
      -5629.3,
      -1389.9
     ],
     [
      -5632.9,
      -1398.1
     ],
     [
      -5636.4,
      -1407.5
     ],
     [
      -5639.9,
      -1415.7
     ],
     [
      -5642.2,
      -1423.9
     ],
     [
      -5644.6,
      -1432.1
     ],
     [
      -5645.7,
      -1440.3
     ],
     [
      -5645.7,
      -1448.5
     ],
     [
      -5644.6,
      -1456.7
     ],
     [
      -5642.2,
      -1464.9
     ],
     [
      -5637.5,
      -1473.1
     ],
     [
      -5632.9,
      -1480.1
     ],
     [
      -5627,
      -1486
     ],
     [
      -5623.5,
      -1495.3
     ],
     [
      -5622.3,
      -1503.5
     ],
     [
      -5621.1,
      -1511.7
     ],
     [
      -5618.8,
      -1519.9
     ],
     [
      -5618.8,
      -1528.1
     ],
     [
      -5618.8,
      -1536.3
     ],
     [
      -5620,
      -1544.5
     ],
     [
      -5622.3,
      -1552.7
     ],
     [
      -5625.8,
      -1562.1
     ],
     [
      -5631.7,
      -1568
     ],
     [
      -5637.5,
      -1575
     ],
     [
      -5645.7,
      -1579.7
     ],
     [
      -5653.9,
      -1584.4
     ],
     [
      -5659.8,
      -1591.4
     ],
     [
      -5663.3,
      -1599.6
     ],
     [
      -5668,
      -1606.6
     ],
     [
      -5672.7,
      -1614.8
     ],
     [
      -5677.4,
      -1621.8
     ],
     [
      -5680.9,
      -1630
     ],
     [
      -5680.9,
      -1639.4
     ],
     [
      -5682.1,
      -1647.6
     ],
     [
      -5683.2,
      -1655.8
     ],
     [
      -5684.4,
      -1664
     ],
     [
      -5686.7,
      -1672.2
     ],
     [
      -5691.4,
      -1680.4
     ],
     [
      -5696.1,
      -1687.4
     ],
     [
      -5702,
      -1695.6
     ],
     [
      -5706.6,
      -1702.7
     ],
     [
      -5713.7,
      -1708.5
     ],
     [
      -5719.5,
      -1715.5
     ],
     [
      -5725.4,
      -1722.6
     ],
     [
      -5730.1,
      -1729.6
     ],
     [
      -5735.9,
      -1735.5
     ],
     [
      -5741.8,
      -1741.3
     ],
     [
      -5747.6,
      -1747.2
     ],
     [
      -5755.8,
      -1750.7
     ],
     [
      -5764,
      -1750.7
     ],
     [
      -5772.2,
      -1750.7
     ],
     [
      -5779.3,
      -1746
     ],
     [
      -5786.3,
      -1740.1
     ],
     [
      -5792.2,
      -1733.1
     ],
     [
      -5799.2,
      -1727.3
     ],
     [
      -5807.4,
      -1723.7
     ],
     [
      -5815.6,
      -1723.7
     ],
     [
      -5822.6,
      -1729.6
     ],
     [
      -5828.5,
      -1735.5
     ],
     [
      -5834.3,
      -1742.5
     ],
     [
      -5841.3,
      -1747.2
     ],
     [
      -5849.5,
      -1748.3
     ]
    ]
   }
  },
  {
   "type": "Feature",
   "properties": {
    "op": "add",
    "source": "recorded",
    "zone": "Tirisfal Glades",
    "time": 1790562396,
    "trim": true
   },
   "geometry": {
    "type": "LineString",
    "coordinates": [
     [
      -8550.3,
      -2094.5
     ],
     [
      -8537.1,
      -2093
     ],
     [
      -8523.9,
      -2090.1
     ],
     [
      -8513.7,
      -2087.2
     ],
     [
      -8503.4,
      -2085.7
     ],
     [
      -8490.2,
      -2085.7
     ],
     [
      -8478.5,
      -2084.3
     ],
     [
      -8468.3,
      -2084.3
     ],
     [
      -8458,
      -2084.3
     ],
     [
      -8446.3,
      -2084.3
     ],
     [
      -8436.1,
      -2084.3
     ],
     [
      -8424.4,
      -2085.7
     ],
     [
      -8414.1,
      -2085.7
     ],
     [
      -8402.4,
      -2082.8
     ],
     [
      -8392.1,
      -2081.3
     ],
     [
      -8381.9,
      -2078.4
     ],
     [
      -8370.2,
      -2076.9
     ],
     [
      -8358.5,
      -2076.9
     ],
     [
      -8348.2,
      -2075.5
     ],
     [
      -8338,
      -2075.5
     ],
     [
      -8326.3,
      -2075.5
     ],
     [
      -8316,
      -2075.5
     ],
     [
      -8305.8,
      -2075.5
     ],
     [
      -8295.5,
      -2076.9
     ],
     [
      -8285.3,
      -2076.9
     ],
     [
      -8275,
      -2076.9
     ],
     [
      -8263.3,
      -2076.9
     ],
     [
      -8251.6,
      -2075.5
     ],
     [
      -8241.3,
      -2075.5
     ],
     [
      -8231.1,
      -2081.3
     ],
     [
      -8220.8,
      -2087.2
     ],
     [
      -8212.1,
      -2093
     ],
     [
      -8201.8,
      -2096
     ],
     [
      -8191.6,
      -2094.5
     ],
     [
      -8181.3,
      -2088.7
     ],
     [
      -8172.5,
      -2082.8
     ],
     [
      -8162.3,
      -2078.4
     ],
     [
      -8152,
      -2076.9
     ],
     [
      -8141.8,
      -2075.5
     ],
     [
      -8131.5,
      -2075.5
     ],
     [
      -8121.3,
      -2079.9
     ],
     [
      -8111,
      -2085.7
     ],
     [
      -8103.7,
      -2093
     ],
     [
      -8099.3,
      -2103.3
     ],
     [
      -8090.5,
      -2110.6
     ],
     [
      -8080.3,
      -2115
     ],
     [
      -8070,
      -2117.9
     ],
     [
      -8059.8,
      -2117.9
     ],
     [
      -8049.5,
      -2117.9
     ],
     [
      -8039.3,
      -2115
     ],
     [
      -8027.6,
      -2113.5
     ],
     [
      -8017.3,
      -2112.1
     ],
     [
      -8005.6,
      -2112.1
     ],
     [
      -7995.4,
      -2112.1
     ],
     [
      -7985.1,
      -2113.5
     ],
     [
      -7974.9,
      -2116.5
     ],
     [
      -7964.6,
      -2119.4
     ],
     [
      -7955.8,
      -2125.3
     ],
     [
      -7945.6,
      -2129.7
     ],
     [
      -7935.3,
      -2131.1
     ],
     [
      -7925.1,
      -2132.6
     ],
     [
      -7914.8,
      -2134
     ],
     [
      -7904.6,
      -2137
     ],
     [
      -7894.4,
      -2137
     ],
     [
      -7884.1,
      -2134
     ],
     [
      -7876.8,
      -2126.7
     ],
     [
      -7870.9,
      -2117.9
     ],
     [
      -7865.1,
      -2109.2
     ],
     [
      -7859.2,
      -2100.4
     ],
     [
      -7853.4,
      -2091.6
     ],
     [
      -7847.5,
      -2081.3
     ],
     [
      -7843.1,
      -2071.1
     ],
     [
      -7837.3,
      -2060.8
     ],
     [
      -7831.4,
      -2052.1
     ],
     [
      -7824.1,
      -2040.3
     ],
     [
      -7816.8,
      -2030.1
     ],
     [
      -7810.9,
      -2021.3
     ],
     [
      -7805,
      -2011.1
     ]
    ]
   }
  },
  {
   "type": "Feature",
   "properties": {
    "op": "add",
    "source": "recorded",
    "zone": "Tirisfal Glades",
    "time": 1790562423,
    "trim": true
   },
   "geometry": {
    "type": "LineString",
    "coordinates": [
     [
      -2904.7,
      200.6
     ],
     [
      -2914.1,
      201.8
     ],
     [
      -2922.3,
      201.8
     ],
     [
      -2930.5,
      201.8
     ],
     [
      -2938.7,
      201.8
     ],
     [
      -2946.9,
      199.5
     ],
     [
      -2953.9,
      194.8
     ],
     [
      -2962.1,
      191.3
     ],
     [
      -2970.3,
      187.7
     ],
     [
      -2979.7,
      183.1
     ],
     [
      -2987.9,
      178.4
     ],
     [
      -2997.3,
      173.7
     ],
     [
      -3004.3,
      169
     ],
     [
      -3011.3,
      162
     ],
     [
      -3017.2,
      155
     ],
     [
      -3025.4,
      147.9
     ],
     [
      -3032.4,
      140.9
     ],
     [
      -3038.3,
      133.9
     ],
     [
      -3044.1,
      126.8
     ],
     [
      -3048.8,
      119.8
     ],
     [
      -3053.5,
      111.6
     ],
     [
      -3058.2,
      103.4
     ],
     [
      -3062.9,
      96.4
     ],
     [
      -3067.5,
      87
     ],
     [
      -3071.1,
      78.8
     ],
     [
      -3073.4,
      70.6
     ],
     [
      -3076.9,
      62.4
     ],
     [
      -3080.4,
      53
     ],
     [
      -3083.9,
      43.7
     ],
     [
      -3086.3,
      35.5
     ],
     [
      -3088.6,
      27.3
     ],
     [
      -3092.1,
      17.9
     ],
     [
      -3095.6,
      9.7
     ],
     [
      -3099.2,
      0.3
     ],
     [
      -3102.7,
      -7.9
     ],
     [
      -3105,
      -16.1
     ],
     [
      -3107.4,
      -25.4
     ],
     [
      -3109.7,
      -33.6
     ],
     [
      -3113.2,
      -41.8
     ],
     [
      -3116.7,
      -50
     ],
     [
      -3120.2,
      -59.4
     ],
     [
      -3122.6,
      -67.6
     ],
     [
      -3124.9,
      -75.8
     ],
     [
      -3128.4,
      -84
     ],
     [
      -3129.6,
      -92.2
     ],
     [
      -3130.8,
      -101.6
     ],
     [
      -3129.6,
      -109.8
     ],
     [
      -3126.1,
      -118
     ],
     [
      -3121.4,
      -127.3
     ],
     [
      -3119.1,
      -135.5
     ],
     [
      -3115.6,
      -143.7
     ],
     [
      -3113.2,
      -151.9
     ],
     [
      -3109.7,
      -160.1
     ],
     [
      -3105,
      -167.2
     ],
     [
      -3100.3,
      -175.4
     ],
     [
      -3096.8,
      -183.6
     ],
     [
      -3091,
      -190.6
     ],
     [
      -3086.3,
      -197.6
     ],
     [
      -3080.4,
      -204.6
     ],
     [
      -3075.7,
      -212.8
     ],
     [
      -3069.9,
      -218.7
     ],
     [
      -3062.9,
      -223.4
     ],
     [
      -3055.8,
      -229.2
     ],
     [
      -3048.8,
      -233.9
     ],
     [
      -3040.6,
      -237.4
     ],
     [
      -3032.4,
      -240.9
     ],
     [
      -3024.2,
      -243.3
     ],
     [
      -3016,
      -243.3
     ],
     [
      -3007.8,
      -244.5
     ],
     [
      -2999.6,
      -245.6
     ],
     [
      -2991.4,
      -249.1
     ],
     [
      -2983.2,
      -251.5
     ],
     [
      -2975,
      -255
     ],
     [
      -2966.8,
      -257.3
     ],
     [
      -2957.4,
      -260.9
     ],
     [
      -2949.2,
      -264.4
     ],
     [
      -2941,
      -266.7
     ],
     [
      -2932.8,
      -267.9
     ],
     [
      -2924.6,
      -267.9
     ]
    ]
   }
  },
  {
   "type": "Feature",
   "properties": {
    "op": "add",
    "source": "recorded",
    "zone": "Tirisfal Glades",
    "time": 1790562459,
    "trim": true
   },
   "geometry": {
    "type": "LineString",
    "coordinates": [
     [
      -1815.3,
      819.9
     ],
     [
      -1817.5,
      813.9
     ],
     [
      -1819.8,
      808.7
     ],
     [
      -1821.3,
      802.7
     ],
     [
      -1822.8,
      797.4
     ],
     [
      -1824.3,
      792.2
     ],
     [
      -1825,
      786.2
     ],
     [
      -1825.8,
      780.9
     ],
     [
      -1826.5,
      774.9
     ],
     [
      -1827.3,
      769.7
     ],
     [
      -1828,
      763.7
     ],
     [
      -1828.8,
      758.4
     ],
     [
      -1829.5,
      753.2
     ],
     [
      -1829.5,
      747.9
     ],
     [
      -1829.5,
      741.9
     ],
     [
      -1829.5,
      736.7
     ],
     [
      -1830.3,
      731.4
     ],
     [
      -1830.3,
      726.2
     ],
     [
      -1831,
      721
     ],
     [
      -1831.8,
      715
     ],
     [
      -1834.8,
      710.5
     ],
     [
      -1837.8,
      705.2
     ],
     [
      -1840.8,
      700.7
     ],
     [
      -1843.8,
      696.2
     ],
     [
      -1846.8,
      691
     ],
     [
      -1849.8,
      686.5
     ],
     [
      -1852.8,
      681.2
     ],
     [
      -1855.8,
      676
     ],
     [
      -1858.8,
      670
     ],
     [
      -1861.8,
      665.5
     ],
     [
      -1864.8,
      661
     ],
     [
      -1867.8,
      656.5
     ],
     [
      -1871.5,
      652
     ],
     [
      -1876.7,
      649.7
     ],
     [
      -1882,
      647.5
     ],
     [
      -1887.2,
      646
     ],
     [
      -1892.5,
      646
     ],
     [
      -1897.7,
      645.2
     ],
     [
      -1903,
      645.2
     ],
     [
      -1909,
      646.7
     ],
     [
      -1914.2,
      648.2
     ],
     [
      -1919.5,
      650.5
     ],
     [
      -1924.7,
      652
     ],
     [
      -1930,
      652.7
     ],
     [
      -1935.2,
      654.2
     ],
     [
      -1941.2,
      656.5
     ],
     [
      -1946.5,
      658
     ],
     [
      -1951.7,
      658.7
     ],
     [
      -1957,
      657.2
     ],
     [
      -1960.7,
      653.5
     ],
     [
      -1965.2,
      649.7
     ],
     [
      -1970.5,
      648.2
     ],
     [
      -1975.7,
      650.5
     ],
     [
      -1978.7,
      655
     ],
     [
      -1981.7,
      659.5
     ],
     [
      -1985.4,
      664
     ],
     [
      -1989.9,
      667
     ],
     [
      -1995.2,
      668.5
     ],
     [
      -2000.4,
      668.5
     ],
     [
      -2005.7,
      668.5
     ],
     [
      -2010.9,
      667
     ],
     [
      -2015.4,
      664
     ],
     [
      -2019.2,
      660.2
     ],
     [
      -2021.4,
      654.2
     ],
     [
      -2023.7,
      649
     ],
     [
      -2025.2,
      643.7
     ],
     [
      -2025.9,
      638.5
     ],
     [
      -2025.9,
      633.2
     ],
     [
      -2025.9,
      628
     ],
     [
      -2025.9,
      622.8
     ],
     [
      -2025.2,
      616.8
     ],
     [
      -2023.7,
      611.5
     ],
     [
      -2020.7,
      606.3
     ],
     [
      -2019.2,
      600.3
     ],
     [
      -2016.9,
      595
     ],
     [
      -2013.9,
      589
     ],
     [
      -2011.7,
      583.8
     ],
     [
      -2008.7,
      579.3
     ],
     [
      -2004.9,
      574.8
     ],
     [
      -2000.4,
      570.3
     ],
     [
      -1995.9,
      566.5
     ],
     [
      -1990.7,
      563.5
     ],
     [
      -1985.4,
      560.5
     ],
     [
      -1980.9,
      556.8
     ],
     [
      -1977.9,
      551.5
     ]
    ]
   }
  },
  {
   "type": "Feature",
   "properties": {
    "op": "add",
    "source": "recorded",
    "zone": "Tirisfal Glades",
    "time": 1790562509,
    "trim": true
   },
   "geometry": {
    "type": "LineString",
    "coordinates": [
     [
      2162.9,
      -2618.1
     ],
     [
      2157.1,
      -2626.9
     ],
     [
      2149.7,
      -2637.1
     ],
     [
      2145.3,
      -2647.4
     ],
     [
      2139.5,
      -2659.1
     ],
     [
      2133.6,
      -2670.8
     ],
     [
      2127.8,
      -2679.6
     ],
     [
      2120.5,
      -2692.8
     ],
     [
      2114.6,
      -2703
     ],
     [
      2108.7,
      -2714.7
     ],
     [
      2102.9,
      -2726.5
     ],
     [
      2097,
      -2738.2
     ],
     [
      2092.6,
      -2749.9
     ],
     [
      2088.2,
      -2761.6
     ],
     [
      2085.3,
      -2774.8
     ],
     [
      2083.9,
      -2786.5
     ],
     [
      2080.9,
      -2796.7
     ],
     [
      2078,
      -2807
     ],
     [
      2075.1,
      -2817.2
     ],
     [
      2072.1,
      -2827.5
     ],
     [
      2069.2,
      -2837.7
     ],
     [
      2067.8,
      -2848
     ],
     [
      2063.4,
      -2858.2
     ],
     [
      2060.4,
      -2868.5
     ],
     [
      2057.5,
      -2878.7
     ],
     [
      2054.6,
      -2889
     ],
     [
      2053.1,
      -2899.2
     ],
     [
      2050.2,
      -2910.9
     ],
     [
      2047.3,
      -2924.1
     ],
     [
      2045.8,
      -2935.8
     ],
     [
      2044.3,
      -2946.1
     ],
     [
      2041.4,
      -2956.3
     ],
     [
      2039.9,
      -2966.6
     ],
     [
      2038.5,
      -2976.8
     ],
     [
      2037,
      -2988.5
     ],
     [
      2037,
      -3000.2
     ],
     [
      2037,
      -3012
     ],
     [
      2037,
      -3022.2
     ],
     [
      2037,
      -3035.4
     ],
     [
      2038.5,
      -3045.6
     ],
     [
      2038.5,
      -3055.9
     ],
     [
      2039.9,
      -3067.6
     ],
     [
      2041.4,
      -3077.8
     ],
     [
      2045.8,
      -3088.1
     ],
     [
      2053.1,
      -3095.4
     ],
     [
      2060.4,
      -3104.2
     ],
     [
      2069.2,
      -3111.5
     ],
     [
      2079.5,
      -3115.9
     ],
     [
      2086.8,
      -3123.2
     ],
     [
      2094.1,
      -3130.6
     ],
     [
      2102.9,
      -3136.4
     ],
     [
      2111.7,
      -3142.3
     ],
     [
      2120.5,
      -3148.1
     ],
     [
      2129.2,
      -3154
     ],
     [
      2136.6,
      -3162.8
     ],
     [
      2141,
      -3173
     ],
     [
      2148.3,
      -3180.3
     ],
     [
      2154.1,
      -3189.1
     ],
     [
      2165.8,
      -3195
     ],
     [
      2174.6,
      -3202.3
     ],
     [
      2184.9,
      -3208.2
     ],
     [
      2193.7,
      -3214
     ],
     [
      2202.4,
      -3219.9
     ],
     [
      2211.2,
      -3225.7
     ],
     [
      2220,
      -3231.6
     ],
     [
      2230.3,
      -3236
     ],
     [
      2242,
      -3240.4
     ],
     [
      2250.8,
      -3246.2
     ],
     [
      2258.1,
      -3253.5
     ],
     [
      2265.4,
      -3262.3
     ],
     [
      2272.7,
      -3269.6
     ],
     [
      2283,
      -3274
     ],
     [
      2293.2,
      -3278.4
     ],
     [
      2303.5,
      -3281.4
     ],
     [
      2313.7,
      -3281.4
     ],
     [
      2325.4,
      -3281.4
     ],
     [
      2335.7,
      -3279.9
     ],
     [
      2345.9,
      -3277
     ],
     [
      2356.2,
      -3275.5
     ],
     [
      2366.4,
      -3274
     ],
     [
      2376.7,
      -3274
     ],
     [
      2386.9,
      -3277
     ],
     [
      2397.2,
      -3282.8
     ],
     [
      2404.5,
      -3290.1
     ],
     [
      2408.9,
      -3300.4
     ],
     [
      2411.8,
      -3310.6
     ],
     [
      2413.3,
      -3322.4
     ],
     [
      2416.2,
      -3332.6
     ],
     [
      2422.1,
      -3341.4
     ],
     [
      2427.9,
      -3350.2
     ],
     [
      2435.2,
      -3357.5
     ],
     [
      2442.6,
      -3364.8
     ],
     [
      2449.9,
      -3373.6
     ],
     [
      2455.7,
      -3382.4
     ],
     [
      2463.1,
      -3389.7
     ],
     [
      2470.4,
      -3397
     ],
     [
      2480.6,
      -3399.9
     ],
     [
      2490.9,
      -3401.4
     ],
     [
      2501.1,
      -3404.3
     ],
     [
      2511.4,
      -3405.8
     ],
     [
      2521.6,
      -3411.7
     ],
     [
      2533.3,
      -3416.1
     ],
     [
      2543.6,
      -3421.9
     ],
     [
      2553.8,
      -3426.3
     ],
     [
      2562.6,
      -3432.2
     ],
     [
      2574.3,
      -3436.6
     ],
     [
      2584.6,
      -3440.9
     ],
     [
      2594.8,
      -3445.3
     ],
     [
      2606.5,
      -3448.3
     ],
     [
      2616.8,
      -3451.2
     ],
     [
      2628.5,
      -3454.1
     ],
     [
      2638.8,
      -3454.1
     ],
     [
      2649,
      -3455.6
     ],
     [
      2659.3,
      -3455.6
     ],
     [
      2671,
      -3457
     ],
     [
      2681.2,
      -3457
     ],
     [
      2691.5,
      -3457
     ],
     [
      2701.7,
      -3457
     ],
     [
      2714.9,
      -3457
     ],
     [
      2725.1,
      -3455.6
     ],
     [
      2735.4,
      -3454.1
     ],
     [
      2745.6,
      -3452.7
     ],
     [
      2755.9,
      -3449.7
     ],
     [
      2766.1,
      -3445.3
     ],
     [
      2776.4,
      -3442.4
     ],
     [
      2788.1,
      -3439.5
     ],
     [
      2798.3,
      -3438
     ],
     [
      2808.6,
      -3436.6
     ]
    ]
   }
  },
  {
   "type": "Feature",
   "properties": {
    "op": "add",
    "source": "recorded",
    "zone": "Tirisfal Glades",
    "time": 1790562518,
    "trim": true
   },
   "geometry": {
    "type": "LineString",
    "coordinates": [
     [
      1422.1,
      -2255
     ],
     [
      1427.9,
      -2268.2
     ],
     [
      1433.8,
      -2281.4
     ],
     [
      1438.2,
      -2291.6
     ],
     [
      1441.1,
      -2301.9
     ],
     [
      1447,
      -2310.7
     ],
     [
      1452.8,
      -2319.4
     ],
     [
      1458.7,
      -2328.2
     ],
     [
      1466,
      -2335.5
     ],
     [
      1473.3,
      -2342.9
     ],
     [
      1482.1,
      -2350.2
     ],
     [
      1489.4,
      -2357.5
     ],
     [
      1496.7,
      -2366.3
     ],
     [
      1504.1,
      -2373.6
     ],
     [
      1512.9,
      -2380.9
     ],
     [
      1521.6,
      -2388.3
     ],
     [
      1529,
      -2395.6
     ],
     [
      1536.3,
      -2402.9
     ],
     [
      1543.6,
      -2410.2
     ],
     [
      1550.9,
      -2420.5
     ],
     [
      1559.7,
      -2427.8
     ],
     [
      1565.6,
      -2436.6
     ],
     [
      1571.4,
      -2445.4
     ]
    ]
   }
  },
  {
   "type": "Feature",
   "properties": {
    "op": "add",
    "source": "recorded",
    "zone": "Tirisfal Glades",
    "time": 1790562534,
    "trim": true
   },
   "geometry": {
    "type": "LineString",
    "coordinates": [
     [
      2048,
      -1869.4
     ],
     [
      2048,
      -1861.9
     ],
     [
      2048,
      -1855.3
     ],
     [
      2048,
      -1846
     ],
     [
      2048,
      -1833.8
     ],
     [
      2048,
      -1825.3
     ],
     [
      2048,
      -1815
     ],
     [
      2048,
      -1807.5
     ],
     [
      2048,
      -1801
     ],
     [
      2048,
      -1793.5
     ],
     [
      2048,
      -1786
     ],
     [
      2047,
      -1779.4
     ],
     [
      2047,
      -1771.9
     ],
     [
      2047,
      -1765.4
     ],
     [
      2047,
      -1757.9
     ],
     [
      2048,
      -1750.4
     ],
     [
      2048.9,
      -1743.8
     ],
     [
      2049.8,
      -1737.3
     ],
     [
      2049.8,
      -1730.7
     ],
     [
      2052.6,
      -1724.2
     ],
     [
      2053.6,
      -1717.6
     ],
     [
      2057.3,
      -1710.1
     ],
     [
      2058.3,
      -1703.5
     ],
     [
      2061.1,
      -1697
     ],
     [
      2062,
      -1690.4
     ],
     [
      2062,
      -1682.9
     ],
     [
      2063,
      -1676.4
     ],
     [
      2063,
      -1669.8
     ],
     [
      2063,
      -1663.2
     ],
     [
      2063,
      -1656.7
     ],
     [
      2062,
      -1650.1
     ],
     [
      2061.1,
      -1643.6
     ],
     [
      2059.2,
      -1637
     ],
     [
      2055.5,
      -1630.4
     ],
     [
      2050.8,
      -1625.8
     ],
     [
      2045.2,
      -1621.1
     ],
     [
      2040.5,
      -1616.4
     ],
     [
      2034.8,
      -1611.7
     ],
     [
      2029.2,
      -1608
     ],
     [
      2024.5,
      -1603.3
     ],
     [
      2018.9,
      -1599.5
     ],
     [
      2013.3,
      -1595.8
     ],
     [
      2005.8,
      -1592
     ],
     [
      1998.3,
      -1589.2
     ],
     [
      1990.8,
      -1587.3
     ],
     [
      1984.2,
      -1585.5
     ],
     [
      1976.7,
      -1585.5
     ],
     [
      1969.3,
      -1584.5
     ],
     [
      1961.8,
      -1582.7
     ],
     [
      1955.2,
      -1580.8
     ],
     [
      1947.7,
      -1578.9
     ],
     [
      1942.1,
      -1575.2
     ],
     [
      1935.5,
      -1574.2
     ],
     [
      1929,
      -1576.1
     ],
     [
      1922.4,
      -1579.8
     ],
     [
      1915.8,
      -1582.7
     ],
     [
      1909.3,
      -1585.5
     ],
     [
      1903.7,
      -1589.2
     ],
     [
      1899,
      -1593.9
     ],
     [
      1895.2,
      -1599.5
     ],
     [
      1893.4,
      -1606.1
     ],
     [
      1892.4,
      -1612.6
     ],
     [
      1892.4,
      -1619.2
     ],
     [
      1894.3,
      -1625.8
     ],
     [
      1897.1,
      -1632.3
     ],
     [
      1900.8,
      -1637.9
     ],
     [
      1905.5,
      -1643.6
     ],
     [
      1909.3,
      -1649.2
     ],
     [
      1905.5,
      -1655.7
     ],
     [
      1903.7,
      -1662.3
     ],
     [
      1900.8,
      -1668.9
     ],
     [
      1896.2,
      -1674.5
     ],
     [
      1890.5,
      -1678.2
     ],
     [
      1886.8,
      -1684.8
     ],
     [
      1884.9,
      -1691.4
     ],
     [
      1884.9,
      -1697.9
     ],
     [
      1886.8,
      -1704.5
     ],
     [
      1887.7,
      -1711
     ],
     [
      1889.6,
      -1717.6
     ],
     [
      1888.7,
      -1724.2
     ],
     [
      1885.9,
      -1730.7
     ],
     [
      1882.1,
      -1736.3
     ],
     [
      1879.3,
      -1742.9
     ],
     [
      1880.2,
      -1749.4
     ]
    ]
   }
  },
  {
   "type": "Feature",
   "properties": {
    "op": "add",
    "source": "recorded",
    "zone": "Tirisfal Glades",
    "time": 1790562559,
    "trim": true
   },
   "geometry": {
    "type": "LineString",
    "coordinates": [
     [
      2872.7,
      -105.5
     ],
     [
      2882.9,
      -104
     ],
     [
      2893.2,
      -104
     ],
     [
      2903.4,
      -104
     ],
     [
      2913.7,
      -102.5
     ],
     [
      2923.9,
      -101.1
     ],
     [
      2934.2,
      -101.1
     ],
     [
      2944.4,
      -99.6
     ],
     [
      2954.7,
      -99.6
     ],
     [
      2963.5,
      -105.5
     ],
     [
      2972.2,
      -111.3
     ],
     [
      2981,
      -117.2
     ],
     [
      2988.3,
      -124.5
     ],
     [
      2997.1,
      -130.4
     ],
     [
      3005.9,
      -136.2
     ],
     [
      3014.7,
      -142.1
     ],
     [
      3025,
      -147.9
     ],
     [
      3035.2,
      -150.9
     ],
     [
      3045.4,
      -153.8
     ],
     [
      3055.7,
      -156.7
     ],
     [
      3065.9,
      -159.6
     ],
     [
      3076.2,
      -162.6
     ],
     [
      3085,
      -168.4
     ],
     [
      3093.8,
      -174.3
     ],
     [
      3102.5,
      -180.1
     ],
     [
      3111.3,
      -187.5
     ],
     [
      3120.1,
      -193.3
     ],
     [
      3131.8,
      -199.2
     ],
     [
      3142.1,
      -203.6
     ],
     [
      3152.3,
      -206.5
     ],
     [
      3162.6,
      -210.9
     ],
     [
      3171.4,
      -218.2
     ],
     [
      3180.1,
      -225.5
     ],
     [
      3190.4,
      -231.4
     ],
     [
      3200.6,
      -234.3
     ],
     [
      3210.9,
      -235.8
     ],
     [
      3221.1,
      -237.2
     ],
     [
      3231.4,
      -238.7
     ],
     [
      3241.6,
      -240.2
     ],
     [
      3251.9,
      -241.6
     ],
     [
      3262.1,
      -244.6
     ],
     [
      3272.4,
      -249
     ],
     [
      3282.6,
      -253.3
     ],
     [
      3291.4,
      -259.2
     ],
     [
      3300.2,
      -265.1
     ],
     [
      3310.5,
      -270.9
     ],
     [
      3322.2,
      -275.3
     ],
     [
      3332.4,
      -279.7
     ],
     [
      3342.7,
      -282.6
     ],
     [
      3352.9,
      -287
     ],
     [
      3363.2,
      -292.9
     ],
     [
      3373.4,
      -300.2
     ],
     [
      3380.7,
      -307.5
     ],
     [
      3388.1,
      -316.3
     ],
     [
      3392.4,
      -326.6
     ],
     [
      3396.8,
      -338.3
     ],
     [
      3401.2,
      -348.5
     ],
     [
      3405.6,
      -360.2
     ],
     [
      3408.5,
      -370.5
     ],
     [
      3405.6,
      -380.7
     ],
     [
      3401.2,
      -392.4
     ],
     [
      3396.8,
      -402.7
     ],
     [
      3392.4,
      -412.9
     ],
     [
      3386.6,
      -421.7
     ],
     [
      3382.2,
      -432
     ]
    ]
   }
  },
  {
   "type": "Feature",
   "properties": {
    "op": "add",
    "source": "recorded",
    "zone": "Tirisfal Glades",
    "time": 1790562582,
    "trim": true
   },
   "geometry": {
    "type": "LineString",
    "coordinates": [
     [
      7519.4,
      -2488.7
     ],
     [
      7520.9,
      -2481.3
     ],
     [
      7521.6,
      -2475.3
     ],
     [
      7522.4,
      -2469.3
     ],
     [
      7523.9,
      -2464
     ],
     [
      7524.6,
      -2458
     ],
     [
      7526.9,
      -2452.8
     ],
     [
      7529.9,
      -2447.5
     ],
     [
      7532.9,
      -2442.3
     ],
     [
      7535.9,
      -2437
     ],
     [
      7538.9,
      -2432.5
     ],
     [
      7540.4,
      -2427.3
     ],
     [
      7541.9,
      -2422
     ],
     [
      7542.6,
      -2416.8
     ],
     [
      7544.1,
      -2411.5
     ],
     [
      7547.1,
      -2407
     ],
     [
      7550.1,
      -2402.5
     ],
     [
      7552.4,
      -2397.3
     ]
    ]
   }
  },
  {
   "type": "Feature",
   "properties": {
    "op": "remove",
    "source": "recorded",
    "zone": "Tirisfal Glades",
    "time": 1790562593,
    "trim": true
   },
   "geometry": {
    "type": "LineString",
    "coordinates": [
     [
      7489.4,
      -2482
     ],
     [
      7495.4,
      -2480.5
     ],
     [
      7500.6,
      -2479.8
     ],
     [
      7506.6,
      -2479.8
     ],
     [
      7511.9,
      -2480.5
     ],
     [
      7517.1,
      -2480.5
     ],
     [
      7520.9,
      -2476.8
     ],
     [
      7523.1,
      -2470.8
     ],
     [
      7525.4,
      -2465.5
     ],
     [
      7526.1,
      -2459.5
     ],
     [
      7526.1,
      -2454.3
     ],
     [
      7528.4,
      -2449
     ],
     [
      7531.4,
      -2444.5
     ],
     [
      7535.1,
      -2440.8
     ],
     [
      7538.9,
      -2436.3
     ],
     [
      7541.1,
      -2431
     ],
     [
      7543.4,
      -2425.8
     ],
     [
      7545.6,
      -2420.5
     ],
     [
      7547.9,
      -2415.3
     ],
     [
      7547.9,
      -2410
     ],
     [
      7549.4,
      -2404.8
     ],
     [
      7550.9,
      -2410.8
     ],
     [
      7549.4,
      -2417.5
     ],
     [
      7548.6,
      -2423.5
     ],
     [
      7548.6,
      -2429.5
     ],
     [
      7547.9,
      -2435.5
     ],
     [
      7546.4,
      -2441.5
     ],
     [
      7544.1,
      -2446.8
     ],
     [
      7543.4,
      -2452
     ],
     [
      7539.6,
      -2455.8
     ],
     [
      7535.9,
      -2452
     ],
     [
      7532.9,
      -2447.5
     ]
    ]
   }
  },
  {
   "type": "Feature",
   "properties": {
    "op": "add",
    "source": "recorded",
    "zone": "Tirisfal Glades",
    "time": 1790562604,
    "trim": true
   },
   "geometry": {
    "type": "LineString",
    "coordinates": [
     [
      7557.6,
      -2381.6
     ],
     [
      7556.9,
      -2386.8
     ],
     [
      7554.6,
      -2392
     ],
     [
      7552.4,
      -2397.3
     ],
     [
      7550.1,
      -2402.5
     ],
     [
      7548.6,
      -2407.8
     ],
     [
      7546.4,
      -2413.8
     ],
     [
      7544.9,
      -2419
     ],
     [
      7542.6,
      -2424.3
     ],
     [
      7541.9,
      -2430.3
     ],
     [
      7541.1,
      -2435.5
     ],
     [
      7538.9,
      -2440.8
     ],
     [
      7536.6,
      -2446
     ],
     [
      7534.4,
      -2451.3
     ],
     [
      7532.1,
      -2456.5
     ],
     [
      7529.9,
      -2461.8
     ],
     [
      7527.6,
      -2467.8
     ],
     [
      7526.1,
      -2473.8
     ],
     [
      7525.4,
      -2479
     ],
     [
      7524.6,
      -2484.3
     ],
     [
      7522.4,
      -2489.5
     ],
     [
      7520.9,
      -2494.7
     ],
     [
      7518.6,
      -2500
     ],
     [
      7517.1,
      -2505.2
     ],
     [
      7514.9,
      -2510.5
     ],
     [
      7512.6,
      -2515.7
     ]
    ]
   }
  },
  {
   "type": "Feature",
   "properties": {
    "op": "add",
    "source": "recorded",
    "zone": "Tirisfal Glades",
    "time": 1790562616,
    "trim": true
   },
   "geometry": {
    "type": "LineString",
    "coordinates": [
     [
      7963.9,
      -2497
     ],
     [
      7959.4,
      -2494
     ],
     [
      7954.9,
      -2491
     ],
     [
      7949.7,
      -2488.7
     ],
     [
      7944.4,
      -2488.7
     ],
     [
      7939.2,
      -2490.2
     ],
     [
      7933.9,
      -2491.7
     ],
     [
      7928.7,
      -2493.2
     ],
     [
      7923.4,
      -2494
     ],
     [
      7918.2,
      -2494.7
     ],
     [
      7912.9,
      -2495.5
     ],
     [
      7907.7,
      -2497
     ],
     [
      7902.4,
      -2498.5
     ],
     [
      7897.2,
      -2500.7
     ],
     [
      7891.2,
      -2501.5
     ],
     [
      7885.9,
      -2503
     ],
     [
      7880.7,
      -2503
     ],
     [
      7875.5,
      -2503
     ],
     [
      7870.2,
      -2503
     ],
     [
      7865,
      -2503
     ],
     [
      7859.7,
      -2502.2
     ],
     [
      7854.5,
      -2502.2
     ],
     [
      7849.2,
      -2500.7
     ],
     [
      7844,
      -2498.5
     ],
     [
      7838.7,
      -2496.2
     ],
     [
      7837.2,
      -2491
     ],
     [
      7835,
      -2485.8
     ],
     [
      7834.2,
      -2480.5
     ],
     [
      7834.2,
      -2475.3
     ],
     [
      7834.2,
      -2470
     ],
     [
      7834.2,
      -2464.8
     ],
     [
      7835,
      -2459.5
     ],
     [
      7835,
      -2454.3
     ],
     [
      7835,
      -2449
     ],
     [
      7833.5,
      -2443.8
     ],
     [
      7830.5,
      -2439.3
     ],
     [
      7826,
      -2436.3
     ],
     [
      7821.5,
      -2433.3
     ],
     [
      7816.2,
      -2431.8
     ],
     [
      7811,
      -2431
     ],
     [
      7805.7,
      -2431
     ],
     [
      7800.5,
      -2430.3
     ]
    ]
   }
  },
  {
   "type": "Feature",
   "properties": {
    "op": "add",
    "source": "recorded",
    "zone": "Tirisfal Glades",
    "time": 1790562621,
    "trim": true
   },
   "geometry": {
    "type": "LineString",
    "coordinates": [
     [
      7871.7,
      -2502.2
     ],
     [
      7873.2,
      -2508.2
     ],
     [
      7874,
      -2514.2
     ],
     [
      7874,
      -2519.5
     ],
     [
      7874,
      -2524.7
     ],
     [
      7874,
      -2530.7
     ],
     [
      7873.2,
      -2536
     ],
     [
      7873.2,
      -2542
     ],
     [
      7873.2,
      -2547.2
     ],
     [
      7873.2,
      -2552.5
     ],
     [
      7874,
      -2557.7
     ],
     [
      7876.2,
      -2563
     ]
    ]
   }
  },
  {
   "type": "Feature",
   "properties": {
    "op": "add",
    "source": "recorded",
    "zone": "Tirisfal Glades",
    "time": 1790562629,
    "trim": true
   },
   "geometry": {
    "type": "LineString",
    "coordinates": [
     [
      7906.2,
      -2497.7
     ],
     [
      7906.2,
      -2503
     ],
     [
      7906.2,
      -2508.2
     ],
     [
      7906.2,
      -2513.5
     ],
     [
      7906.2,
      -2518.7
     ],
     [
      7906.2,
      -2524
     ],
     [
      7905.4,
      -2530
     ],
     [
      7905.4,
      -2535.2
     ],
     [
      7905.4,
      -2540.5
     ],
     [
      7906.2,
      -2545.7
     ],
     [
      7907.7,
      -2551
     ],
     [
      7909.2,
      -2556.2
     ],
     [
      7906.9,
      -2561.5
     ],
     [
      7903.2,
      -2565.2
     ],
     [
      7897.9,
      -2566.7
     ],
     [
      7892.7,
      -2566
     ],
     [
      7887.4,
      -2563.7
     ],
     [
      7882.2,
      -2563
     ],
     [
      7876.9,
      -2563
     ],
     [
      7872.5,
      -2566
     ],
     [
      7867.2,
      -2567.5
     ]
    ]
   }
  },
  {
   "type": "Feature",
   "properties": {
    "op": "add",
    "source": "recorded",
    "zone": "Tirisfal Glades",
    "time": 1790562636,
    "trim": true
   },
   "geometry": {
    "type": "LineString",
    "coordinates": [
     [
      7975.2,
      -2515.7
     ],
     [
      7975.9,
      -2521
     ],
     [
      7976.6,
      -2526.2
     ],
     [
      7977.4,
      -2531.5
     ],
     [
      7976.6,
      -2536.7
     ],
     [
      7974.4,
      -2542
     ],
     [
      7972.9,
      -2547.2
     ],
     [
      7969.2,
      -2551.7
     ],
     [
      7964.7,
      -2555.5
     ],
     [
      7960.2,
      -2558.5
     ],
     [
      7956.4,
      -2563
     ],
     [
      7951.9,
      -2566
     ],
     [
      7948.2,
      -2569.7
     ],
     [
      7944.4,
      -2574.2
     ],
     [
      7942.9,
      -2579.5
     ],
     [
      7937.7,
      -2577.2
     ],
     [
      7933.2,
      -2573.5
     ],
     [
      7928.7,
      -2569.7
     ],
     [
      7923.4,
      -2567.5
     ],
     [
      7918.2,
      -2566.7
     ],
     [
      7912.9,
      -2566
     ],
     [
      7907.7,
      -2566.7
     ],
     [
      7903.2,
      -2563.7
     ]
    ]
   }
  },
  {
   "type": "Feature",
   "properties": {
    "op": "add",
    "source": "recorded",
    "zone": "Tirisfal Glades",
    "time": 1790562643,
    "trim": true
   },
   "geometry": {
    "type": "LineString",
    "coordinates": [
     [
      7957.9,
      -2409.3
     ],
     [
      7952.7,
      -2410
     ],
     [
      7947.4,
      -2410.8
     ],
     [
      7942.2,
      -2413
     ],
     [
      7936.2,
      -2414.5
     ],
     [
      7930.2,
      -2416
     ],
     [
      7924.2,
      -2416.8
     ],
     [
      7918.9,
      -2417.5
     ],
     [
      7913.7,
      -2417.5
     ],
     [
      7908.4,
      -2418.3
     ],
     [
      7903.2,
      -2418.3
     ],
     [
      7897.2,
      -2419.8
     ],
     [
      7891.9,
      -2421.3
     ],
     [
      7886.7,
      -2424.3
     ],
     [
      7882.2,
      -2427.3
     ],
     [
      7879.9,
      -2432.5
     ],
     [
      7879.2,
      -2437.8
     ],
     [
      7878.4,
      -2443
     ],
     [
      7878.4,
      -2448.3
     ],
     [
      7878.4,
      -2453.5
     ],
     [
      7879.2,
      -2459.5
     ],
     [
      7879.9,
      -2464.8
     ],
     [
      7880.7,
      -2470
     ],
     [
      7882.2,
      -2475.3
     ],
     [
      7882.9,
      -2480.5
     ],
     [
      7883.7,
      -2485.8
     ],
     [
      7884.4,
      -2491
     ],
     [
      7884.4,
      -2496.2
     ],
     [
      7885.2,
      -2501.5
     ]
    ]
   }
  },
  {
   "type": "Feature",
   "properties": {
    "op": "add",
    "source": "recorded",
    "zone": "Tirisfal Glades",
    "time": 1790562666,
    "trim": true
   },
   "geometry": {
    "type": "LineString",
    "coordinates": [
     [
      4540.3,
      -2283.7
     ],
     [
      4538.8,
      -2289
     ],
     [
      4535.8,
      -2293.5
     ],
     [
      4532.8,
      -2298.7
     ],
     [
      4529.8,
      -2304.7
     ],
     [
      4527.6,
      -2310.7
     ],
     [
      4525.3,
      -2316
     ],
     [
      4523.1,
      -2321.2
     ],
     [
      4520.8,
      -2326.5
     ],
     [
      4518.6,
      -2331.7
     ],
     [
      4515.6,
      -2337
     ],
     [
      4512.6,
      -2343
     ],
     [
      4509.6,
      -2348.2
     ],
     [
      4506.6,
      -2353.5
     ],
     [
      4503.6,
      -2359.5
     ],
     [
      4502.1,
      -2365.5
     ],
     [
      4499.8,
      -2371.5
     ],
     [
      4497.6,
      -2378.2
     ],
     [
      4496.1,
      -2383.4
     ],
     [
      4494.6,
      -2388.7
     ],
     [
      4493.1,
      -2393.9
     ],
     [
      4490.8,
      -2399.9
     ],
     [
      4487.8,
      -2406.7
     ],
     [
      4485.6,
      -2413.4
     ],
     [
      4484.1,
      -2419.4
     ],
     [
      4482.6,
      -2425.4
     ],
     [
      4481.1,
      -2430.7
     ],
     [
      4480.3,
      -2435.9
     ],
     [
      4478.8,
      -2441.9
     ],
     [
      4477.3,
      -2447.2
     ],
     [
      4475.8,
      -2453.2
     ],
     [
      4473.6,
      -2459.2
     ],
     [
      4471.3,
      -2465.2
     ],
     [
      4468.3,
      -2471.2
     ],
     [
      4465.3,
      -2477.9
     ],
     [
      4461.6,
      -2483.1
     ],
     [
      4457.8,
      -2486.9
     ],
     [
      4452.6,
      -2491.4
     ],
     [
      4447.3,
      -2494.4
     ],
     [
      4442.1,
      -2497.4
     ],
     [
      4438.3,
      -2501.1
     ],
     [
      4431.6,
      -2503.4
     ],
     [
      4426.4,
      -2504.9
     ],
     [
      4421.1,
      -2507.9
     ],
     [
      4416.6,
      -2511.6
     ],
     [
      4411.4,
      -2514.6
     ],
     [
      4405.4,
      -2516.1
     ],
     [
      4400.1,
      -2518.4
     ],
     [
      4394.9,
      -2520.6
     ],
     [
      4390.4,
      -2523.6
     ],
     [
      4383.6,
      -2525.1
     ],
     [
      4376.9,
      -2526.6
     ],
     [
      4371.6,
      -2530.4
     ],
     [
      4366.4,
      -2533.4
     ],
     [
      4361.1,
      -2536.4
     ],
     [
      4355.9,
      -2538.6
     ],
     [
      4350.6,
      -2540.9
     ],
     [
      4345.4,
      -2543.9
     ],
     [
      4340.1,
      -2546.9
     ],
     [
      4334.9,
      -2549.9
     ],
     [
      4331.9,
      -2554.4
     ],
     [
      4329.7,
      -2559.6
     ],
     [
      4326.7,
      -2564.9
     ],
     [
      4323.7,
      -2569.4
     ],
     [
      4319.2,
      -2573.1
     ],
     [
      4315.4,
      -2576.8
     ]
    ]
   }
  },
  {
   "type": "Feature",
   "properties": {
    "op": "remove",
    "source": "recorded",
    "zone": "Tirisfal Glades",
    "time": 1790562716,
    "trim": true
   },
   "geometry": {
    "type": "LineString",
    "coordinates": [
     [
      1362.7,
      -4318.9
     ],
     [
      1362.7,
      -4322.2
     ],
     [
      1362.7,
      -4325.6
     ],
     [
      1362.7,
      -4329
     ],
     [
      1362.2,
      -4332.3
     ],
     [
      1362.2,
      -4335.7
     ],
     [
      1362.7,
      -4339
     ],
     [
      1364.6,
      -4342.4
     ],
     [
      1367.5,
      -4344.3
     ],
     [
      1370.3,
      -4346.2
     ],
     [
      1373.2,
      -4348.1
     ],
     [
      1374.2,
      -4351.5
     ],
     [
      1374.7,
      -4354.9
     ],
     [
      1374.7,
      -4358.2
     ],
     [
      1374.2,
      -4361.6
     ],
     [
      1373.7,
      -4364.9
     ],
     [
      1373.2,
      -4368.3
     ],
     [
      1372.3,
      -4371.7
     ]
    ]
   }
  },
  {
   "type": "Feature",
   "properties": {
    "op": "add",
    "source": "recorded",
    "zone": "Tirisfal Glades",
    "time": 1790562725,
    "trim": true
   },
   "geometry": {
    "type": "LineString",
    "coordinates": [
     [
      1311.8,
      -4386.5
     ],
     [
      1311.8,
      -4389.9
     ],
     [
      1311.8,
      -4393.2
     ],
     [
      1311.3,
      -4396.6
     ],
     [
      1311.3,
      -4400.4
     ],
     [
      1311.3,
      -4403.8
     ],
     [
      1311.3,
      -4407.2
     ],
     [
      1311.3,
      -4410.5
     ],
     [
      1311.3,
      -4413.9
     ],
     [
      1311.3,
      -4417.2
     ],
     [
      1311.3,
      -4421.1
     ],
     [
      1311.3,
      -4424.9
     ],
     [
      1311.8,
      -4428.7
     ],
     [
      1311.8,
      -4432.1
     ],
     [
      1311.8,
      -4436.4
     ],
     [
      1312.3,
      -4440.3
     ],
     [
      1312.3,
      -4444.1
     ],
     [
      1312.8,
      -4447.5
     ],
     [
      1313.2,
      -4451.3
     ],
     [
      1313.7,
      -4454.7
     ],
     [
      1314.2,
      -4458
     ],
     [
      1314.2,
      -4461.4
     ],
     [
      1314.7,
      -4465.2
     ],
     [
      1314.7,
      -4469
     ],
     [
      1315.2,
      -4472.9
     ],
     [
      1315.2,
      -4476.2
     ],
     [
      1315.2,
      -4479.6
     ],
     [
      1314.7,
      -4483
     ],
     [
      1313.7,
      -4486.8
     ],
     [
      1313.7,
      -4490.6
     ],
     [
      1313.2,
      -4494
     ],
     [
      1312.3,
      -4497.3
     ],
     [
      1311.3,
      -4500.7
     ],
     [
      1310.4,
      -4504.5
     ],
     [
      1309.9,
      -4507.9
     ],
     [
      1309.9,
      -4511.3
     ],
     [
      1309.9,
      -4514.6
     ],
     [
      1309.9,
      -4518
     ],
     [
      1309.9,
      -4521.3
     ],
     [
      1310.4,
      -4524.7
     ],
     [
      1310.8,
      -4529
     ],
     [
      1311.8,
      -4532.4
     ],
     [
      1312.8,
      -4536.2
     ],
     [
      1313.2,
      -4539.6
     ],
     [
      1313.2,
      -4543.9
     ],
     [
      1313.7,
      -4547.2
     ],
     [
      1314.2,
      -4551.1
     ],
     [
      1314.2,
      -4555.4
     ],
     [
      1314.7,
      -4558.8
     ],
     [
      1315.6,
      -4563.6
     ],
     [
      1316.6,
      -4566.9
     ],
     [
      1318,
      -4571.2
     ],
     [
      1319,
      -4575.1
     ],
     [
      1320.4,
      -4578.4
     ],
     [
      1322.4,
      -4582.3
     ],
     [
      1323.8,
      -4586.1
     ],
     [
      1325.7,
      -4589.9
     ],
     [
      1327.2,
      -4593.8
     ],
     [
      1328.6,
      -4597.1
     ],
     [
      1329.6,
      -4600.5
     ],
     [
      1330.5,
      -4603.9
     ],
     [
      1332,
      -4608.2
     ],
     [
      1332.9,
      -4612
     ],
     [
      1334.4,
      -4615.8
     ]
    ]
   }
  },
  {
   "type": "Feature",
   "properties": {
    "op": "remove",
    "source": "recorded",
    "zone": "Tirisfal Glades",
    "time": 1790562732,
    "trim": true
   },
   "geometry": {
    "type": "LineString",
    "coordinates": [
     [
      1203.4,
      -4428.3
     ],
     [
      1201.9,
      -4431.6
     ],
     [
      1200,
      -4434.5
     ],
     [
      1198.1,
      -4437.9
     ],
     [
      1196.7,
      -4441.2
     ],
     [
      1194.7,
      -4444.1
     ],
     [
      1192.3,
      -4447
     ],
     [
      1190.4,
      -4449.9
     ],
     [
      1188,
      -4452.3
     ],
     [
      1185.6,
      -4454.7
     ],
     [
      1182.7,
      -4456.6
     ],
     [
      1180.3,
      -4459
     ],
     [
      1177.9,
      -4461.4
     ],
     [
      1175.6,
      -4464.2
     ],
     [
      1173.6,
      -4467.6
     ],
     [
      1171.7,
      -4470.5
     ],
     [
      1169.8,
      -4473.4
     ],
     [
      1168.8,
      -4476.7
     ],
     [
      1168.8,
      -4480.1
     ]
    ]
   }
  },
  {
   "type": "Feature",
   "properties": {
    "op": "remove",
    "source": "recorded",
    "zone": "Tirisfal Glades",
    "time": 1790562738,
    "trim": true
   },
   "geometry": {
    "type": "LineString",
    "coordinates": [
     [
      1227.8,
      -4390.8
     ],
     [
      1225.4,
      -4393.2
     ],
     [
      1222.6,
      -4395.6
     ],
     [
      1219.7,
      -4397.6
     ],
     [
      1217.3,
      -4400
     ],
     [
      1214.9,
      -4402.4
     ],
     [
      1213,
      -4405.2
     ],
     [
      1211.1,
      -4408.1
     ]
    ]
   }
  },
  {
   "type": "Feature",
   "properties": {
    "op": "add",
    "source": "recorded",
    "zone": "Tirisfal Glades",
    "time": 1790562745,
    "trim": true
   },
   "geometry": {
    "type": "LineString",
    "coordinates": [
     [
      1196.2,
      -4401.9
     ],
     [
      1199.5,
      -4403.8
     ],
     [
      1202.4,
      -4405.7
     ],
     [
      1205.8,
      -4407.6
     ],
     [
      1208.7,
      -4409.6
     ],
     [
      1211.1,
      -4412
     ],
     [
      1213.9,
      -4413.9
     ],
     [
      1216.8,
      -4415.8
     ],
     [
      1219.7,
      -4417.7
     ],
     [
      1222.6,
      -4419.6
     ],
     [
      1225.9,
      -4421.1
     ]
    ]
   }
  },
  {
   "type": "Feature",
   "properties": {
    "op": "remove",
    "source": "recorded",
    "zone": "Tirisfal Glades",
    "time": 1790562771,
    "trim": true
   },
   "geometry": {
    "type": "LineString",
    "coordinates": [
     [
      -608.5,
      -2859.7
     ],
     [
      -615.6,
      -2852.7
     ],
     [
      -623.8,
      -2843.3
     ],
     [
      -630.8,
      -2837.5
     ],
     [
      -636.6,
      -2831.6
     ],
     [
      -642.5,
      -2825.7
     ],
     [
      -648.4,
      -2819.9
     ],
     [
      -655.4,
      -2814
     ],
     [
      -663.6,
      -2809.3
     ],
     [
      -671.8,
      -2809.3
     ],
     [
      -678.8,
      -2814
     ],
     [
      -687,
      -2815.2
     ],
     [
      -696.4,
      -2815.2
     ],
     [
      -705.7,
      -2815.2
     ],
     [
      -713.9,
      -2812.9
     ],
     [
      -723.3,
      -2811.7
     ],
     [
      -731.5,
      -2808.2
     ],
     [
      -737.4,
      -2802.3
     ],
     [
      -743.2,
      -2795.3
     ],
     [
      -747.9,
      -2787.1
     ],
     [
      -754.9,
      -2782.4
     ],
     [
      -763.1,
      -2781.2
     ],
     [
      -771.3,
      -2781.2
     ],
     [
      -780.7,
      -2782.4
     ],
     [
      -788.9,
      -2785.9
     ],
     [
      -797.1,
      -2787.1
     ],
     [
      -805.3,
      -2789.4
     ],
     [
      -812.3,
      -2794.1
     ],
     [
      -815.8,
      -2802.3
     ],
     [
      -821.7,
      -2808.2
     ],
     [
      -829.9,
      -2809.3
     ],
     [
      -838.1,
      -2809.3
     ],
     [
      -846.3,
      -2810.5
     ],
     [
      -855.7,
      -2811.7
     ],
     [
      -865,
      -2810.5
     ],
     [
      -873.2,
      -2810.5
     ],
     [
      -881.4,
      -2807
     ],
     [
      -888.5,
      -2801.1
     ],
     [
      -894.3,
      -2795.3
     ],
     [
      -900.2,
      -2789.4
     ],
     [
      -906,
      -2783.6
     ],
     [
      -911.9,
      -2777.7
     ],
     [
      -918.9,
      -2773
     ],
     [
      -927.1,
      -2770.7
     ],
     [
      -935.3,
      -2770.7
     ],
     [
      -943.5,
      -2770.7
     ],
     [
      -945.9,
      -2761.3
     ],
     [
      -949.4,
      -2752
     ],
     [
      -952.9,
      -2743.8
     ],
     [
      -954.1,
      -2734.4
     ],
     [
      -954.1,
      -2726.2
     ],
     [
      -951.7,
      -2716.8
     ],
     [
      -948.2,
      -2708.6
     ],
     [
      -945.9,
      -2700.4
     ],
     [
      -944.7,
      -2692.2
     ],
     [
      -944.7,
      -2684
     ],
     [
      -944.7,
      -2675.8
     ],
     [
      -944.7,
      -2667.6
     ],
     [
      -944.7,
      -2658.2
     ],
     [
      -944.7,
      -2650
     ],
     [
      -941.2,
      -2641.8
     ],
     [
      -936.5,
      -2634.8
     ],
     [
      -930.6,
      -2629
     ],
     [
      -924.8,
      -2623.1
     ],
     [
      -920.1,
      -2614.9
     ],
     [
      -916.6,
      -2606.7
     ],
     [
      -916.6,
      -2598.5
     ],
     [
      -920.1,
      -2589.1
     ],
     [
      -924.8,
      -2578.6
     ],
     [
      -927.1,
      -2569.2
     ],
     [
      -929.5,
      -2559.9
     ],
     [
      -933,
      -2549.3
     ],
     [
      -936.5,
      -2541.1
     ],
     [
      -940,
      -2532.9
     ],
     [
      -943.5,
      -2524.7
     ],
     [
      -945.9,
      -2516.5
     ],
     [
      -945.9,
      -2508.3
     ]
    ]
   }
  },
  {
   "type": "Feature",
   "properties": {
    "op": "remove",
    "source": "recorded",
    "zone": "Tirisfal Glades",
    "time": 1790562778,
    "trim": true
   },
   "geometry": {
    "type": "LineString",
    "coordinates": [
     [
      -558.2,
      -2816.4
     ],
     [
      -562.8,
      -2807
     ],
     [
      -567.5,
      -2798.8
     ],
     [
      -572.2,
      -2791.8
     ],
     [
      -579.2,
      -2785.9
     ],
     [
      -587.4,
      -2780.1
     ],
     [
      -594.5,
      -2775.4
     ],
     [
      -601.5,
      -2770.7
     ],
     [
      -609.7,
      -2766
     ],
     [
      -616.7,
      -2760.1
     ],
     [
      -622.6,
      -2754.3
     ],
     [
      -629.6,
      -2748.4
     ],
     [
      -636.6,
      -2743.8
     ],
     [
      -644.8,
      -2740.2
     ],
     [
      -642.5,
      -2732
     ],
     [
      -636.6,
      -2725
     ],
     [
      -632,
      -2718
     ],
     [
      -627.3,
      -2709.8
     ],
     [
      -626.1,
      -2701.6
     ],
     [
      -624.9,
      -2693.4
     ],
     [
      -626.1,
      -2685.2
     ],
     [
      -626.1,
      -2677
     ],
     [
      -626.1,
      -2668.8
     ]
    ]
   }
  },
  {
   "type": "Feature",
   "properties": {
    "op": "remove",
    "source": "recorded",
    "zone": "Tirisfal Glades",
    "time": 1790562792,
    "trim": true
   },
   "geometry": {
    "type": "LineString",
    "coordinates": [
     [
      -937.7,
      -2470.8
     ],
     [
      -937.7,
      -2462.6
     ],
     [
      -937.7,
      -2454.4
     ],
     [
      -936.5,
      -2446.2
     ],
     [
      -934.1,
      -2438
     ],
     [
      -931.8,
      -2429.8
     ],
     [
      -927.1,
      -2421.6
     ],
     [
      -918.9,
      -2418.1
     ],
     [
      -910.7,
      -2415.8
     ],
     [
      -906,
      -2408.8
     ],
     [
      -906,
      -2400.6
     ],
     [
      -908.4,
      -2392.4
     ],
     [
      -909.5,
      -2384.2
     ],
     [
      -908.4,
      -2376
     ],
     [
      -903.7,
      -2368.9
     ],
     [
      -899,
      -2361.9
     ],
     [
      -893.1,
      -2354.9
     ],
     [
      -885,
      -2351.4
     ],
     [
      -876.8,
      -2356.1
     ],
     [
      -872.1,
      -2363.1
     ],
     [
      -867.4,
      -2370.1
     ],
     [
      -860.4,
      -2374.8
     ],
     [
      -853.3,
      -2380.7
     ],
     [
      -847.5,
      -2386.5
     ],
     [
      -842.8,
      -2393.5
     ],
     [
      -839.3,
      -2401.7
     ],
     [
      -834.6,
      -2409.9
     ],
     [
      -828.7,
      -2417
     ],
     [
      -822.9,
      -2424
     ],
     [
      -815.8,
      -2429.8
     ],
     [
      -813.5,
      -2438
     ],
     [
      -812.3,
      -2446.2
     ],
     [
      -812.3,
      -2454.4
     ],
     [
      -810,
      -2462.6
     ],
     [
      -808.8,
      -2470.8
     ],
     [
      -807.6,
      -2479
     ],
     [
      -804.1,
      -2487.2
     ],
     [
      -797.1,
      -2493.1
     ],
     [
      -790.1,
      -2497.8
     ],
     [
      -781.9,
      -2501.3
     ],
     [
      -772.5,
      -2504.8
     ],
     [
      -764.3,
      -2507.2
     ],
     [
      -756.1,
      -2510.7
     ],
     [
      -747.9,
      -2513
     ],
     [
      -739.7,
      -2516.5
     ],
     [
      -731.5,
      -2518.9
     ],
     [
      -723.3,
      -2521.2
     ],
     [
      -715.1,
      -2523.5
     ],
     [
      -706.9,
      -2525.9
     ],
     [
      -698.7,
      -2527.1
     ],
     [
      -689.3,
      -2528.2
     ],
     [
      -681.1,
      -2531.7
     ],
     [
      -672.9,
      -2532.9
     ],
     [
      -664.7,
      -2535.3
     ],
     [
      -656.6,
      -2535.3
     ],
     [
      -649.5,
      -2530.6
     ],
     [
      -644.8,
      -2523.5
     ],
     [
      -640.2,
      -2515.4
     ],
     [
      -632,
      -2511.8
     ],
     [
      -623.8,
      -2508.3
     ],
     [
      -615.6,
      -2504.8
     ],
     [
      -610.9,
      -2496.6
     ],
     [
      -608.5,
      -2488.4
     ],
     [
      -607.4,
      -2480.2
     ],
     [
      -603.8,
      -2472
     ],
     [
      -600.3,
      -2462.6
     ],
     [
      -599.2,
      -2454.4
     ],
     [
      -594.5,
      -2447.4
     ],
     [
      -589.8,
      -2454.4
     ],
     [
      -585.1,
      -2463.8
     ],
     [
      -581.6,
      -2473.2
     ],
     [
      -576.9,
      -2480.2
     ],
     [
      -571,
      -2486.1
     ],
     [
      -562.8,
      -2489.6
     ],
     [
      -554.6,
      -2491.9
     ],
     [
      -550,
      -2499
     ],
     [
      -550,
      -2507.2
     ],
     [
      -551.1,
      -2515.4
     ],
     [
      -553.5,
      -2523.5
     ],
     [
      -555.8,
      -2531.7
     ],
     [
      -560.5,
      -2538.8
     ],
     [
      -565.2,
      -2545.8
     ],
     [
      -569.9,
      -2555.2
     ],
     [
      -575.7,
      -2563.4
     ],
     [
      -580.4,
      -2570.4
     ],
     [
      -585.1,
      -2577.4
     ],
     [
      -591,
      -2584.5
     ],
     [
      -596.8,
      -2591.5
     ],
     [
      -602.7,
      -2598.5
     ],
     [
      -607.4,
      -2605.5
     ],
     [
      -609.7,
      -2613.7
     ],
     [
      -612,
      -2621.9
     ],
     [
      -613.2,
      -2630.1
     ],
     [
      -614.4,
      -2638.3
     ]
    ]
   }
  },
  {
   "type": "Feature",
   "properties": {
    "op": "add",
    "source": "recorded",
    "zone": "Tirisfal Glades",
    "time": 1790562815,
    "trim": true
   },
   "geometry": {
    "type": "LineString",
    "coordinates": [
     [
      1795.8,
      -2091.9
     ],
     [
      1799.1,
      -2093.8
     ],
     [
      1802.5,
      -2095.3
     ],
     [
      1805.9,
      -2097.7
     ],
     [
      1808.7,
      -2100.1
     ],
     [
      1812.1,
      -2102
     ],
     [
      1815,
      -2104.9
     ],
     [
      1816.9,
      -2107.7
     ],
     [
      1819.3,
      -2111.1
     ],
     [
      1821.2,
      -2114
     ],
     [
      1823.6,
      -2116.9
     ],
     [
      1826,
      -2120.2
     ],
     [
      1828.4,
      -2123.1
     ],
     [
      1830.3,
      -2126
     ],
     [
      1832.2,
      -2129.3
     ],
     [
      1834.2,
      -2132.7
     ],
     [
      1836.1,
      -2135.6
     ],
     [
      1837.5,
      -2138.9
     ],
     [
      1838,
      -2142.3
     ],
     [
      1838.5,
      -2145.6
     ],
     [
      1839,
      -2149
     ],
     [
      1839.4,
      -2152.4
     ],
     [
      1839.4,
      -2155.7
     ],
     [
      1839.4,
      -2159.1
     ],
     [
      1839,
      -2162.4
     ],
     [
      1838,
      -2165.8
     ],
     [
      1837.5,
      -2169.2
     ],
     [
      1837.5,
      -2172.5
     ],
     [
      1837.5,
      -2175.9
     ]
    ]
   }
  },
  {
   "type": "Feature",
   "properties": {
    "op": "remove",
    "source": "recorded",
    "zone": "Tirisfal Glades",
    "time": 1790563102,
    "trim": true
   },
   "geometry": {
    "type": "LineString",
    "coordinates": [
     [
      -2112.1,
      -2271.5
     ],
     [
      -2104.8,
      -2278.8
     ],
     [
      -2094.5,
      -2284.7
     ],
     [
      -2085.7,
      -2290.5
     ],
     [
      -2076.9,
      -2296.4
     ],
     [
      -2066.7,
      -2300.8
     ],
     [
      -2056.4,
      -2305.2
     ],
     [
      -2046.2,
      -2311
     ],
     [
      -2035.9,
      -2316.9
     ],
     [
      -2027.2,
      -2324.2
     ],
     [
      -2019.8,
      -2331.5
     ],
     [
      -2012.5,
      -2338.8
     ],
     [
      -2005.2,
      -2347.6
     ],
     [
      -1994.9,
      -2356.4
     ],
     [
      -1987.6,
      -2363.7
     ],
     [
      -1977.4,
      -2371
     ],
     [
      -1970.1,
      -2379.8
     ],
     [
      -1961.3,
      -2388.6
     ],
     [
      -1954,
      -2395.9
     ],
     [
      -1945.2,
      -2401.8
     ],
     [
      -1937.8,
      -2409.1
     ],
     [
      -1930.5,
      -2416.4
     ],
     [
      -1923.2,
      -2426.7
     ],
     [
      -1917.4,
      -2435.5
     ],
     [
      -1911.5,
      -2447.2
     ],
     [
      -1908.6,
      -2458.9
     ],
     [
      -1908.6,
      -2470.6
     ],
     [
      -1913,
      -2480.9
     ],
     [
      -1918.8,
      -2489.6
     ],
     [
      -1927.6,
      -2498.4
     ],
     [
      -1936.4,
      -2505.7
     ],
     [
      -1946.6,
      -2511.6
     ],
     [
      -1958.3,
      -2514.5
     ],
     [
      -1971.5,
      -2516
     ],
     [
      -1983.2,
      -2513.1
     ],
     [
      -1994.9,
      -2508.7
     ],
     [
      -2006.7,
      -2502.8
     ],
     [
      -2016.9,
      -2498.4
     ],
     [
      -2028.6,
      -2494
     ],
     [
      -2040.3,
      -2488.2
     ],
     [
      -2050.6,
      -2483.8
     ],
     [
      -2060.8,
      -2479.4
     ],
     [
      -2069.6,
      -2473.5
     ],
     [
      -2079.9,
      -2467.7
     ],
     [
      -2090.1,
      -2460.4
     ],
     [
      -2101.8,
      -2454.5
     ],
     [
      -2112.1,
      -2445.7
     ],
     [
      -2120.9,
      -2439.9
     ],
     [
      -2131.1,
      -2431.1
     ],
     [
      -2138.4,
      -2423.8
     ],
     [
      -2145.8,
      -2416.4
     ],
     [
      -2154.5,
      -2409.1
     ],
     [
      -2161.9,
      -2401.8
     ],
     [
      -2170.6,
      -2393
     ],
     [
      -2180.9,
      -2384.2
     ],
     [
      -2189.7,
      -2376.9
     ],
     [
      -2198.5,
      -2369.6
     ],
     [
      -2207.2,
      -2362.3
     ],
     [
      -2214.6,
      -2354.9
     ],
     [
      -2221.9,
      -2346.2
     ],
     [
      -2229.2,
      -2337.4
     ],
     [
      -2232.1,
      -2327.1
     ],
     [
      -2233.6,
      -2316.9
     ],
     [
      -2233.6,
      -2305.2
     ],
     [
      -2230.7,
      -2294.9
     ],
     [
      -2227.7,
      -2283.2
     ],
     [
      -2220.4,
      -2274.4
     ],
     [
      -2207.2,
      -2270
     ],
     [
      -2197,
      -2268.6
     ],
     [
      -2186.7,
      -2265.6
     ],
     [
      -2175,
      -2265.6
     ],
     [
      -2161.9,
      -2265.6
     ],
     [
      -2151.6,
      -2264.2
     ],
     [
      -2141.4,
      -2264.2
     ],
     [
      -2131.1,
      -2265.6
     ],
     [
      -2120.9,
      -2267.1
     ],
     [
      -2110.6,
      -2271.5
     ],
     [
      -2103.3,
      -2278.8
     ]
    ]
   }
  },
  {
   "type": "Feature",
   "properties": {
    "op": "remove",
    "source": "recorded",
    "zone": "Tirisfal Glades",
    "time": 1790563217,
    "trim": true,
    "area": true
   },
   "geometry": {
    "type": "LineString",
    "coordinates": [
     [
      -2093.4,
      -2281.8
     ],
     [
      -2086.8,
      -2286.5
     ],
     [
      -2081.2,
      -2291.2
     ],
     [
      -2073.7,
      -2295.9
     ],
     [
      -2067.1,
      -2300.6
     ],
     [
      -2058.7,
      -2304.3
     ],
     [
      -2052.1,
      -2308.1
     ],
     [
      -2046.5,
      -2311.8
     ],
     [
      -2039.9,
      -2315.5
     ],
     [
      -2033.4,
      -2320.2
     ],
     [
      -2027.8,
      -2325.9
     ],
     [
      -2023.1,
      -2330.5
     ],
     [
      -2017.5,
      -2337.1
     ],
     [
      -2011.8,
      -2342.7
     ],
     [
      -2007.1,
      -2349.3
     ],
     [
      -2003.4,
      -2354.9
     ],
     [
      -1998.7,
      -2360.5
     ],
     [
      -1993.1,
      -2367.1
     ],
     [
      -1988.4,
      -2371.8
     ],
     [
      -1982.8,
      -2376.5
     ],
     [
      -1978.1,
      -2381.1
     ],
     [
      -1972.5,
      -2386.8
     ],
     [
      -1967.8,
      -2392.4
     ],
     [
      -1963.1,
      -2398
     ],
     [
      -1955.6,
      -2404.6
     ],
     [
      -1950,
      -2411.1
     ],
     [
      -1943.4,
      -2417.7
     ],
     [
      -1937.8,
      -2424.2
     ],
     [
      -1932.2,
      -2428.9
     ],
     [
      -1927.5,
      -2434.6
     ],
     [
      -1921.9,
      -2441.1
     ],
     [
      -1917.2,
      -2445.8
     ],
     [
      -1912.5,
      -2450.5
     ],
     [
      -1906.9,
      -2456.1
     ],
     [
      -1905,
      -2462.7
     ],
     [
      -1908.8,
      -2469.2
     ],
     [
      -1914.4,
      -2478.6
     ],
     [
      -1919.1,
      -2485.2
     ],
     [
      -1923.8,
      -2491.7
     ],
     [
      -1928.4,
      -2498.3
     ],
     [
      -1933.1,
      -2504.8
     ],
     [
      -1938.7,
      -2512.3
     ],
     [
      -1944.4,
      -2519.8
     ],
     [
      -1949.1,
      -2524.5
     ],
     [
      -1953.7,
      -2530.1
     ],
     [
      -1959.4,
      -2534.8
     ],
     [
      -1966.9,
      -2537.6
     ],
     [
      -1975.3,
      -2540.4
     ],
     [
      -1983.7,
      -2542.3
     ],
     [
      -1992.2,
      -2544.2
     ],
     [
      -1998.7,
      -2545.1
     ],
     [
      -2006.2,
      -2544.2
     ],
     [
      -2016.5,
      -2543.2
     ],
     [
      -2024,
      -2540.4
     ],
     [
      -2031.5,
      -2538.6
     ],
     [
      -2039,
      -2533.9
     ],
     [
      -2046.5,
      -2529.2
     ],
     [
      -2054.9,
      -2524.5
     ],
     [
      -2062.4,
      -2519.8
     ],
     [
      -2069,
      -2515.1
     ],
     [
      -2075.6,
      -2510.5
     ],
     [
      -2082.1,
      -2504.8
     ],
     [
      -2086.8,
      -2500.1
     ],
     [
      -2092.4,
      -2495.5
     ],
     [
      -2098,
      -2489.8
     ],
     [
      -2104.6,
      -2482.3
     ],
     [
      -2112.1,
      -2475.8
     ],
     [
      -2116.8,
      -2471.1
     ],
     [
      -2121.5,
      -2465.5
     ],
     [
      -2127.1,
      -2460.8
     ],
     [
      -2131.8,
      -2455.2
     ],
     [
      -2137.4,
      -2448.6
     ],
     [
      -2142.1,
      -2442
     ],
     [
      -2147.7,
      -2436.4
     ],
     [
      -2154.3,
      -2429.9
     ],
     [
      -2159.9,
      -2424.2
     ],
     [
      -2166.4,
      -2418.6
     ],
     [
      -2173,
      -2412.1
     ],
     [
      -2180.5,
      -2404.6
     ],
     [
      -2184.2,
      -2398.9
     ],
     [
      -2188.9,
      -2392.4
     ],
     [
      -2192.7,
      -2386.8
     ],
     [
      -2198.3,
      -2379.3
     ],
     [
      -2202.1,
      -2370.8
     ],
     [
      -2205.8,
      -2365.2
     ],
     [
      -2209.5,
      -2358.7
     ],
     [
      -2212.4,
      -2352.1
     ],
     [
      -2216.1,
      -2345.5
     ],
     [
      -2221.7,
      -2336.2
     ],
     [
      -2224.5,
      -2328.7
     ],
     [
      -2227.4,
      -2322.1
     ],
     [
      -2229.2,
      -2315.5
     ],
     [
      -2233,
      -2307.1
     ],
     [
      -2233.9,
      -2300.6
     ],
     [
      -2230.2,
      -2293.1
     ],
     [
      -2224.5,
      -2285.6
     ],
     [
      -2219.9,
      -2280.9
     ],
     [
      -2214.2,
      -2275.3
     ],
     [
      -2209.5,
      -2270.6
     ],
     [
      -2203.9,
      -2266.8
     ],
     [
      -2196.4,
      -2263.1
     ],
     [
      -2188.9,
      -2259.3
     ],
     [
      -2180.5,
      -2256.5
     ],
     [
      -2171.1,
      -2256.5
     ],
     [
      -2164.6,
      -2256.5
     ],
     [
      -2157.1,
      -2256.5
     ],
     [
      -2148.6,
      -2257.5
     ],
     [
      -2141.1,
      -2260.3
     ],
     [
      -2134.6,
      -2262.1
     ],
     [
      -2128,
      -2263.1
     ],
     [
      -2120.5,
      -2265.9
     ],
     [
      -2113,
      -2269.6
     ],
     [
      -2106.5,
      -2272.4
     ],
     [
      -2099.9,
      -2274.3
     ],
     [
      -2092.4,
      -2276.2
     ],
     [
      -2085.9,
      -2279
     ]
    ]
   }
  },
  {
   "type": "Feature",
   "properties": {
    "op": "remove",
    "source": "recorded",
    "zone": "Tirisfal Glades",
    "time": 1790563229,
    "trim": true,
    "area": true
   },
   "geometry": {
    "type": "LineString",
    "coordinates": [
     [
      -2839.7,
      -2214.4
     ],
     [
      -2829.5,
      -2211.5
     ],
     [
      -2819.2,
      -2210
     ],
     [
      -2806.1,
      -2210
     ],
     [
      -2791.4,
      -2210
     ],
     [
      -2776.8,
      -2211.5
     ],
     [
      -2760.7,
      -2212.9
     ],
     [
      -2746,
      -2212.9
     ],
     [
      -2732.9,
      -2214.4
     ],
     [
      -2718.2,
      -2215.9
     ],
     [
      -2705,
      -2215.9
     ],
     [
      -2690.4,
      -2217.3
     ],
     [
      -2674.3,
      -2218.8
     ],
     [
      -2662.6,
      -2218.8
     ],
     [
      -2652.3,
      -2218.8
     ],
     [
      -2639.2,
      -2220.2
     ],
     [
      -2627.4,
      -2220.2
     ],
     [
      -2615.7,
      -2220.2
     ],
     [
      -2604,
      -2221.7
     ],
     [
      -2592.3,
      -2221.7
     ],
     [
      -2580.6,
      -2223.2
     ],
     [
      -2567.4,
      -2223.2
     ],
     [
      -2557.2,
      -2224.6
     ],
     [
      -2544,
      -2227.6
     ],
     [
      -2532.3,
      -2227.6
     ],
     [
      -2520.6,
      -2229
     ],
     [
      -2510.3,
      -2230.5
     ],
     [
      -2500.1,
      -2232
     ],
     [
      -2489.8,
      -2232
     ],
     [
      -2479.6,
      -2232
     ],
     [
      -2469.3,
      -2230.5
     ],
     [
      -2459.1,
      -2229
     ],
     [
      -2447.4,
      -2226.1
     ],
     [
      -2437.1,
      -2224.6
     ],
     [
      -2425.4,
      -2221.7
     ],
     [
      -2415.1,
      -2218.8
     ],
     [
      -2404.9,
      -2215.9
     ],
     [
      -2394.6,
      -2212.9
     ],
     [
      -2381.5,
      -2208.5
     ],
     [
      -2369.8,
      -2207.1
     ],
     [
      -2358,
      -2205.6
     ],
     [
      -2346.3,
      -2204.1
     ],
     [
      -2334.6,
      -2204.1
     ],
     [
      -2322.9,
      -2204.1
     ],
     [
      -2309.7,
      -2202.7
     ],
     [
      -2298,
      -2202.7
     ],
     [
      -2287.8,
      -2202.7
     ],
     [
      -2276.1,
      -2202.7
     ],
     [
      -2262.9,
      -2202.7
     ],
     [
      -2252.6,
      -2202.7
     ],
     [
      -2239.5,
      -2205.6
     ],
     [
      -2226.3,
      -2207.1
     ],
     [
      -2216,
      -2210
     ],
     [
      -2205.8,
      -2214.4
     ],
     [
      -2197,
      -2223.2
     ],
     [
      -2191.1,
      -2232
     ],
     [
      -2185.3,
      -2245.1
     ],
     [
      -2179.4,
      -2259.8
     ],
     [
      -2179.4,
      -2270
     ],
     [
      -2178,
      -2280.3
     ],
     [
      -2176.5,
      -2290.5
     ],
     [
      -2176.5,
      -2302.2
     ],
     [
      -2178,
      -2313.9
     ],
     [
      -2180.9,
      -2324.2
     ],
     [
      -2185.3,
      -2335.9
     ],
     [
      -2191.1,
      -2349.1
     ],
     [
      -2198.5,
      -2363.7
     ],
     [
      -2205.8,
      -2375.4
     ],
     [
      -2216,
      -2387.2
     ],
     [
      -2224.8,
      -2394.5
     ],
     [
      -2233.6,
      -2403.3
     ],
     [
      -2242.4,
      -2410.6
     ],
     [
      -2251.2,
      -2417.9
     ],
     [
      -2260,
      -2425.2
     ],
     [
      -2270.2,
      -2432.5
     ],
     [
      -2279,
      -2439.9
     ],
     [
      -2287.8,
      -2447.2
     ],
     [
      -2296.6,
      -2454.5
     ],
     [
      -2311.2,
      -2461.8
     ],
     [
      -2328.8,
      -2469.1
     ],
     [
      -2340.5,
      -2473.5
     ],
     [
      -2350.7,
      -2476.5
     ],
     [
      -2361,
      -2479.4
     ],
     [
      -2371.2,
      -2482.3
     ],
     [
      -2387.3,
      -2485.2
     ],
     [
      -2397.6,
      -2485.2
     ],
     [
      -2407.8,
      -2485.2
     ],
     [
      -2418.1,
      -2485.2
     ],
     [
      -2428.3,
      -2485.2
     ],
     [
      -2443,
      -2485.2
     ],
     [
      -2457.6,
      -2483.8
     ],
     [
      -2469.3,
      -2483.8
     ],
     [
      -2485.4,
      -2482.3
     ],
     [
      -2498.6,
      -2480.9
     ],
     [
      -2514.7,
      -2476.5
     ],
     [
      -2529.3,
      -2472.1
     ],
     [
      -2544,
      -2466.2
     ],
     [
      -2555.7,
      -2461.8
     ],
     [
      -2571.8,
      -2454.5
     ],
     [
      -2586.4,
      -2448.6
     ],
     [
      -2596.7,
      -2442.8
     ],
     [
      -2606.9,
      -2436.9
     ],
     [
      -2615.7,
      -2429.6
     ],
     [
      -2626,
      -2420.8
     ],
     [
      -2636.2,
      -2412
     ],
     [
      -2645,
      -2403.3
     ],
     [
      -2653.8,
      -2394.5
     ],
     [
      -2662.6,
      -2385.7
     ],
     [
      -2671.4,
      -2375.4
     ],
     [
      -2678.7,
      -2368.1
     ],
     [
      -2687.5,
      -2357.9
     ],
     [
      -2694.8,
      -2349.1
     ],
     [
      -2702.1,
      -2341.8
     ],
     [
      -2710.9,
      -2331.5
     ],
     [
      -2719.7,
      -2322.7
     ],
     [
      -2727,
      -2313.9
     ],
     [
      -2735.8,
      -2305.2
     ],
     [
      -2743.1,
      -2297.8
     ],
     [
      -2750.4,
      -2290.5
     ],
     [
      -2757.7,
      -2283.2
     ],
     [
      -2766.5,
      -2275.9
     ],
     [
      -2773.9,
      -2268.6
     ],
     [
      -2784.1,
      -2259.8
     ],
     [
      -2792.9,
      -2252.5
     ],
     [
      -2800.2,
      -2245.1
     ],
     [
      -2807.5,
      -2236.4
     ],
     [
      -2814.8,
      -2227.6
     ],
     [
      -2823.6,
      -2221.7
     ],
     [
      -2832.4,
      -2215.9
     ]
    ]
   }
  },
  {
   "type": "Feature",
   "properties": {
    "op": "remove",
    "source": "recorded",
    "zone": "Tirisfal Glades",
    "time": 1790563236,
    "trim": true,
    "area": true
   },
   "geometry": {
    "type": "LineString",
    "coordinates": [
     [
      -2576.6,
      -2216
     ],
     [
      -2571.8,
      -2214.8
     ],
     [
      -2567,
      -2211.8
     ],
     [
      -2562.2,
      -2209.4
     ],
     [
      -2557.4,
      -2207.6
     ],
     [
      -2552.7,
      -2205.8
     ],
     [
      -2548.5,
      -2204
     ],
     [
      -2544.3,
      -2202.2
     ],
     [
      -2540.1,
      -2199.8
     ],
     [
      -2535.9,
      -2197.4
     ],
     [
      -2531.7,
      -2196.2
     ],
     [
      -2527.5,
      -2193.8
     ],
     [
      -2523.9,
      -2191.4
     ],
     [
      -2519.7,
      -2189
     ],
     [
      -2516.1,
      -2186.6
     ],
     [
      -2512.5,
      -2183
     ],
     [
      -2508.3,
      -2180.6
     ],
     [
      -2504.7,
      -2177.6
     ],
     [
      -2499.9,
      -2175.2
     ],
     [
      -2495.1,
      -2173.4
     ],
     [
      -2490.9,
      -2171.6
     ],
     [
      -2486.7,
      -2171
     ],
     [
      -2482.5,
      -2171
     ],
     [
      -2478.3,
      -2170.4
     ],
     [
      -2473.5,
      -2169.2
     ],
     [
      -2468.7,
      -2168.6
     ],
     [
      -2463.9,
      -2167.4
     ],
     [
      -2459.1,
      -2166.2
     ],
     [
      -2454.9,
      -2165
     ],
     [
      -2450.7,
      -2164.4
     ],
     [
      -2445.9,
      -2163.2
     ],
     [
      -2441.7,
      -2162.6
     ],
     [
      -2436.9,
      -2162.6
     ],
     [
      -2432.7,
      -2162
     ],
     [
      -2427.3,
      -2161.4
     ],
     [
      -2423.1,
      -2161.4
     ],
     [
      -2417.7,
      -2161.4
     ],
     [
      -2413.5,
      -2161.4
     ],
     [
      -2408.7,
      -2162
     ],
     [
      -2404.5,
      -2162.6
     ],
     [
      -2399.1,
      -2163.2
     ],
     [
      -2394.9,
      -2164.4
     ],
     [
      -2390.7,
      -2165
     ],
     [
      -2386.5,
      -2166.2
     ],
     [
      -2381.7,
      -2168
     ],
     [
      -2376.9,
      -2170.4
     ],
     [
      -2372.7,
      -2172.2
     ],
     [
      -2367.9,
      -2174
     ],
     [
      -2363.7,
      -2175.8
     ],
     [
      -2358.9,
      -2177.6
     ],
     [
      -2354.2,
      -2178.8
     ],
     [
      -2349.4,
      -2180.6
     ],
     [
      -2344,
      -2182.4
     ],
     [
      -2339.2,
      -2184.2
     ],
     [
      -2334.4,
      -2186.6
     ],
     [
      -2331.4,
      -2189.6
     ],
     [
      -2333.2,
      -2195
     ],
     [
      -2336.8,
      -2201.6
     ],
     [
      -2339.8,
      -2206.4
     ],
     [
      -2344,
      -2211.2
     ],
     [
      -2348.2,
      -2215.4
     ],
     [
      -2351.2,
      -2218.4
     ],
     [
      -2355.3,
      -2221.4
     ],
     [
      -2360.1,
      -2224.4
     ],
     [
      -2366.1,
      -2228
     ],
     [
      -2371.5,
      -2230.4
     ],
     [
      -2377.5,
      -2232.8
     ],
     [
      -2384.1,
      -2235.2
     ],
     [
      -2391.3,
      -2237
     ],
     [
      -2397.3,
      -2238.8
     ],
     [
      -2403.9,
      -2240.6
     ],
     [
      -2411.1,
      -2241.8
     ],
     [
      -2417.7,
      -2243
     ],
     [
      -2424.3,
      -2244.2
     ],
     [
      -2432.1,
      -2244.8
     ],
     [
      -2439.3,
      -2246
     ],
     [
      -2447.1,
      -2246.6
     ],
     [
      -2453.1,
      -2247.2
     ],
     [
      -2460.3,
      -2247.8
     ],
     [
      -2465.7,
      -2247.8
     ],
     [
      -2469.9,
      -2247.8
     ],
     [
      -2475.9,
      -2247.8
     ],
     [
      -2483.1,
      -2247.8
     ],
     [
      -2489.7,
      -2247.8
     ],
     [
      -2493.9,
      -2247.2
     ],
     [
      -2498.1,
      -2246
     ],
     [
      -2502.3,
      -2244.8
     ],
     [
      -2507.1,
      -2243.6
     ],
     [
      -2511.3,
      -2242.4
     ],
     [
      -2517.3,
      -2240.6
     ],
     [
      -2521.5,
      -2239.4
     ],
     [
      -2525.7,
      -2238.2
     ],
     [
      -2531.7,
      -2237
     ],
     [
      -2537.7,
      -2235.2
     ],
     [
      -2543.7,
      -2232.8
     ],
     [
      -2550.3,
      -2229.8
     ],
     [
      -2556.8,
      -2227.4
     ],
     [
      -2561.6,
      -2225.6
     ],
     [
      -2565.8,
      -2224.4
     ],
     [
      -2570,
      -2223.2
     ],
     [
      -2574.8,
      -2221.4
     ],
     [
      -2578.4,
      -2218.4
     ],
     [
      -2577.8,
      -2214.2
     ]
    ]
   }
  },
  {
   "type": "Feature",
   "properties": {
    "op": "remove",
    "source": "recorded",
    "zone": "Tirisfal Glades",
    "time": 1790563239,
    "trim": true
   },
   "geometry": {
    "type": "LineString",
    "coordinates": [
     [
      -2365.5,
      -2175.2
     ],
     [
      -2367.3,
      -2171
     ],
     [
      -2368.5,
      -2166.8
     ],
     [
      -2369.1,
      -2162.6
     ],
     [
      -2371.5,
      -2159
     ],
     [
      -2375.7,
      -2157.2
     ]
    ]
   }
  },
  {
   "type": "Feature",
   "properties": {
    "op": "add",
    "source": "recorded",
    "zone": "Tirisfal Glades",
    "time": 1790563241,
    "trim": true
   },
   "geometry": {
    "type": "LineString",
    "coordinates": [
     [
      -2388.9,
      -2149.4
     ],
     [
      -2384.7,
      -2150.6
     ],
     [
      -2380.5,
      -2152.4
     ],
     [
      -2375.7,
      -2154.2
     ],
     [
      -2371.5,
      -2156
     ],
     [
      -2367.3,
      -2157.2
     ],
     [
      -2363.1,
      -2159
     ],
     [
      -2358.9,
      -2160.8
     ],
     [
      -2354.8,
      -2162
     ]
    ]
   }
  },
  {
   "type": "Feature",
   "properties": {
    "op": "remove",
    "source": "recorded",
    "zone": "Tirisfal Glades",
    "time": 1790563249,
    "trim": true
   },
   "geometry": {
    "type": "LineString",
    "coordinates": [
     [
      -2219.8,
      -2187
     ],
     [
      -2220.6,
      -2192.2
     ],
     [
      -2221.3,
      -2197.5
     ],
     [
      -2221.3,
      -2202.7
     ],
     [
      -2221.3,
      -2208
     ]
    ]
   }
  },
  {
   "type": "Feature",
   "properties": {
    "op": "remove",
    "source": "recorded",
    "zone": "Tirisfal Glades",
    "time": 1790563251,
    "trim": true
   },
   "geometry": {
    "type": "LineString",
    "coordinates": [
     [
      -2143.4,
      -2220.7
     ],
     [
      -2144.1,
      -2226
     ],
     [
      -2146.4,
      -2231.2
     ],
     [
      -2148.6,
      -2237.2
     ],
     [
      -2150.1,
      -2242.5
     ],
     [
      -2151.6,
      -2247.7
     ],
     [
      -2152.4,
      -2253
     ]
    ]
   }
  },
  {
   "type": "Feature",
   "properties": {
    "op": "add",
    "source": "recorded",
    "zone": "Tirisfal Glades",
    "time": 1790563253,
    "trim": true
   },
   "geometry": {
    "type": "LineString",
    "coordinates": [
     [
      -2233.3,
      -2182.5
     ],
     [
      -2228.1,
      -2183.2
     ],
     [
      -2222.1,
      -2185.5
     ],
     [
      -2216.8,
      -2186.2
     ],
     [
      -2211.6,
      -2187
     ],
     [
      -2206.3,
      -2187.7
     ],
     [
      -2201.8,
      -2184.7
     ]
    ]
   }
  },
  {
   "type": "Feature",
   "properties": {
    "op": "add",
    "source": "recorded",
    "zone": "Tirisfal Glades",
    "time": 1790563256,
    "trim": true
   },
   "geometry": {
    "type": "LineString",
    "coordinates": [
     [
      -2221.3,
      -2183.2
     ],
     [
      -2226.6,
      -2182.5
     ],
     [
      -2231.8,
      -2181.7
     ],
     [
      -2237.1,
      -2181.7
     ],
     [
      -2242.3,
      -2184
     ],
     [
      -2247.6,
      -2184.7
     ],
     [
      -2252.8,
      -2184
     ]
    ]
   }
  },
  {
   "type": "Feature",
   "properties": {
    "op": "add",
    "source": "recorded",
    "zone": "Tirisfal Glades",
    "time": 1790563259,
    "trim": true
   },
   "geometry": {
    "type": "LineString",
    "coordinates": [
     [
      -2197.4,
      -2181.2
     ],
     [
      -2200.8,
      -2182.1
     ],
     [
      -2205.1,
      -2183.1
     ],
     [
      -2208.5,
      -2183.6
     ],
     [
      -2212.3,
      -2183.6
     ],
     [
      -2215.7,
      -2183.6
     ],
     [
      -2219.5,
      -2184
     ],
     [
      -2222.9,
      -2184
     ],
     [
      -2226.2,
      -2183.6
     ],
     [
      -2229.6,
      -2183.6
     ],
     [
      -2232.9,
      -2183.1
     ]
    ]
   }
  },
  {
   "type": "Feature",
   "properties": {
    "op": "add",
    "source": "recorded",
    "zone": "Tirisfal Glades",
    "time": 1790563262,
    "trim": true
   },
   "geometry": {
    "type": "LineString",
    "coordinates": [
     [
      -2199.8,
      -2183.6
     ],
     [
      -2196,
      -2182.6
     ],
     [
      -2192.2,
      -2182.6
     ],
     [
      -2188.3,
      -2182.6
     ],
     [
      -2185,
      -2182.6
     ],
     [
      -2181.1,
      -2183.6
     ],
     [
      -2177.8,
      -2185
     ],
     [
      -2174.4,
      -2186
     ],
     [
      -2170.6,
      -2187.9
     ],
     [
      -2166.7,
      -2189.3
     ],
     [
      -2163.4,
      -2191.2
     ],
     [
      -2160,
      -2192.2
     ],
     [
      -2156.7,
      -2193.2
     ],
     [
      -2152.8,
      -2195.1
     ],
     [
      -2149.9,
      -2197.5
     ],
     [
      -2147.1,
      -2199.4
     ],
     [
      -2143.7,
      -2202.3
     ],
     [
      -2141.8,
      -2206.1
     ],
     [
      -2140.3,
      -2209.5
     ],
     [
      -2138.4,
      -2212.3
     ],
     [
      -2136,
      -2214.7
     ],
     [
      -2133.2,
      -2216.7
     ],
     [
      -2129.8,
      -2218.6
     ],
     [
      -2126.4,
      -2219.5
     ],
     [
      -2123.1,
      -2220
     ],
     [
      -2119.7,
      -2220
     ],
     [
      -2116.4,
      -2219.5
     ]
    ]
   }
  },
  {
   "type": "Feature",
   "properties": {
    "op": "remove",
    "source": "recorded",
    "zone": "Tirisfal Glades",
    "time": 1790563270,
    "trim": true
   },
   "geometry": {
    "type": "LineString",
    "coordinates": [
     [
      -2200.2,
      -2185.7
     ],
     [
      -2201.2,
      -2184
     ],
     [
      -2202.1,
      -2182.5
     ],
     [
      -2203.4,
      -2181.1
     ],
     [
      -2204.6,
      -2179.8
     ],
     [
      -2206.3,
      -2180.1
     ],
     [
      -2207.8,
      -2181.1
     ],
     [
      -2209,
      -2182.5
     ],
     [
      -2210,
      -2184
     ],
     [
      -2209.3,
      -2185.7
     ],
     [
      -2207.1,
      -2186.2
     ],
     [
      -2205.3,
      -2186.5
     ],
     [
      -2203.4,
      -2185.7
     ],
     [
      -2202.1,
      -2184.5
     ],
     [
      -2200.9,
      -2183.3
     ]
    ]
   }
  },
  {
   "type": "Feature",
   "properties": {
    "op": "add",
    "source": "recorded",
    "zone": "Tirisfal Glades",
    "time": 1790563274,
    "trim": true
   },
   "geometry": {
    "type": "LineString",
    "coordinates": [
     [
      -2175.1,
      -2186.2
     ],
     [
      -2177.1,
      -2185.5
     ],
     [
      -2178.8,
      -2185.2
     ],
     [
      -2180.5,
      -2185.2
     ],
     [
      -2182.3,
      -2185
     ],
     [
      -2184,
      -2185
     ],
     [
      -2185.7,
      -2184.7
     ],
     [
      -2187.4,
      -2184.5
     ],
     [
      -2189.1,
      -2184.5
     ],
     [
      -2190.8,
      -2184.3
     ],
     [
      -2192.8,
      -2184.3
     ],
     [
      -2195,
      -2184.3
     ],
     [
      -2197,
      -2184
     ],
     [
      -2198.7,
      -2183.8
     ],
     [
      -2200.4,
      -2183.8
     ],
     [
      -2202.1,
      -2183.8
     ],
     [
      -2203.9,
      -2183.8
     ],
     [
      -2205.8,
      -2183.8
     ],
     [
      -2207.8,
      -2184
     ],
     [
      -2209.5,
      -2184
     ],
     [
      -2211.2,
      -2184
     ],
     [
      -2213,
      -2184
     ],
     [
      -2214.7,
      -2184
     ],
     [
      -2216.6,
      -2184
     ],
     [
      -2218.4,
      -2184
     ],
     [
      -2220.1,
      -2184
     ],
     [
      -2221.8,
      -2184
     ],
     [
      -2223.5,
      -2184
     ],
     [
      -2225.2,
      -2184
     ],
     [
      -2227,
      -2184.3
     ],
     [
      -2228.7,
      -2183.8
     ],
     [
      -2230.4,
      -2182.8
     ]
    ]
   }
  },
  {
   "type": "Feature",
   "properties": {
    "op": "remove",
    "source": "recorded",
    "zone": "Tirisfal Glades",
    "time": 1790563280,
    "trim": true,
    "area": true
   },
   "geometry": {
    "type": "LineString",
    "coordinates": [
     [
      -2233.1,
      -2177.4
     ],
     [
      -2230.9,
      -2177.9
     ],
     [
      -2229.2,
      -2177.9
     ],
     [
      -2227.2,
      -2177.9
     ],
     [
      -2225.5,
      -2178.1
     ],
     [
      -2223.8,
      -2178.6
     ],
     [
      -2221.8,
      -2178.6
     ],
     [
      -2220.1,
      -2178.6
     ],
     [
      -2218.4,
      -2178.6
     ],
     [
      -2216.1,
      -2178.4
     ],
     [
      -2213.9,
      -2178.4
     ],
     [
      -2212.2,
      -2178.4
     ],
     [
      -2210.3,
      -2178.4
     ],
     [
      -2208.3,
      -2178.4
     ],
     [
      -2206.6,
      -2178.4
     ],
     [
      -2204.6,
      -2178.4
     ],
     [
      -2202.4,
      -2178.6
     ],
     [
      -2200.4,
      -2178.8
     ],
     [
      -2198.2,
      -2178.8
     ],
     [
      -2196.5,
      -2178.8
     ],
     [
      -2194.8,
      -2179.1
     ],
     [
      -2192.6,
      -2179.1
     ],
     [
      -2190.8,
      -2179.3
     ],
     [
      -2188.6,
      -2179.3
     ],
     [
      -2186.9,
      -2179.3
     ],
     [
      -2185,
      -2179.6
     ],
     [
      -2183.2,
      -2180.1
     ],
     [
      -2181.3,
      -2180.6
     ],
     [
      -2179.3,
      -2180.8
     ],
     [
      -2177.1,
      -2181.3
     ],
     [
      -2175.1,
      -2181.3
     ],
     [
      -2172.9,
      -2181.3
     ],
     [
      -2171,
      -2180.8
     ],
     [
      -2169,
      -2180.3
     ],
     [
      -2166.8,
      -2179.6
     ],
     [
      -2165.3,
      -2178.6
     ],
     [
      -2163.6,
      -2177.4
     ],
     [
      -2162.6,
      -2175.7
     ],
     [
      -2162.4,
      -2173.7
     ],
     [
      -2162.4,
      -2171.5
     ],
     [
      -2162.4,
      -2168.8
     ],
     [
      -2162.4,
      -2165.8
     ],
     [
      -2162.4,
      -2163.1
     ],
     [
      -2162.4,
      -2159.7
     ],
     [
      -2162.4,
      -2156.5
     ],
     [
      -2162.4,
      -2153.1
     ],
     [
      -2162.4,
      -2149.6
     ],
     [
      -2162.1,
      -2146.2
     ],
     [
      -2161.9,
      -2143.2
     ],
     [
      -2161.6,
      -2140.3
     ],
     [
      -2161.4,
      -2137.1
     ],
     [
      -2161.1,
      -2133.9
     ],
     [
      -2160.9,
      -2131.2
     ],
     [
      -2160.6,
      -2128.7
     ],
     [
      -2160.4,
      -2125.5
     ],
     [
      -2160.4,
      -2122.8
     ],
     [
      -2160.1,
      -2120.1
     ],
     [
      -2160.1,
      -2117.4
     ],
     [
      -2159.9,
      -2114.7
     ],
     [
      -2159.4,
      -2111.8
     ],
     [
      -2158.9,
      -2108.4
     ],
     [
      -2158.7,
      -2105.9
     ],
     [
      -2158.2,
      -2102.2
     ],
     [
      -2157.9,
      -2099.5
     ],
     [
      -2157.4,
      -2096.3
     ],
     [
      -2157,
      -2093.1
     ],
     [
      -2156.5,
      -2090.2
     ],
     [
      -2155.7,
      -2087
     ],
     [
      -2155,
      -2084.3
     ],
     [
      -2154,
      -2081.6
     ],
     [
      -2153.3,
      -2079.6
     ],
     [
      -2152,
      -2077.4
     ],
     [
      -2151.1,
      -2075.2
     ],
     [
      -2149.8,
      -2073
     ],
     [
      -2148.8,
      -2070.5
     ],
     [
      -2147.6,
      -2067.8
     ],
     [
      -2146.9,
      -2065.6
     ],
     [
      -2145.9,
      -2063.4
     ],
     [
      -2145.2,
      -2061.2
     ],
     [
      -2144.4,
      -2058
     ],
     [
      -2143.9,
      -2055
     ],
     [
      -2143.2,
      -2051.6
     ],
     [
      -2142.9,
      -2048.9
     ],
     [
      -2142.7,
      -2045.7
     ],
     [
      -2142.2,
      -2040.8
     ],
     [
      -2142.2,
      -2037.1
     ],
     [
      -2142,
      -2033.9
     ],
     [
      -2142,
      -2030.5
     ],
     [
      -2141.7,
      -2027.8
     ],
     [
      -2141.5,
      -2024.8
     ],
     [
      -2141,
      -2022.1
     ],
     [
      -2140.5,
      -2019.4
     ],
     [
      -2140.2,
      -2017.5
     ],
     [
      -2139.8,
      -2015.3
     ],
     [
      -2139.5,
      -2012.8
     ],
     [
      -2139.5,
      -2011.1
     ],
     [
      -2140.2,
      -2008.9
     ],
     [
      -2141.7,
      -2006.9
     ],
     [
      -2142.9,
      -2005.4
     ],
     [
      -2144.9,
      -2003.7
     ],
     [
      -2147.4,
      -2002
     ],
     [
      -2149.8,
      -2000.8
     ],
     [
      -2152.5,
      -1999.8
     ],
     [
      -2155.7,
      -1999
     ],
     [
      -2159.9,
      -1998.6
     ],
     [
      -2164.1,
      -1998.6
     ],
     [
      -2168.7,
      -1999
     ],
     [
      -2172.9,
      -2000
     ],
     [
      -2177.3,
      -2000.8
     ],
     [
      -2181.5,
      -2001.5
     ],
     [
      -2185.9,
      -2002.2
     ],
     [
      -2189.6,
      -2003
     ],
     [
      -2193.3,
      -2004
     ],
     [
      -2196.7,
      -2004.7
     ],
     [
      -2199.2,
      -2005.4
     ],
     [
      -2202.4,
      -2006.2
     ],
     [
      -2205.8,
      -2006.7
     ],
     [
      -2209,
      -2007.4
     ],
     [
      -2212.2,
      -2008.4
     ],
     [
      -2215.7,
      -2009.6
     ],
     [
      -2219.1,
      -2011.3
     ],
     [
      -2223,
      -2013.8
     ],
     [
      -2226.2,
      -2016.5
     ],
     [
      -2229.2,
      -2019.4
     ],
     [
      -2231.9,
      -2022.6
     ],
     [
      -2234.6,
      -2026.3
     ],
     [
      -2236.8,
      -2029.5
     ],
     [
      -2239.5,
      -2033.9
     ],
     [
      -2241.9,
      -2038.8
     ],
     [
      -2244.4,
      -2044.7
     ],
     [
      -2245.9,
      -2049.9
     ],
     [
      -2247.1,
      -2055.8
     ],
     [
      -2247.6,
      -2061.4
     ],
     [
      -2248.1,
      -2068.3
     ],
     [
      -2248.6,
      -2074.9
     ],
     [
      -2249.3,
      -2081.1
     ],
     [
      -2250,
      -2087
     ],
     [
      -2250.5,
      -2093.4
     ],
     [
      -2251,
      -2099.5
     ],
     [
      -2251,
      -2105.2
     ],
     [
      -2250.8,
      -2109.8
     ],
     [
      -2249.8,
      -2115.2
     ],
     [
      -2248.8,
      -2120.1
     ],
     [
      -2247.6,
      -2125.1
     ],
     [
      -2246.4,
      -2130
     ],
     [
      -2245.4,
      -2133.9
     ],
     [
      -2244.4,
      -2137.3
     ],
     [
      -2243.4,
      -2140.3
     ],
     [
      -2242.7,
      -2142.5
     ],
     [
      -2241.9,
      -2145
     ],
     [
      -2241.2,
      -2147.2
     ],
     [
      -2240.7,
      -2149.9
     ],
     [
      -2240.2,
      -2152.8
     ],
     [
      -2239.7,
      -2156
     ],
     [
      -2239.2,
      -2158.2
     ],
     [
      -2239,
      -2160.2
     ],
     [
      -2238.7,
      -2161.9
     ],
     [
      -2238.3,
      -2163.9
     ],
     [
      -2237.8,
      -2166.6
     ],
     [
      -2237.5,
      -2168.3
     ],
     [
      -2237,
      -2170
     ],
     [
      -2236.8,
      -2171.7
     ],
     [
      -2235.8,
      -2173.7
     ],
     [
      -2234.8,
      -2175.2
     ],
     [
      -2233.8,
      -2176.6
     ],
     [
      -2232.9,
      -2178.1
     ]
    ]
   }
  },
  {
   "type": "Feature",
   "properties": {
    "op": "remove",
    "source": "recorded",
    "zone": "Tirisfal Glades",
    "time": 1790563290,
    "trim": true,
    "area": true
   },
   "geometry": {
    "type": "LineString",
    "coordinates": [
     [
      -1992.4,
      -2302.5
     ],
     [
      -1990,
      -2307.3
     ],
     [
      -1987,
      -2310.9
     ],
     [
      -1984,
      -2314.5
     ],
     [
      -1981,
      -2317.5
     ],
     [
      -1978.6,
      -2321.1
     ],
     [
      -1975.6,
      -2324.1
     ],
     [
      -1972,
      -2326.5
     ],
     [
      -1969,
      -2329.5
     ],
     [
      -1964.8,
      -2331.9
     ],
     [
      -1961.2,
      -2334.9
     ],
     [
      -1957.6,
      -2337.3
     ],
     [
      -1954,
      -2340.3
     ],
     [
      -1950.4,
      -2343.2
     ],
     [
      -1946.8,
      -2345.6
     ],
     [
      -1943.8,
      -2348.6
     ],
     [
      -1940.2,
      -2351
     ],
     [
      -1936.6,
      -2354
     ],
     [
      -1933.6,
      -2357
     ],
     [
      -1930.6,
      -2360
     ],
     [
      -1927.6,
      -2363
     ],
     [
      -1924.6,
      -2366.6
     ],
     [
      -1922.2,
      -2370.2
     ],
     [
      -1919.2,
      -2373.8
     ],
     [
      -1916.8,
      -2378
     ],
     [
      -1914.4,
      -2381.6
     ],
     [
      -1911.4,
      -2385.8
     ],
     [
      -1909.6,
      -2390
     ],
     [
      -1907.2,
      -2393.6
     ],
     [
      -1904.8,
      -2397.2
     ],
     [
      -1902.4,
      -2400.8
     ],
     [
      -1899.4,
      -2404.4
     ],
     [
      -1896.4,
      -2408
     ],
     [
      -1894,
      -2411.6
     ],
     [
      -1891,
      -2414.6
     ],
     [
      -1889.2,
      -2418.8
     ],
     [
      -1889.2,
      -2423
     ],
     [
      -1893.4,
      -2426
     ],
     [
      -1898.2,
      -2428.4
     ],
     [
      -1902.4,
      -2429
     ],
     [
      -1907.2,
      -2429.6
     ],
     [
      -1912,
      -2429.6
     ],
     [
      -1916.2,
      -2428.4
     ],
     [
      -1920.4,
      -2427.2
     ],
     [
      -1925.2,
      -2424.8
     ],
     [
      -1928.8,
      -2422.4
     ],
     [
      -1932.4,
      -2418.8
     ],
     [
      -1936,
      -2415.2
     ],
     [
      -1939,
      -2411.6
     ],
     [
      -1942,
      -2408
     ],
     [
      -1945.6,
      -2403.8
     ],
     [
      -1949.2,
      -2398.4
     ],
     [
      -1952.2,
      -2393
     ],
     [
      -1955.2,
      -2388.8
     ],
     [
      -1958.2,
      -2384.6
     ],
     [
      -1961.2,
      -2381
     ],
     [
      -1964.8,
      -2376.2
     ],
     [
      -1969,
      -2371.4
     ],
     [
      -1973.2,
      -2366.6
     ],
     [
      -1976.8,
      -2362.4
     ],
     [
      -1980.4,
      -2358.2
     ],
     [
      -1984.6,
      -2354
     ],
     [
      -1988.2,
      -2349.8
     ],
     [
      -1991.8,
      -2345.6
     ],
     [
      -1995.4,
      -2342.1
     ],
     [
      -1998.4,
      -2339.1
     ],
     [
      -2001.4,
      -2336.1
     ],
     [
      -2005.6,
      -2333.1
     ],
     [
      -2009.2,
      -2330.1
     ],
     [
      -2012.8,
      -2327.1
     ],
     [
      -2016.4,
      -2324.7
     ],
     [
      -2020,
      -2321.7
     ],
     [
      -2023.6,
      -2319.3
     ],
     [
      -2027.1,
      -2316.3
     ],
     [
      -2030.1,
      -2312.7
     ],
     [
      -2029.5,
      -2308.5
     ],
     [
      -2027.1,
      -2304.9
     ],
     [
      -2024.1,
      -2301.9
     ],
     [
      -2020.6,
      -2298.9
     ],
     [
      -2015.8,
      -2296.5
     ],
     [
      -2011.6,
      -2296.5
     ],
     [
      -2007.4,
      -2297.7
     ],
     [
      -2003.2,
      -2298.9
     ],
     [
      -1999,
      -2301.3
     ],
     [
      -1994.8,
      -2303.1
     ],
     [
      -1990.6,
      -2304.3
     ]
    ]
   }
  },
  {
   "type": "Feature",
   "properties": {
    "op": "remove",
    "source": "recorded",
    "zone": "Tirisfal Glades",
    "time": 1790563297,
    "trim": true,
    "area": true
   },
   "geometry": {
    "type": "LineString",
    "coordinates": [
     [
      -1877.2,
      -2406.2
     ],
     [
      -1880.2,
      -2402.6
     ],
     [
      -1882.6,
      -2399
     ],
     [
      -1885,
      -2394.8
     ],
     [
      -1887.4,
      -2390.6
     ],
     [
      -1888.6,
      -2386.4
     ],
     [
      -1890.4,
      -2382.2
     ],
     [
      -1892.8,
      -2377.4
     ],
     [
      -1894.6,
      -2373.2
     ],
     [
      -1897.6,
      -2369
     ],
     [
      -1900.6,
      -2365.4
     ],
     [
      -1903.6,
      -2361.2
     ],
     [
      -1906.6,
      -2358.2
     ],
     [
      -1909.6,
      -2355.2
     ],
     [
      -1913.8,
      -2351.6
     ],
     [
      -1917.4,
      -2349.2
     ],
     [
      -1921,
      -2346.2
     ],
     [
      -1924.6,
      -2343.2
     ],
     [
      -1928.2,
      -2340.3
     ],
     [
      -1931.8,
      -2337.3
     ],
     [
      -1935.4,
      -2334.3
     ],
     [
      -1938.4,
      -2331.3
     ],
     [
      -1942.6,
      -2328.3
     ],
     [
      -1946.2,
      -2325.9
     ],
     [
      -1949.2,
      -2322.9
     ],
     [
      -1952.8,
      -2320.5
     ],
     [
      -1957,
      -2318.1
     ],
     [
      -1960.6,
      -2315.7
     ],
     [
      -1964.2,
      -2313.3
     ],
     [
      -1966.6,
      -2309.1
     ],
     [
      -1966.6,
      -2304.9
     ],
     [
      -1966.6,
      -2300.1
     ],
     [
      -1966.6,
      -2295.9
     ],
     [
      -1966.6,
      -2291.7
     ],
     [
      -1966.6,
      -2287.5
     ],
     [
      -1966.6,
      -2283.3
     ],
     [
      -1966,
      -2278.5
     ],
     [
      -1964.2,
      -2272.5
     ],
     [
      -1963,
      -2267.7
     ],
     [
      -1961.8,
      -2263.5
     ],
     [
      -1959.4,
      -2259.9
     ],
     [
      -1957,
      -2255.7
     ],
     [
      -1954,
      -2251.5
     ],
     [
      -1951.6,
      -2246.1
     ],
     [
      -1949.2,
      -2242.5
     ],
     [
      -1946.2,
      -2238.9
     ],
     [
      -1943.2,
      -2234.7
     ],
     [
      -1940.8,
      -2230.5
     ],
     [
      -1938.4,
      -2225.7
     ],
     [
      -1936.6,
      -2220.9
     ],
     [
      -1934.2,
      -2216.1
     ],
     [
      -1931.8,
      -2211.3
     ],
     [
      -1928.8,
      -2206.5
     ],
     [
      -1926.4,
      -2202.9
     ],
     [
      -1923.4,
      -2199.9
     ],
     [
      -1921,
      -2196.3
     ],
     [
      -1917.4,
      -2192.1
     ],
     [
      -1914.4,
      -2188.5
     ],
     [
      -1911.4,
      -2185.5
     ],
     [
      -1908.4,
      -2181.3
     ],
     [
      -1904.8,
      -2177.1
     ],
     [
      -1901.2,
      -2173.5
     ],
     [
      -1897.6,
      -2170.5
     ],
     [
      -1894,
      -2166.9
     ],
     [
      -1888,
      -2163.9
     ],
     [
      -1882,
      -2161.5
     ],
     [
      -1876,
      -2159.7
     ],
     [
      -1871.2,
      -2157.9
     ],
     [
      -1867,
      -2156.1
     ],
     [
      -1862.2,
      -2154.9
     ],
     [
      -1858,
      -2153.7
     ],
     [
      -1853.2,
      -2153.7
     ],
     [
      -1848.4,
      -2153.7
     ],
     [
      -1844.2,
      -2154.3
     ],
     [
      -1839.4,
      -2154.9
     ],
     [
      -1834.6,
      -2155.5
     ],
     [
      -1829.8,
      -2156.7
     ],
     [
      -1825.1,
      -2157.9
     ],
     [
      -1818.5,
      -2160.3
     ],
     [
      -1812.5,
      -2162.7
     ],
     [
      -1808.9,
      -2165.1
     ],
     [
      -1805.3,
      -2167.5
     ],
     [
      -1800.5,
      -2169.9
     ],
     [
      -1796.3,
      -2173.5
     ],
     [
      -1793.3,
      -2177.7
     ],
     [
      -1791.5,
      -2183.1
     ],
     [
      -1789.1,
      -2189.7
     ],
     [
      -1787.3,
      -2195.7
     ],
     [
      -1785.5,
      -2202.3
     ],
     [
      -1784.3,
      -2209.5
     ],
     [
      -1782.5,
      -2216.7
     ],
     [
      -1781.3,
      -2224.5
     ],
     [
      -1780.1,
      -2232.3
     ],
     [
      -1779.5,
      -2240.1
     ],
     [
      -1778.9,
      -2248.5
     ],
     [
      -1778.9,
      -2259.3
     ],
     [
      -1778.9,
      -2268.9
     ],
     [
      -1778.9,
      -2275.5
     ],
     [
      -1778.9,
      -2282.7
     ],
     [
      -1779.5,
      -2288.1
     ],
     [
      -1780.7,
      -2294.7
     ],
     [
      -1782.5,
      -2301.3
     ],
     [
      -1784.3,
      -2307.3
     ],
     [
      -1786.1,
      -2313.3
     ],
     [
      -1788.5,
      -2319.3
     ],
     [
      -1792.1,
      -2325.9
     ],
     [
      -1796.3,
      -2331.3
     ],
     [
      -1799.3,
      -2334.9
     ],
     [
      -1802.3,
      -2339.1
     ],
     [
      -1805.3,
      -2343.2
     ],
     [
      -1808.3,
      -2348
     ],
     [
      -1811.3,
      -2354
     ],
     [
      -1813.7,
      -2357.6
     ],
     [
      -1816.1,
      -2361.8
     ],
     [
      -1819.1,
      -2366.6
     ],
     [
      -1821.5,
      -2370.8
     ],
     [
      -1824.5,
      -2374.4
     ],
     [
      -1827.4,
      -2378.6
     ],
     [
      -1830.4,
      -2382.2
     ],
     [
      -1834,
      -2385.8
     ],
     [
      -1838.2,
      -2388.8
     ],
     [
      -1841.8,
      -2392.4
     ],
     [
      -1846.6,
      -2395.4
     ],
     [
      -1850.8,
      -2397.8
     ],
     [
      -1855,
      -2399.6
     ],
     [
      -1859.2,
      -2401.4
     ],
     [
      -1863.4,
      -2402
     ],
     [
      -1867.6,
      -2402
     ],
     [
      -1871.8,
      -2402
     ],
     [
      -1876,
      -2402
     ],
     [
      -1879.6,
      -2404.4
     ]
    ]
   }
  },
  {
   "type": "Feature",
   "properties": {
    "op": "remove",
    "source": "recorded",
    "zone": "Tirisfal Glades",
    "time": 1790563302,
    "trim": true,
    "area": true
   },
   "geometry": {
    "type": "LineString",
    "coordinates": [
     [
      -1825.6,
      -2110
     ],
     [
      -1822.7,
      -2106.4
     ],
     [
      -1819.1,
      -2102.8
     ],
     [
      -1816.1,
      -2099.8
     ],
     [
      -1811.9,
      -2095.6
     ],
     [
      -1805.3,
      -2089.6
     ],
     [
      -1799.3,
      -2083
     ],
     [
      -1792.1,
      -2077
     ],
     [
      -1785.5,
      -2070.4
     ],
     [
      -1777.7,
      -2063.2
     ],
     [
      -1770.5,
      -2057.2
     ],
     [
      -1761.5,
      -2049.4
     ],
     [
      -1752.5,
      -2041
     ],
     [
      -1744.7,
      -2035
     ],
     [
      -1735.1,
      -2026
     ],
     [
      -1726.7,
      -2018.8
     ],
     [
      -1717.7,
      -2012.2
     ],
     [
      -1707.5,
      -2004.4
     ],
     [
      -1699.7,
      -1999
     ],
     [
      -1689.5,
      -1991.8
     ],
     [
      -1682.3,
      -1987
     ],
     [
      -1674.5,
      -1981
     ],
     [
      -1666.7,
      -1975.6
     ],
     [
      -1658.9,
      -1969.6
     ],
     [
      -1651.7,
      -1964.2
     ],
     [
      -1643.9,
      -1958.8
     ],
     [
      -1636.7,
      -1954.6
     ],
     [
      -1628.9,
      -1949.2
     ],
     [
      -1621.8,
      -1945.1
     ],
     [
      -1615.2,
      -1941.5
     ],
     [
      -1608.6,
      -1937.3
     ],
     [
      -1602.6,
      -1933.7
     ],
     [
      -1596.6,
      -1930.1
     ],
     [
      -1591.8,
      -1927.7
     ],
     [
      -1587,
      -1925.3
     ],
     [
      -1581.6,
      -1922.3
     ],
     [
      -1574.4,
      -1918.7
     ],
     [
      -1567.2,
      -1916.3
     ],
     [
      -1560.6,
      -1915.1
     ],
     [
      -1554.6,
      -1915.1
     ],
     [
      -1548,
      -1917.5
     ],
     [
      -1544.4,
      -1919.9
     ],
     [
      -1540.2,
      -1922.9
     ],
     [
      -1536,
      -1926.5
     ],
     [
      -1532.4,
      -1930.1
     ],
     [
      -1529.4,
      -1934.3
     ],
     [
      -1526.4,
      -1940.3
     ],
     [
      -1524,
      -1946.8
     ],
     [
      -1522.2,
      -1954.6
     ],
     [
      -1521.6,
      -1965.4
     ],
     [
      -1521.6,
      -1976.8
     ],
     [
      -1522.8,
      -1991.2
     ],
     [
      -1525.2,
      -2002
     ],
     [
      -1528.8,
      -2014
     ],
     [
      -1532.4,
      -2023.6
     ],
     [
      -1536.6,
      -2033.2
     ],
     [
      -1541.4,
      -2041.6
     ],
     [
      -1547.4,
      -2050.6
     ],
     [
      -1553.4,
      -2057.8
     ],
     [
      -1560.6,
      -2065
     ],
     [
      -1569.6,
      -2073.4
     ],
     [
      -1578,
      -2080.6
     ],
     [
      -1588.8,
      -2089
     ],
     [
      -1600.2,
      -2096.8
     ],
     [
      -1611.6,
      -2104
     ],
     [
      -1623,
      -2111.2
     ],
     [
      -1634.9,
      -2120.2
     ],
     [
      -1646.3,
      -2128.6
     ],
     [
      -1658.3,
      -2138.2
     ],
     [
      -1669.1,
      -2147.1
     ],
     [
      -1678.1,
      -2153.7
     ],
     [
      -1689.5,
      -2160.3
     ],
     [
      -1699.1,
      -2164.5
     ],
     [
      -1708.7,
      -2167.5
     ],
     [
      -1717.1,
      -2169.3
     ],
     [
      -1724.9,
      -2169.9
     ],
     [
      -1733.9,
      -2171.1
     ],
     [
      -1741.1,
      -2171.7
     ],
     [
      -1748.9,
      -2172.9
     ],
     [
      -1756.1,
      -2174.1
     ],
     [
      -1761.5,
      -2174.7
     ],
     [
      -1765.7,
      -2175.9
     ],
     [
      -1772.3,
      -2176.5
     ],
     [
      -1778.3,
      -2176.5
     ],
     [
      -1784.9,
      -2174.1
     ],
     [
      -1791.5,
      -2171.7
     ],
     [
      -1796.3,
      -2170.5
     ],
     [
      -1800.5,
      -2169.3
     ],
     [
      -1804.7,
      -2166.3
     ],
     [
      -1808.9,
      -2161.5
     ],
     [
      -1813.1,
      -2155.5
     ],
     [
      -1817.3,
      -2150.1
     ],
     [
      -1819.7,
      -2145.3
     ],
     [
      -1820.9,
      -2140
     ],
     [
      -1822.1,
      -2134
     ],
     [
      -1822.1,
      -2129.2
     ],
     [
      -1822.1,
      -2124.4
     ],
     [
      -1820.9,
      -2119.6
     ],
     [
      -1819.7,
      -2115.4
     ],
     [
      -1818.5,
      -2111.2
     ],
     [
      -1817.3,
      -2104.6
     ],
     [
      -1816.1,
      -2099.2
     ],
     [
      -1814.3,
      -2095
     ],
     [
      -1811.9,
      -2090.2
     ]
    ]
   }
  },
  {
   "type": "Feature",
   "properties": {
    "op": "remove",
    "source": "recorded",
    "zone": "Tirisfal Glades",
    "time": 1790563308,
    "trim": true,
    "area": true
   },
   "geometry": {
    "type": "LineString",
    "coordinates": [
     [
      -1514.4,
      -2536.4
     ],
     [
      -1519.2,
      -2535.8
     ],
     [
      -1523.4,
      -2535.2
     ],
     [
      -1527.6,
      -2533.4
     ],
     [
      -1531.8,
      -2531
     ],
     [
      -1534.8,
      -2528
     ],
     [
      -1537.8,
      -2522.6
     ],
     [
      -1539,
      -2516.6
     ],
     [
      -1540.8,
      -2509.4
     ],
     [
      -1542.6,
      -2502.8
     ],
     [
      -1543.8,
      -2495.6
     ],
     [
      -1545.6,
      -2487.2
     ],
     [
      -1548,
      -2479.4
     ],
     [
      -1550.4,
      -2470.4
     ],
     [
      -1554,
      -2461.4
     ],
     [
      -1557,
      -2453.6
     ],
     [
      -1559.4,
      -2447
     ],
     [
      -1561.8,
      -2440.4
     ],
     [
      -1564.2,
      -2433.8
     ],
     [
      -1566.6,
      -2427.2
     ],
     [
      -1568.4,
      -2420.6
     ],
     [
      -1570.2,
      -2413.4
     ],
     [
      -1572,
      -2406.8
     ],
     [
      -1573.2,
      -2399.6
     ],
     [
      -1574.4,
      -2393
     ],
     [
      -1575.6,
      -2386.4
     ],
     [
      -1576.8,
      -2380.4
     ],
     [
      -1577.4,
      -2373.8
     ],
     [
      -1578.6,
      -2367.2
     ],
     [
      -1579.2,
      -2360.6
     ],
     [
      -1580.4,
      -2352.8
     ],
     [
      -1581,
      -2345.6
     ],
     [
      -1581.6,
      -2334.9
     ],
     [
      -1582.8,
      -2325.3
     ],
     [
      -1583.4,
      -2316.9
     ],
     [
      -1584,
      -2309.7
     ],
     [
      -1584,
      -2298.3
     ],
     [
      -1584.6,
      -2287.5
     ],
     [
      -1584.6,
      -2280.3
     ],
     [
      -1584.6,
      -2268.9
     ],
     [
      -1583.4,
      -2261.7
     ],
     [
      -1582.8,
      -2254.5
     ],
     [
      -1581.6,
      -2249.1
     ],
     [
      -1579.8,
      -2244.3
     ],
     [
      -1576.8,
      -2240.1
     ],
     [
      -1573.8,
      -2236.5
     ],
     [
      -1569,
      -2230.5
     ],
     [
      -1565.4,
      -2226.9
     ],
     [
      -1562.4,
      -2223.9
     ],
     [
      -1558.2,
      -2220.3
     ],
     [
      -1554.6,
      -2217.3
     ],
     [
      -1551,
      -2214.3
     ],
     [
      -1546.8,
      -2210.7
     ],
     [
      -1543.2,
      -2207.1
     ],
     [
      -1539,
      -2203.5
     ],
     [
      -1535.4,
      -2199.9
     ],
     [
      -1530.6,
      -2195.1
     ],
     [
      -1524,
      -2190.9
     ],
     [
      -1519.8,
      -2187.3
     ],
     [
      -1514.4,
      -2183.1
     ],
     [
      -1509,
      -2178.9
     ],
     [
      -1504.2,
      -2174.7
     ],
     [
      -1498.2,
      -2168.7
     ],
     [
      -1493.4,
      -2163.9
     ],
     [
      -1488,
      -2159.1
     ],
     [
      -1483.2,
      -2156.1
     ],
     [
      -1476.6,
      -2151.3
     ],
     [
      -1470.6,
      -2148.3
     ],
     [
      -1463.4,
      -2143.6
     ],
     [
      -1458,
      -2140.6
     ],
     [
      -1452,
      -2137
     ],
     [
      -1446.6,
      -2134
     ],
     [
      -1440,
      -2131
     ],
     [
      -1435.2,
      -2128.6
     ],
     [
      -1428.6,
      -2125.6
     ],
     [
      -1422.7,
      -2123.2
     ],
     [
      -1416.1,
      -2121.4
     ],
     [
      -1409.5,
      -2119.6
     ],
     [
      -1404.1,
      -2119
     ],
     [
      -1397.5,
      -2118.4
     ],
     [
      -1390.9,
      -2117.8
     ],
     [
      -1383.1,
      -2117.8
     ],
     [
      -1377.1,
      -2117.8
     ],
     [
      -1370.5,
      -2117.8
     ],
     [
      -1365.1,
      -2118.4
     ],
     [
      -1360.3,
      -2119
     ],
     [
      -1353.1,
      -2122.6
     ],
     [
      -1349.5,
      -2125
     ],
     [
      -1345.9,
      -2129.8
     ],
     [
      -1344.7,
      -2137.6
     ],
     [
      -1344.7,
      -2144.1
     ],
     [
      -1346.5,
      -2155.5
     ],
     [
      -1349.5,
      -2167.5
     ],
     [
      -1352.5,
      -2179.5
     ],
     [
      -1356.1,
      -2192.1
     ],
     [
      -1360.9,
      -2205.3
     ],
     [
      -1365.1,
      -2216.7
     ],
     [
      -1368.7,
      -2226.9
     ],
     [
      -1372.3,
      -2235.9
     ],
     [
      -1376.5,
      -2246.7
     ],
     [
      -1380.7,
      -2260.5
     ],
     [
      -1384.9,
      -2271.3
     ],
     [
      -1389.7,
      -2283.3
     ],
     [
      -1393.9,
      -2292.3
     ],
     [
      -1398.7,
      -2301.3
     ],
     [
      -1405.3,
      -2311.5
     ],
     [
      -1411.3,
      -2320.5
     ],
     [
      -1417.9,
      -2330.7
     ],
     [
      -1422.7,
      -2337.9
     ],
     [
      -1427.5,
      -2345.6
     ],
     [
      -1433.4,
      -2355.2
     ],
     [
      -1440.6,
      -2365.4
     ],
     [
      -1444.8,
      -2373.2
     ],
     [
      -1449.6,
      -2380.4
     ],
     [
      -1453.8,
      -2389.4
     ],
     [
      -1457.4,
      -2397.2
     ],
     [
      -1460.4,
      -2405
     ],
     [
      -1463.4,
      -2413.4
     ],
     [
      -1467,
      -2422.4
     ],
     [
      -1469.4,
      -2427.8
     ],
     [
      -1471.2,
      -2432.6
     ],
     [
      -1473.6,
      -2437.4
     ],
     [
      -1476,
      -2441
     ],
     [
      -1477.8,
      -2445.2
     ],
     [
      -1480.2,
      -2449.4
     ],
     [
      -1482,
      -2454.2
     ],
     [
      -1483.8,
      -2459
     ],
     [
      -1486.2,
      -2465
     ],
     [
      -1488.6,
      -2469.2
     ],
     [
      -1491.6,
      -2473.4
     ],
     [
      -1496.4,
      -2480.6
     ],
     [
      -1499.4,
      -2484.8
     ],
     [
      -1502.4,
      -2490.2
     ],
     [
      -1505.4,
      -2493.8
     ],
     [
      -1509,
      -2500.4
     ],
     [
      -1511.4,
      -2505.8
     ],
     [
      -1513.8,
      -2510.6
     ],
     [
      -1515,
      -2514.8
     ],
     [
      -1516.8,
      -2519
     ],
     [
      -1518,
      -2523.2
     ],
     [
      -1518.6,
      -2527.4
     ],
     [
      -1518.6,
      -2531.6
     ]
    ]
   }
  },
  {
   "type": "Feature",
   "properties": {
    "op": "remove",
    "source": "recorded",
    "zone": "Tirisfal Glades",
    "time": 1790563317,
    "trim": true,
    "area": true
   },
   "geometry": {
    "type": "LineString",
    "coordinates": [
     [
      -1383.5,
      -2140.4
     ],
     [
      -1380.7,
      -2131.1
     ],
     [
      -1375,
      -2120.7
     ],
     [
      -1370.4,
      -2112.3
     ],
     [
      -1362.9,
      -2100.1
     ],
     [
      -1356.3,
      -2088.9
     ],
     [
      -1346.9,
      -2073
     ],
     [
      -1340.4,
      -2059.8
     ],
     [
      -1331.9,
      -2043.9
     ],
     [
      -1324.4,
      -2031.7
     ],
     [
      -1316.9,
      -2019.6
     ],
     [
      -1307.6,
      -2006.4
     ],
     [
      -1296.3,
      -1992.4
     ],
     [
      -1287,
      -1982.1
     ],
     [
      -1275.7,
      -1970.8
     ],
     [
      -1266.3,
      -1960.5
     ],
     [
      -1257,
      -1951.1
     ],
     [
      -1247.6,
      -1941.8
     ],
     [
      -1239.2,
      -1932.4
     ],
     [
      -1230.7,
      -1924
     ],
     [
      -1220.4,
      -1914.6
     ],
     [
      -1212,
      -1906.2
     ],
     [
      -1201.7,
      -1895.9
     ],
     [
      -1193.3,
      -1887.4
     ],
     [
      -1183.9,
      -1878.1
     ],
     [
      -1176.4,
      -1871.5
     ],
     [
      -1167,
      -1863.1
     ],
     [
      -1158.6,
      -1857.4
     ],
     [
      -1150.2,
      -1850.9
     ],
     [
      -1140.8,
      -1844.3
     ],
     [
      -1133.3,
      -1838.7
     ],
     [
      -1126.7,
      -1834
     ],
     [
      -1119.2,
      -1828.4
     ],
     [
      -1112.7,
      -1824.6
     ],
     [
      -1106.1,
      -1820.9
     ],
     [
      -1099.6,
      -1818.1
     ],
     [
      -1093,
      -1815.3
     ],
     [
      -1083.6,
      -1810.6
     ],
     [
      -1075.2,
      -1806.8
     ],
     [
      -1067.7,
      -1804
     ],
     [
      -1061.1,
      -1802.2
     ],
     [
      -1053.6,
      -1801.2
     ],
     [
      -1046.1,
      -1801.2
     ],
     [
      -1039.6,
      -1802.2
     ],
     [
      -1033,
      -1804
     ],
     [
      -1026.5,
      -1806.8
     ],
     [
      -1019.9,
      -1809.7
     ],
     [
      -1013.3,
      -1814.3
     ],
     [
      -1006.8,
      -1819
     ],
     [
      -1001.2,
      -1825.6
     ],
     [
      -993.7,
      -1833.1
     ],
     [
      -988,
      -1839.6
     ],
     [
      -981.5,
      -1846.2
     ],
     [
      -974.9,
      -1854.6
     ],
     [
      -970.2,
      -1862.1
     ],
     [
      -964.6,
      -1871.5
     ],
     [
      -960.9,
      -1879
     ],
     [
      -958.1,
      -1886.5
     ],
     [
      -953.4,
      -1896.8
     ],
     [
      -950.6,
      -1908
     ],
     [
      -948.7,
      -1920.2
     ],
     [
      -947.8,
      -1930.5
     ],
     [
      -947.8,
      -1939.9
     ],
     [
      -947.8,
      -1951.1
     ],
     [
      -947.8,
      -1961.5
     ],
     [
      -947.8,
      -1968
     ],
     [
      -947.8,
      -1974.6
     ],
     [
      -947.8,
      -1985.8
     ],
     [
      -948.7,
      -1992.4
     ],
     [
      -952.4,
      -2003.6
     ],
     [
      -955.3,
      -2010.2
     ],
     [
      -958.1,
      -2016.7
     ],
     [
      -961.8,
      -2024.2
     ],
     [
      -966.5,
      -2032.7
     ],
     [
      -973.1,
      -2043
     ],
     [
      -979.6,
      -2053.3
     ],
     [
      -987.1,
      -2063.6
     ],
     [
      -994.6,
      -2074.8
     ],
     [
      -1002.1,
      -2085.1
     ],
     [
      -1012.4,
      -2101.1
     ],
     [
      -1020.8,
      -2110.4
     ],
     [
      -1029.3,
      -2120.7
     ],
     [
      -1037.7,
      -2130.1
     ],
     [
      -1047.1,
      -2141.4
     ],
     [
      -1054.6,
      -2151.7
     ],
     [
      -1062.1,
      -2163.9
     ],
     [
      -1069.6,
      -2176
     ],
     [
      -1075.2,
      -2186.3
     ],
     [
      -1081.7,
      -2199.5
     ],
     [
      -1086.4,
      -2207.9
     ],
     [
      -1092.1,
      -2217.3
     ],
     [
      -1098.6,
      -2228.5
     ],
     [
      -1103.3,
      -2236.9
     ],
     [
      -1108.9,
      -2249.1
     ],
     [
      -1113.6,
      -2258.5
     ],
     [
      -1116.4,
      -2266.9
     ],
     [
      -1120.2,
      -2276.3
     ],
     [
      -1123.9,
      -2285.7
     ],
     [
      -1127.7,
      -2293.2
     ],
     [
      -1130.5,
      -2299.7
     ],
     [
      -1136.1,
      -2310
     ],
     [
      -1142.7,
      -2320.3
     ],
     [
      -1149.2,
      -2330.6
     ],
     [
      -1153,
      -2337.2
     ],
     [
      -1156.7,
      -2342.8
     ],
     [
      -1160.5,
      -2348.4
     ],
     [
      -1166.1,
      -2355.9
     ],
     [
      -1172.6,
      -2363.4
     ],
     [
      -1177.3,
      -2368.1
     ],
     [
      -1183.9,
      -2374.7
     ],
     [
      -1190.4,
      -2383.1
     ],
     [
      -1195.1,
      -2388.7
     ],
     [
      -1201.7,
      -2396.2
     ],
     [
      -1206.4,
      -2401.9
     ],
     [
      -1214.8,
      -2406.5
     ],
     [
      -1222.3,
      -2411.2
     ],
     [
      -1228.9,
      -2416.9
     ],
     [
      -1233.5,
      -2421.5
     ],
     [
      -1239.2,
      -2426.2
     ],
     [
      -1245.7,
      -2428.1
     ],
     [
      -1253.2,
      -2429
     ],
     [
      -1259.8,
      -2430
     ],
     [
      -1266.3,
      -2430.9
     ],
     [
      -1275.7,
      -2430.9
     ],
     [
      -1283.2,
      -2426.2
     ],
     [
      -1291.6,
      -2419.7
     ],
     [
      -1296.3,
      -2415
     ],
     [
      -1302,
      -2410.3
     ],
     [
      -1308.5,
      -2404.7
     ],
     [
      -1314.1,
      -2398.1
     ],
     [
      -1319.8,
      -2386.9
     ],
     [
      -1323.5,
      -2379.4
     ],
     [
      -1327.3,
      -2370
     ],
     [
      -1330.1,
      -2360.6
     ],
     [
      -1331.9,
      -2350.3
     ],
     [
      -1333.8,
      -2341
     ],
     [
      -1334.7,
      -2333.5
     ],
     [
      -1336.6,
      -2324.1
     ],
     [
      -1338.5,
      -2314.7
     ],
     [
      -1340.4,
      -2304.4
     ],
     [
      -1342.2,
      -2295
     ],
     [
      -1344.1,
      -2285.7
     ],
     [
      -1346,
      -2277.2
     ],
     [
      -1347.9,
      -2266.9
     ],
     [
      -1349.7,
      -2257.6
     ],
     [
      -1351.6,
      -2251
     ],
     [
      -1352.6,
      -2242.6
     ],
     [
      -1353.5,
      -2236
     ],
     [
      -1354.4,
      -2229.4
     ],
     [
      -1356.3,
      -2218.2
     ],
     [
      -1358.2,
      -2209.8
     ],
     [
      -1359.1,
      -2202.3
     ],
     [
      -1360,
      -2193.8
     ],
     [
      -1361.9,
      -2185.4
     ],
     [
      -1363.8,
      -2178.8
     ],
     [
      -1365.7,
      -2169.5
     ],
     [
      -1366.6,
      -2162.9
     ],
     [
      -1367.5,
      -2154.5
     ],
     [
      -1370.4,
      -2147.9
     ],
     [
      -1373.2,
      -2141.4
     ],
     [
      -1375,
      -2134.8
     ],
     [
      -1377.8,
      -2128.2
     ],
     [
      -1380.7,
      -2121.7
     ]
    ]
   }
  },
  {
   "type": "Feature",
   "properties": {
    "op": "remove",
    "source": "recorded",
    "zone": "Tirisfal Glades",
    "time": 1790563319,
    "trim": true,
    "area": true
   },
   "geometry": {
    "type": "LineString",
    "coordinates": [
     [
      -1376,
      -2005.5
     ],
     [
      -1372.2,
      -1998
     ],
     [
      -1367.5,
      -1991.4
     ],
     [
      -1362.9,
      -1984.9
     ],
     [
      -1356.3,
      -1975.5
     ],
     [
      -1348.8,
      -1967.1
     ],
     [
      -1344.1,
      -1961.5
     ],
     [
      -1339.4,
      -1955.8
     ],
     [
      -1333.8,
      -1950.2
     ],
     [
      -1329.1,
      -1945.5
     ],
     [
      -1320.7,
      -1939
     ],
     [
      -1311.3,
      -1934.3
     ],
     [
      -1301,
      -1929.6
     ],
     [
      -1290.7,
      -1926.8
     ],
     [
      -1284.1,
      -1925.8
     ],
     [
      -1274.8,
      -1924.9
     ],
     [
      -1267.3,
      -1928.7
     ],
     [
      -1263.5,
      -1935.2
     ],
     [
      -1260.7,
      -1942.7
     ],
     [
      -1258.8,
      -1954.9
     ],
     [
      -1258.8,
      -1962.4
     ],
     [
      -1258.8,
      -1970.8
     ],
     [
      -1258.8,
      -1980.2
     ],
     [
      -1260.7,
      -1990.5
     ],
     [
      -1262.6,
      -2000.8
     ],
     [
      -1266.3,
      -2013
     ],
     [
      -1270.1,
      -2027
     ],
     [
      -1274.8,
      -2041.1
     ],
     [
      -1278.5,
      -2054.2
     ],
     [
      -1283.2,
      -2069.2
     ],
     [
      -1287,
      -2081.4
     ],
     [
      -1290.7,
      -2091.7
     ],
     [
      -1293.5,
      -2099.2
     ],
     [
      -1298.2,
      -2107.6
     ],
     [
      -1302.9,
      -2113.3
     ],
     [
      -1307.6,
      -2117.9
     ],
     [
      -1313.2,
      -2123.6
     ],
     [
      -1320.7,
      -2129.2
     ],
     [
      -1328.2,
      -2135.7
     ],
     [
      -1335.7,
      -2142.3
     ],
     [
      -1343.2,
      -2147
     ],
     [
      -1348.8,
      -2150.7
     ],
     [
      -1356.3,
      -2152.6
     ],
     [
      -1365.7,
      -2150.7
     ],
     [
      -1377.8,
      -2143.2
     ],
     [
      -1383.5,
      -2138.6
     ],
     [
      -1389.1,
      -2132
     ],
     [
      -1392.8,
      -2125.4
     ],
     [
      -1395.7,
      -2118.9
     ],
     [
      -1397.5,
      -2112.3
     ],
     [
      -1398.5,
      -2104.8
     ],
     [
      -1398.5,
      -2098.3
     ],
     [
      -1398.5,
      -2089.8
     ],
     [
      -1398.5,
      -2082.3
     ],
     [
      -1398.5,
      -2071.1
     ],
     [
      -1397.5,
      -2060.8
     ],
     [
      -1397.5,
      -2050.5
     ],
     [
      -1397.5,
      -2043
     ],
     [
      -1397.5,
      -2033.6
     ],
     [
      -1397.5,
      -2027
     ],
     [
      -1396.6,
      -2020.5
     ],
     [
      -1393.8,
      -2009.2
     ],
     [
      -1391.9,
      -2001.7
     ],
     [
      -1389.1,
      -1994.3
     ],
     [
      -1387.2,
      -1987.7
     ],
     [
      -1384.4,
      -1981.1
     ],
     [
      -1378.8,
      -1977.4
     ]
    ]
   }
  },
  {
   "type": "Feature",
   "properties": {
    "op": "remove",
    "source": "recorded",
    "zone": "Tirisfal Glades",
    "time": 1790563326,
    "trim": true
   },
   "geometry": {
    "type": "LineString",
    "coordinates": [
     [
      -1249.8,
      -2428.8
     ],
     [
      -1250.8,
      -2432.1
     ],
     [
      -1251.3,
      -2435.5
     ],
     [
      -1252.2,
      -2438.8
     ]
    ]
   }
  },
  {
   "type": "Feature",
   "properties": {
    "op": "add",
    "source": "recorded",
    "zone": "Tirisfal Glades",
    "time": 1790563329,
    "trim": true
   },
   "geometry": {
    "type": "LineString",
    "coordinates": [
     [
      -1230.2,
      -2446
     ],
     [
      -1233.5,
      -2446
     ],
     [
      -1236.9,
      -2446
     ],
     [
      -1240.2,
      -2446
     ],
     [
      -1243.6,
      -2446
     ],
     [
      -1247,
      -2446
     ],
     [
      -1250.3,
      -2446
     ],
     [
      -1253.7,
      -2446
     ],
     [
      -1257,
      -2446
     ],
     [
      -1260.4,
      -2447
     ],
     [
      -1263.8,
      -2447.9
     ],
     [
      -1266.6,
      -2449.9
     ],
     [
      -1269,
      -2452.3
     ],
     [
      -1271.4,
      -2454.7
     ]
    ]
   }
  },
  {
   "type": "Feature",
   "properties": {
    "op": "remove",
    "source": "recorded",
    "zone": "Tirisfal Glades",
    "time": 1790563332,
    "trim": true
   },
   "geometry": {
    "type": "LineString",
    "coordinates": [
     [
      -1531.3,
      -2373.5
     ],
     [
      -1529.5,
      -2366.9
     ],
     [
      -1522.9,
      -2366
     ],
     [
      -1515.4,
      -2364.1
     ],
     [
      -1508.8,
      -2363.2
     ],
     [
      -1502.3,
      -2363.2
     ],
     [
      -1492,
      -2362.2
     ],
     [
      -1481.7,
      -2361.3
     ],
     [
      -1475.1,
      -2360.4
     ],
     [
      -1468.5,
      -2359.4
     ],
     [
      -1459.2,
      -2357.5
     ],
     [
      -1450.7,
      -2356.6
     ],
     [
      -1442.3,
      -2354.7
     ],
     [
      -1433.9,
      -2353.8
     ],
     [
      -1427.3,
      -2352.9
     ],
     [
      -1419.8,
      -2352.9
     ],
     [
      -1412.3,
      -2352.9
     ],
     [
      -1405.8,
      -2352.9
     ],
     [
      -1398.3,
      -2352.9
     ],
     [
      -1389.8,
      -2352.9
     ],
     [
      -1383.3,
      -2352.9
     ],
     [
      -1373.9,
      -2351.9
     ],
     [
      -1367.3,
      -2351
     ]
    ]
   }
  },
  {
   "type": "Feature",
   "properties": {
    "op": "remove",
    "source": "recorded",
    "zone": "Tirisfal Glades",
    "time": 1790563339,
    "trim": true,
    "area": true
   },
   "geometry": {
    "type": "LineString",
    "coordinates": [
     [
      -2313.7,
      -1741
     ],
     [
      -2316.6,
      -1747.5
     ],
     [
      -2320.3,
      -1755
     ],
     [
      -2324.1,
      -1763.5
     ],
     [
      -2325,
      -1770
     ],
     [
      -2325,
      -1776.6
     ],
     [
      -2325,
      -1785
     ],
     [
      -2325,
      -1792.5
     ],
     [
      -2325,
      -1800
     ],
     [
      -2324.1,
      -1806.6
     ],
     [
      -2323.1,
      -1814.1
     ],
     [
      -2323.1,
      -1820.6
     ],
     [
      -2320.3,
      -1830
     ],
     [
      -2318.4,
      -1838.4
     ],
     [
      -2315.6,
      -1845
     ],
     [
      -2312.8,
      -1852.5
     ],
     [
      -2310,
      -1861.9
     ],
     [
      -2308.1,
      -1868.4
     ],
     [
      -2306.3,
      -1875.9
     ],
     [
      -2304.4,
      -1882.5
     ],
     [
      -2301.6,
      -1890
     ],
     [
      -2299.7,
      -1897.5
     ],
     [
      -2296.9,
      -1905.9
     ],
     [
      -2295.9,
      -1913.4
     ],
     [
      -2293.1,
      -1920.9
     ],
     [
      -2290.3,
      -1931.2
     ],
     [
      -2288.4,
      -1937.8
     ],
     [
      -2285.6,
      -1945.2
     ],
     [
      -2282.8,
      -1951.8
     ],
     [
      -2280,
      -1959.3
     ],
     [
      -2276.3,
      -1965.9
     ],
     [
      -2272.5,
      -1972.4
     ],
     [
      -2268.8,
      -1979
     ],
     [
      -2264.1,
      -1985.5
     ],
     [
      -2260.3,
      -1991.2
     ],
     [
      -2255.7,
      -1996.8
     ],
     [
      -2250,
      -2003.3
     ],
     [
      -2244.4,
      -2009
     ],
     [
      -2237.8,
      -2015.5
     ],
     [
      -2234.1,
      -2021.1
     ],
     [
      -2230.4,
      -2026.8
     ],
     [
      -2223.8,
      -2035.2
     ],
     [
      -2217.2,
      -2040.8
     ],
     [
      -2209.7,
      -2046.4
     ],
     [
      -2201.3,
      -2052.1
     ],
     [
      -2195.7,
      -2055.8
     ],
     [
      -2189.1,
      -2061.4
     ],
     [
      -2182.6,
      -2067.1
     ],
     [
      -2176,
      -2071.7
     ],
     [
      -2169.4,
      -2077.4
     ],
     [
      -2163.8,
      -2081.1
     ],
     [
      -2156.3,
      -2085.8
     ],
     [
      -2150.7,
      -2090.5
     ],
     [
      -2144.1,
      -2095.2
     ],
     [
      -2138.5,
      -2098.9
     ],
     [
      -2132,
      -2104.5
     ],
     [
      -2125.4,
      -2109.2
     ],
     [
      -2119.8,
      -2113.9
     ],
     [
      -2112.3,
      -2117.7
     ],
     [
      -2105.7,
      -2120.5
     ],
     [
      -2099.2,
      -2123.3
     ],
     [
      -2091.7,
      -2126.1
     ],
     [
      -2084.2,
      -2129.8
     ],
     [
      -2077.6,
      -2131.7
     ],
     [
      -2070.1,
      -2134.5
     ],
     [
      -2062.6,
      -2137.3
     ],
     [
      -2054.2,
      -2139.2
     ],
     [
      -2047.6,
      -2142
     ],
     [
      -2039.2,
      -2143.9
     ],
     [
      -2031.7,
      -2145.8
     ],
     [
      -2024.2,
      -2148.6
     ],
     [
      -2016.7,
      -2152.3
     ],
     [
      -2009.2,
      -2157
     ],
     [
      -2002.7,
      -2161.7
     ],
     [
      -1995.2,
      -2166.4
     ],
     [
      -1988.6,
      -2170.1
     ],
     [
      -1983,
      -2173.9
     ],
     [
      -1972.7,
      -2178.6
     ],
     [
      -1967,
      -2182.3
     ],
     [
      -1960.5,
      -2186.1
     ],
     [
      -1951.1,
      -2190.7
     ],
     [
      -1944.6,
      -2192.6
     ],
     [
      -1938,
      -2195.4
     ],
     [
      -1927.7,
      -2196.4
     ],
     [
      -1918.3,
      -2196.4
     ],
     [
      -1911.8,
      -2196.4
     ],
     [
      -1901.5,
      -2195.4
     ],
     [
      -1892.1,
      -2193.6
     ],
     [
      -1885.5,
      -2191.7
     ],
     [
      -1879,
      -2188.9
     ],
     [
      -1869.6,
      -2185.1
     ],
     [
      -1862.1,
      -2180.4
     ],
     [
      -1856.5,
      -2176.7
     ],
     [
      -1852.7,
      -2169.2
     ],
     [
      -1853.7,
      -2158
     ],
     [
      -1856.5,
      -2149.5
     ],
     [
      -1863,
      -2133.6
     ],
     [
      -1870.5,
      -2115.8
     ],
     [
      -1877.1,
      -2097
     ],
     [
      -1882.7,
      -2079.2
     ],
     [
      -1889.3,
      -2059.6
     ],
     [
      -1895.8,
      -2038
     ],
     [
      -1901.5,
      -2018.3
     ],
     [
      -1909,
      -1998.7
     ],
     [
      -1915.5,
      -1981.8
     ],
     [
      -1923.9,
      -1964
     ],
     [
      -1932.4,
      -1949
     ],
     [
      -1941.7,
      -1934
     ],
     [
      -1950.2,
      -1920.9
     ],
     [
      -1959.5,
      -1908.7
     ],
     [
      -1968.9,
      -1897.5
     ],
     [
      -1980.2,
      -1885.3
     ],
     [
      -1993.3,
      -1874
     ],
     [
      -2007.3,
      -1861.9
     ],
     [
      -2022.3,
      -1849.7
     ],
     [
      -2038.3,
      -1836.6
     ],
     [
      -2053.3,
      -1823.4
     ],
     [
      -2065.4,
      -1813.1
     ],
     [
      -2076.7,
      -1802.8
     ],
     [
      -2085.1,
      -1795.3
     ],
     [
      -2092.6,
      -1788.8
     ],
     [
      -2100.1,
      -1782.2
     ],
     [
      -2107.6,
      -1775.6
     ],
     [
      -2115.1,
      -1770
     ],
     [
      -2122.6,
      -1764.4
     ],
     [
      -2130.1,
      -1758.8
     ],
     [
      -2137.6,
      -1752.2
     ],
     [
      -2145.1,
      -1746.6
     ],
     [
      -2152.6,
      -1740
     ],
     [
      -2159.1,
      -1734.4
     ],
     [
      -2164.8,
      -1729.7
     ],
     [
      -2170.4,
      -1726
     ],
     [
      -2176.9,
      -1721.3
     ],
     [
      -2182.6,
      -1716.6
     ],
     [
      -2189.1,
      -1711.9
     ],
     [
      -2197.6,
      -1706.3
     ],
     [
      -2204.1,
      -1701.6
     ],
     [
      -2210.7,
      -1696.9
     ],
     [
      -2217.2,
      -1693.2
     ],
     [
      -2223.8,
      -1691.3
     ],
     [
      -2231.3,
      -1689.4
     ],
     [
      -2239.7,
      -1689.4
     ],
     [
      -2251,
      -1689.4
     ],
     [
      -2258.5,
      -1689.4
     ],
     [
      -2266.9,
      -1690.4
     ],
     [
      -2274.4,
      -1691.3
     ],
     [
      -2281,
      -1692.3
     ],
     [
      -2288.4,
      -1694.1
     ],
     [
      -2296.9,
      -1696.9
     ],
     [
      -2304.4,
      -1700.7
     ],
     [
      -2311.9,
      -1704.4
     ],
     [
      -2318.4,
      -1709.1
     ],
     [
      -2322.2,
      -1715.7
     ],
     [
      -2325,
      -1722.2
     ],
     [
      -2325.9,
      -1728.8
     ],
     [
      -2325.9,
      -1735.4
     ],
     [
      -2325.9,
      -1741.9
     ],
     [
      -2323.1,
      -1748.5
     ],
     [
      -2320.3,
      -1755
     ],
     [
      -2315.6,
      -1760.7
     ]
    ]
   }
  },
  {
   "type": "Feature",
   "properties": {
    "op": "remove",
    "source": "recorded",
    "zone": "Tirisfal Glades",
    "time": 1790563344,
    "trim": true
   },
   "geometry": {
    "type": "LineString",
    "coordinates": [
     [
      -2324.5,
      -1790.9
     ],
     [
      -2327.9,
      -1791.4
     ],
     [
      -2331.2,
      -1791.9
     ],
     [
      -2334.6,
      -1792.4
     ],
     [
      -2337.9,
      -1792.4
     ],
     [
      -2341.3,
      -1790.9
     ]
    ]
   }
  },
  {
   "type": "Feature",
   "properties": {
    "op": "add",
    "source": "recorded",
    "zone": "Tirisfal Glades",
    "time": 1790563347,
    "trim": true
   },
   "geometry": {
    "type": "LineString",
    "coordinates": [
     [
      -2347,
      -1775.6
     ],
     [
      -2346.6,
      -1778.9
     ],
     [
      -2346.6,
      -1782.8
     ],
     [
      -2347,
      -1786.1
     ],
     [
      -2347.5,
      -1789.5
     ],
     [
      -2348,
      -1793.3
     ],
     [
      -2348,
      -1797.7
     ],
     [
      -2348,
      -1801.5
     ],
     [
      -2348,
      -1804.9
     ],
     [
      -2348,
      -1808.2
     ]
    ]
   }
  },
  {
   "type": "Feature",
   "properties": {
    "op": "add",
    "source": "recorded",
    "zone": "Tirisfal Glades",
    "time": 1790563348,
    "trim": true
   },
   "geometry": {
    "type": "LineString",
    "coordinates": [
     [
      -2359.5,
      -1790
     ],
     [
      -2356.2,
      -1790.5
     ],
     [
      -2352.8,
      -1790.9
     ],
     [
      -2349.4,
      -1790.9
     ]
    ]
   }
  },
  {
   "type": "Feature",
   "properties": {
    "op": "add",
    "source": "recorded",
    "zone": "Tirisfal Glades",
    "time": 1790563351,
    "trim": true
   },
   "geometry": {
    "type": "LineString",
    "coordinates": [
     [
      -2397.4,
      -1792.4
     ],
     [
      -2394.1,
      -1792.4
     ],
     [
      -2390.7,
      -1791.9
     ],
     [
      -2387.3,
      -1791.4
     ],
     [
      -2383.5,
      -1790.9
     ],
     [
      -2380.1,
      -1790.5
     ],
     [
      -2376.3,
      -1790
     ],
     [
      -2372.9,
      -1790
     ],
     [
      -2369.1,
      -1790
     ],
     [
      -2364.8,
      -1790
     ],
     [
      -2361.4,
      -1790
     ],
     [
      -2357.6,
      -1790
     ],
     [
      -2354.2,
      -1790
     ],
     [
      -2350.9,
      -1790.5
     ],
     [
      -2347.5,
      -1790.5
     ],
     [
      -2344.2,
      -1790.9
     ]
    ]
   }
  },
  {
   "type": "Feature",
   "properties": {
    "op": "remove",
    "source": "recorded",
    "zone": "Tirisfal Glades",
    "time": 1790563364,
    "trim": true,
    "area": true
   },
   "geometry": {
    "type": "LineString",
    "coordinates": [
     [
      -2361,
      -1765.2
     ],
     [
      -2358,
      -1772.7
     ],
     [
      -2355.8,
      -1777.9
     ],
     [
      -2353.5,
      -1784.7
     ],
     [
      -2352,
      -1789.9
     ],
     [
      -2350.5,
      -1795.2
     ],
     [
      -2349.8,
      -1800.4
     ],
     [
      -2352.8,
      -1804.9
     ],
     [
      -2356.5,
      -1809.4
     ],
     [
      -2360.3,
      -1813.2
     ],
     [
      -2364.8,
      -1816.2
     ],
     [
      -2370,
      -1819.2
     ],
     [
      -2375.3,
      -1819.9
     ],
     [
      -2381.3,
      -1820.7
     ],
     [
      -2387.3,
      -1821.4
     ],
     [
      -2394,
      -1822.2
     ],
     [
      -2400.8,
      -1822.2
     ],
     [
      -2406.8,
      -1822.2
     ],
     [
      -2412,
      -1821.4
     ],
     [
      -2418,
      -1821.4
     ],
     [
      -2423.3,
      -1820.7
     ],
     [
      -2430,
      -1819.2
     ],
     [
      -2435.2,
      -1818.4
     ],
     [
      -2441.2,
      -1818.4
     ],
     [
      -2448,
      -1817.7
     ],
     [
      -2454,
      -1817.7
     ],
     [
      -2460.7,
      -1817.7
     ],
     [
      -2468.2,
      -1819.2
     ],
     [
      -2474.2,
      -1820.7
     ],
     [
      -2481,
      -1822.9
     ],
     [
      -2486.2,
      -1825.2
     ],
     [
      -2493,
      -1828.2
     ],
     [
      -2498.2,
      -1830.4
     ],
     [
      -2503.5,
      -1833.4
     ],
     [
      -2508.7,
      -1837.2
     ],
     [
      -2514,
      -1841.7
     ],
     [
      -2518.5,
      -1846.2
     ],
     [
      -2522.2,
      -1849.9
     ],
     [
      -2526,
      -1853.7
     ],
     [
      -2529.7,
      -1858.2
     ],
     [
      -2532.7,
      -1864.2
     ],
     [
      -2534.9,
      -1870.9
     ],
     [
      -2536.4,
      -1877.6
     ],
     [
      -2537.2,
      -1883.6
     ],
     [
      -2537.2,
      -1890.4
     ],
     [
      -2535.7,
      -1900.1
     ],
     [
      -2532.7,
      -1908.4
     ],
     [
      -2528.9,
      -1921.1
     ],
     [
      -2524.5,
      -1930.1
     ],
     [
      -2520,
      -1938.4
     ],
     [
      -2514.7,
      -1945.9
     ],
     [
      -2509.5,
      -1954.1
     ],
     [
      -2506.5,
      -1961.6
     ],
     [
      -2501.2,
      -1971.3
     ],
     [
      -2496.7,
      -1983.3
     ],
     [
      -2494.5,
      -1989.3
     ],
     [
      -2492.2,
      -1994.6
     ],
     [
      -2490.7,
      -2000.6
     ],
     [
      -2489.2,
      -2008.1
     ],
     [
      -2488.5,
      -2014.8
     ],
     [
      -2487.7,
      -2020.8
     ],
     [
      -2486.2,
      -2028.3
     ],
     [
      -2484,
      -2035.1
     ],
     [
      -2481.7,
      -2041.8
     ],
     [
      -2480.2,
      -2049.3
     ],
     [
      -2478.7,
      -2056.8
     ],
     [
      -2477.2,
      -2065.1
     ],
     [
      -2475.7,
      -2071
     ],
     [
      -2473.5,
      -2077
     ],
     [
      -2471.2,
      -2084.5
     ],
     [
      -2469.7,
      -2090.5
     ],
     [
      -2467.5,
      -2095.8
     ],
     [
      -2465.2,
      -2101.8
     ],
     [
      -2463,
      -2107
     ],
     [
      -2462.2,
      -2112.3
     ],
     [
      -2463,
      -2117.5
     ],
     [
      -2466.7,
      -2122.8
     ],
     [
      -2470.5,
      -2127.3
     ],
     [
      -2474.2,
      -2131
     ],
     [
      -2479.5,
      -2134
     ],
     [
      -2487,
      -2135.5
     ],
     [
      -2493.7,
      -2137
     ],
     [
      -2499.7,
      -2137.8
     ],
     [
      -2505,
      -2139.3
     ],
     [
      -2511.7,
      -2140.8
     ],
     [
      -2517,
      -2141.5
     ],
     [
      -2523,
      -2142.3
     ],
     [
      -2528.9,
      -2144.5
     ],
     [
      -2534.2,
      -2147.5
     ],
     [
      -2539.4,
      -2150.5
     ],
     [
      -2543.2,
      -2154.3
     ],
     [
      -2547.7,
      -2158
     ],
     [
      -2552.2,
      -2161
     ],
     [
      -2557.4,
      -2163.3
     ],
     [
      -2562.7,
      -2165.5
     ],
     [
      -2567.9,
      -2165.5
     ],
     [
      -2573.9,
      -2164
     ],
     [
      -2579.2,
      -2162.5
     ],
     [
      -2583.7,
      -2159.5
     ],
     [
      -2590.4,
      -2155.8
     ],
     [
      -2594.9,
      -2152.8
     ],
     [
      -2600.2,
      -2149
     ],
     [
      -2606.2,
      -2146
     ],
     [
      -2611.4,
      -2143
     ],
     [
      -2618.9,
      -2138.5
     ],
     [
      -2624.2,
      -2134.8
     ],
     [
      -2628.6,
      -2131
     ],
     [
      -2633.9,
      -2127.3
     ],
     [
      -2638.4,
      -2124.3
     ],
     [
      -2643.6,
      -2121.3
     ],
     [
      -2648.9,
      -2118.3
     ],
     [
      -2654.9,
      -2114.5
     ],
     [
      -2660.1,
      -2110
     ],
     [
      -2666.9,
      -2104.8
     ],
     [
      -2674.4,
      -2098
     ],
     [
      -2681.1,
      -2092
     ],
     [
      -2687.1,
      -2086.8
     ],
     [
      -2691.6,
      -2083.8
     ],
     [
      -2696.1,
      -2079.3
     ],
     [
      -2700.6,
      -2076.3
     ],
     [
      -2705.9,
      -2072.5
     ],
     [
      -2710.4,
      -2068.8
     ],
     [
      -2715.6,
      -2065.8
     ],
     [
      -2720.9,
      -2062.1
     ],
     [
      -2727.6,
      -2057.6
     ],
     [
      -2735.8,
      -2053.8
     ],
     [
      -2744.8,
      -2048.6
     ],
     [
      -2753.8,
      -2044.1
     ],
     [
      -2762.1,
      -2039.6
     ],
     [
      -2771.8,
      -2035.1
     ],
     [
      -2779.3,
      -2032.1
     ],
     [
      -2785.3,
      -2029.8
     ],
     [
      -2792.1,
      -2026.8
     ],
     [
      -2798.1,
      -2024.6
     ],
     [
      -2803.3,
      -2020.8
     ],
     [
      -2808.6,
      -2017.8
     ],
     [
      -2813.8,
      -2014.1
     ],
     [
      -2819.1,
      -2009.6
     ],
     [
      -2822.1,
      -2003.6
     ],
     [
      -2824.3,
      -1995.3
     ],
     [
      -2824.3,
      -1987.1
     ],
     [
      -2824.3,
      -1977.3
     ],
     [
      -2822.1,
      -1964.6
     ],
     [
      -2819.8,
      -1948.9
     ],
     [
      -2816.8,
      -1932.4
     ],
     [
      -2812.3,
      -1916.6
     ],
     [
      -2806.3,
      -1901.6
     ],
     [
      -2798.8,
      -1887.4
     ],
     [
      -2789.8,
      -1873.9
     ],
     [
      -2780.1,
      -1861.9
     ],
     [
      -2772.6,
      -1850.7
     ],
     [
      -2763.6,
      -1840.2
     ],
     [
      -2756.1,
      -1831.2
     ],
     [
      -2747.8,
      -1822.9
     ],
     [
      -2738.1,
      -1816.9
     ],
     [
      -2729.8,
      -1812.4
     ],
     [
      -2720.1,
      -1808.7
     ],
     [
      -2711.9,
      -1804.9
     ],
     [
      -2704.4,
      -1802.7
     ],
     [
      -2696.9,
      -1800.4
     ],
     [
      -2688.6,
      -1798.2
     ],
     [
      -2678.1,
      -1796.7
     ],
     [
      -2666.1,
      -1795.2
     ],
     [
      -2652.6,
      -1793.7
     ],
     [
      -2640.6,
      -1792.2
     ],
     [
      -2630.1,
      -1790.7
     ],
     [
      -2621.2,
      -1789.2
     ],
     [
      -2611.4,
      -1788.4
     ],
     [
      -2602.4,
      -1787.7
     ],
     [
      -2593.4,
      -1787.7
     ],
     [
      -2585.9,
      -1786.9
     ],
     [
      -2578.4,
      -1786.9
     ],
     [
      -2572.4,
      -1786.9
     ],
     [
      -2565.7,
      -1786.9
     ],
     [
      -2558.9,
      -1786.9
     ],
     [
      -2552.2,
      -1786.9
     ],
     [
      -2544.7,
      -1786.9
     ],
     [
      -2537.2,
      -1786.2
     ],
     [
      -2529.7,
      -1784.7
     ],
     [
      -2520.7,
      -1783.2
     ],
     [
      -2510.2,
      -1780.9
     ],
     [
      -2496,
      -1777.2
     ],
     [
      -2485.5,
      -1774.2
     ],
     [
      -2476.5,
      -1772
     ],
     [
      -2467.5,
      -1769.7
     ],
     [
      -2459.2,
      -1768.2
     ],
     [
      -2451.7,
      -1767.5
     ],
     [
      -2445,
      -1766.7
     ],
     [
      -2438.2,
      -1766.7
     ],
     [
      -2432.2,
      -1766.7
     ],
     [
      -2426.3,
      -1766
     ],
     [
      -2418.8,
      -1766
     ],
     [
      -2412.8,
      -1766
     ],
     [
      -2407.5,
      -1766
     ],
     [
      -2400.8,
      -1766
     ],
     [
      -2393.3,
      -1766
     ],
     [
      -2387.3,
      -1766
     ],
     [
      -2381.3,
      -1766
     ],
     [
      -2374.5,
      -1766.7
     ],
     [
      -2369.3,
      -1767.5
     ],
     [
      -2364,
      -1768.2
     ],
     [
      -2358.8,
      -1768.2
     ]
    ]
   }
  },
  {
   "type": "Feature",
   "properties": {
    "op": "remove",
    "source": "recorded",
    "zone": "Tirisfal Glades",
    "time": 1790563370,
    "trim": true,
    "area": true
   },
   "geometry": {
    "type": "LineString",
    "coordinates": [
     [
      -2526,
      -1832.7
     ],
     [
      -2520.7,
      -1834.9
     ],
     [
      -2518.5,
      -1840.2
     ],
     [
      -2517,
      -1846.2
     ],
     [
      -2514.7,
      -1851.4
     ],
     [
      -2512.5,
      -1858.2
     ],
     [
      -2509.5,
      -1863.4
     ],
     [
      -2507.2,
      -1870.9
     ],
     [
      -2505,
      -1878.4
     ],
     [
      -2502.7,
      -1885.9
     ],
     [
      -2502,
      -1894.1
     ],
     [
      -2502,
      -1900.9
     ],
     [
      -2502,
      -1909.1
     ],
     [
      -2502,
      -1916.6
     ],
     [
      -2501.2,
      -1923.4
     ],
     [
      -2499.7,
      -1930.9
     ],
     [
      -2498.2,
      -1938.4
     ],
     [
      -2496,
      -1945.9
     ],
     [
      -2494.5,
      -1952.6
     ],
     [
      -2492.2,
      -1959.4
     ],
     [
      -2490.7,
      -1966.9
     ],
     [
      -2488.5,
      -1975.8
     ],
     [
      -2487.7,
      -1984.8
     ],
     [
      -2485.5,
      -1995.3
     ],
     [
      -2483.2,
      -2006.6
     ],
     [
      -2480.2,
      -2016.3
     ],
     [
      -2477.2,
      -2026.1
     ],
     [
      -2474.2,
      -2032.8
     ],
     [
      -2472,
      -2039.6
     ],
     [
      -2469.7,
      -2045.6
     ],
     [
      -2469,
      -2050.8
     ],
     [
      -2469,
      -2058.3
     ],
     [
      -2469,
      -2065.8
     ],
     [
      -2467.5,
      -2072.5
     ],
     [
      -2466.7,
      -2077.8
     ],
     [
      -2466,
      -2083.8
     ],
     [
      -2466,
      -2089
     ],
     [
      -2466,
      -2095
     ],
     [
      -2466,
      -2100.3
     ],
     [
      -2465.2,
      -2107
     ],
     [
      -2464.5,
      -2112.3
     ],
     [
      -2464.5,
      -2117.5
     ],
     [
      -2463.7,
      -2122.8
     ],
     [
      -2462.2,
      -2128
     ],
     [
      -2462.2,
      -2133.3
     ],
     [
      -2466.7,
      -2137
     ],
     [
      -2471.2,
      -2140
     ],
     [
      -2476.5,
      -2142.3
     ],
     [
      -2481.7,
      -2143.8
     ],
     [
      -2487,
      -2145.3
     ],
     [
      -2492.2,
      -2146.8
     ],
     [
      -2497.5,
      -2146.8
     ],
     [
      -2502.7,
      -2146
     ],
     [
      -2508,
      -2145.3
     ],
     [
      -2513.2,
      -2144.5
     ],
     [
      -2516.2,
      -2149
     ],
     [
      -2519.2,
      -2154.3
     ],
     [
      -2522.2,
      -2158.8
     ],
     [
      -2526.7,
      -2162.5
     ],
     [
      -2530.4,
      -2166.3
     ],
     [
      -2534.9,
      -2169.3
     ],
     [
      -2540.2,
      -2171.5
     ],
     [
      -2545.4,
      -2172.2
     ],
     [
      -2550.7,
      -2173
     ],
     [
      -2556.7,
      -2170.7
     ],
     [
      -2561.9,
      -2167.8
     ],
     [
      -2565.7,
      -2164
     ],
     [
      -2569.4,
      -2158.8
     ],
     [
      -2570.9,
      -2152.8
     ],
     [
      -2571.7,
      -2147.5
     ],
     [
      -2571.7,
      -2140.8
     ],
     [
      -2571.7,
      -2131.8
     ],
     [
      -2570.9,
      -2121.3
     ],
     [
      -2570.2,
      -2107
     ],
     [
      -2567.9,
      -2089.8
     ],
     [
      -2567.9,
      -2071
     ],
     [
      -2567.2,
      -2047.8
     ],
     [
      -2567.2,
      -2029.1
     ],
     [
      -2566.4,
      -2014.1
     ],
     [
      -2564.9,
      -1996.1
     ],
     [
      -2563.4,
      -1976.6
     ],
     [
      -2561.2,
      -1962.4
     ],
     [
      -2559.7,
      -1950.4
     ],
     [
      -2558.9,
      -1939.9
     ],
     [
      -2557.4,
      -1930.1
     ],
     [
      -2556.7,
      -1920.4
     ],
     [
      -2555.2,
      -1912.9
     ],
     [
      -2553.7,
      -1906.1
     ],
     [
      -2552.9,
      -1900.9
     ],
     [
      -2551.4,
      -1895.6
     ],
     [
      -2551.4,
      -1888.9
     ],
     [
      -2550.7,
      -1882.9
     ],
     [
      -2549.9,
      -1876.1
     ],
     [
      -2548.4,
      -1870.2
     ],
     [
      -2546.9,
      -1864.2
     ],
     [
      -2545.4,
      -1858.2
     ],
     [
      -2544.7,
      -1852.2
     ],
     [
      -2541.7,
      -1847.7
     ],
     [
      -2537.2,
      -1842.4
     ],
     [
      -2533.4,
      -1837.9
     ],
     [
      -2529.7,
      -1834.2
     ],
     [
      -2525.2,
      -1831.2
     ]
    ]
   }
  },
  {
   "type": "Feature",
   "properties": {
    "op": "remove",
    "source": "recorded",
    "zone": "Tirisfal Glades",
    "time": 1790563380,
    "trim": true,
    "area": true
   },
   "geometry": {
    "type": "LineString",
    "coordinates": [
     [
      -2733.6,
      -2196.2
     ],
     [
      -2738.8,
      -2197
     ],
     [
      -2744.8,
      -2197.7
     ],
     [
      -2750.8,
      -2198.5
     ],
     [
      -2756.1,
      -2198.5
     ],
     [
      -2761.3,
      -2198.5
     ],
     [
      -2766.6,
      -2198.5
     ],
     [
      -2771.8,
      -2197
     ],
     [
      -2777.1,
      -2195.5
     ],
     [
      -2782.3,
      -2194
     ],
     [
      -2787.6,
      -2191.7
     ],
     [
      -2792.8,
      -2191
     ],
     [
      -2798.1,
      -2189.5
     ],
     [
      -2803.3,
      -2188
     ],
     [
      -2808.6,
      -2185
     ],
     [
      -2813.8,
      -2183.5
     ],
     [
      -2818.3,
      -2180.5
     ],
     [
      -2822.1,
      -2176.7
     ],
     [
      -2825.1,
      -2172.2
     ],
     [
      -2828,
      -2167.8
     ],
     [
      -2830.3,
      -2162.5
     ],
     [
      -2831.8,
      -2157.3
     ],
     [
      -2832.5,
      -2152
     ],
     [
      -2834.8,
      -2146.8
     ],
     [
      -2837.8,
      -2141.5
     ],
     [
      -2842.3,
      -2137
     ],
     [
      -2846,
      -2133.3
     ],
     [
      -2850.5,
      -2130.3
     ],
     [
      -2855,
      -2126.5
     ],
     [
      -2860.3,
      -2122.8
     ],
     [
      -2865.5,
      -2119
     ],
     [
      -2870,
      -2116
     ],
     [
      -2874.5,
      -2113
     ],
     [
      -2879.8,
      -2110.8
     ],
     [
      -2885.8,
      -2109.3
     ],
     [
      -2891,
      -2107.8
     ],
     [
      -2896.3,
      -2106.3
     ],
     [
      -2901.5,
      -2104
     ],
     [
      -2905.3,
      -2100.3
     ],
     [
      -2909,
      -2096.5
     ],
     [
      -2912,
      -2092
     ],
     [
      -2915,
      -2087.5
     ],
     [
      -2918,
      -2083
     ],
     [
      -2921,
      -2077.8
     ],
     [
      -2924,
      -2073.3
     ],
     [
      -2927,
      -2068.8
     ],
     [
      -2930,
      -2064.3
     ],
     [
      -2933.7,
      -2059.8
     ],
     [
      -2937.5,
      -2056.1
     ],
     [
      -2942,
      -2052.3
     ],
     [
      -2946.5,
      -2049.3
     ],
     [
      -2951.7,
      -2047.8
     ],
     [
      -2957,
      -2047.8
     ],
     [
      -2962.2,
      -2047.8
     ],
     [
      -2967.5,
      -2049.3
     ],
     [
      -2972.7,
      -2051.6
     ],
     [
      -2978,
      -2053.1
     ],
     [
      -2983.2,
      -2056.1
     ],
     [
      -2988.5,
      -2056.8
     ],
     [
      -2994.5,
      -2059.1
     ],
     [
      -2999.7,
      -2060.6
     ],
     [
      -3005,
      -2062.1
     ],
     [
      -3011,
      -2063.6
     ],
     [
      -3016.2,
      -2065.1
     ],
     [
      -3021.5,
      -2068.1
     ],
     [
      -3026.7,
      -2070.3
     ],
     [
      -3031.9,
      -2071
     ],
     [
      -3037.2,
      -2068.1
     ],
     [
      -3041.7,
      -2064.3
     ],
     [
      -3046.9,
      -2061.3
     ],
     [
      -3052.2,
      -2059.8
     ],
     [
      -3058.2,
      -2059.1
     ],
     [
      -3063.4,
      -2059.8
     ],
     [
      -3068.7,
      -2061.3
     ],
     [
      -3073.9,
      -2064.3
     ],
     [
      -3079.2,
      -2066.6
     ],
     [
      -3085.9,
      -2070.3
     ],
     [
      -3091.2,
      -2073.3
     ],
     [
      -3097.2,
      -2075.5
     ],
     [
      -3103.2,
      -2078.5
     ],
     [
      -3109.2,
      -2080.8
     ],
     [
      -3114.4,
      -2082.3
     ],
     [
      -3119.7,
      -2083
     ],
     [
      -3124.9,
      -2083.8
     ],
     [
      -3130.1,
      -2083.8
     ],
     [
      -3135.4,
      -2083
     ],
     [
      -3142.1,
      -2080.8
     ],
     [
      -3148.1,
      -2080
     ],
     [
      -3153.4,
      -2079.3
     ],
     [
      -3158.6,
      -2079.3
     ],
     [
      -3163.1,
      -2082.3
     ],
     [
      -3163.1,
      -2087.5
     ],
     [
      -3157.9,
      -2095
     ],
     [
      -3151.9,
      -2099.5
     ],
     [
      -3146.6,
      -2103.3
     ],
     [
      -3141.4,
      -2107
     ],
     [
      -3134.6,
      -2112.3
     ],
     [
      -3127.9,
      -2116.8
     ],
     [
      -3122.7,
      -2119.8
     ],
     [
      -3116.7,
      -2122.8
     ],
     [
      -3109.2,
      -2126.5
     ],
     [
      -3101.7,
      -2131
     ],
     [
      -3095.7,
      -2134
     ],
     [
      -3090.4,
      -2136.3
     ],
     [
      -3085.2,
      -2138.5
     ],
     [
      -3079.9,
      -2141.5
     ],
     [
      -3073.2,
      -2144.5
     ],
     [
      -3065.7,
      -2147.5
     ],
     [
      -3057.4,
      -2150.5
     ],
     [
      -3048.4,
      -2153.5
     ],
     [
      -3040.2,
      -2155
     ],
     [
      -3032.7,
      -2156.5
     ],
     [
      -3023.7,
      -2158.8
     ],
     [
      -3012.5,
      -2161
     ],
     [
      -3001.2,
      -2164
     ],
     [
      -2991.5,
      -2167
     ],
     [
      -2981.7,
      -2170
     ],
     [
      -2972.7,
      -2172.2
     ],
     [
      -2964.5,
      -2174.5
     ],
     [
      -2957.7,
      -2175.2
     ],
     [
      -2951,
      -2176.7
     ],
     [
      -2944.2,
      -2177.5
     ],
     [
      -2936,
      -2179
     ],
     [
      -2927,
      -2181.2
     ],
     [
      -2917.3,
      -2184.2
     ],
     [
      -2909,
      -2187.2
     ],
     [
      -2901.5,
      -2189.5
     ],
     [
      -2894.8,
      -2191.7
     ],
     [
      -2889.5,
      -2193.2
     ],
     [
      -2882.8,
      -2196.2
     ],
     [
      -2874.5,
      -2200
     ],
     [
      -2866.3,
      -2204.5
     ],
     [
      -2861,
      -2207.5
     ],
     [
      -2852.8,
      -2211.2
     ],
     [
      -2844.5,
      -2213.5
     ],
     [
      -2835.5,
      -2215
     ],
     [
      -2830.3,
      -2215.7
     ],
     [
      -2824.3,
      -2216.5
     ],
     [
      -2819.1,
      -2217.2
     ],
     [
      -2811.6,
      -2219.5
     ],
     [
      -2806.3,
      -2221
     ],
     [
      -2798.8,
      -2223.2
     ],
     [
      -2793.6,
      -2224.7
     ],
     [
      -2786.1,
      -2226.2
     ],
     [
      -2780.8,
      -2227
     ],
     [
      -2774.8,
      -2227.7
     ],
     [
      -2768.1,
      -2230
     ],
     [
      -2761.3,
      -2232.2
     ],
     [
      -2755.3,
      -2233.7
     ],
     [
      -2750.1,
      -2233.7
     ],
     [
      -2744.8,
      -2233.7
     ],
     [
      -2738.1,
      -2233
     ],
     [
      -2731.3,
      -2231.5
     ],
     [
      -2726.1,
      -2228.5
     ],
     [
      -2722.4,
      -2224.7
     ],
     [
      -2720.1,
      -2218.7
     ],
     [
      -2718.6,
      -2213.5
     ],
     [
      -2718.6,
      -2208.2
     ],
     [
      -2721.6,
      -2202.2
     ],
     [
      -2724.6,
      -2197.7
     ],
     [
      -2729.1,
      -2194
     ],
     [
      -2734.3,
      -2192.5
     ]
    ]
   }
  },
  {
   "type": "Feature",
   "properties": {
    "op": "remove",
    "source": "recorded",
    "zone": "Tirisfal Glades",
    "time": 1790563383,
    "trim": true
   },
   "geometry": {
    "type": "LineString",
    "coordinates": [
     [
      -2747.1,
      -2197
     ],
     [
      -2752.3,
      -2194.7
     ],
     [
      -2756.8,
      -2191
     ],
     [
      -2762.1,
      -2188.7
     ]
    ]
   }
  },
  {
   "type": "Feature",
   "properties": {
    "op": "add",
    "source": "recorded",
    "zone": "Tirisfal Glades",
    "time": 1790563385,
    "trim": true
   },
   "geometry": {
    "type": "LineString",
    "coordinates": [
     [
      -2742.6,
      -2184.2
     ],
     [
      -2747.8,
      -2182.7
     ],
     [
      -2753.1,
      -2182
     ],
     [
      -2758.3,
      -2181.2
     ],
     [
      -2763.6,
      -2182
     ],
     [
      -2768.8,
      -2183.5
     ],
     [
      -2774.1,
      -2184.2
     ],
     [
      -2779.3,
      -2184.2
     ]
    ]
   }
  },
  {
   "type": "Feature",
   "properties": {
    "op": "remove",
    "source": "recorded",
    "zone": "Tirisfal Glades",
    "time": 1790563390,
    "trim": true,
    "area": true
   },
   "geometry": {
    "type": "LineString",
    "coordinates": [
     [
      -2914.3,
      -2083
     ],
     [
      -2909.8,
      -2086
     ],
     [
      -2906,
      -2089.8
     ],
     [
      -2901.5,
      -2093.5
     ],
     [
      -2897.8,
      -2097.3
     ],
     [
      -2893.3,
      -2100.3
     ],
     [
      -2888.8,
      -2103.3
     ],
     [
      -2885,
      -2107.8
     ],
     [
      -2880.5,
      -2111.5
     ],
     [
      -2877.5,
      -2116
     ],
     [
      -2876.8,
      -2121.3
     ],
     [
      -2882,
      -2122.8
     ],
     [
      -2887.3,
      -2122.8
     ],
     [
      -2892.5,
      -2122.8
     ],
     [
      -2897.8,
      -2119.8
     ],
     [
      -2900.8,
      -2115.3
     ],
     [
      -2903.8,
      -2110
     ],
     [
      -2906.8,
      -2104.8
     ],
     [
      -2909.8,
      -2100.3
     ],
     [
      -2912.8,
      -2095
     ],
     [
      -2913.5,
      -2089.8
     ],
     [
      -2913.5,
      -2084.5
     ]
    ]
   }
  },
  {
   "type": "Feature",
   "properties": {
    "op": "add",
    "source": "recorded",
    "zone": "Tirisfal Glades",
    "time": 1790563393,
    "trim": true
   },
   "geometry": {
    "type": "LineString",
    "coordinates": [
     [
      -2880.7,
      -2109
     ],
     [
      -2878.7,
      -2110.9
     ],
     [
      -2876.1,
      -2112
     ],
     [
      -2873,
      -2113.2
     ],
     [
      -2870.3,
      -2113.6
     ]
    ]
   }
  },
  {
   "type": "Feature",
   "properties": {
    "op": "remove",
    "source": "recorded",
    "zone": "Tirisfal Glades",
    "time": 1790563400,
    "trim": true
   },
   "geometry": {
    "type": "LineString",
    "coordinates": [
     [
      -2922.5,
      -2045.3
     ],
     [
      -2925.2,
      -2045.6
     ],
     [
      -2927.9,
      -2045.6
     ],
     [
      -2930.6,
      -2045.6
     ],
     [
      -2933.2,
      -2045.6
     ],
     [
      -2935.9,
      -2045.3
     ],
     [
      -2938.6,
      -2044.5
     ],
     [
      -2941.7,
      -2043.7
     ],
     [
      -2944.8,
      -2042.6
     ],
     [
      -2947.8,
      -2041.8
     ],
     [
      -2950.5,
      -2041.4
     ],
     [
      -2953.6,
      -2040.3
     ],
     [
      -2957,
      -2039.5
     ],
     [
      -2960.1,
      -2038.7
     ],
     [
      -2963.2,
      -2038.4
     ],
     [
      -2966.6,
      -2038
     ],
     [
      -2969.3,
      -2037.2
     ],
     [
      -2972,
      -2036.4
     ],
     [
      -2974.7,
      -2036.1
     ],
     [
      -2977.8,
      -2035.7
     ],
     [
      -2980.8,
      -2035.3
     ],
     [
      -2983.9,
      -2034.9
     ],
     [
      -2987,
      -2034.5
     ],
     [
      -2990.4,
      -2034.1
     ],
     [
      -2993.9,
      -2034.1
     ],
     [
      -2996.6,
      -2033.8
     ],
     [
      -3000.4,
      -2033.8
     ],
     [
      -3003.5,
      -2033.8
     ],
     [
      -3006.6,
      -2033.8
     ],
     [
      -3010.4,
      -2033.8
     ],
     [
      -3013.5,
      -2033.4
     ],
     [
      -3016.1,
      -2033.4
     ],
     [
      -3018.8,
      -2033.4
     ],
     [
      -3021.9,
      -2033.8
     ],
     [
      -3024.6,
      -2033.8
     ],
     [
      -3028,
      -2033.8
     ],
     [
      -3032.3,
      -2033.8
     ],
     [
      -3035,
      -2033.8
     ],
     [
      -3039.2,
      -2033.8
     ],
     [
      -3042.6,
      -2033.8
     ],
     [
      -3045.7,
      -2033.8
     ],
     [
      -3049.5,
      -2033.4
     ],
     [
      -3053.4,
      -2033.4
     ],
     [
      -3057.2,
      -2033
     ],
     [
      -3061.1,
      -2033
     ],
     [
      -3064.1,
      -2033
     ],
     [
      -3066.8,
      -2032.6
     ],
     [
      -3069.5,
      -2032.2
     ],
     [
      -3072.2,
      -2032.2
     ],
     [
      -3074.9,
      -2031.8
     ],
     [
      -3078.3,
      -2031.8
     ],
     [
      -3081,
      -2031.8
     ],
     [
      -3083.7,
      -2031.8
     ],
     [
      -3086.8,
      -2031.4
     ],
     [
      -3090.2,
      -2031.1
     ],
     [
      -3093.7,
      -2030.7
     ],
     [
      -3096.4,
      -2030.3
     ],
     [
      -3099,
      -2029.5
     ],
     [
      -3101.7,
      -2028
     ],
     [
      -3103.3,
      -2025.3
     ],
     [
      -3103.3,
      -2021.9
     ],
     [
      -3102.9,
      -2018
     ],
     [
      -3102.5,
      -2014.6
     ],
     [
      -3101.7,
      -2010.7
     ],
     [
      -3101,
      -2007.3
     ],
     [
      -3099.4,
      -2003
     ],
     [
      -3098.3,
      -2000.4
     ],
     [
      -3096.4,
      -1996.1
     ],
     [
      -3094.4,
      -1992.7
     ],
     [
      -3092.5,
      -1989.6
     ],
     [
      -3090.2,
      -1986.2
     ],
     [
      -3087.5,
      -1983.1
     ],
     [
      -3083.7,
      -1980
     ],
     [
      -3081.4,
      -1978.1
     ],
     [
      -3078.3,
      -1976.6
     ],
     [
      -3074.9,
      -1974.6
     ],
     [
      -3072.2,
      -1973.5
     ],
     [
      -3068.7,
      -1972.3
     ],
     [
      -3064.9,
      -1971.2
     ],
     [
      -3061.4,
      -1970
     ],
     [
      -3057.6,
      -1969.3
     ],
     [
      -3053.8,
      -1968.5
     ],
     [
      -3049.2,
      -1967.4
     ],
     [
      -3044.9,
      -1967
     ],
     [
      -3040.7,
      -1966.2
     ],
     [
      -3036.9,
      -1965.4
     ],
     [
      -3031.9,
      -1964.7
     ],
     [
      -3027.7,
      -1964.3
     ],
     [
      -3022.7,
      -1963.5
     ],
     [
      -3018.1,
      -1962.7
     ],
     [
      -3013.1,
      -1962.4
     ],
     [
      -3008.1,
      -1961.6
     ],
     [
      -3001.2,
      -1961.6
     ],
     [
      -2994.7,
      -1961.2
     ],
     [
      -2987.4,
      -1961.2
     ],
     [
      -2981.2,
      -1960.8
     ],
     [
      -2975.5,
      -1960.4
     ],
     [
      -2970.5,
      -1960.1
     ],
     [
      -2965.9,
      -1959.7
     ],
     [
      -2961.3,
      -1959.3
     ],
     [
      -2955.9,
      -1958.9
     ],
     [
      -2951.3,
      -1958.9
     ],
     [
      -2946.7,
      -1958.5
     ],
     [
      -2942.5,
      -1958.1
     ],
     [
      -2938.6,
      -1958.1
     ],
     [
      -2935.5,
      -1957.8
     ],
     [
      -2932.1,
      -1957.4
     ],
     [
      -2928.6,
      -1957
     ],
     [
      -2926,
      -1956.6
     ],
     [
      -2922.1,
      -1956.2
     ],
     [
      -2919.4,
      -1956.2
     ],
     [
      -2915.6,
      -1956.2
     ],
     [
      -2911.4,
      -1956.2
     ],
     [
      -2907.1,
      -1956.2
     ],
     [
      -2903.3,
      -1956.2
     ],
     [
      -2899.9,
      -1956.2
     ],
     [
      -2895.6,
      -1956.2
     ],
     [
      -2892.6,
      -1956.2
     ],
     [
      -2889.5,
      -1956.6
     ],
     [
      -2886.4,
      -1956.6
     ],
     [
      -2883.7,
      -1957
     ],
     [
      -2881,
      -1957
     ],
     [
      -2878.4,
      -1957
     ],
     [
      -2875.3,
      -1957
     ],
     [
      -2872.2,
      -1957
     ],
     [
      -2869.5,
      -1957
     ],
     [
      -2866.8,
      -1957.4
     ],
     [
      -2864.2,
      -1957.8
     ],
     [
      -2861.1,
      -1958.1
     ],
     [
      -2858.4,
      -1959.3
     ],
     [
      -2855.7,
      -1960.1
     ],
     [
      -2853,
      -1961.2
     ],
     [
      -2850,
      -1962
     ],
     [
      -2846.1,
      -1963.1
     ],
     [
      -2843.1,
      -1963.9
     ],
     [
      -2839.2,
      -1964.3
     ],
     [
      -2835.8,
      -1964.3
     ],
     [
      -2832.7,
      -1964.3
     ],
     [
      -2830,
      -1964.3
     ],
     [
      -2826.9,
      -1964.3
     ],
     [
      -2823.9,
      -1964.3
     ]
    ]
   }
  },
  {
   "type": "Feature",
   "properties": {
    "op": "remove",
    "source": "recorded",
    "zone": "Tirisfal Glades",
    "time": 1790563409,
    "trim": true,
    "area": true
   },
   "geometry": {
    "type": "LineString",
    "coordinates": [
     [
      -2839.7,
      -1958.4
     ],
     [
      -2834.5,
      -1959.9
     ],
     [
      -2830,
      -1963.6
     ],
     [
      -2828.5,
      -1968.9
     ],
     [
      -2830,
      -1974.1
     ],
     [
      -2833.7,
      -1979.4
     ],
     [
      -2836.7,
      -1983.9
     ],
     [
      -2841.2,
      -1989.1
     ],
     [
      -2846.5,
      -1994.4
     ],
     [
      -2851,
      -2000.4
     ],
     [
      -2855.4,
      -2005.6
     ],
     [
      -2858.4,
      -2010.1
     ],
     [
      -2862.2,
      -2014.6
     ],
     [
      -2867.4,
      -2017.6
     ],
     [
      -2872.7,
      -2019.8
     ],
     [
      -2879.4,
      -2022.8
     ],
     [
      -2885.4,
      -2025.1
     ],
     [
      -2891.4,
      -2027.3
     ],
     [
      -2896.7,
      -2028.8
     ],
     [
      -2902.7,
      -2029.6
     ],
     [
      -2910.2,
      -2030.3
     ],
     [
      -2916.2,
      -2031.1
     ],
     [
      -2921.4,
      -2031.8
     ],
     [
      -2926.7,
      -2032.6
     ],
     [
      -2932.7,
      -2033.3
     ],
     [
      -2938.7,
      -2033.3
     ],
     [
      -2944.7,
      -2034.1
     ],
     [
      -2950.7,
      -2034.8
     ],
     [
      -2956.6,
      -2035.6
     ],
     [
      -2961.9,
      -2035.6
     ],
     [
      -2967.1,
      -2035.6
     ],
     [
      -2972.4,
      -2035.6
     ],
     [
      -2977.6,
      -2035.6
     ],
     [
      -2983.6,
      -2035.6
     ],
     [
      -2989.6,
      -2034.8
     ],
     [
      -2995.6,
      -2033.3
     ],
     [
      -3001.6,
      -2032.6
     ],
     [
      -3008.4,
      -2031.8
     ],
     [
      -3013.6,
      -2031.1
     ],
     [
      -3019.6,
      -2030.3
     ],
     [
      -3025.6,
      -2028.8
     ],
     [
      -3031.6,
      -2028.1
     ],
     [
      -3038.4,
      -2027.3
     ],
     [
      -3043.6,
      -2027.3
     ],
     [
      -3049.6,
      -2026.6
     ],
     [
      -3055.6,
      -2025.8
     ],
     [
      -3060.8,
      -2025.1
     ],
     [
      -3066.8,
      -2025.1
     ],
     [
      -3072.1,
      -2024.3
     ],
     [
      -3077.3,
      -2023.6
     ],
     [
      -3084.1,
      -2023.6
     ],
     [
      -3089.3,
      -2022.8
     ],
     [
      -3094.6,
      -2022.1
     ],
     [
      -3099.8,
      -2022.1
     ],
     [
      -3106.6,
      -2021.3
     ],
     [
      -3111.8,
      -2021.3
     ],
     [
      -3117.1,
      -2021.3
     ],
     [
      -3122.3,
      -2020.6
     ],
     [
      -3127.6,
      -2020.6
     ],
     [
      -3132.8,
      -2020.6
     ],
     [
      -3138.8,
      -2019.8
     ],
     [
      -3144.8,
      -2019.1
     ],
     [
      -3150.8,
      -2019.1
     ],
     [
      -3157.5,
      -2018.3
     ],
     [
      -3165,
      -2017.6
     ],
     [
      -3173.3,
      -2016.8
     ],
     [
      -3180,
      -2016.1
     ],
     [
      -3188.3,
      -2014.6
     ],
     [
      -3195.8,
      -2013.9
     ],
     [
      -3201,
      -2013.1
     ],
     [
      -3206.3,
      -2012.4
     ],
     [
      -3214.5,
      -2011.6
     ],
     [
      -3221.3,
      -2010.9
     ],
     [
      -3228,
      -2010.9
     ],
     [
      -3234.8,
      -2010.9
     ],
     [
      -3241.5,
      -2010.1
     ],
     [
      -3246.8,
      -2010.1
     ],
     [
      -3252,
      -2009.4
     ],
     [
      -3259.5,
      -2008.6
     ],
     [
      -3265.5,
      -2007.9
     ],
     [
      -3273,
      -2007.9
     ],
     [
      -3280.5,
      -2007.9
     ],
     [
      -3285.7,
      -2008.6
     ],
     [
      -3291,
      -2010.1
     ],
     [
      -3298.5,
      -2010.9
     ],
     [
      -3306,
      -2011.6
     ],
     [
      -3312.7,
      -2013.1
     ],
     [
      -3318.7,
      -2014.6
     ],
     [
      -3325.5,
      -2015.4
     ],
     [
      -3330.7,
      -2015.4
     ],
     [
      -3337.5,
      -2015.4
     ],
     [
      -3345,
      -2016.1
     ],
     [
      -3352.4,
      -2016.1
     ],
     [
      -3359.2,
      -2016.1
     ],
     [
      -3365.2,
      -2016.1
     ],
     [
      -3371.9,
      -2016.1
     ],
     [
      -3377.9,
      -2016.1
     ],
     [
      -3383.9,
      -2016.1
     ],
     [
      -3389.9,
      -2015.4
     ],
     [
      -3395.2,
      -2013.9
     ],
     [
      -3400.4,
      -2012.4
     ],
     [
      -3405.7,
      -2010.9
     ],
     [
      -3411.7,
      -2008.6
     ],
     [
      -3417.7,
      -2004.9
     ],
     [
      -3421.4,
      -2001.1
     ],
     [
      -3422.2,
      -1993.6
     ],
     [
      -3422.2,
      -1987.6
     ],
     [
      -3422.2,
      -1980.9
     ],
     [
      -3422.2,
      -1974.1
     ],
     [
      -3422.2,
      -1965.9
     ],
     [
      -3421.4,
      -1959.1
     ],
     [
      -3420.7,
      -1951.6
     ],
     [
      -3418.4,
      -1944.1
     ],
     [
      -3416.2,
      -1936.6
     ],
     [
      -3414.7,
      -1929.9
     ],
     [
      -3413.2,
      -1923.9
     ],
     [
      -3410.2,
      -1916.4
     ],
     [
      -3407.9,
      -1910.4
     ],
     [
      -3404.2,
      -1904.4
     ],
     [
      -3400.4,
      -1899.9
     ],
     [
      -3396.7,
      -1896.2
     ],
     [
      -3392.9,
      -1892.4
     ],
     [
      -3388.4,
      -1887.2
     ],
     [
      -3383.9,
      -1883.4
     ],
     [
      -3379.4,
      -1880.4
     ],
     [
      -3371.2,
      -1877.4
     ],
     [
      -3364.4,
      -1875.9
     ],
     [
      -3356.2,
      -1874.4
     ],
     [
      -3348.7,
      -1872.9
     ],
     [
      -3341.2,
      -1872.2
     ],
     [
      -3333.7,
      -1870.7
     ],
     [
      -3327,
      -1869.9
     ],
     [
      -3318.7,
      -1869.9
     ],
     [
      -3310.5,
      -1869.2
     ],
     [
      -3298.5,
      -1869.9
     ],
     [
      -3285,
      -1870.7
     ],
     [
      -3273,
      -1872.9
     ],
     [
      -3258.7,
      -1874.4
     ],
     [
      -3243.8,
      -1876.7
     ],
     [
      -3230.3,
      -1878.9
     ],
     [
      -3216,
      -1881.9
     ],
     [
      -3203.3,
      -1884.2
     ],
     [
      -3189.8,
      -1887.2
     ],
     [
      -3176.3,
      -1890.2
     ],
     [
      -3159,
      -1893.9
     ],
     [
      -3144.8,
      -1896.9
     ],
     [
      -3130.6,
      -1899.2
     ],
     [
      -3118.6,
      -1902.2
     ],
     [
      -3107.3,
      -1903.7
     ],
     [
      -3093.8,
      -1905.9
     ],
     [
      -3082.6,
      -1907.4
     ],
     [
      -3070.6,
      -1908.2
     ],
     [
      -3057.1,
      -1910.4
     ],
     [
      -3043.6,
      -1911.9
     ],
     [
      -3030.9,
      -1913.4
     ],
     [
      -3020.4,
      -1915.7
     ],
     [
      -3007.6,
      -1917.9
     ],
     [
      -2997.9,
      -1920.1
     ],
     [
      -2986.6,
      -1923.1
     ],
     [
      -2976.9,
      -1925.4
     ],
     [
      -2965.6,
      -1928.4
     ],
     [
      -2955.9,
      -1929.9
     ],
     [
      -2946.9,
      -1932.1
     ],
     [
      -2938.7,
      -1933.6
     ],
     [
      -2928.9,
      -1935.9
     ],
     [
      -2920.7,
      -1937.4
     ],
     [
      -2913.2,
      -1939.6
     ],
     [
      -2905.7,
      -1942.6
     ],
     [
      -2898.9,
      -1945.6
     ],
     [
      -2893.7,
      -1947.9
     ],
     [
      -2887.7,
      -1950.1
     ],
     [
      -2880.2,
      -1952.4
     ],
     [
      -2873.4,
      -1954.6
     ],
     [
      -2866.7,
      -1956.1
     ],
     [
      -2859.9,
      -1958.4
     ],
     [
      -2853.9,
      -1959.1
     ],
     [
      -2848.7,
      -1959.9
     ],
     [
      -2843.5,
      -1960.6
     ],
     [
      -2838.2,
      -1960.6
     ]
    ]
   }
  },
  {
   "type": "Feature",
   "properties": {
    "op": "remove",
    "source": "recorded",
    "zone": "Tirisfal Glades",
    "time": 1790563413,
    "trim": true
   },
   "geometry": {
    "type": "LineString",
    "coordinates": [
     [
      -3033.9,
      -2057.3
     ],
     [
      -3039.1,
      -2059.6
     ],
     [
      -3044.4,
      -2061.8
     ],
     [
      -3048.9,
      -2064.8
     ]
    ]
   }
  },
  {
   "type": "Feature",
   "properties": {
    "op": "remove",
    "source": "recorded",
    "zone": "Tirisfal Glades",
    "time": 1790563421,
    "trim": true,
    "area": true
   },
   "geometry": {
    "type": "LineString",
    "coordinates": [
     [
      -3168,
      -2056.6
     ],
     [
      -3173.3,
      -2057.3
     ],
     [
      -3178.5,
      -2058.1
     ],
     [
      -3183.8,
      -2058.8
     ],
     [
      -3189,
      -2058.8
     ],
     [
      -3195,
      -2058.8
     ],
     [
      -3200.3,
      -2059.6
     ],
     [
      -3205.5,
      -2060.3
     ],
     [
      -3211.5,
      -2061.1
     ],
     [
      -3216.8,
      -2061.8
     ],
     [
      -3223.5,
      -2063.3
     ],
     [
      -3229.5,
      -2064.1
     ],
     [
      -3234.8,
      -2065.6
     ],
     [
      -3240,
      -2066.3
     ],
     [
      -3245.3,
      -2067.1
     ],
     [
      -3250.5,
      -2067.8
     ],
     [
      -3255.7,
      -2067.8
     ],
     [
      -3261,
      -2067.8
     ],
     [
      -3267,
      -2067.8
     ],
     [
      -3272.2,
      -2067.8
     ],
     [
      -3278.2,
      -2067.8
     ],
     [
      -3283.5,
      -2067.8
     ],
     [
      -3289.5,
      -2067.8
     ],
     [
      -3295.5,
      -2067.8
     ],
     [
      -3302.2,
      -2067.8
     ],
     [
      -3307.5,
      -2067.8
     ],
     [
      -3313.5,
      -2068.6
     ],
     [
      -3320.2,
      -2068.6
     ],
     [
      -3326.2,
      -2069.3
     ],
     [
      -3332.2,
      -2070.1
     ],
     [
      -3338.2,
      -2070.1
     ],
     [
      -3344.2,
      -2070.8
     ],
     [
      -3349.5,
      -2070.8
     ],
     [
      -3354.7,
      -2070.8
     ],
     [
      -3360.7,
      -2070.8
     ],
     [
      -3367.4,
      -2071.6
     ],
     [
      -3372.7,
      -2071.6
     ],
     [
      -3380.2,
      -2071.6
     ],
     [
      -3385.4,
      -2071.6
     ],
     [
      -3391.4,
      -2072.3
     ],
     [
      -3398.9,
      -2073.1
     ],
     [
      -3405.7,
      -2073.1
     ],
     [
      -3412.4,
      -2073.1
     ],
     [
      -3419.2,
      -2073.8
     ],
     [
      -3425.2,
      -2074.6
     ],
     [
      -3431.9,
      -2075.3
     ],
     [
      -3437.9,
      -2076.1
     ],
     [
      -3443.2,
      -2076.8
     ],
     [
      -3448.4,
      -2077.6
     ],
     [
      -3453.6,
      -2079.1
     ],
     [
      -3457.4,
      -2082.8
     ],
     [
      -3460.4,
      -2088.1
     ],
     [
      -3462.6,
      -2094.1
     ],
     [
      -3465.6,
      -2099.3
     ],
     [
      -3466.4,
      -2104.6
     ],
     [
      -3467.9,
      -2109.8
     ],
     [
      -3468.6,
      -2115.8
     ],
     [
      -3470.1,
      -2121
     ],
     [
      -3471.6,
      -2126.3
     ],
     [
      -3473.1,
      -2132.3
     ],
     [
      -3474.6,
      -2137.5
     ],
     [
      -3476.1,
      -2142.8
     ],
     [
      -3478.4,
      -2148.8
     ],
     [
      -3479.9,
      -2154
     ],
     [
      -3482.1,
      -2159.3
     ],
     [
      -3485.1,
      -2165.3
     ],
     [
      -3488.1,
      -2169.8
     ],
     [
      -3491.1,
      -2175.8
     ],
     [
      -3494.1,
      -2181.8
     ],
     [
      -3497.9,
      -2187
     ],
     [
      -3501.6,
      -2193
     ],
     [
      -3505.4,
      -2199.8
     ],
     [
      -3509.1,
      -2205
     ],
     [
      -3512.9,
      -2210.3
     ],
     [
      -3516.6,
      -2215.5
     ],
     [
      -3521.1,
      -2220.7
     ],
     [
      -3526.4,
      -2227.5
     ],
     [
      -3530.1,
      -2232
     ],
     [
      -3533.9,
      -2239.5
     ],
     [
      -3537.6,
      -2245.5
     ],
     [
      -3540.6,
      -2250
     ],
     [
      -3545.1,
      -2256
     ],
     [
      -3549.6,
      -2262.7
     ],
     [
      -3553.3,
      -2268.7
     ],
     [
      -3556.3,
      -2273.2
     ],
     [
      -3559.3,
      -2278.5
     ],
     [
      -3563.8,
      -2283.7
     ],
     [
      -3566.8,
      -2289
     ],
     [
      -3569.8,
      -2293.5
     ],
     [
      -3572.1,
      -2300.2
     ],
     [
      -3574.3,
      -2305.5
     ],
     [
      -3575.8,
      -2310.7
     ],
     [
      -3577.3,
      -2315.9
     ],
     [
      -3578.1,
      -2321.2
     ],
     [
      -3578.8,
      -2326.4
     ],
     [
      -3578.1,
      -2331.7
     ],
     [
      -3573.6,
      -2334.7
     ],
     [
      -3568.3,
      -2336.9
     ],
     [
      -3562.3,
      -2339.2
     ],
     [
      -3557.1,
      -2339.9
     ],
     [
      -3550.3,
      -2339.9
     ],
     [
      -3542.1,
      -2339.2
     ],
     [
      -3533.9,
      -2336.2
     ],
     [
      -3524.1,
      -2333.2
     ],
     [
      -3515.1,
      -2330.2
     ],
     [
      -3506.1,
      -2326.4
     ],
     [
      -3497.9,
      -2322.7
     ],
     [
      -3488.9,
      -2318.2
     ],
     [
      -3481.4,
      -2314.4
     ],
     [
      -3473.9,
      -2310.7
     ],
     [
      -3466.4,
      -2306.2
     ],
     [
      -3458.1,
      -2301
     ],
     [
      -3450.6,
      -2295.7
     ],
     [
      -3441.7,
      -2289.7
     ],
     [
      -3434.9,
      -2284.5
     ],
     [
      -3424.4,
      -2278.5
     ],
     [
      -3416.9,
      -2274
     ],
     [
      -3407.9,
      -2268
     ],
     [
      -3398.2,
      -2262
     ],
     [
      -3390.7,
      -2256
     ],
     [
      -3382.4,
      -2250.7
     ],
     [
      -3374.2,
      -2244.7
     ],
     [
      -3364.4,
      -2238
     ],
     [
      -3355.4,
      -2232
     ],
     [
      -3345.7,
      -2223.7
     ],
     [
      -3336,
      -2215.5
     ],
     [
      -3327.7,
      -2208
     ],
     [
      -3319.5,
      -2200.5
     ],
     [
      -3310.5,
      -2193
     ],
     [
      -3302.2,
      -2187
     ],
     [
      -3294,
      -2180.3
     ],
     [
      -3285.7,
      -2173.5
     ],
     [
      -3279,
      -2168.3
     ],
     [
      -3272.2,
      -2163
     ],
     [
      -3265.5,
      -2157.8
     ],
     [
      -3259.5,
      -2154
     ],
     [
      -3253.5,
      -2150.3
     ],
     [
      -3247.5,
      -2145.8
     ],
     [
      -3240,
      -2141.3
     ],
     [
      -3233.3,
      -2136
     ],
     [
      -3228,
      -2131.5
     ],
     [
      -3223.5,
      -2127.8
     ],
     [
      -3214.5,
      -2123.3
     ],
     [
      -3205.5,
      -2118
     ],
     [
      -3198,
      -2115
     ],
     [
      -3192.8,
      -2112.8
     ],
     [
      -3188.3,
      -2109.8
     ],
     [
      -3182.3,
      -2106.8
     ],
     [
      -3177,
      -2104.6
     ],
     [
      -3171.8,
      -2102.3
     ],
     [
      -3167.3,
      -2099.3
     ],
     [
      -3162,
      -2096.3
     ],
     [
      -3158.3,
      -2092.6
     ],
     [
      -3154.5,
      -2088.1
     ],
     [
      -3154.5,
      -2082.8
     ],
     [
      -3157.5,
      -2076.8
     ],
     [
      -3161.3,
      -2073.1
     ],
     [
      -3165.8,
      -2069.3
     ],
     [
      -3171,
      -2067.1
     ],
     [
      -3176.3,
      -2064.8
     ],
     [
      -3179.3,
      -2060.3
     ],
     [
      -3183,
      -2056.6
     ]
    ]
   }
  },
  {
   "type": "Feature",
   "properties": {
    "op": "remove",
    "source": "recorded",
    "zone": "Tirisfal Glades",
    "time": 1790563426,
    "trim": true,
    "area": true
   },
   "geometry": {
    "type": "LineString",
    "coordinates": [
     [
      -3172.5,
      -2028.1
     ],
     [
      -3177.8,
      -2028.1
     ],
     [
      -3183.8,
      -2028.8
     ],
     [
      -3189,
      -2028.8
     ],
     [
      -3195.8,
      -2029.6
     ],
     [
      -3201.8,
      -2031.1
     ],
     [
      -3207.8,
      -2031.8
     ],
     [
      -3213,
      -2032.6
     ],
     [
      -3218.3,
      -2033.3
     ],
     [
      -3224.3,
      -2034.1
     ],
     [
      -3231,
      -2034.1
     ],
     [
      -3236.3,
      -2034.8
     ],
     [
      -3241.5,
      -2035.6
     ],
     [
      -3246.8,
      -2036.3
     ],
     [
      -3252,
      -2037.1
     ],
     [
      -3257.2,
      -2037.1
     ],
     [
      -3264.7,
      -2037.8
     ],
     [
      -3271.5,
      -2038.6
     ],
     [
      -3276.7,
      -2039.3
     ],
     [
      -3282,
      -2040.1
     ],
     [
      -3287.2,
      -2040.1
     ],
     [
      -3293.2,
      -2040.1
     ],
     [
      -3300,
      -2040.1
     ],
     [
      -3307.5,
      -2040.1
     ],
     [
      -3313.5,
      -2040.1
     ],
     [
      -3319.5,
      -2040.1
     ],
     [
      -3325.5,
      -2040.1
     ],
     [
      -3331.5,
      -2040.1
     ],
     [
      -3338.2,
      -2040.1
     ],
     [
      -3343.5,
      -2040.1
     ],
     [
      -3351.7,
      -2040.1
     ],
     [
      -3356.9,
      -2040.1
     ],
     [
      -3363.7,
      -2040.1
     ],
     [
      -3368.9,
      -2040.1
     ],
     [
      -3374.2,
      -2039.3
     ],
     [
      -3379.4,
      -2039.3
     ],
     [
      -3385.4,
      -2037.8
     ],
     [
      -3391.4,
      -2037.8
     ],
     [
      -3396.7,
      -2037.1
     ],
     [
      -3401.9,
      -2036.3
     ],
     [
      -3407.2,
      -2036.3
     ],
     [
      -3413.2,
      -2036.3
     ],
     [
      -3419.2,
      -2036.3
     ],
     [
      -3424.4,
      -2036.3
     ],
     [
      -3430.4,
      -2036.3
     ],
     [
      -3435.7,
      -2036.3
     ],
     [
      -3441.7,
      -2036.3
     ],
     [
      -3447.7,
      -2037.1
     ],
     [
      -3453.6,
      -2037.1
     ],
     [
      -3458.9,
      -2037.1
     ],
     [
      -3464.1,
      -2036.3
     ],
     [
      -3469.4,
      -2036.3
     ],
     [
      -3475.4,
      -2035.6
     ],
     [
      -3480.6,
      -2034.8
     ],
     [
      -3486.6,
      -2032.6
     ],
     [
      -3491.9,
      -2028.8
     ],
     [
      -3495.6,
      -2025.1
     ],
     [
      -3500.1,
      -2019.8
     ],
     [
      -3502.4,
      -2014.6
     ],
     [
      -3505.4,
      -2007.1
     ],
     [
      -3507.6,
      -2001.1
     ],
     [
      -3509.9,
      -1992.9
     ],
     [
      -3512.1,
      -1984.6
     ],
     [
      -3514.4,
      -1975.6
     ],
     [
      -3516.6,
      -1968.9
     ],
     [
      -3518.9,
      -1961.4
     ],
     [
      -3521.1,
      -1956.1
     ],
     [
      -3523.4,
      -1949.4
     ],
     [
      -3526.4,
      -1944.1
     ],
     [
      -3529.4,
      -1939.6
     ],
     [
      -3532.4,
      -1935.1
     ],
     [
      -3534.6,
      -1929.9
     ],
     [
      -3534.6,
      -1923.9
     ],
     [
      -3533.1,
      -1917.1
     ],
     [
      -3530.9,
      -1910.4
     ],
     [
      -3529.4,
      -1904.4
     ],
     [
      -3526.4,
      -1899.2
     ],
     [
      -3524.1,
      -1893.2
     ],
     [
      -3520.4,
      -1887.2
     ],
     [
      -3516.6,
      -1881.2
     ],
     [
      -3513.6,
      -1875.9
     ],
     [
      -3509.9,
      -1869.9
     ],
     [
      -3506.1,
      -1865.4
     ],
     [
      -3501.6,
      -1860.9
     ],
     [
      -3497.1,
      -1856.4
     ],
     [
      -3492.6,
      -1853.4
     ],
     [
      -3486.6,
      -1850.4
     ],
     [
      -3479.9,
      -1848.2
     ],
     [
      -3473.1,
      -1845.9
     ],
     [
      -3467.1,
      -1843.7
     ],
     [
      -3461.9,
      -1842.2
     ],
     [
      -3454.4,
      -1840.7
     ],
     [
      -3449.2,
      -1839.9
     ],
     [
      -3443.9,
      -1839.9
     ],
     [
      -3434.9,
      -1839.9
     ],
     [
      -3425.9,
      -1840.7
     ],
     [
      -3416.2,
      -1841.4
     ],
     [
      -3406.4,
      -1842.9
     ],
     [
      -3398.2,
      -1843.7
     ],
     [
      -3386.9,
      -1845.2
     ],
     [
      -3376.4,
      -1848.2
     ],
     [
      -3365.9,
      -1851.2
     ],
     [
      -3353.2,
      -1855.7
     ],
     [
      -3339,
      -1860.9
     ],
     [
      -3325.5,
      -1865.4
     ],
     [
      -3312,
      -1870.7
     ],
     [
      -3299.2,
      -1874.4
     ],
     [
      -3288,
      -1878.9
     ],
     [
      -3277.5,
      -1882.7
     ],
     [
      -3267,
      -1886.4
     ],
     [
      -3256.5,
      -1890.9
     ],
     [
      -3246,
      -1894.7
     ],
     [
      -3234.8,
      -1898.4
     ],
     [
      -3225,
      -1902.2
     ],
     [
      -3216,
      -1905.2
     ],
     [
      -3207.8,
      -1908.9
     ],
     [
      -3200.3,
      -1913.4
     ],
     [
      -3192.8,
      -1917.9
     ],
     [
      -3186,
      -1922.4
     ],
     [
      -3179.3,
      -1926.9
     ],
     [
      -3174,
      -1930.6
     ],
     [
      -3168.8,
      -1935.1
     ],
     [
      -3165,
      -1940.4
     ],
     [
      -3161.3,
      -1945.6
     ],
     [
      -3158.3,
      -1950.9
     ],
     [
      -3156,
      -1956.1
     ],
     [
      -3153.8,
      -1962.9
     ],
     [
      -3153,
      -1968.1
     ],
     [
      -3154.5,
      -1974.1
     ],
     [
      -3157.5,
      -1980.1
     ],
     [
      -3159.8,
      -1986.9
     ],
     [
      -3162,
      -1994.4
     ],
     [
      -3164.3,
      -2001.9
     ],
     [
      -3165.8,
      -2007.1
     ],
     [
      -3168.8,
      -2012.4
     ],
     [
      -3171,
      -2017.6
     ],
     [
      -3173.3,
      -2022.8
     ],
     [
      -3175.5,
      -2028.1
     ]
    ]
   }
  },
  {
   "type": "Feature",
   "properties": {
    "op": "remove",
    "source": "recorded",
    "zone": "Tirisfal Glades",
    "time": 1790563432,
    "trim": true,
    "area": true
   },
   "geometry": {
    "type": "LineString",
    "coordinates": [
     [
      -3413.9,
      -2059.6
     ],
     [
      -3408.7,
      -2058.8
     ],
     [
      -3403.4,
      -2058.1
     ],
     [
      -3398.2,
      -2058.1
     ],
     [
      -3392.2,
      -2058.1
     ],
     [
      -3386.9,
      -2058.1
     ],
     [
      -3380.9,
      -2058.1
     ],
     [
      -3375.7,
      -2058.1
     ],
     [
      -3369.7,
      -2057.3
     ],
     [
      -3364.4,
      -2057.3
     ],
     [
      -3359.2,
      -2056.6
     ],
     [
      -3353.2,
      -2056.6
     ],
     [
      -3348,
      -2056.6
     ],
     [
      -3342.7,
      -2056.6
     ],
     [
      -3337.5,
      -2056.6
     ],
     [
      -3332.2,
      -2056.6
     ],
     [
      -3326.2,
      -2056.6
     ],
     [
      -3321,
      -2056.6
     ],
     [
      -3315,
      -2056.6
     ],
     [
      -3309,
      -2056.6
     ],
     [
      -3303.7,
      -2056.6
     ],
     [
      -3297.7,
      -2056.6
     ],
     [
      -3292.5,
      -2056.6
     ],
     [
      -3286.5,
      -2057.3
     ],
     [
      -3281.2,
      -2057.3
     ],
     [
      -3276,
      -2057.3
     ],
     [
      -3270.7,
      -2057.3
     ],
     [
      -3265.5,
      -2057.3
     ],
     [
      -3260.2,
      -2057.3
     ],
     [
      -3255,
      -2057.3
     ],
     [
      -3249.8,
      -2057.3
     ],
     [
      -3244.5,
      -2057.3
     ],
     [
      -3238.5,
      -2057.3
     ],
     [
      -3233.3,
      -2057.3
     ],
     [
      -3228,
      -2057.3
     ],
     [
      -3222.8,
      -2057.3
     ],
     [
      -3216.8,
      -2056.6
     ],
     [
      -3210.8,
      -2055.8
     ],
     [
      -3205.5,
      -2054.3
     ],
     [
      -3199.5,
      -2053.6
     ],
     [
      -3194.3,
      -2052.8
     ],
     [
      -3189,
      -2052.1
     ],
     [
      -3183.8,
      -2051.3
     ],
     [
      -3177.8,
      -2051.3
     ],
     [
      -3172.5,
      -2051.3
     ],
     [
      -3167.3,
      -2052.1
     ],
     [
      -3170.3,
      -2057.3
     ],
     [
      -3178.5,
      -2061.1
     ],
     [
      -3183.8,
      -2063.3
     ],
     [
      -3190.5,
      -2066.3
     ],
     [
      -3196.5,
      -2069.3
     ],
     [
      -3201.8,
      -2071.6
     ],
     [
      -3208.5,
      -2075.3
     ],
     [
      -3216.8,
      -2078.3
     ],
     [
      -3224.3,
      -2080.6
     ],
     [
      -3232.5,
      -2082.8
     ],
     [
      -3238.5,
      -2084.3
     ],
     [
      -3246,
      -2085.8
     ],
     [
      -3254.2,
      -2087.3
     ],
     [
      -3262.5,
      -2088.1
     ],
     [
      -3269.2,
      -2088.1
     ],
     [
      -3274.5,
      -2088.1
     ],
     [
      -3280.5,
      -2088.1
     ],
     [
      -3288.7,
      -2088.1
     ],
     [
      -3296.2,
      -2088.8
     ],
     [
      -3305.2,
      -2088.8
     ],
     [
      -3312.7,
      -2088.8
     ],
     [
      -3318,
      -2088.8
     ],
     [
      -3326.2,
      -2089.6
     ],
     [
      -3331.5,
      -2089.6
     ],
     [
      -3337.5,
      -2090.3
     ],
     [
      -3342.7,
      -2090.3
     ],
     [
      -3348,
      -2091.1
     ],
     [
      -3353.2,
      -2091.1
     ],
     [
      -3358.4,
      -2091.1
     ],
     [
      -3367.4,
      -2089.6
     ],
     [
      -3374.9,
      -2088.8
     ],
     [
      -3381.7,
      -2088.1
     ],
     [
      -3387.7,
      -2088.1
     ],
     [
      -3393.7,
      -2087.3
     ],
     [
      -3398.9,
      -2085.8
     ],
     [
      -3404.2,
      -2084.3
     ],
     [
      -3408.7,
      -2081.3
     ],
     [
      -3411.7,
      -2076.1
     ],
     [
      -3413.2,
      -2070.8
     ],
     [
      -3413.9,
      -2065.6
     ],
     [
      -3413.9,
      -2060.3
     ]
    ]
   }
  },
  {
   "type": "Feature",
   "properties": {
    "op": "add",
    "source": "recorded",
    "zone": "Tirisfal Glades",
    "time": 1790563438,
    "trim": true
   },
   "geometry": {
    "type": "LineString",
    "coordinates": [
     [
      -3049.1,
      -2049.8
     ],
     [
      -3046.4,
      -2049.8
     ],
     [
      -3043.7,
      -2049.8
     ],
     [
      -3041,
      -2050.2
     ],
     [
      -3038.3,
      -2051
     ],
     [
      -3035.7,
      -2051.4
     ],
     [
      -3033,
      -2052.1
     ],
     [
      -3030.3,
      -2052.9
     ],
     [
      -3027.6,
      -2053.7
     ],
     [
      -3024.9,
      -2053.7
     ],
     [
      -3022.2,
      -2053.7
     ],
     [
      -3019.5,
      -2053.7
     ],
     [
      -3016.9,
      -2053.7
     ],
     [
      -3013.8,
      -2054.1
     ],
     [
      -3010.7,
      -2054.1
     ],
     [
      -3008,
      -2054.1
     ],
     [
      -3005,
      -2054.4
     ],
     [
      -3002.3,
      -2054.4
     ],
     [
      -2999.2,
      -2054.4
     ],
     [
      -2996.1,
      -2054.4
     ],
     [
      -2993.4,
      -2054.4
     ],
     [
      -2990.4,
      -2054.1
     ],
     [
      -2987.3,
      -2053.3
     ],
     [
      -2984.6,
      -2052.1
     ],
     [
      -2981.9,
      -2051
     ],
     [
      -2979.2,
      -2049.8
     ],
     [
      -2976.9,
      -2048.3
     ],
     [
      -2974.3,
      -2047.5
     ],
     [
      -2971.6,
      -2046.8
     ],
     [
      -2968.5,
      -2046
     ],
     [
      -2965.8,
      -2045.6
     ],
     [
      -2962.7,
      -2045.2
     ],
     [
      -2960.1,
      -2045.2
     ],
     [
      -2957.4,
      -2045.2
     ],
     [
      -2954.7,
      -2045.2
     ],
     [
      -2952,
      -2045.2
     ],
     [
      -2949.3,
      -2045.6
     ],
     [
      -2946.6,
      -2046
     ],
     [
      -2943.5,
      -2047.1
     ],
     [
      -2940.9,
      -2047.9
     ],
     [
      -2938.2,
      -2048.7
     ],
     [
      -2935.5,
      -2049.4
     ],
     [
      -2932.4,
      -2050.2
     ],
     [
      -2929.7,
      -2051.4
     ],
     [
      -2927,
      -2051.8
     ],
     [
      -2924.4,
      -2053.3
     ],
     [
      -2921.7,
      -2054.1
     ],
     [
      -2920.1,
      -2056.4
     ],
     [
      -2918.2,
      -2058.7
     ],
     [
      -2916.7,
      -2061
     ]
    ]
   }
  },
  {
   "type": "Feature",
   "properties": {
    "op": "remove",
    "source": "recorded",
    "zone": "Tirisfal Glades",
    "time": 1790563446,
    "trim": true,
    "area": true
   },
   "geometry": {
    "type": "LineString",
    "coordinates": [
     [
      -3803.9,
      -1946.8
     ],
     [
      -3790.2,
      -1958.2
     ],
     [
      -3774.2,
      -1962.8
     ],
     [
      -3753.6,
      -1967.4
     ],
     [
      -3737.6,
      -1971.9
     ],
     [
      -3721.6,
      -1974.2
     ],
     [
      -3703.3,
      -1978.8
     ],
     [
      -3687.3,
      -1983.4
     ],
     [
      -3671.3,
      -1985.7
     ],
     [
      -3655.2,
      -1988
     ],
     [
      -3636.9,
      -1990.2
     ],
     [
      -3620.9,
      -1992.5
     ],
     [
      -3602.6,
      -1992.5
     ],
     [
      -3584.3,
      -1990.2
     ],
     [
      -3566,
      -1985.7
     ],
     [
      -3545.4,
      -1976.5
     ],
     [
      -3527.1,
      -1971.9
     ],
     [
      -3508.8,
      -1965.1
     ],
     [
      -3492.8,
      -1958.2
     ],
     [
      -3476.8,
      -1949.1
     ],
     [
      -3460.8,
      -1939.9
     ],
     [
      -3463.1,
      -1923.9
     ],
     [
      -3479.1,
      -1910.2
     ],
     [
      -3499.7,
      -1894.2
     ],
     [
      -3520.3,
      -1878.2
     ],
     [
      -3545.4,
      -1862.1
     ],
     [
      -3572.9,
      -1843.8
     ],
     [
      -3598.1,
      -1830.1
     ],
     [
      -3625.5,
      -1814.1
     ],
     [
      -3650.7,
      -1802.7
     ],
     [
      -3673.5,
      -1793.5
     ],
     [
      -3694.1,
      -1788.9
     ],
     [
      -3717,
      -1786.6
     ],
     [
      -3737.6,
      -1784.4
     ],
     [
      -3755.9,
      -1784.4
     ],
     [
      -3776.5,
      -1782.1
     ],
     [
      -3797.1,
      -1782.1
     ],
     [
      -3813.1,
      -1784.4
     ],
     [
      -3831.4,
      -1791.2
     ],
     [
      -3847.4,
      -1802.7
     ],
     [
      -3863.4,
      -1814.1
     ],
     [
      -3877.2,
      -1825.5
     ],
     [
      -3884,
      -1841.6
     ],
     [
      -3886.3,
      -1859.9
     ],
     [
      -3874.9,
      -1878.2
     ],
     [
      -3861.1,
      -1894.2
     ],
     [
      -3847.4,
      -1910.2
     ],
     [
      -3833.7,
      -1926.2
     ],
     [
      -3820,
      -1939.9
     ],
     [
      -3806.2,
      -1951.4
     ],
     [
      -3790.2,
      -1958.2
     ]
    ]
   }
  },
  {
   "type": "Feature",
   "properties": {
    "op": "remove",
    "source": "recorded",
    "zone": "Tirisfal Glades",
    "time": 1790563455,
    "trim": true,
    "area": true
   },
   "geometry": {
    "type": "LineString",
    "coordinates": [
     [
      -3479.9,
      -2138.4
     ],
     [
      -3484.5,
      -2143.1
     ],
     [
      -3490.2,
      -2147.8
     ],
     [
      -3495.8,
      -2151.5
     ],
     [
      -3500.5,
      -2156.2
     ],
     [
      -3506.1,
      -2160
     ],
     [
      -3511.7,
      -2164.7
     ],
     [
      -3517.3,
      -2169.3
     ],
     [
      -3521.1,
      -2175.9
     ],
     [
      -3523.9,
      -2182.5
     ],
     [
      -3528.6,
      -2188.1
     ],
     [
      -3532.3,
      -2193.7
     ],
     [
      -3537,
      -2199.3
     ],
     [
      -3540.8,
      -2205.9
     ],
     [
      -3544.5,
      -2211.5
     ],
     [
      -3549.2,
      -2217.1
     ],
     [
      -3552.9,
      -2223.7
     ],
     [
      -3556.7,
      -2231.2
     ],
     [
      -3560.4,
      -2236.8
     ],
     [
      -3564.2,
      -2242.4
     ],
     [
      -3567.9,
      -2248.1
     ],
     [
      -3571.7,
      -2254.6
     ],
     [
      -3573.6,
      -2262.1
     ],
     [
      -3575.4,
      -2268.7
     ],
     [
      -3577.3,
      -2275.2
     ],
     [
      -3582,
      -2279.9
     ],
     [
      -3585.7,
      -2285.5
     ],
     [
      -3590.4,
      -2290.2
     ],
     [
      -3596,
      -2294.9
     ],
     [
      -3601.7,
      -2299.6
     ],
     [
      -3607.3,
      -2303.3
     ],
     [
      -3614.8,
      -2305.2
     ],
     [
      -3621.3,
      -2309
     ],
     [
      -3627.9,
      -2311.8
     ],
     [
      -3633.5,
      -2315.5
     ],
     [
      -3638.2,
      -2320.2
     ],
     [
      -3642,
      -2325.8
     ],
     [
      -3643.8,
      -2332.4
     ],
     [
      -3643.8,
      -2338.9
     ],
     [
      -3643.8,
      -2345.5
     ],
     [
      -3642,
      -2352.1
     ],
     [
      -3639.1,
      -2358.6
     ],
     [
      -3633.5,
      -2363.3
     ],
     [
      -3626,
      -2365.2
     ],
     [
      -3617.6,
      -2365.2
     ],
     [
      -3611,
      -2364.2
     ],
     [
      -3603.5,
      -2362.4
     ],
     [
      -3597,
      -2360.5
     ],
     [
      -3589.5,
      -2356.8
     ],
     [
      -3582,
      -2353
     ],
     [
      -3573.6,
      -2349.3
     ],
     [
      -3567,
      -2344.6
     ],
     [
      -3557.6,
      -2338.9
     ],
     [
      -3552,
      -2334.3
     ],
     [
      -3547.3,
      -2329.6
     ],
     [
      -3542.6,
      -2324
     ],
     [
      -3538,
      -2319.3
     ],
     [
      -3534.2,
      -2313.6
     ],
     [
      -3526.7,
      -2305.2
     ],
     [
      -3520.1,
      -2296.8
     ],
     [
      -3515.5,
      -2287.4
     ],
     [
      -3511.7,
      -2280.9
     ],
     [
      -3508.9,
      -2272.4
     ],
     [
      -3505.2,
      -2262.1
     ],
     [
      -3502.3,
      -2252.7
     ],
     [
      -3499.5,
      -2245.2
     ],
     [
      -3497.7,
      -2237.7
     ],
     [
      -3494.8,
      -2230.3
     ],
     [
      -3493,
      -2222.8
     ],
     [
      -3490.2,
      -2215.3
     ],
     [
      -3487.4,
      -2207.8
     ],
     [
      -3485.5,
      -2201.2
     ],
     [
      -3482.7,
      -2194.6
     ],
     [
      -3480.8,
      -2188.1
     ],
     [
      -3478,
      -2181.5
     ],
     [
      -3476.1,
      -2174
     ],
     [
      -3473.3,
      -2167.5
     ],
     [
      -3471.4,
      -2160.9
     ],
     [
      -3469.5,
      -2154.4
     ],
     [
      -3470.5,
      -2147.8
     ],
     [
      -3473.3,
      -2141.2
     ],
     [
      -3478.9,
      -2137.5
     ]
    ]
   }
  },
  {
   "type": "Feature",
   "properties": {
    "op": "remove",
    "source": "recorded",
    "zone": "Tirisfal Glades",
    "time": 1790563464,
    "trim": true,
    "area": true
   },
   "geometry": {
    "type": "LineString",
    "coordinates": [
     [
      -3518.3,
      -2145
     ],
     [
      -3522,
      -2150.6
     ],
     [
      -3526.7,
      -2155.3
     ],
     [
      -3531.4,
      -2160
     ],
     [
      -3535.1,
      -2165.6
     ],
     [
      -3539.8,
      -2170.3
     ],
     [
      -3545.4,
      -2174
     ],
     [
      -3551.1,
      -2178.7
     ],
     [
      -3555.8,
      -2183.4
     ],
     [
      -3561.4,
      -2187.1
     ],
     [
      -3566.1,
      -2191.8
     ],
     [
      -3571.7,
      -2197.5
     ],
     [
      -3576.4,
      -2202.1
     ],
     [
      -3582,
      -2206.8
     ],
     [
      -3587.6,
      -2211.5
     ],
     [
      -3592.3,
      -2217.1
     ],
     [
      -3597,
      -2221.8
     ],
     [
      -3601.7,
      -2227.4
     ],
     [
      -3606.4,
      -2232.1
     ],
     [
      -3611,
      -2236.8
     ],
     [
      -3616.7,
      -2242.4
     ],
     [
      -3621.3,
      -2248.1
     ],
     [
      -3627,
      -2254.6
     ],
     [
      -3630.7,
      -2260.2
     ],
     [
      -3635.4,
      -2264.9
     ],
     [
      -3640.1,
      -2270.5
     ],
     [
      -3642.9,
      -2277.1
     ],
     [
      -3645.7,
      -2283.7
     ],
     [
      -3648.5,
      -2290.2
     ],
     [
      -3650.4,
      -2296.8
     ],
     [
      -3651.3,
      -2303.3
     ],
     [
      -3654.1,
      -2309.9
     ],
     [
      -3657.9,
      -2315.5
     ],
     [
      -3662.6,
      -2320.2
     ],
     [
      -3668.2,
      -2324.9
     ],
     [
      -3673.8,
      -2328.6
     ],
     [
      -3680.4,
      -2330.5
     ],
     [
      -3686.9,
      -2331.5
     ],
     [
      -3695.4,
      -2332.4
     ],
     [
      -3702.9,
      -2333.3
     ],
     [
      -3710.4,
      -2333.3
     ],
     [
      -3717.9,
      -2334.3
     ],
     [
      -3726.3,
      -2335.2
     ],
     [
      -3734.7,
      -2335.2
     ],
     [
      -3746,
      -2335.2
     ],
     [
      -3753.5,
      -2334.3
     ],
     [
      -3760,
      -2333.3
     ],
     [
      -3766.6,
      -2331.5
     ],
     [
      -3774.1,
      -2330.5
     ],
     [
      -3780.6,
      -2328.6
     ],
     [
      -3790.9,
      -2324.9
     ],
     [
      -3798.4,
      -2321.1
     ],
     [
      -3805,
      -2318.3
     ],
     [
      -3811.6,
      -2315.5
     ],
     [
      -3819.1,
      -2312.7
     ],
     [
      -3827.5,
      -2309.9
     ],
     [
      -3836.9,
      -2305.2
     ],
     [
      -3847.2,
      -2299.6
     ],
     [
      -3853.7,
      -2296.8
     ],
     [
      -3859.4,
      -2293
     ],
     [
      -3868.7,
      -2287.4
     ],
     [
      -3874.3,
      -2283.7
     ],
     [
      -3884.7,
      -2278
     ],
     [
      -3890.3,
      -2274.3
     ],
     [
      -3900.6,
      -2268.7
     ],
     [
      -3907.1,
      -2264.9
     ],
     [
      -3916.5,
      -2260.2
     ],
     [
      -3923.1,
      -2256.5
     ],
     [
      -3928.7,
      -2251.8
     ],
     [
      -3935.3,
      -2248.1
     ],
     [
      -3941.8,
      -2243.4
     ],
     [
      -3947.4,
      -2238.7
     ],
     [
      -3954,
      -2234.9
     ],
     [
      -3960.6,
      -2231.2
     ],
     [
      -3969.9,
      -2225.6
     ],
     [
      -3978.4,
      -2219.9
     ],
     [
      -3986.8,
      -2215.3
     ],
     [
      -3994.3,
      -2210.6
     ],
     [
      -4002.7,
      -2205
     ],
     [
      -4007.4,
      -2200.3
     ],
     [
      -4013,
      -2196.5
     ],
     [
      -4007.4,
      -2189
     ],
     [
      -4002.7,
      -2184.3
     ],
     [
      -3998,
      -2178.7
     ],
     [
      -3991.5,
      -2171.2
     ],
     [
      -3986.8,
      -2166.5
     ],
     [
      -3979.3,
      -2160.9
     ],
     [
      -3969.9,
      -2154.4
     ],
     [
      -3961.5,
      -2148.7
     ],
     [
      -3953.1,
      -2144
     ],
     [
      -3945.6,
      -2140.3
     ],
     [
      -3939,
      -2136.5
     ],
     [
      -3931.5,
      -2133.7
     ],
     [
      -3924.9,
      -2130.9
     ],
     [
      -3916.5,
      -2127.2
     ],
     [
      -3905.3,
      -2123.4
     ],
     [
      -3898.7,
      -2120.6
     ],
     [
      -3889.3,
      -2117.8
     ],
     [
      -3880.9,
      -2115
     ],
     [
      -3873.4,
      -2112.2
     ],
     [
      -3865.9,
      -2110.3
     ],
     [
      -3858.4,
      -2107.5
     ],
     [
      -3850,
      -2104.7
     ],
     [
      -3840.6,
      -2101.9
     ],
     [
      -3834.1,
      -2100
     ],
     [
      -3827.5,
      -2097.2
     ],
     [
      -3820.9,
      -2095.3
     ],
     [
      -3813.4,
      -2093.4
     ],
     [
      -3806.9,
      -2090.6
     ],
     [
      -3800.3,
      -2089.7
     ],
     [
      -3791.9,
      -2086.9
     ],
     [
      -3785.3,
      -2085
     ],
     [
      -3777.8,
      -2082.2
     ],
     [
      -3771.3,
      -2079.4
     ],
     [
      -3764.7,
      -2076.6
     ],
     [
      -3758.2,
      -2072.8
     ],
     [
      -3752.5,
      -2069.1
     ],
     [
      -3746,
      -2066.3
     ],
     [
      -3739.4,
      -2063.5
     ],
     [
      -3732.9,
      -2061.6
     ],
     [
      -3726.3,
      -2058.8
     ],
     [
      -3720.7,
      -2055
     ],
     [
      -3718.8,
      -2048.5
     ],
     [
      -3714.1,
      -2042.8
     ],
     [
      -3709.4,
      -2038.2
     ],
     [
      -3705.7,
      -2032.5
     ],
     [
      -3700.1,
      -2028.8
     ],
     [
      -3693.5,
      -2026
     ],
     [
      -3686.9,
      -2025
     ],
     [
      -3680.4,
      -2023.2
     ],
     [
      -3672.9,
      -2023.2
     ],
     [
      -3666.3,
      -2025
     ],
     [
      -3659.8,
      -2026
     ],
     [
      -3653.2,
      -2027.9
     ],
     [
      -3646.6,
      -2029.7
     ],
     [
      -3639.1,
      -2031.6
     ],
     [
      -3630.7,
      -2035.3
     ],
     [
      -3624.2,
      -2036.3
     ],
     [
      -3616.7,
      -2038.2
     ],
     [
      -3609.2,
      -2040
     ],
     [
      -3602.6,
      -2041.9
     ],
     [
      -3595.1,
      -2042.8
     ],
     [
      -3588.6,
      -2042.8
     ],
     [
      -3582,
      -2043.8
     ],
     [
      -3574.5,
      -2043.8
     ],
     [
      -3567.9,
      -2043.8
     ],
     [
      -3562.3,
      -2047.5
     ],
     [
      -3556.7,
      -2051.3
     ],
     [
      -3550.1,
      -2053.2
     ],
     [
      -3543.6,
      -2056
     ],
     [
      -3538,
      -2059.7
     ],
     [
      -3533.3,
      -2064.4
     ],
     [
      -3530.5,
      -2071
     ],
     [
      -3529.5,
      -2077.5
     ],
     [
      -3527.6,
      -2086.9
     ],
     [
      -3526.7,
      -2095.3
     ],
     [
      -3525.8,
      -2101.9
     ],
     [
      -3525.8,
      -2108.4
     ],
     [
      -3525.8,
      -2115
     ],
     [
      -3525.8,
      -2121.6
     ],
     [
      -3524.8,
      -2129.1
     ],
     [
      -3523.9,
      -2135.6
     ],
     [
      -3523.9,
      -2142.2
     ],
     [
      -3523.9,
      -2148.7
     ]
    ]
   }
  },
  {
   "type": "Feature",
   "properties": {
    "op": "remove",
    "source": "recorded",
    "zone": "Tirisfal Glades",
    "time": 1790563476,
    "trim": true,
    "area": true
   },
   "geometry": {
    "type": "LineString",
    "coordinates": [
     [
      -4813.7,
      -1923.3
     ],
     [
      -4819.3,
      -1927.1
     ],
     [
      -4824,
      -1932.7
     ],
     [
      -4828.7,
      -1939.3
     ],
     [
      -4832.5,
      -1944.9
     ],
     [
      -4836.2,
      -1950.5
     ],
     [
      -4840,
      -1958
     ],
     [
      -4842.8,
      -1964.6
     ],
     [
      -4845.6,
      -1972.1
     ],
     [
      -4847.4,
      -1978.6
     ],
     [
      -4850.3,
      -1986.1
     ],
     [
      -4852.1,
      -1992.7
     ],
     [
      -4854,
      -1999.2
     ],
     [
      -4855.9,
      -2006.7
     ],
     [
      -4857.8,
      -2013.3
     ],
     [
      -4858.7,
      -2019.9
     ],
     [
      -4859.6,
      -2026.4
     ],
     [
      -4860.6,
      -2033
     ],
     [
      -4860.6,
      -2040.5
     ],
     [
      -4860.6,
      -2048
     ],
     [
      -4860.6,
      -2054.5
     ],
     [
      -4860.6,
      -2061.1
     ],
     [
      -4861.5,
      -2067.6
     ],
     [
      -4861.5,
      -2074.2
     ],
     [
      -4861.5,
      -2080.8
     ],
     [
      -4861.5,
      -2087.3
     ],
     [
      -4860.6,
      -2093.9
     ],
     [
      -4858.7,
      -2100.4
     ],
     [
      -4854,
      -2106.1
     ],
     [
      -4850.3,
      -2111.7
     ],
     [
      -4843.7,
      -2113.6
     ],
     [
      -4837.1,
      -2113.6
     ],
     [
      -4830.6,
      -2109.8
     ],
     [
      -4825,
      -2105.1
     ],
     [
      -4819.3,
      -2100.4
     ],
     [
      -4815.6,
      -2093.9
     ],
     [
      -4812.8,
      -2087.3
     ],
     [
      -4809,
      -2078.9
     ],
     [
      -4806.2,
      -2071.4
     ],
     [
      -4803.4,
      -2063
     ],
     [
      -4800.6,
      -2054.5
     ],
     [
      -4797.8,
      -2046.1
     ],
     [
      -4795.9,
      -2037.7
     ],
     [
      -4795,
      -2029.2
     ],
     [
      -4793.1,
      -2022.7
     ],
     [
      -4792.2,
      -2016.1
     ],
     [
      -4790.3,
      -2008.6
     ],
     [
      -4790.3,
      -2000.2
     ],
     [
      -4790.3,
      -1991.7
     ],
     [
      -4791.2,
      -1984.3
     ],
     [
      -4792.2,
      -1977.7
     ],
     [
      -4794,
      -1971.1
     ],
     [
      -4796.8,
      -1964.6
     ],
     [
      -4800.6,
      -1958
     ],
     [
      -4803.4,
      -1951.5
     ],
     [
      -4807.2,
      -1944.9
     ],
     [
      -4810,
      -1938.3
     ],
     [
      -4812.8,
      -1931.8
     ],
     [
      -4815.6,
      -1925.2
     ]
    ]
   }
  },
  {
   "type": "Feature",
   "properties": {
    "op": "remove",
    "source": "recorded",
    "zone": "Tirisfal Glades",
    "time": 1790563480,
    "trim": true,
    "area": true
   },
   "geometry": {
    "type": "LineString",
    "coordinates": [
     [
      -4825.9,
      -1928
     ],
     [
      -4832.5,
      -1931.8
     ],
     [
      -4837.1,
      -1936.5
     ],
     [
      -4839,
      -1943
     ],
     [
      -4840.9,
      -1949.6
     ],
     [
      -4834.3,
      -1950.5
     ],
     [
      -4827.8,
      -1946.8
     ],
     [
      -4823.1,
      -1942.1
     ],
     [
      -4822.1,
      -1935.5
     ],
     [
      -4822.1,
      -1929
     ]
    ]
   }
  },
  {
   "type": "Feature",
   "properties": {
    "op": "remove",
    "source": "recorded",
    "zone": "Tirisfal Glades",
    "time": 1790563486,
    "trim": true,
    "area": true
   },
   "geometry": {
    "type": "LineString",
    "coordinates": [
     [
      -4884,
      -2110.8
     ],
     [
      -4878.4,
      -2114.5
     ],
     [
      -4873.7,
      -2119.2
     ],
     [
      -4871.8,
      -2125.7
     ],
     [
      -4870.9,
      -2132.3
     ],
     [
      -4875.6,
      -2137.9
     ],
     [
      -4882.1,
      -2139.8
     ],
     [
      -4889.6,
      -2142.6
     ],
     [
      -4896.2,
      -2145.4
     ],
     [
      -4902.7,
      -2148.2
     ],
     [
      -4909.3,
      -2152
     ],
     [
      -4915.9,
      -2156.7
     ],
     [
      -4923.3,
      -2161.4
     ],
     [
      -4929,
      -2165.1
     ],
     [
      -4933.7,
      -2169.8
     ],
     [
      -4939.3,
      -2176.3
     ],
     [
      -4944.9,
      -2182.9
     ],
     [
      -4949.6,
      -2188.5
     ],
     [
      -4954.3,
      -2196
     ],
     [
      -4959,
      -2202.6
     ],
     [
      -4962.7,
      -2208.2
     ],
     [
      -4966.5,
      -2213.8
     ],
     [
      -4973,
      -2219.4
     ],
     [
      -4978.6,
      -2225.1
     ],
     [
      -4984.3,
      -2230.7
     ],
     [
      -4988.9,
      -2235.4
     ],
     [
      -4994.6,
      -2240.1
     ],
     [
      -5000.2,
      -2244.7
     ],
     [
      -5006.7,
      -2248.5
     ],
     [
      -5012.4,
      -2254.1
     ],
     [
      -5018.9,
      -2256
     ],
     [
      -5026.4,
      -2259.7
     ],
     [
      -5033.9,
      -2261.6
     ],
     [
      -5042.3,
      -2261.6
     ],
     [
      -5049.8,
      -2261.6
     ],
     [
      -5056.4,
      -2259.7
     ],
     [
      -5063,
      -2254.1
     ],
     [
      -5068.6,
      -2249.4
     ],
     [
      -5073.3,
      -2244.7
     ],
     [
      -5078,
      -2239.1
     ],
     [
      -5082.6,
      -2231.6
     ],
     [
      -5087.3,
      -2224.1
     ],
     [
      -5090.1,
      -2215.7
     ],
     [
      -5092,
      -2207.3
     ],
     [
      -5092.9,
      -2199.8
     ],
     [
      -5093.9,
      -2193.2
     ],
     [
      -5093.9,
      -2185.7
     ],
     [
      -5093.9,
      -2178.2
     ],
     [
      -5093.9,
      -2171.7
     ],
     [
      -5092.9,
      -2164.2
     ],
     [
      -5091.1,
      -2157.6
     ],
     [
      -5090.1,
      -2150.1
     ],
     [
      -5089.2,
      -2142.6
     ],
     [
      -5087.3,
      -2136.1
     ],
     [
      -5086.4,
      -2128.6
     ],
     [
      -5082.6,
      -2121.1
     ],
     [
      -5078.9,
      -2114.5
     ],
     [
      -5075.1,
      -2108.9
     ],
     [
      -5070.5,
      -2104.2
     ],
     [
      -5063.9,
      -2101.4
     ],
     [
      -5057.3,
      -2099.5
     ],
     [
      -5049.8,
      -2099.5
     ],
     [
      -5043.3,
      -2099.5
     ],
     [
      -5036.7,
      -2099.5
     ],
     [
      -5030.2,
      -2099.5
     ],
     [
      -5023.6,
      -2101.4
     ],
     [
      -5016.1,
      -2102.3
     ],
     [
      -5009.6,
      -2104.2
     ],
     [
      -5002.1,
      -2106.1
     ],
     [
      -4995.5,
      -2108.9
     ],
     [
      -4988,
      -2111.7
     ],
     [
      -4981.4,
      -2113.6
     ],
     [
      -4974.9,
      -2114.5
     ],
     [
      -4968.3,
      -2115.4
     ],
     [
      -4959,
      -2116.4
     ],
     [
      -4951.5,
      -2118.2
     ],
     [
      -4944.9,
      -2119.2
     ],
     [
      -4936.5,
      -2119.2
     ],
     [
      -4929,
      -2119.2
     ],
     [
      -4922.4,
      -2120.1
     ],
     [
      -4915.9,
      -2120.1
     ],
     [
      -4909.3,
      -2120.1
     ],
     [
      -4902.7,
      -2118.2
     ],
     [
      -4896.2,
      -2116.4
     ],
     [
      -4890.6,
      -2111.7
     ],
     [
      -4884,
      -2108.9
     ],
     [
      -4880.2,
      -2114.5
     ]
    ]
   }
  },
  {
   "type": "Feature",
   "properties": {
    "op": "remove",
    "source": "recorded",
    "zone": "Tirisfal Glades",
    "time": 1790563565,
    "trim": true,
    "area": true
   },
   "geometry": {
    "type": "LineString",
    "coordinates": [
     [
      -4984.3,
      -1786.5
     ],
     [
      -4977.7,
      -1792.2
     ],
     [
      -4967.4,
      -1796.8
     ],
     [
      -4960.8,
      -1798.7
     ],
     [
      -4950.5,
      -1801.5
     ],
     [
      -4942.1,
      -1803.4
     ],
     [
      -4932.7,
      -1805.3
     ],
     [
      -4922.4,
      -1808.1
     ],
     [
      -4913,
      -1810.9
     ],
     [
      -4903.7,
      -1812.8
     ],
     [
      -4896.2,
      -1813.7
     ],
     [
      -4885.9,
      -1815.6
     ],
     [
      -4876.5,
      -1818.4
     ],
     [
      -4868.1,
      -1821.2
     ],
     [
      -4861.5,
      -1824
     ],
     [
      -4854.9,
      -1825
     ],
     [
      -4847.4,
      -1827.8
     ],
     [
      -4838.1,
      -1831.5
     ],
     [
      -4830.6,
      -1834.3
     ],
     [
      -4823.1,
      -1836.2
     ],
     [
      -4816.5,
      -1837.1
     ],
     [
      -4809,
      -1838.1
     ],
     [
      -4802.5,
      -1839
     ],
     [
      -4795,
      -1839.9
     ],
     [
      -4788.4,
      -1840.9
     ],
     [
      -4781.9,
      -1840.9
     ],
     [
      -4775.3,
      -1841.8
     ],
     [
      -4767.8,
      -1842.8
     ],
     [
      -4761.2,
      -1842.8
     ],
     [
      -4754.7,
      -1844.6
     ],
     [
      -4748.1,
      -1846.5
     ],
     [
      -4747.2,
      -1854
     ],
     [
      -4748.1,
      -1863.4
     ],
     [
      -4749.1,
      -1869.9
     ],
     [
      -4750,
      -1877.4
     ],
     [
      -4750,
      -1884.9
     ],
     [
      -4751.9,
      -1897.1
     ],
     [
      -4752.8,
      -1905.5
     ],
     [
      -4753.7,
      -1914
     ],
     [
      -4755.6,
      -1924.3
     ],
     [
      -4757.5,
      -1934.6
     ],
     [
      -4759.4,
      -1944.9
     ],
     [
      -4760.3,
      -1953.3
     ],
     [
      -4762.2,
      -1961.8
     ],
     [
      -4764.1,
      -1970.2
     ],
     [
      -4765,
      -1978.6
     ],
     [
      -4766.9,
      -1987.1
     ],
     [
      -4767.8,
      -1995.5
     ],
     [
      -4768.7,
      -2003.9
     ],
     [
      -4770.6,
      -2011.4
     ],
     [
      -4771.5,
      -2019.9
     ],
     [
      -4772.5,
      -2029.2
     ],
     [
      -4774.4,
      -2038.6
     ],
     [
      -4774.4,
      -2049.8
     ],
     [
      -4775.3,
      -2059.2
     ],
     [
      -4775.3,
      -2070.5
     ],
     [
      -4776.2,
      -2078.9
     ],
     [
      -4776.2,
      -2086.4
     ],
     [
      -4776.2,
      -2094.8
     ],
     [
      -4776.2,
      -2101.4
     ],
     [
      -4775.3,
      -2108.9
     ],
     [
      -4774.4,
      -2118.2
     ],
     [
      -4774.4,
      -2125.7
     ],
     [
      -4774.4,
      -2132.3
     ],
     [
      -4774.4,
      -2138.9
     ],
     [
      -4774.4,
      -2146.4
     ],
     [
      -4774.4,
      -2152.9
     ],
     [
      -4776.2,
      -2159.5
     ],
     [
      -4778.1,
      -2166
     ],
     [
      -4782.8,
      -2170.7
     ],
     [
      -4790.3,
      -2176.3
     ],
     [
      -4801.5,
      -2181
     ],
     [
      -4808.1,
      -2183.8
     ],
     [
      -4815.6,
      -2185.7
     ],
     [
      -4822.1,
      -2187.6
     ],
     [
      -4828.7,
      -2189.5
     ],
     [
      -4836.2,
      -2193.2
     ],
     [
      -4842.8,
      -2195.1
     ],
     [
      -4850.3,
      -2196
     ],
     [
      -4857.8,
      -2192.3
     ],
     [
      -4864.3,
      -2188.5
     ],
     [
      -4869,
      -2182.9
     ],
     [
      -4873.7,
      -2178.2
     ],
     [
      -4879.3,
      -2169.8
     ],
     [
      -4884,
      -2164.2
     ],
     [
      -4887.7,
      -2157.6
     ],
     [
      -4891.5,
      -2151
     ],
     [
      -4894.3,
      -2144.5
     ],
     [
      -4898,
      -2137
     ],
     [
      -4901.8,
      -2130.4
     ],
     [
      -4905.5,
      -2123.9
     ],
     [
      -4909.3,
      -2118.2
     ],
     [
      -4913,
      -2111.7
     ],
     [
      -4916.8,
      -2106.1
     ],
     [
      -4921.5,
      -2098.6
     ],
     [
      -4926.2,
      -2091.1
     ],
     [
      -4929.9,
      -2082.6
     ],
     [
      -4931.8,
      -2076.1
     ],
     [
      -4934.6,
      -2069.5
     ],
     [
      -4938.3,
      -2062
     ],
     [
      -4940.2,
      -2055.5
     ],
     [
      -4943,
      -2048
     ],
     [
      -4945.8,
      -2039.5
     ],
     [
      -4948.6,
      -2031.1
     ],
     [
      -4950.5,
      -2022.7
     ],
     [
      -4952.4,
      -2013.3
     ],
     [
      -4955.2,
      -2004.9
     ],
     [
      -4957.1,
      -1998.3
     ],
     [
      -4960.8,
      -1989.9
     ],
     [
      -4962.7,
      -1982.4
     ],
     [
      -4965.5,
      -1975.8
     ],
     [
      -4970.2,
      -1967.4
     ],
     [
      -4973.9,
      -1961.8
     ],
     [
      -4977.7,
      -1954.3
     ],
     [
      -4981.4,
      -1948.6
     ],
     [
      -4985.2,
      -1943
     ],
     [
      -4989.9,
      -1936.5
     ],
     [
      -4994.6,
      -1929.9
     ],
     [
      -4999.2,
      -1923.3
     ],
     [
      -5003.9,
      -1918.7
     ],
     [
      -5009.6,
      -1913
     ],
     [
      -5014.2,
      -1907.4
     ],
     [
      -5018.9,
      -1902.7
     ],
     [
      -5023.6,
      -1897.1
     ],
     [
      -5029.2,
      -1891.5
     ],
     [
      -5034.9,
      -1885.9
     ],
     [
      -5040.5,
      -1881.2
     ],
     [
      -5047,
      -1876.5
     ],
     [
      -5051.7,
      -1871.8
     ],
     [
      -5055.5,
      -1866.2
     ],
     [
      -5059.2,
      -1859.6
     ],
     [
      -5061.1,
      -1853.1
     ],
     [
      -5063.9,
      -1845.6
     ],
     [
      -5065.8,
      -1839
     ],
     [
      -5065.8,
      -1832.5
     ],
     [
      -5065.8,
      -1825
     ],
     [
      -5065.8,
      -1818.4
     ],
     [
      -5063.9,
      -1810.9
     ],
     [
      -5061.1,
      -1804.3
     ],
     [
      -5059.2,
      -1797.8
     ],
     [
      -5054.5,
      -1792.2
     ],
     [
      -5049.8,
      -1787.5
     ],
     [
      -5042.3,
      -1783.7
     ],
     [
      -5034.9,
      -1782.8
     ],
     [
      -5027.4,
      -1781.9
     ],
     [
      -5020.8,
      -1780.9
     ],
     [
      -5014.2,
      -1778.1
     ],
     [
      -5007.7,
      -1777.2
     ],
     [
      -5000.2,
      -1776.2
     ],
     [
      -4993.6,
      -1776.2
     ],
     [
      -4987.1,
      -1776.2
     ],
     [
      -4984.3,
      -1782.8
     ],
     [
      -4980.5,
      -1789.3
     ]
    ]
   }
  },
  {
   "type": "Feature",
   "properties": {
    "op": "add",
    "source": "recorded",
    "zone": "Tirisfal Glades",
    "time": 1790563714,
    "trim": true
   },
   "geometry": {
    "type": "LineString",
    "coordinates": [
     [
      -3491.7,
      -2861.8
     ],
     [
      -3485.8,
      -2867.6
     ],
     [
      -3478.8,
      -2872.3
     ],
     [
      -3471.8,
      -2877
     ],
     [
      -3465.9,
      -2882.8
     ],
     [
      -3458.9,
      -2887.5
     ],
     [
      -3453,
      -2893.4
     ],
     [
      -3448.3,
      -2900.4
     ],
     [
      -3442.5,
      -2906.3
     ],
     [
      -3436.6,
      -2912.1
     ],
     [
      -3433.1,
      -2920.3
     ],
     [
      -3431.9,
      -2928.5
     ],
     [
      -3431.9,
      -2936.7
     ],
     [
      -3431.9,
      -2944.9
     ],
     [
      -3431.9,
      -2953.1
     ],
     [
      -3431.9,
      -2961.3
     ],
     [
      -3431.9,
      -2969.5
     ],
     [
      -3427.2,
      -2976.6
     ],
     [
      -3422.6,
      -2983.6
     ],
     [
      -3415.5,
      -2988.3
     ],
     [
      -3407.3,
      -2991.8
     ],
     [
      -3399.1,
      -2995.3
     ],
     [
      -3390.9,
      -2998.8
     ],
     [
      -3382.7,
      -3002.3
     ],
     [
      -3375.7,
      -3008.2
     ],
     [
      -3371,
      -3015.2
     ],
     [
      -3366.3,
      -3023.4
     ],
     [
      -3361.7,
      -3030.4
     ],
     [
      -3359.3,
      -3038.6
     ],
     [
      -3357,
      -3048
     ],
     [
      -3353.5,
      -3056.2
     ],
     [
      -3348.8,
      -3064.4
     ],
     [
      -3342.9,
      -3070.3
     ],
     [
      -3337.1,
      -3077.3
     ],
     [
      -3331.2,
      -3083.1
     ],
     [
      -3325.3,
      -3090.2
     ],
     [
      -3319.5,
      -3097.2
     ],
     [
      -3313.6,
      -3103.1
     ]
    ]
   }
  },
  {
   "type": "Feature",
   "properties": {
    "op": "add",
    "source": "recorded",
    "zone": "Tirisfal Glades",
    "time": 1790563719,
    "trim": true
   },
   "geometry": {
    "type": "LineString",
    "coordinates": [
     [
      -3365.2,
      -3022.2
     ],
     [
      -3357,
      -3024.6
     ],
     [
      -3348.8,
      -3024.6
     ],
     [
      -3340.6,
      -3024.6
     ],
     [
      -3332.4,
      -3028.1
     ],
     [
      -3325.3,
      -3032.8
     ],
     [
      -3318.3,
      -3037.5
     ],
     [
      -3311.3,
      -3042.1
     ],
     [
      -3303.1,
      -3043.3
     ],
     [
      -3294.9,
      -3043.3
     ],
     [
      -3286.7,
      -3044.5
     ],
     [
      -3278.5,
      -3044.5
     ],
     [
      -3270.3,
      -3045.7
     ],
     [
      -3260.9,
      -3045.7
     ],
     [
      -3252.7,
      -3046.8
     ],
     [
      -3244.5,
      -3048
     ],
     [
      -3236.3,
      -3048
     ],
     [
      -3228.1,
      -3048
     ],
     [
      -3219.9,
      -3048
     ],
     [
      -3211.7,
      -3049.2
     ],
     [
      -3203.5,
      -3049.2
     ],
     [
      -3195.3,
      -3049.2
     ],
     [
      -3187.1,
      -3049.2
     ],
     [
      -3178.9,
      -3048
     ],
     [
      -3170.7,
      -3046.8
     ],
     [
      -3162.5,
      -3043.3
     ],
     [
      -3155.5,
      -3038.6
     ],
     [
      -3149.7,
      -3032.8
     ],
     [
      -3147.3,
      -3024.6
     ],
     [
      -3143.8,
      -3016.4
     ],
     [
      -3142.6,
      -3008.2
     ],
     [
      -3141.5,
      -3000
     ],
     [
      -3141.5,
      -2991.8
     ],
     [
      -3141.5,
      -2983.6
     ],
     [
      -3140.3,
      -2975.4
     ],
     [
      -3139.1,
      -2967.2
     ],
     [
      -3137.9,
      -2959
     ],
     [
      -3135.6,
      -2950.8
     ],
     [
      -3134.4,
      -2942.6
     ],
     [
      -3133.3,
      -2934.4
     ],
     [
      -3132.1,
      -2926.2
     ],
     [
      -3130.9,
      -2918
     ],
     [
      -3129.7,
      -2909.8
     ],
     [
      -3128.6,
      -2901.6
     ]
    ]
   }
  },
  {
   "type": "Feature",
   "properties": {
    "op": "remove",
    "source": "recorded",
    "zone": "Tirisfal Glades",
    "time": 1790563725,
    "trim": true
   },
   "geometry": {
    "type": "LineString",
    "coordinates": [
     [
      -3259.8,
      -3044.5
     ],
     [
      -3251.6,
      -3044.5
     ],
     [
      -3242.2,
      -3044.5
     ],
     [
      -3234,
      -3044.5
     ],
     [
      -3224.6,
      -3043.3
     ],
     [
      -3215.2,
      -3043.3
     ],
     [
      -3207,
      -3043.3
     ],
     [
      -3197.7,
      -3042.1
     ],
     [
      -3189.5,
      -3042.1
     ],
     [
      -3181.3,
      -3041
     ],
     [
      -3173.1,
      -3041
     ],
     [
      -3164.9,
      -3038.6
     ],
     [
      -3156.7,
      -3036.3
     ],
     [
      -3148.5,
      -3035.1
     ],
     [
      -3146.1,
      -3026.9
     ],
     [
      -3146.1,
      -3018.7
     ],
     [
      -3146.1,
      -3009.3
     ],
     [
      -3145,
      -3000
     ],
     [
      -3145,
      -2990.6
     ],
     [
      -3143.8,
      -2982.4
     ],
     [
      -3141.5,
      -2974.2
     ],
     [
      -3137.9,
      -2966
     ],
     [
      -3134.4,
      -2957.8
     ],
     [
      -3133.3,
      -2949.6
     ],
     [
      -3129.7,
      -2940.2
     ],
     [
      -3128.6,
      -2932
     ],
     [
      -3126.2,
      -2923.8
     ],
     [
      -3125.1,
      -2915.6
     ],
     [
      -3123.9,
      -2906.3
     ],
     [
      -3123.9,
      -2898.1
     ]
    ]
   }
  },
  {
   "type": "Feature",
   "properties": {
    "op": "add",
    "source": "recorded",
    "zone": "Tirisfal Glades",
    "time": 1790563730,
    "trim": true
   },
   "geometry": {
    "type": "LineString",
    "coordinates": [
     [
      -3270.3,
      -3044.5
     ],
     [
      -3262.1,
      -3044.5
     ],
     [
      -3253.9,
      -3044.5
     ],
     [
      -3245.7,
      -3044.5
     ],
     [
      -3237.5,
      -3044.5
     ],
     [
      -3229.3,
      -3044.5
     ],
     [
      -3221.1,
      -3044.5
     ],
     [
      -3212.9,
      -3042.1
     ],
     [
      -3204.7,
      -3042.1
     ],
     [
      -3196.5,
      -3041
     ],
     [
      -3188.3,
      -3041
     ],
     [
      -3180.1,
      -3039.8
     ],
     [
      -3171.9,
      -3037.5
     ],
     [
      -3163.7,
      -3032.8
     ],
     [
      -3156.7,
      -3026.9
     ],
     [
      -3153.2,
      -3018.7
     ],
     [
      -3153.2,
      -3010.5
     ],
     [
      -3153.2,
      -3002.3
     ],
     [
      -3152,
      -2994.1
     ],
     [
      -3148.5,
      -2985.9
     ],
     [
      -3145,
      -2977.7
     ],
     [
      -3141.5,
      -2969.5
     ],
     [
      -3140.3,
      -2961.3
     ],
     [
      -3140.3,
      -2953.1
     ],
     [
      -3137.9,
      -2944.9
     ],
     [
      -3137.9,
      -2936.7
     ],
     [
      -3136.8,
      -2928.5
     ],
     [
      -3135.6,
      -2920.3
     ],
     [
      -3134.4,
      -2912.1
     ]
    ]
   }
  },
  {
   "type": "Feature",
   "properties": {
    "op": "add",
    "source": "recorded",
    "zone": "Tirisfal Glades",
    "time": 1790563737,
    "trim": true
   },
   "geometry": {
    "type": "LineString",
    "coordinates": [
     [
      -2833.1,
      -3343.3
     ],
     [
      -2831.7,
      -3353.6
     ],
     [
      -2830.2,
      -3363.8
     ],
     [
      -2827.3,
      -3374.1
     ],
     [
      -2824.3,
      -3384.3
     ],
     [
      -2822.9,
      -3394.6
     ],
     [
      -2822.9,
      -3404.8
     ],
     [
      -2828.7,
      -3413.6
     ],
     [
      -2834.6,
      -3422.4
     ]
    ]
   }
  },
  {
   "type": "Feature",
   "properties": {
    "op": "add",
    "source": "recorded",
    "zone": "Tirisfal Glades",
    "time": 1790563740,
    "trim": true
   },
   "geometry": {
    "type": "LineString",
    "coordinates": [
     [
      -3022,
      -3832.3
     ],
     [
      -3032.3,
      -3835.3
     ],
     [
      -3042.5,
      -3838.2
     ],
     [
      -3052.7,
      -3841.1
     ],
     [
      -3063,
      -3842.6
     ],
     [
      -3073.2,
      -3845.5
     ]
    ]
   }
  },
  {
   "type": "Feature",
   "properties": {
    "op": "add",
    "source": "recorded",
    "zone": "Tirisfal Glades",
    "time": 1790563748,
    "trim": true
   },
   "geometry": {
    "type": "LineString",
    "coordinates": [
     [
      -3339.7,
      -4094.4
     ],
     [
      -3329.5,
      -4095.9
     ],
     [
      -3319.2,
      -4097.3
     ],
     [
      -3309,
      -4094.4
     ],
     [
      -3298.7,
      -4091.5
     ],
     [
      -3288.5,
      -4085.6
     ],
     [
      -3282.6,
      -4076.8
     ],
     [
      -3275.3,
      -4068
     ]
    ]
   }
  },
  {
   "type": "Feature",
   "properties": {
    "op": "add",
    "source": "recorded",
    "zone": "Tirisfal Glades",
    "time": 1790563765,
    "trim": true
   },
   "geometry": {
    "type": "LineString",
    "coordinates": [
     [
      -4384.6,
      -3069.5
     ],
     [
      -4394.9,
      -3068.1
     ],
     [
      -4405.1,
      -3068.1
     ],
     [
      -4415.4,
      -3072.5
     ],
     [
      -4424.2,
      -3078.3
     ],
     [
      -4432.9,
      -3085.6
     ],
     [
      -4434.4,
      -3095.9
     ],
     [
      -4428.6,
      -3104.7
     ],
     [
      -4418.3,
      -3109.1
     ],
     [
      -4409.5,
      -3114.9
     ],
     [
      -4403.7,
      -3123.7
     ],
     [
      -4399.3,
      -3134
     ],
     [
      -4399.3,
      -3144.2
     ],
     [
      -4396.3,
      -3154.4
     ],
     [
      -4391.9,
      -3164.7
     ],
     [
      -4387.6,
      -3174.9
     ],
     [
      -4386.1,
      -3185.2
     ],
     [
      -4380.2,
      -3194
     ],
     [
      -4372.9,
      -3201.3
     ],
     [
      -4365.6,
      -3208.6
     ],
     [
      -4358.3,
      -3215.9
     ],
     [
      -4352.4,
      -3224.7
     ]
    ]
   }
  },
  {
   "type": "Feature",
   "properties": {
    "op": "remove",
    "source": "recorded",
    "zone": "Tirisfal Glades",
    "time": 1790563883,
    "trim": true,
    "area": true
   },
   "geometry": {
    "type": "LineString",
    "coordinates": [
     [
      -8134.6,
      -2938.6
     ],
     [
      -8134.6,
      -2956.9
     ],
     [
      -8134.6,
      -2977.4
     ],
     [
      -8134.6,
      -3000.3
     ],
     [
      -8136.9,
      -3025.5
     ],
     [
      -8139.2,
      -3050.7
     ],
     [
      -8141.5,
      -3066.7
     ],
     [
      -8143.8,
      -3094.1
     ],
     [
      -8146.1,
      -3112.4
     ],
     [
      -8152.9,
      -3137.6
     ],
     [
      -8159.8,
      -3162.7
     ],
     [
      -8171.2,
      -3187.9
     ],
     [
      -8178.1,
      -3206.2
     ],
     [
      -8189.5,
      -3236
     ],
     [
      -8196.4,
      -3254.3
     ],
     [
      -8205.6,
      -3279.4
     ],
     [
      -8219.3,
      -3295.4
     ],
     [
      -8237.6,
      -3302.3
     ],
     [
      -8262.7,
      -3309.2
     ],
     [
      -8278.8,
      -3313.7
     ],
     [
      -8297.1,
      -3318.3
     ],
     [
      -8315.4,
      -3322.9
     ],
     [
      -8331.4,
      -3325.2
     ],
     [
      -8349.7,
      -3327.5
     ],
     [
      -8374.8,
      -3329.7
     ],
     [
      -8404.6,
      -3325.2
     ],
     [
      -8425.2,
      -3318.3
     ],
     [
      -8443.5,
      -3306.9
     ],
     [
      -8459.5,
      -3295.4
     ],
     [
      -8477.8,
      -3281.7
     ],
     [
      -8493.8,
      -3265.7
     ],
     [
      -8509.8,
      -3242.8
     ],
     [
      -8521.2,
      -3226.8
     ],
     [
      -8535,
      -3206.2
     ],
     [
      -8551,
      -3181
     ],
     [
      -8564.7,
      -3160.5
     ],
     [
      -8580.7,
      -3139.9
     ],
     [
      -8589.9,
      -3126.1
     ],
     [
      -8601.3,
      -3110.1
     ],
     [
      -8612.8,
      -3089.5
     ],
     [
      -8624.2,
      -3071.2
     ],
     [
      -8628.8,
      -3055.2
     ],
     [
      -8635.6,
      -3032.3
     ],
     [
      -8635.6,
      -3016.3
     ],
     [
      -8635.6,
      -2995.7
     ],
     [
      -8631.1,
      -2977.4
     ],
     [
      -8621.9,
      -2956.9
     ],
     [
      -8608.2,
      -2931.7
     ],
     [
      -8594.5,
      -2906.5
     ],
     [
      -8583,
      -2885.9
     ],
     [
      -8562.4,
      -2858.5
     ],
     [
      -8546.4,
      -2840.2
     ],
     [
      -8528.1,
      -2824.2
     ],
     [
      -8505.2,
      -2808.2
     ],
     [
      -8477.8,
      -2794.4
     ],
     [
      -8445.8,
      -2780.7
     ],
     [
      -8411.4,
      -2767
     ],
     [
      -8386.3,
      -2760.1
     ],
     [
      -8363.4,
      -2755.5
     ],
     [
      -8335.9,
      -2751
     ],
     [
      -8315.4,
      -2751
     ],
     [
      -8292.5,
      -2751
     ],
     [
      -8269.6,
      -2753.3
     ],
     [
      -8246.7,
      -2762.4
     ],
     [
      -8228.4,
      -2771.6
     ],
     [
      -8207.8,
      -2787.6
     ],
     [
      -8191.8,
      -2803.6
     ],
     [
      -8175.8,
      -2824.2
     ],
     [
      -8162.1,
      -2842.5
     ],
     [
      -8150.6,
      -2863.1
     ],
     [
      -8139.2,
      -2885.9
     ],
     [
      -8132.3,
      -2904.2
     ],
     [
      -8125.5,
      -2922.5
     ],
     [
      -8120.9,
      -2938.6
     ],
     [
      -8118.6,
      -2956.9
     ],
     [
      -8114,
      -2975.2
     ],
     [
      -8114,
      -2991.2
     ],
     [
      -8114,
      -3009.5
     ],
     [
      -8114,
      -3034.6
     ],
     [
      -8114,
      -3057.5
     ],
     [
      -8114,
      -3073.5
     ]
    ]
   }
  },
  {
   "type": "Feature",
   "properties": {
    "op": "remove",
    "source": "recorded",
    "zone": "Tirisfal Glades",
    "time": 1790563887,
    "trim": true,
    "area": true
   },
   "geometry": {
    "type": "LineString",
    "coordinates": [
     [
      -7450.6,
      -3684.3
     ],
     [
      -7443.8,
      -3700.3
     ],
     [
      -7432.3,
      -3714.1
     ],
     [
      -7423.2,
      -3727.8
     ],
     [
      -7411.7,
      -3743.8
     ],
     [
      -7400.3,
      -3759.8
     ],
     [
      -7388.9,
      -3780.4
     ],
     [
      -7379.7,
      -3803.3
     ],
     [
      -7372.8,
      -3828.5
     ],
     [
      -7366,
      -3853.6
     ],
     [
      -7361.4,
      -3874.2
     ],
     [
      -7359.1,
      -3890.2
     ],
     [
      -7356.8,
      -3906.2
     ],
     [
      -7359.1,
      -3922.3
     ],
     [
      -7366,
      -3938.3
     ],
     [
      -7372.8,
      -3954.3
     ],
     [
      -7379.7,
      -3970.3
     ],
     [
      -7393.4,
      -3990.9
     ],
     [
      -7404.9,
      -4006.9
     ],
     [
      -7416.3,
      -4018.3
     ],
     [
      -7432.3,
      -4025.2
     ],
     [
      -7452.9,
      -4025.2
     ],
     [
      -7468.9,
      -4020.6
     ],
     [
      -7487.2,
      -4016
     ],
     [
      -7503.2,
      -4009.2
     ],
     [
      -7517,
      -3993.2
     ],
     [
      -7523.8,
      -3977.2
     ],
     [
      -7530.7,
      -3958.9
     ],
     [
      -7530.7,
      -3938.3
     ],
     [
      -7528.4,
      -3915.4
     ],
     [
      -7526.1,
      -3887.9
     ],
     [
      -7523.8,
      -3867.3
     ],
     [
      -7519.3,
      -3849
     ],
     [
      -7510.1,
      -3830.7
     ],
     [
      -7500.9,
      -3812.4
     ],
     [
      -7494.1,
      -3794.1
     ],
     [
      -7491.8,
      -3778.1
     ],
     [
      -7482.6,
      -3762.1
     ],
     [
      -7471.2,
      -3746.1
     ],
     [
      -7455.2,
      -3732.4
     ],
     [
      -7441.5,
      -3720.9
     ]
    ]
   }
  },
  {
   "type": "Feature",
   "properties": {
    "op": "remove",
    "source": "recorded",
    "zone": "Tirisfal Glades",
    "time": 1790563890,
    "trim": true,
    "area": true
   },
   "geometry": {
    "type": "LineString",
    "coordinates": [
     [
      -7386.6,
      -4670.3
     ],
     [
      -7370.6,
      -4674.9
     ],
     [
      -7352.3,
      -4677.2
     ],
     [
      -7331.7,
      -4679.5
     ],
     [
      -7313.4,
      -4681.8
     ],
     [
      -7295.1,
      -4684
     ],
     [
      -7279,
      -4688.6
     ],
     [
      -7263,
      -4695.5
     ],
     [
      -7258.5,
      -4711.5
     ],
     [
      -7260.7,
      -4727.5
     ],
     [
      -7276.8,
      -4743.5
     ],
     [
      -7299.6,
      -4764.1
     ],
     [
      -7315.6,
      -4777.8
     ],
     [
      -7327.1,
      -4789.3
     ],
     [
      -7338.5,
      -4800.7
     ],
     [
      -7354.5,
      -4814.4
     ],
     [
      -7379.7,
      -4828.2
     ],
     [
      -7404.9,
      -4837.3
     ],
     [
      -7430,
      -4841.9
     ],
     [
      -7448.3,
      -4841.9
     ],
     [
      -7468.9,
      -4841.9
     ],
     [
      -7484.9,
      -4841.9
     ],
     [
      -7507.8,
      -4832.7
     ],
     [
      -7528.4,
      -4821.3
     ],
     [
      -7542.1,
      -4809.9
     ],
     [
      -7553.6,
      -4798.4
     ],
     [
      -7565,
      -4787
     ],
     [
      -7576.4,
      -4771
     ],
     [
      -7583.3,
      -4755
     ],
     [
      -7587.9,
      -4736.7
     ],
     [
      -7571.9,
      -4718.4
     ],
     [
      -7549,
      -4704.6
     ],
     [
      -7535.3,
      -4695.5
     ],
     [
      -7519.3,
      -4688.6
     ],
     [
      -7500.9,
      -4679.5
     ],
     [
      -7480.4,
      -4670.3
     ],
     [
      -7459.8,
      -4663.5
     ],
     [
      -7436.9,
      -4652
     ],
     [
      -7420.9,
      -4647.4
     ],
     [
      -7402.6,
      -4645.2
     ],
     [
      -7384.3,
      -4645.2
     ],
     [
      -7370.6,
      -4654.3
     ],
     [
      -7359.1,
      -4665.7
     ],
     [
      -7354.5,
      -4681.8
     ]
    ]
   }
  },
  {
   "type": "Feature",
   "properties": {
    "op": "remove",
    "source": "recorded",
    "zone": "Tirisfal Glades",
    "time": 1790563894,
    "trim": true,
    "area": true
   },
   "geometry": {
    "type": "LineString",
    "coordinates": [
     [
      -8043.1,
      -4329.5
     ],
     [
      -8034,
      -4347.8
     ],
     [
      -8020.2,
      -4363.8
     ],
     [
      -8001.9,
      -4382.1
     ],
     [
      -7985.9,
      -4398.1
     ],
     [
      -7967.6,
      -4416.4
     ],
     [
      -7951.6,
      -4430.1
     ],
     [
      -7940.2,
      -4443.8
     ],
     [
      -7951.6,
      -4464.4
     ],
     [
      -7965.3,
      -4473.6
     ],
     [
      -7990.5,
      -4491.9
     ],
     [
      -8015.7,
      -4507.9
     ],
     [
      -8043.1,
      -4523.9
     ],
     [
      -8072.9,
      -4542.2
     ],
     [
      -8102.6,
      -4560.5
     ],
     [
      -8132.3,
      -4574.2
     ],
     [
      -8166.7,
      -4590.3
     ],
     [
      -8198.7,
      -4604
     ],
     [
      -8233,
      -4615.4
     ],
     [
      -8271.9,
      -4626.9
     ],
     [
      -8308.5,
      -4633.7
     ],
     [
      -8335.9,
      -4640.6
     ],
     [
      -8372.6,
      -4647.4
     ],
     [
      -8397.7,
      -4649.7
     ],
     [
      -8425.2,
      -4654.3
     ],
     [
      -8454.9,
      -4654.3
     ],
     [
      -8480.1,
      -4654.3
     ],
     [
      -8507.5,
      -4645.2
     ],
     [
      -8535,
      -4631.4
     ],
     [
      -8569.3,
      -4610.8
     ],
     [
      -8603.6,
      -4585.7
     ],
     [
      -8637.9,
      -4555.9
     ],
     [
      -8676.8,
      -4523.9
     ],
     [
      -8711.1,
      -4489.6
     ],
     [
      -8738.6,
      -4466.7
     ],
     [
      -8763.7,
      -4446.1
     ],
     [
      -8779.8,
      -4437
     ],
     [
      -8802.6,
      -4425.5
     ],
     [
      -8830.1,
      -4414.1
     ],
     [
      -8859.8,
      -4402.7
     ],
     [
      -8875.8,
      -4395.8
     ],
     [
      -8894.1,
      -4388.9
     ],
     [
      -8912.4,
      -4382.1
     ],
     [
      -8935.3,
      -4370.6
     ],
     [
      -8953.6,
      -4363.8
     ],
     [
      -8969.6,
      -4356.9
     ],
     [
      -8953.6,
      -4345.5
     ],
     [
      -8935.3,
      -4336.3
     ],
     [
      -8912.4,
      -4324.9
     ],
     [
      -8885,
      -4311.2
     ],
     [
      -8853,
      -4297.4
     ],
     [
      -8820.9,
      -4283.7
     ],
     [
      -8793.5,
      -4272.3
     ],
     [
      -8763.7,
      -4263.1
     ],
     [
      -8731.7,
      -4254
     ],
     [
      -8697.4,
      -4244.8
     ],
     [
      -8660.8,
      -4237.9
     ],
     [
      -8626.5,
      -4233.4
     ],
     [
      -8592.2,
      -4233.4
     ],
     [
      -8548.7,
      -4233.4
     ],
     [
      -8514.4,
      -4233.4
     ],
     [
      -8475.5,
      -4235.7
     ],
     [
      -8434.3,
      -4237.9
     ],
     [
      -8404.6,
      -4240.2
     ],
     [
      -8374.8,
      -4242.5
     ],
     [
      -8349.7,
      -4244.8
     ],
     [
      -8324.5,
      -4249.4
     ],
     [
      -8303.9,
      -4251.7
     ],
     [
      -8287.9,
      -4251.7
     ],
     [
      -8271.9,
      -4256.3
     ],
     [
      -8246.7,
      -4258.5
     ],
     [
      -8219.3,
      -4260.8
     ],
     [
      -8196.4,
      -4260.8
     ],
     [
      -8180.4,
      -4260.8
     ],
     [
      -8164.4,
      -4263.1
     ],
     [
      -8143.8,
      -4270
     ],
     [
      -8125.5,
      -4276.8
     ],
     [
      -8109.5,
      -4286
     ],
     [
      -8093.5,
      -4292.9
     ],
     [
      -8077.4,
      -4297.4
     ],
     [
      -8059.1,
      -4306.6
     ],
     [
      -8047.7,
      -4318
     ],
     [
      -8034,
      -4334
     ],
     [
      -8022.5,
      -4347.8
     ],
     [
      -8008.8,
      -4361.5
     ]
    ]
   }
  },
  {
   "type": "Feature",
   "properties": {
    "op": "add",
    "source": "recorded",
    "zone": "Tirisfal Glades",
    "time": 1790563962,
    "trim": true
   },
   "geometry": {
    "type": "LineString",
    "coordinates": [
     [
      2909.6,
      -4255.7
     ],
     [
      2899.3,
      -4260.1
     ],
     [
      2889.1,
      -4264.5
     ],
     [
      2880.3,
      -4270.4
     ],
     [
      2870,
      -4273.3
     ],
     [
      2859.8,
      -4277.7
     ],
     [
      2851,
      -4283.5
     ],
     [
      2840.7,
      -4287.9
     ],
     [
      2830.5,
      -4289.4
     ],
     [
      2820.2,
      -4292.3
     ],
     [
      2810,
      -4296.7
     ],
     [
      2801.2,
      -4302.6
     ],
     [
      2792.4,
      -4308.4
     ],
     [
      2782.2,
      -4314.3
     ],
     [
      2771.9,
      -4318.7
     ],
     [
      2761.7,
      -4321.6
     ],
     [
      2754.4,
      -4328.9
     ],
     [
      2747,
      -4336.3
     ],
     [
      2744.1,
      -4346.5
     ],
     [
      2744.1,
      -4356.7
     ],
     [
      2744.1,
      -4368.5
     ],
     [
      2742.6,
      -4378.7
     ],
     [
      2739.7,
      -4389
     ],
     [
      2736.8,
      -4399.2
     ],
     [
      2736.8,
      -4409.5
     ],
     [
      2738.3,
      -4419.7
     ],
     [
      2741.2,
      -4431.4
     ],
     [
      2747,
      -4440.2
     ],
     [
      2752.9,
      -4450.5
     ],
     [
      2755.8,
      -4460.7
     ],
     [
      2757.3,
      -4472.4
     ],
     [
      2758.8,
      -4482.7
     ],
     [
      2757.3,
      -4492.9
     ],
     [
      2752.9,
      -4503.2
     ],
     [
      2748.5,
      -4513.4
     ],
     [
      2745.6,
      -4523.7
     ],
     [
      2745.6,
      -4535.4
     ],
     [
      2744.1,
      -4545.6
     ],
     [
      2744.1,
      -4555.9
     ],
     [
      2745.6,
      -4566.1
     ]
    ]
   }
  },
  {
   "type": "Feature",
   "properties": {
    "op": "add",
    "source": "recorded",
    "zone": "Tirisfal Glades",
    "time": 1790563981,
    "trim": true
   },
   "geometry": {
    "type": "LineString",
    "coordinates": [
     [
      10114,
      1863.8
     ],
     [
      10105.8,
      1860.3
     ],
     [
      10097.6,
      1856.8
     ],
     [
      10090.6,
      1852.1
     ],
     [
      10082.4,
      1848.6
     ],
     [
      10074.2,
      1846.2
     ],
     [
      10066,
      1843.9
     ],
     [
      10057.8,
      1842.7
     ],
     [
      10049.6,
      1839.2
     ],
     [
      10042.5,
      1834.5
     ],
     [
      10034.4,
      1831
     ],
     [
      10027.3,
      1826.3
     ]
    ]
   }
  },
  {
   "type": "Feature",
   "properties": {
    "op": "add",
    "source": "recorded",
    "zone": "Tirisfal Glades",
    "time": 1790563996,
    "trim": true
   },
   "geometry": {
    "type": "LineString",
    "coordinates": [
     [
      9946.2,
      2484.4
     ],
     [
      9948.2,
      2486.7
     ],
     [
      9950.5,
      2488.2
     ],
     [
      9952.8,
      2490.1
     ],
     [
      9955.1,
      2491.7
     ],
     [
      9957.4,
      2493.2
     ],
     [
      9959.7,
      2494.7
     ],
     [
      9962.4,
      2496.3
     ],
     [
      9964.7,
      2497.8
     ],
     [
      9966.2,
      2500.1
     ],
     [
      9967.4,
      2502.8
     ],
     [
      9968.1,
      2505.5
     ],
     [
      9969.3,
      2508.2
     ],
     [
      9970.8,
      2510.5
     ],
     [
      9973.1,
      2512
     ],
     [
      9975.8,
      2513.6
     ],
     [
      9978.1,
      2515.1
     ],
     [
      9980.8,
      2516.2
     ],
     [
      9983.1,
      2517.8
     ],
     [
      9985.8,
      2518.9
     ],
     [
      9988.1,
      2520.5
     ]
    ]
   }
  },
  {
   "type": "Feature",
   "properties": {
    "op": "add",
    "source": "recorded",
    "zone": "Tirisfal Glades",
    "time": 1790564001,
    "trim": true
   },
   "geometry": {
    "type": "LineString",
    "coordinates": [
     [
      9948.9,
      2554.2
     ],
     [
      9948.9,
      2556.9
     ],
     [
      9948.9,
      2560
     ],
     [
      9948.9,
      2562.7
     ],
     [
      9948.9,
      2565.4
     ],
     [
      9948.9,
      2568.1
     ],
     [
      9949.3,
      2570.7
     ],
     [
      9949.3,
      2573.4
     ],
     [
      9950.1,
      2576.1
     ],
     [
      9950.1,
      2579.2
     ],
     [
      9950.1,
      2581.9
     ],
     [
      9950.1,
      2584.6
     ],
     [
      9950.1,
      2587.2
     ],
     [
      9949.7,
      2589.9
     ],
     [
      9948.9,
      2592.6
     ],
     [
      9948.2,
      2595.3
     ],
     [
      9947.8,
      2598
     ],
     [
      9947.4,
      2600.7
     ],
     [
      9947,
      2603.4
     ],
     [
      9946.6,
      2606
     ],
     [
      9946.2,
      2608.7
     ],
     [
      9944.7,
      2611
     ],
     [
      9942,
      2612.6
     ],
     [
      9939.3,
      2613.3
     ],
     [
      9937,
      2614.9
     ],
     [
      9935.1,
      2617.2
     ],
     [
      9932.8,
      2618.7
     ],
     [
      9930.9,
      2620.6
     ],
     [
      9928.6,
      2622.2
     ],
     [
      9926.7,
      2624.1
     ],
     [
      9924.4,
      2626
     ],
     [
      9922.5,
      2627.9
     ],
     [
      9920.5,
      2630.2
     ],
     [
      9918.6,
      2632.1
     ]
    ]
   }
  },
  {
   "type": "Feature",
   "properties": {
    "op": "add",
    "source": "recorded",
    "zone": "Tirisfal Glades",
    "time": 1790564008,
    "trim": true
   },
   "geometry": {
    "type": "LineString",
    "coordinates": [
     [
      9885.7,
      2462.5
     ],
     [
      9885.2,
      2466.3
     ],
     [
      9883.3,
      2469.7
     ],
     [
      9881.4,
      2473
     ],
     [
      9880.4,
      2476.4
     ],
     [
      9879.5,
      2479.7
     ],
     [
      9878,
      2483.1
     ],
     [
      9877.1,
      2486.4
     ],
     [
      9876.6,
      2489.8
     ],
     [
      9876.6,
      2493.2
     ],
     [
      9876.6,
      2496.5
     ],
     [
      9879.5,
      2498.4
     ],
     [
      9882.8,
      2498.9
     ],
     [
      9886.2,
      2499.9
     ],
     [
      9889.5,
      2500.8
     ],
     [
      9892.9,
      2501.8
     ],
     [
      9896.3,
      2502.8
     ],
     [
      9899.6,
      2503.7
     ],
     [
      9903,
      2503.7
     ],
     [
      9906.3,
      2503.7
     ],
     [
      9909.7,
      2504.7
     ],
     [
      9913,
      2505.2
     ],
     [
      9916.4,
      2505.6
     ],
     [
      9919.8,
      2507.6
     ]
    ]
   }
  },
  {
   "type": "Feature",
   "properties": {
    "op": "add",
    "source": "recorded",
    "zone": "Tirisfal Glades",
    "time": 1790564016,
    "trim": true
   },
   "geometry": {
    "type": "LineString",
    "coordinates": [
     [
      9721.1,
      2521.5
     ],
     [
      9719.2,
      2524.8
     ],
     [
      9717.8,
      2528.2
     ],
     [
      9716.3,
      2531.5
     ],
     [
      9714.9,
      2534.9
     ],
     [
      9713.5,
      2538.3
     ],
     [
      9712,
      2541.6
     ],
     [
      9711.1,
      2545
     ],
     [
      9710.1,
      2548.3
     ],
     [
      9708.7,
      2551.7
     ],
     [
      9707.2,
      2555
     ],
     [
      9705.3,
      2558.4
     ],
     [
      9703.9,
      2561.8
     ],
     [
      9701.9,
      2565.6
     ],
     [
      9700,
      2569
     ],
     [
      9698.1,
      2571.8
     ],
     [
      9696.2,
      2575.2
     ],
     [
      9693.8,
      2577.6
     ],
     [
      9691.4,
      2580
     ],
     [
      9688.5,
      2582.4
     ],
     [
      9686.1,
      2584.8
     ],
     [
      9683.2,
      2586.7
     ],
     [
      9680.4,
      2589.1
     ],
     [
      9677,
      2591.5
     ],
     [
      9674.1,
      2593.4
     ],
     [
      9671.7,
      2595.8
     ],
     [
      9668.8,
      2597.7
     ],
     [
      9665.5,
      2599.7
     ],
     [
      9662.1,
      2601.1
     ],
     [
      9658.8,
      2603
     ]
    ]
   }
  },
  {
   "type": "Feature",
   "properties": {
    "op": "add",
    "source": "recorded",
    "zone": "Tirisfal Glades",
    "time": 1790564033,
    "trim": true
   },
   "geometry": {
    "type": "LineString",
    "coordinates": [
     [
      9951.9,
      2289.3
     ],
     [
      9951.9,
      2285.4
     ],
     [
      9951.9,
      2282.1
     ],
     [
      9951.9,
      2278.2
     ],
     [
      9951.9,
      2274.4
     ],
     [
      9951.9,
      2270.6
     ],
     [
      9951.9,
      2267.2
     ],
     [
      9952.4,
      2263.4
     ],
     [
      9952.4,
      2260
     ],
     [
      9952.4,
      2256.6
     ],
     [
      9952.9,
      2253.3
     ],
     [
      9952.9,
      2249.4
     ]
    ]
   }
  },
  {
   "type": "Feature",
   "properties": {
    "op": "add",
    "source": "recorded",
    "zone": "Tirisfal Glades",
    "time": 1790564045,
    "trim": true
   },
   "geometry": {
    "type": "LineString",
    "coordinates": [
     [
      9954.5,
      653.6
     ],
     [
      9950,
      650.6
     ],
     [
      9946.3,
      646.8
     ],
     [
      9942.5,
      643.1
     ],
     [
      9940.3,
      637.9
     ],
     [
      9937.3,
      633.4
     ],
     [
      9934.3,
      628.9
     ],
     [
      9930.5,
      624.4
     ],
     [
      9925.3,
      623.6
     ],
     [
      9920,
      623.6
     ],
     [
      9914.8,
      623.6
     ],
     [
      9909.5,
      625.1
     ],
     [
      9904.3,
      627.4
     ],
     [
      9899.1,
      627.4
     ],
     [
      9893.8,
      625.9
     ],
     [
      9890.8,
      621.4
     ],
     [
      9887.1,
      617.6
     ]
    ]
   }
  },
  {
   "type": "Feature",
   "properties": {
    "op": "remove",
    "source": "recorded",
    "zone": "Tirisfal Glades",
    "time": 1790564324,
    "trim": true,
    "area": true
   },
   "geometry": {
    "type": "LineString",
    "coordinates": [
     [
      1295.1,
      -4556.6
     ],
     [
      1298.8,
      -4562.2
     ],
     [
      1302.6,
      -4569.7
     ],
     [
      1306.3,
      -4577.2
     ],
     [
      1310.1,
      -4583.8
     ],
     [
      1312.9,
      -4590.3
     ],
     [
      1315.7,
      -4597.8
     ],
     [
      1319.4,
      -4605.3
     ],
     [
      1322.2,
      -4611.9
     ],
     [
      1324.1,
      -4618.4
     ],
     [
      1326,
      -4625
     ],
     [
      1327.9,
      -4631.6
     ],
     [
      1326.9,
      -4638.1
     ],
     [
      1320.4,
      -4640
     ],
     [
      1311.9,
      -4639.1
     ],
     [
      1305.4,
      -4636.3
     ],
     [
      1298.8,
      -4631.6
     ],
     [
      1292.3,
      -4625.9
     ],
     [
      1285.7,
      -4619.4
     ],
     [
      1279.1,
      -4611.9
     ],
     [
      1275.4,
      -4605.3
     ],
     [
      1271.6,
      -4599.7
     ],
     [
      1266,
      -4592.2
     ],
     [
      1258.5,
      -4583.8
     ],
     [
      1253.8,
      -4577.2
     ],
     [
      1249.2,
      -4572.5
     ],
     [
      1243.5,
      -4566.9
     ],
     [
      1237,
      -4559.4
     ],
     [
      1231.4,
      -4553.8
     ],
     [
      1226.7,
      -4548.2
     ],
     [
      1221,
      -4542.6
     ],
     [
      1216.4,
      -4537.9
     ],
     [
      1210.7,
      -4532.2
     ],
     [
      1206.1,
      -4526.6
     ],
     [
      1201.4,
      -4521
     ],
     [
      1196.7,
      -4515.4
     ],
     [
      1192,
      -4510.7
     ],
     [
      1186.4,
      -4504.1
     ],
     [
      1181.7,
      -4499.4
     ],
     [
      1177.9,
      -4493.8
     ],
     [
      1174.2,
      -4487.3
     ],
     [
      1170.4,
      -4481.6
     ],
     [
      1165.8,
      -4475.1
     ],
     [
      1162,
      -4468.5
     ],
     [
      1159.2,
      -4462
     ],
     [
      1161.1,
      -4454.5
     ],
     [
      1166.7,
      -4450.7
     ],
     [
      1173.3,
      -4447
     ],
     [
      1181.7,
      -4447
     ],
     [
      1190.1,
      -4450.7
     ],
     [
      1196.7,
      -4453.5
     ],
     [
      1204.2,
      -4458.2
     ],
     [
      1211.7,
      -4462.9
     ],
     [
      1217.3,
      -4468.5
     ],
     [
      1223.9,
      -4473.2
     ],
     [
      1230.4,
      -4478.8
     ],
     [
      1235.1,
      -4483.5
     ],
     [
      1240.7,
      -4489.1
     ],
     [
      1245.4,
      -4494.8
     ],
     [
      1251,
      -4499.4
     ],
     [
      1256.7,
      -4505.1
     ],
     [
      1262.3,
      -4509.8
     ],
     [
      1267,
      -4515.4
     ],
     [
      1271.6,
      -4521
     ],
     [
      1276.3,
      -4525.7
     ],
     [
      1281,
      -4532.2
     ],
     [
      1285.7,
      -4538.8
     ],
     [
      1289.4,
      -4544.4
     ],
     [
      1292.3,
      -4551.9
     ],
     [
      1296,
      -4558.5
     ],
     [
      1300.7,
      -4564.1
     ]
    ]
   }
  },
  {
   "type": "Feature",
   "properties": {
    "op": "remove",
    "source": "recorded",
    "zone": "Tirisfal Glades",
    "time": 1790564328,
    "trim": true,
    "area": true
   },
   "geometry": {
    "type": "LineString",
    "coordinates": [
     [
      1322.2,
      -4609.1
     ],
     [
      1325.1,
      -4616.6
     ],
     [
      1328.8,
      -4622.2
     ],
     [
      1330.7,
      -4628.8
     ],
     [
      1333.5,
      -4635.3
     ],
     [
      1336.3,
      -4641.9
     ],
     [
      1340,
      -4648.4
     ],
     [
      1343.8,
      -4654.1
     ],
     [
      1339.1,
      -4658.7
     ],
     [
      1333.5,
      -4654.1
     ],
     [
      1327.9,
      -4648.4
     ],
     [
      1323.2,
      -4641.9
     ],
     [
      1319.4,
      -4636.3
     ],
     [
      1316.6,
      -4629.7
     ],
     [
      1314.7,
      -4623.1
     ],
     [
      1314.7,
      -4616.6
     ],
     [
      1316.6,
      -4610
     ],
     [
      1320.4,
      -4604.4
     ],
     [
      1326.9,
      -4607.2
     ],
     [
      1329.7,
      -4613.8
     ]
    ]
   }
  },
  {
   "type": "Feature",
   "properties": {
    "op": "remove",
    "source": "recorded",
    "zone": "Tirisfal Glades",
    "time": 1790564330,
    "trim": true,
    "area": true
   },
   "geometry": {
    "type": "LineString",
    "coordinates": [
     [
      1319.4,
      -4605.3
     ],
     [
      1326,
      -4602.5
     ],
     [
      1332.6,
      -4602.5
     ],
     [
      1339.1,
      -4603.5
     ],
     [
      1345.7,
      -4606.3
     ],
     [
      1352.2,
      -4609.1
     ],
     [
      1356,
      -4615.6
     ],
     [
      1357.9,
      -4622.2
     ],
     [
      1359.7,
      -4629.7
     ],
     [
      1359.7,
      -4636.3
     ],
     [
      1359.7,
      -4642.8
     ],
     [
      1355,
      -4648.4
     ],
     [
      1348.5,
      -4651.2
     ],
     [
      1341.9,
      -4653.1
     ],
     [
      1335.4,
      -4654.1
     ],
     [
      1328.8,
      -4651.2
     ],
     [
      1325.1,
      -4645.6
     ],
     [
      1323.2,
      -4639.1
     ],
     [
      1321.3,
      -4631.6
     ],
     [
      1321.3,
      -4625
     ],
     [
      1323.2,
      -4618.4
     ],
     [
      1327.9,
      -4613.8
     ],
     [
      1332.6,
      -4609.1
     ],
     [
      1333.5,
      -4602.5
     ],
     [
      1330.7,
      -4596
     ]
    ]
   }
  },
  {
   "type": "Feature",
   "properties": {
    "op": "add",
    "source": "recorded",
    "zone": "Tirisfal Glades",
    "time": 1790564333,
    "trim": true
   },
   "geometry": {
    "type": "LineString",
    "coordinates": [
     [
      1327.9,
      -4587.5
     ],
     [
      1329.7,
      -4594.1
     ],
     [
      1330.7,
      -4600.6
     ],
     [
      1331.6,
      -4607.2
     ],
     [
      1333.5,
      -4613.8
     ],
     [
      1336.3,
      -4620.3
     ],
     [
      1339.1,
      -4626.9
     ],
     [
      1341.9,
      -4633.4
     ],
     [
      1344.7,
      -4640
     ],
     [
      1347.5,
      -4646.6
     ],
     [
      1351.3,
      -4653.1
     ],
     [
      1355,
      -4658.7
     ]
    ]
   }
  },
  {
   "type": "Feature",
   "properties": {
    "op": "remove",
    "source": "recorded",
    "zone": "Tirisfal Glades",
    "time": 1790564341,
    "trim": true,
    "area": true
   },
   "geometry": {
    "type": "LineString",
    "coordinates": [
     [
      964.3,
      -4934.2
     ],
     [
      970.9,
      -4933.3
     ],
     [
      978.4,
      -4932.4
     ],
     [
      985.9,
      -4932.4
     ],
     [
      995.2,
      -4930.5
     ],
     [
      1009.3,
      -4928.6
     ],
     [
      1020.5,
      -4926.7
     ],
     [
      1033.6,
      -4925.8
     ],
     [
      1047.7,
      -4924.9
     ],
     [
      1062.7,
      -4923.9
     ],
     [
      1080.5,
      -4922
     ],
     [
      1094.5,
      -4921.1
     ],
     [
      1110.5,
      -4919.2
     ],
     [
      1130.2,
      -4917.4
     ],
     [
      1146.1,
      -4914.6
     ],
     [
      1156.4,
      -4913.6
     ],
     [
      1169.5,
      -4912.7
     ],
     [
      1183.6,
      -4911.7
     ],
     [
      1195.7,
      -4910.8
     ],
     [
      1207.9,
      -4908.9
     ],
     [
      1218.2,
      -4908
     ],
     [
      1226.7,
      -4906.1
     ],
     [
      1236,
      -4905.2
     ],
     [
      1243.5,
      -4904.2
     ],
     [
      1250.1,
      -4904.2
     ],
     [
      1256.7,
      -4904.2
     ],
     [
      1266,
      -4904.2
     ],
     [
      1275.4,
      -4906.1
     ],
     [
      1282.9,
      -4909.9
     ],
     [
      1288.5,
      -4915.5
     ],
     [
      1292.3,
      -4921.1
     ],
     [
      1296,
      -4928.6
     ],
     [
      1299.8,
      -4937
     ],
     [
      1304.4,
      -4949.2
     ],
     [
      1308.2,
      -4960.5
     ],
     [
      1311,
      -4970.8
     ],
     [
      1314.7,
      -4981.1
     ],
     [
      1318.5,
      -4992.3
     ],
     [
      1322.2,
      -5003.6
     ],
     [
      1325.1,
      -5014.8
     ],
     [
      1327.9,
      -5027.9
     ],
     [
      1330.7,
      -5041
     ],
     [
      1332.6,
      -5051.4
     ],
     [
      1335.4,
      -5060.7
     ],
     [
      1337.2,
      -5071
     ],
     [
      1340,
      -5082.3
     ],
     [
      1341.9,
      -5094.5
     ],
     [
      1343.8,
      -5104.8
     ],
     [
      1345.7,
      -5115.1
     ],
     [
      1348.5,
      -5127.3
     ],
     [
      1350.4,
      -5136.6
     ],
     [
      1352.2,
      -5146.9
     ],
     [
      1353.2,
      -5158.2
     ],
     [
      1353.2,
      -5167.5
     ],
     [
      1353.2,
      -5176.9
     ],
     [
      1352.2,
      -5187.2
     ],
     [
      1350.4,
      -5195.7
     ],
     [
      1347.5,
      -5207.8
     ],
     [
      1344.7,
      -5216.3
     ],
     [
      1341.9,
      -5223.8
     ],
     [
      1339.1,
      -5230.3
     ],
     [
      1334.4,
      -5239.7
     ],
     [
      1331.6,
      -5247.2
     ],
     [
      1326.9,
      -5257.5
     ],
     [
      1322.2,
      -5266.9
     ],
     [
      1318.5,
      -5277.2
     ],
     [
      1313.8,
      -5291.2
     ],
     [
      1309.1,
      -5302.5
     ],
     [
      1306.3,
      -5310.9
     ],
     [
      1303.5,
      -5318.4
     ],
     [
      1298.8,
      -5326.8
     ],
     [
      1293.2,
      -5333.4
     ],
     [
      1287.6,
      -5337.2
     ],
     [
      1282,
      -5340.9
     ],
     [
      1274.5,
      -5344.6
     ],
     [
      1266,
      -5349.3
     ],
     [
      1254.8,
      -5355.9
     ],
     [
      1244.5,
      -5362.5
     ],
     [
      1238.8,
      -5366.2
     ],
     [
      1230.4,
      -5369
     ],
     [
      1219.2,
      -5368.1
     ],
     [
      1209.8,
      -5364.3
     ],
     [
      1196.7,
      -5356.8
     ],
     [
      1181.7,
      -5348.4
     ],
     [
      1166.7,
      -5340
     ],
     [
      1151.7,
      -5331.5
     ],
     [
      1135.8,
      -5323.1
     ],
     [
      1122.7,
      -5317.5
     ],
     [
      1110.5,
      -5311.9
     ],
     [
      1096.4,
      -5306.2
     ],
     [
      1083.3,
      -5299.7
     ],
     [
      1069.2,
      -5293.1
     ],
     [
      1052.4,
      -5284.7
     ],
     [
      1035.5,
      -5275.3
     ],
     [
      1023.3,
      -5266.9
     ],
     [
      1005.5,
      -5253.8
     ],
     [
      992.4,
      -5241.6
     ],
     [
      982.1,
      -5231.3
     ],
     [
      972.7,
      -5221
     ],
     [
      965.2,
      -5210.7
     ],
     [
      958.7,
      -5201.3
     ],
     [
      951.2,
      -5188.2
     ],
     [
      945.6,
      -5177.9
     ],
     [
      937.1,
      -5163.8
     ],
     [
      931.5,
      -5153.5
     ],
     [
      925.9,
      -5142.2
     ],
     [
      921.2,
      -5132.9
     ],
     [
      917.4,
      -5122.6
     ],
     [
      914.6,
      -5113.2
     ],
     [
      912.8,
      -5104.8
     ],
     [
      911.8,
      -5093.5
     ],
     [
      910.9,
      -5085.1
     ],
     [
      910.9,
      -5074.8
     ],
     [
      910.9,
      -5064.5
     ],
     [
      910.9,
      -5056
     ],
     [
      910,
      -5046.7
     ],
     [
      909,
      -5039.2
     ],
     [
      907.1,
      -5029.8
     ],
     [
      906.2,
      -5019.5
     ],
     [
      906.2,
      -5011.1
     ],
     [
      906.2,
      -5002.6
     ],
     [
      909,
      -4995.1
     ],
     [
      911.8,
      -4988.6
     ],
     [
      915.6,
      -4981.1
     ],
     [
      919.3,
      -4971.7
     ],
     [
      924,
      -4962.3
     ],
     [
      926.8,
      -4954.8
     ],
     [
      929.6,
      -4948.3
     ],
     [
      932.4,
      -4940.8
     ],
     [
      937.1,
      -4935.2
     ],
     [
      941.8,
      -4929.5
     ],
     [
      948.4,
      -4924.9
     ],
     [
      954.9,
      -4924.9
     ],
     [
      962.4,
      -4924.9
     ],
     [
      969,
      -4925.8
     ],
     [
      973.7,
      -4930.5
     ]
    ]
   }
  },
  {
   "type": "Feature",
   "properties": {
    "op": "add",
    "source": "recorded",
    "zone": "Tirisfal Glades",
    "time": 1790722388,
    "trim": true
   },
   "geometry": {
    "type": "LineString",
    "coordinates": [
     [
      -2523.3,
      -659.8
     ],
     [
      -2509.7,
      -671.2
     ],
     [
      -2489.2,
      -673.5
     ],
     [
      -2473.2,
      -673.5
     ],
     [
      -2455,
      -678
     ],
     [
      -2436.8,
      -678
     ],
     [
      -2420.8,
      -678
     ],
     [
      -2402.6,
      -678
     ],
     [
      -2386.7,
      -678
     ],
     [
      -2395.8,
      -691.7
     ],
     [
      -2407.2,
      -707.6
     ],
     [
      -2416.3,
      -721.3
     ]
    ]
   }
  },
  {
   "type": "Feature",
   "properties": {
    "op": "remove",
    "source": "recorded",
    "zone": "Tirisfal Glades",
    "time": 1790722395,
    "trim": true,
    "area": true
   },
   "geometry": {
    "type": "LineString",
    "coordinates": [
     [
      -2369,
      -623.8
     ],
     [
      -2373.4,
      -636.9
     ],
     [
      -2376.3,
      -647.1
     ],
     [
      -2379.2,
      -657.3
     ],
     [
      -2382.2,
      -670.4
     ],
     [
      -2383.6,
      -683.6
     ],
     [
      -2386.5,
      -693.8
     ],
     [
      -2389.4,
      -704
     ],
     [
      -2392.4,
      -715.6
     ],
     [
      -2396.7,
      -725.8
     ],
     [
      -2401.1,
      -737.5
     ],
     [
      -2404,
      -749.2
     ],
     [
      -2408.4,
      -760.8
     ],
     [
      -2412.8,
      -772.5
     ],
     [
      -2417.1,
      -784.1
     ],
     [
      -2420.1,
      -794.3
     ],
     [
      -2421.5,
      -804.5
     ],
     [
      -2424.4,
      -814.8
     ],
     [
      -2427.3,
      -826.4
     ],
     [
      -2431.7,
      -839.5
     ],
     [
      -2434.6,
      -851.2
     ],
     [
      -2437.5,
      -861.4
     ],
     [
      -2441.9,
      -877.4
     ],
     [
      -2446.3,
      -893.5
     ],
     [
      -2447.8,
      -905.1
     ],
     [
      -2450.7,
      -918.2
     ],
     [
      -2452.1,
      -932.8
     ],
     [
      -2455,
      -951.8
     ],
     [
      -2458,
      -967.8
     ],
     [
      -2462.3,
      -989.7
     ],
     [
      -2465.2,
      -1008.6
     ],
     [
      -2469.6,
      -1030.5
     ],
     [
      -2472.5,
      -1046.5
     ],
     [
      -2475.4,
      -1062.6
     ],
     [
      -2479.8,
      -1074.2
     ],
     [
      -2484.2,
      -1085.9
     ],
     [
      -2487.1,
      -1096.1
     ],
     [
      -2491.5,
      -1110.7
     ],
     [
      -2494.4,
      -1125.2
     ],
     [
      -2497.3,
      -1136.9
     ],
     [
      -2500.2,
      -1148.6
     ],
     [
      -2501.7,
      -1158.8
     ],
     [
      -2504.6,
      -1170.4
     ],
     [
      -2509,
      -1180.6
     ],
     [
      -2513.3,
      -1193.7
     ],
     [
      -2516.3,
      -1203.9
     ],
     [
      -2517.7,
      -1217.1
     ],
     [
      -2519.2,
      -1228.7
     ],
     [
      -2520.6,
      -1244.8
     ],
     [
      -2520.6,
      -1262.3
     ],
     [
      -2520.6,
      -1275.4
     ],
     [
      -2519.2,
      -1288.5
     ],
     [
      -2514.8,
      -1298.7
     ],
     [
      -2511.9,
      -1310.4
     ],
     [
      -2514.8,
      -1322
     ],
     [
      -2520.6,
      -1332.2
     ],
     [
      -2532.3,
      -1338.1
     ],
     [
      -2544,
      -1338.1
     ],
     [
      -2555.6,
      -1333.7
     ],
     [
      -2564.4,
      -1327.8
     ],
     [
      -2571.7,
      -1320.6
     ],
     [
      -2580.4,
      -1310.4
     ],
     [
      -2587.7,
      -1300.2
     ],
     [
      -2593.5,
      -1288.5
     ],
     [
      -2597.9,
      -1275.4
     ],
     [
      -2603.7,
      -1260.8
     ],
     [
      -2608.1,
      -1247.7
     ],
     [
      -2612.5,
      -1233.1
     ],
     [
      -2618.3,
      -1220
     ],
     [
      -2624.1,
      -1205.4
     ],
     [
      -2630,
      -1187.9
     ],
     [
      -2632.9,
      -1170.4
     ],
     [
      -2635.8,
      -1147.1
     ],
     [
      -2637.2,
      -1117.9
     ],
     [
      -2637.2,
      -1081.5
     ],
     [
      -2640.2,
      -1053.8
     ],
     [
      -2643.1,
      -1033.4
     ],
     [
      -2644.5,
      -1015.9
     ],
     [
      -2647.4,
      -999.9
     ],
     [
      -2650.4,
      -985.3
     ],
     [
      -2651.8,
      -969.3
     ],
     [
      -2651.8,
      -941.6
     ],
     [
      -2651.8,
      -915.3
     ],
     [
      -2653.3,
      -886.2
     ],
     [
      -2654.7,
      -873.1
     ],
     [
      -2656.2,
      -859.9
     ],
     [
      -2657.7,
      -848.3
     ],
     [
      -2659.1,
      -838.1
     ],
     [
      -2660.6,
      -825
     ],
     [
      -2662,
      -808.9
     ],
     [
      -2664.9,
      -795.8
     ],
     [
      -2666.4,
      -781.2
     ],
     [
      -2669.3,
      -768.1
     ],
     [
      -2673.7,
      -753.5
     ],
     [
      -2679.5,
      -737.5
     ],
     [
      -2682.4,
      -727.3
     ],
     [
      -2685.3,
      -717.1
     ],
     [
      -2688.3,
      -704
     ],
     [
      -2692.6,
      -692.3
     ],
     [
      -2694.1,
      -682.1
     ],
     [
      -2695.6,
      -667.5
     ],
     [
      -2697,
      -657.3
     ],
     [
      -2697,
      -645.7
     ],
     [
      -2689.7,
      -634
     ],
     [
      -2679.5,
      -623.8
     ],
     [
      -2666.4,
      -615.1
     ],
     [
      -2653.3,
      -606.3
     ],
     [
      -2641.6,
      -600.5
     ],
     [
      -2630,
      -596.1
     ],
     [
      -2618.3,
      -594.6
     ],
     [
      -2603.7,
      -593.2
     ],
     [
      -2589.1,
      -593.2
     ],
     [
      -2576,
      -594.6
     ],
     [
      -2562.9,
      -596.1
     ],
     [
      -2552.7,
      -597.6
     ],
     [
      -2542.5,
      -599
     ],
     [
      -2532.3,
      -604.9
     ],
     [
      -2520.6,
      -612.1
     ],
     [
      -2509,
      -619.4
     ],
     [
      -2503.1,
      -629.6
     ],
     [
      -2498.8,
      -641.3
     ],
     [
      -2490,
      -647.1
     ],
     [
      -2474,
      -650
     ],
     [
      -2460.9,
      -650
     ],
     [
      -2441.9,
      -648.6
     ],
     [
      -2431.7,
      -648.6
     ],
     [
      -2420.1,
      -648.6
     ],
     [
      -2409.9,
      -648.6
     ],
     [
      -2398.2,
      -650
     ],
     [
      -2386.5,
      -653
     ]
    ]
   }
  },
  {
   "type": "Feature",
   "properties": {
    "op": "remove",
    "source": "recorded",
    "zone": "Tirisfal Glades",
    "time": 1790722458,
    "trim": true,
    "area": true
   },
   "geometry": {
    "type": "LineString",
    "coordinates": [
     [
      -2622.6,
      -964.3
     ],
     [
      -2621.5,
      -973.6
     ],
     [
      -2620.3,
      -982.9
     ],
     [
      -2619.1,
      -991.1
     ],
     [
      -2616.8,
      -1003.9
     ],
     [
      -2615.6,
      -1015.6
     ],
     [
      -2614.5,
      -1023.7
     ],
     [
      -2614.5,
      -1034.2
     ],
     [
      -2614.5,
      -1047.1
     ],
     [
      -2614.5,
      -1061.1
     ],
     [
      -2614.5,
      -1072.7
     ],
     [
      -2614.5,
      -1086.7
     ],
     [
      -2614.5,
      -1097.2
     ],
     [
      -2616.8,
      -1106.5
     ],
     [
      -2618,
      -1114.7
     ],
     [
      -2621.5,
      -1126.4
     ],
     [
      -2623.8,
      -1135.7
     ],
     [
      -2627.3,
      -1145
     ],
     [
      -2630.8,
      -1153.2
     ],
     [
      -2636.6,
      -1162.5
     ],
     [
      -2644.8,
      -1170.7
     ],
     [
      -2654.1,
      -1177.7
     ],
     [
      -2665.8,
      -1180
     ],
     [
      -2673.9,
      -1180
     ],
     [
      -2682.1,
      -1176.5
     ],
     [
      -2690.3,
      -1170.7
     ],
     [
      -2694.9,
      -1163.7
     ],
     [
      -2699.6,
      -1153.2
     ],
     [
      -2699.6,
      -1143.9
     ],
     [
      -2699.6,
      -1133.4
     ],
     [
      -2696.1,
      -1117
     ],
     [
      -2691.4,
      -1100.7
     ],
     [
      -2684.4,
      -1071.6
     ],
     [
      -2677.4,
      -1047.1
     ],
     [
      -2672.8,
      -1027.2
     ],
     [
      -2668.1,
      -1008.6
     ],
     [
      -2663.4,
      -993.4
     ],
     [
      -2661.1,
      -984.1
     ],
     [
      -2657.6,
      -975.9
     ],
     [
      -2652.9,
      -966.6
     ],
     [
      -2647.1,
      -960.8
     ],
     [
      -2638.9,
      -957.3
     ],
     [
      -2630.8,
      -957.3
     ],
     [
      -2626.1,
      -965.4
     ],
     [
      -2621.5,
      -974.8
     ],
     [
      -2616.8,
      -981.8
     ]
    ]
   }
  },
  {
   "type": "Feature",
   "properties": {
    "op": "remove",
    "source": "recorded",
    "zone": "Tirisfal Glades",
    "time": 1790722465,
    "trim": true,
    "area": true
   },
   "geometry": {
    "type": "LineString",
    "coordinates": [
     [
      -2668.1,
      -195.8
     ],
     [
      -2668.1,
      -206.3
     ],
     [
      -2668.1,
      -219.1
     ],
     [
      -2668.1,
      -231.9
     ],
     [
      -2668.1,
      -243.6
     ],
     [
      -2668.1,
      -257.6
     ],
     [
      -2666.9,
      -270.4
     ],
     [
      -2665.8,
      -285.6
     ],
     [
      -2663.4,
      -298.4
     ],
     [
      -2661.1,
      -312.4
     ],
     [
      -2657.6,
      -325.2
     ],
     [
      -2655.3,
      -335.7
     ],
     [
      -2651.8,
      -347.4
     ],
     [
      -2649.4,
      -359.1
     ],
     [
      -2648.3,
      -371.9
     ],
     [
      -2647.1,
      -382.4
     ],
     [
      -2645.9,
      -397.5
     ],
     [
      -2644.8,
      -410.4
     ],
     [
      -2642.4,
      -425.5
     ],
     [
      -2641.3,
      -441.8
     ],
     [
      -2638.9,
      -455.8
     ],
     [
      -2637.8,
      -471
     ],
     [
      -2635.4,
      -481.5
     ],
     [
      -2635.4,
      -493.2
     ],
     [
      -2633.1,
      -507.2
     ],
     [
      -2633.1,
      -516.5
     ],
     [
      -2631.9,
      -524.6
     ],
     [
      -2630.8,
      -535.1
     ],
     [
      -2630.8,
      -545.6
     ],
     [
      -2629.6,
      -558.5
     ],
     [
      -2628.5,
      -572.5
     ],
     [
      -2627.3,
      -586.4
     ],
     [
      -2626.1,
      -601.6
     ],
     [
      -2625,
      -615.6
     ],
     [
      -2623.8,
      -628.4
     ],
     [
      -2623.8,
      -637.8
     ],
     [
      -2623.8,
      -648.3
     ],
     [
      -2625,
      -656.4
     ],
     [
      -2634.3,
      -662.2
     ],
     [
      -2643.6,
      -663.4
     ],
     [
      -2654.1,
      -663.4
     ],
     [
      -2665.8,
      -658.7
     ],
     [
      -2672.8,
      -652.9
     ],
     [
      -2679.8,
      -642.4
     ],
     [
      -2686.8,
      -626.1
     ],
     [
      -2692.6,
      -603.9
     ],
     [
      -2697.3,
      -578.3
     ],
     [
      -2700.8,
      -549.1
     ],
     [
      -2703.1,
      -522.3
     ],
     [
      -2705.4,
      -496.7
     ],
     [
      -2707.7,
      -474.5
     ],
     [
      -2710.1,
      -448.8
     ],
     [
      -2712.4,
      -430.2
     ],
     [
      -2713.6,
      -413.9
     ],
     [
      -2714.7,
      -397.5
     ],
     [
      -2714.7,
      -380
     ],
     [
      -2715.9,
      -362.6
     ],
     [
      -2717.1,
      -346.2
     ],
     [
      -2717.1,
      -332.2
     ],
     [
      -2717.1,
      -322.9
     ],
     [
      -2714.7,
      -314.7
     ],
     [
      -2712.4,
      -304.2
     ],
     [
      -2710.1,
      -293.7
     ],
     [
      -2708.9,
      -285.6
     ],
     [
      -2706.6,
      -277.4
     ],
     [
      -2703.1,
      -266.9
     ],
     [
      -2699.6,
      -258.8
     ],
     [
      -2696.1,
      -249.4
     ],
     [
      -2693.8,
      -241.3
     ],
     [
      -2690.3,
      -231.9
     ],
     [
      -2684.4,
      -223.8
     ],
     [
      -2678.6,
      -215.6
     ],
     [
      -2672.8,
      -209.8
     ],
     [
      -2666.9,
      -202.8
     ]
    ]
   }
  },
  {
   "type": "Feature",
   "properties": {
    "op": "remove",
    "source": "recorded",
    "zone": "Tirisfal Glades",
    "time": 1790722971,
    "trim": true,
    "area": true
   },
   "geometry": {
    "type": "LineString",
    "coordinates": [
     [
      -2385.3,
      -726.2
     ],
     [
      -2384.4,
      -732.3
     ],
     [
      -2384.4,
      -738.5
     ],
     [
      -2382.6,
      -745.5
     ],
     [
      -2381.8,
      -752.5
     ],
     [
      -2380.9,
      -758.6
     ],
     [
      -2380,
      -764.7
     ],
     [
      -2380,
      -771.7
     ],
     [
      -2379.1,
      -778.7
     ],
     [
      -2379.1,
      -787.5
     ],
     [
      -2381.8,
      -795.4
     ],
     [
      -2386.1,
      -800.6
     ],
     [
      -2390.5,
      -805.9
     ],
     [
      -2397.5,
      -811.1
     ],
     [
      -2404.5,
      -814.6
     ],
     [
      -2412.4,
      -814.6
     ],
     [
      -2418.5,
      -812.9
     ],
     [
      -2423.8,
      -809.4
     ],
     [
      -2428.2,
      -804.1
     ],
     [
      -2433.4,
      -795.4
     ],
     [
      -2438.7,
      -783.1
     ],
     [
      -2442.2,
      -772.6
     ],
     [
      -2443,
      -765.6
     ],
     [
      -2442.2,
      -757.7
     ],
     [
      -2439.5,
      -750.7
     ],
     [
      -2435.2,
      -744.6
     ],
     [
      -2428.2,
      -739.3
     ],
     [
      -2421.2,
      -735.8
     ],
     [
      -2414.2,
      -732.3
     ],
     [
      -2407.2,
      -729.7
     ],
     [
      -2401,
      -727.1
     ],
     [
      -2394.9,
      -726.2
     ],
     [
      -2387.9,
      -729.7
     ],
     [
      -2384.4,
      -735.8
     ]
    ]
   }
  },
  {
   "type": "Feature",
   "properties": {
    "op": "remove",
    "source": "recorded",
    "zone": "Tirisfal Glades",
    "time": 1790722984,
    "trim": true,
    "area": true
   },
   "geometry": {
    "type": "LineString",
    "coordinates": [
     [
      -2353.2,
      -774.4
     ],
     [
      -2353.2,
      -777.6
     ],
     [
      -2353.2,
      -780.2
     ],
     [
      -2353.5,
      -782.5
     ],
     [
      -2354.3,
      -785
     ],
     [
      -2354.9,
      -787.1
     ],
     [
      -2355.8,
      -789.1
     ],
     [
      -2357.2,
      -790.8
     ],
     [
      -2358.9,
      -791.9
     ],
     [
      -2360.9,
      -792.8
     ],
     [
      -2362.9,
      -793.1
     ],
     [
      -2365,
      -793.1
     ],
     [
      -2367.5,
      -791.9
     ],
     [
      -2369.5,
      -789.9
     ],
     [
      -2370.7,
      -787.9
     ],
     [
      -2371,
      -785
     ],
     [
      -2370.4,
      -782.2
     ],
     [
      -2369.5,
      -780.2
     ],
     [
      -2368.4,
      -778.2
     ],
     [
      -2367.2,
      -776.4
     ],
     [
      -2365.2,
      -774.4
     ],
     [
      -2363.8,
      -773
     ],
     [
      -2362.1,
      -771.9
     ],
     [
      -2360.1,
      -770.7
     ],
     [
      -2357.8,
      -770.1
     ],
     [
      -2355.5,
      -771
     ],
     [
      -2353.8,
      -772.4
     ],
     [
      -2352.6,
      -774.7
     ]
    ]
   }
  },
  {
   "type": "Feature",
   "properties": {
    "op": "remove",
    "source": "recorded",
    "zone": "Tirisfal Glades",
    "time": 1790722995,
    "trim": true,
    "area": true
   },
   "geometry": {
    "type": "LineString",
    "coordinates": [
     [
      -2295.1,
      -735
     ],
     [
      -2300.4,
      -738.5
     ],
     [
      -2305.6,
      -743.7
     ],
     [
      -2310.9,
      -750.7
     ],
     [
      -2315.2,
      -756.8
     ],
     [
      -2318.7,
      -763.8
     ],
     [
      -2322.2,
      -771.7
     ],
     [
      -2325.7,
      -780.5
     ],
     [
      -2327.5,
      -789.2
     ],
     [
      -2329.3,
      -795.4
     ],
     [
      -2331,
      -804.1
     ],
     [
      -2331.9,
      -812
     ],
     [
      -2331.9,
      -818.1
     ],
     [
      -2332.8,
      -825.1
     ],
     [
      -2333.6,
      -835.6
     ],
     [
      -2333.6,
      -841.7
     ],
     [
      -2334.5,
      -848.7
     ],
     [
      -2335.4,
      -856.6
     ],
     [
      -2335.4,
      -862.8
     ],
     [
      -2336.3,
      -868.9
     ],
     [
      -2336.3,
      -875.9
     ],
     [
      -2336.3,
      -883.8
     ],
     [
      -2336.3,
      -890.8
     ],
     [
      -2335.4,
      -898.6
     ],
     [
      -2333.6,
      -906.5
     ],
     [
      -2331.9,
      -914.4
     ],
     [
      -2329.3,
      -923.1
     ],
     [
      -2325.7,
      -930.2
     ],
     [
      -2321.4,
      -936.3
     ],
     [
      -2315.2,
      -942.4
     ],
     [
      -2310.9,
      -946.8
     ],
     [
      -2304.7,
      -951.2
     ],
     [
      -2295.1,
      -955.5
     ],
     [
      -2288.1,
      -957.3
     ],
     [
      -2281.1,
      -959.9
     ],
     [
      -2273.2,
      -962.5
     ],
     [
      -2264.5,
      -966
     ],
     [
      -2256.6,
      -969.5
     ],
     [
      -2249.6,
      -971.3
     ],
     [
      -2242.6,
      -973.9
     ],
     [
      -2235.6,
      -976.5
     ],
     [
      -2228.6,
      -979.2
     ],
     [
      -2221.6,
      -980.9
     ],
     [
      -2214.6,
      -983.5
     ],
     [
      -2208.5,
      -985.3
     ],
     [
      -2199.7,
      -986.2
     ],
     [
      -2193.6,
      -987
     ],
     [
      -2185.7,
      -987.9
     ],
     [
      -2178.7,
      -988.8
     ],
     [
      -2169.9,
      -989.7
     ],
     [
      -2162.1,
      -990.5
     ],
     [
      -2154.2,
      -990.5
     ],
     [
      -2147.2,
      -990.5
     ],
     [
      -2140.2,
      -990.5
     ],
     [
      -2134.1,
      -990.5
     ],
     [
      -2127.1,
      -990.5
     ],
     [
      -2117.4,
      -989.7
     ],
     [
      -2111.3,
      -988.8
     ],
     [
      -2101.7,
      -986.2
     ],
     [
      -2093.8,
      -984.4
     ],
     [
      -2085.9,
      -981.8
     ],
     [
      -2079.8,
      -980
     ],
     [
      -2072.8,
      -978.3
     ],
     [
      -2065.8,
      -975.7
     ],
     [
      -2059.7,
      -973
     ],
     [
      -2049.2,
      -968.7
     ],
     [
      -2043,
      -964.3
     ],
     [
      -2034.3,
      -958.2
     ],
     [
      -2027.3,
      -952
     ],
     [
      -2022,
      -945.9
     ],
     [
      -2018.5,
      -940.7
     ],
     [
      -2015.9,
      -934.5
     ],
     [
      -2015,
      -928.4
     ],
     [
      -2015,
      -922.3
     ],
     [
      -2016.8,
      -915.3
     ],
     [
      -2021.1,
      -906.5
     ],
     [
      -2025.5,
      -898.6
     ],
     [
      -2029.9,
      -891.6
     ],
     [
      -2035.2,
      -883.8
     ],
     [
      -2040.4,
      -877.6
     ],
     [
      -2045.7,
      -871.5
     ],
     [
      -2052.7,
      -865.4
     ],
     [
      -2058.8,
      -860.1
     ],
     [
      -2064.9,
      -855.7
     ],
     [
      -2071.9,
      -851.4
     ],
     [
      -2079.8,
      -847
     ],
     [
      -2086.8,
      -842.6
     ],
     [
      -2093.8,
      -838.2
     ],
     [
      -2102.5,
      -833
     ],
     [
      -2111.3,
      -828.6
     ],
     [
      -2120.1,
      -822.5
     ],
     [
      -2129.7,
      -816.4
     ],
     [
      -2141.1,
      -811.1
     ],
     [
      -2151.6,
      -805.9
     ],
     [
      -2162.9,
      -800.6
     ],
     [
      -2172.6,
      -795.4
     ],
     [
      -2181.3,
      -791.9
     ],
     [
      -2188.3,
      -789.2
     ],
     [
      -2195.3,
      -786.6
     ],
     [
      -2203.2,
      -784
     ],
     [
      -2210.2,
      -782.2
     ],
     [
      -2219.8,
      -778.7
     ],
     [
      -2226,
      -777
     ],
     [
      -2233,
      -773.5
     ],
     [
      -2241.7,
      -769.1
     ],
     [
      -2248.7,
      -764.7
     ],
     [
      -2254,
      -761.2
     ],
     [
      -2259.2,
      -756.8
     ],
     [
      -2266.2,
      -751.6
     ],
     [
      -2273.2,
      -747.2
     ],
     [
      -2278.5,
      -742.8
     ],
     [
      -2283.7,
      -739.3
     ],
     [
      -2289.9,
      -735
     ],
     [
      -2295.1,
      -730.6
     ],
     [
      -2299.5,
      -726.2
     ]
    ]
   }
  },
  {
   "type": "Feature",
   "properties": {
    "op": "remove",
    "source": "recorded",
    "zone": "Tirisfal Glades",
    "time": 1790723003,
    "trim": true,
    "area": true
   },
   "geometry": {
    "type": "LineString",
    "coordinates": [
     [
      -2336.1,
      -765.5
     ],
     [
      -2338.3,
      -768.6
     ],
     [
      -2340.1,
      -771.3
     ],
     [
      -2342.4,
      -774.9
     ],
     [
      -2344.1,
      -778
     ],
     [
      -2345,
      -781.2
     ],
     [
      -2345.5,
      -784.3
     ],
     [
      -2346.4,
      -787.9
     ],
     [
      -2346.8,
      -791.9
     ],
     [
      -2346.4,
      -795.1
     ],
     [
      -2345.5,
      -798.2
     ],
     [
      -2343.7,
      -802.2
     ],
     [
      -2341.9,
      -804.9
     ],
     [
      -2339.7,
      -807.6
     ],
     [
      -2336.1,
      -808.1
     ],
     [
      -2332.9,
      -808.1
     ],
     [
      -2329.4,
      -806.7
     ],
     [
      -2326.7,
      -804.9
     ],
     [
      -2324.9,
      -802.2
     ],
     [
      -2324,
      -799.1
     ],
     [
      -2323.5,
      -795.1
     ],
     [
      -2324,
      -790.6
     ],
     [
      -2325.8,
      -786.6
     ],
     [
      -2326.7,
      -783.4
     ],
     [
      -2328,
      -780.3
     ],
     [
      -2330.3,
      -776.7
     ],
     [
      -2331.6,
      -773.6
     ],
     [
      -2333.8,
      -770.9
     ],
     [
      -2335.6,
      -768.2
     ],
     [
      -2336.5,
      -765.1
     ]
    ]
   }
  },
  {
   "type": "Feature",
   "properties": {
    "op": "add",
    "source": "recorded",
    "zone": "Tirisfal Glades",
    "time": 1790723010,
    "trim": true
   },
   "geometry": {
    "type": "LineString",
    "coordinates": [
     [
      -2298,
      -761
     ],
     [
      -2297.5,
      -764.2
     ],
     [
      -2298.4,
      -784.3
     ],
     [
      -2298.4,
      -790.1
     ],
     [
      -2298.4,
      -793.3
     ]
    ]
   }
  },
  {
   "type": "Feature",
   "properties": {
    "op": "add",
    "source": "recorded",
    "zone": "Tirisfal Glades",
    "time": 1790723012,
    "trim": true
   },
   "geometry": {
    "type": "LineString",
    "coordinates": [
     [
      -2256.3,
      -835
     ],
     [
      -2261.2,
      -834.5
     ],
     [
      -2270.6,
      -832.7
     ],
     [
      -2286.3,
      -827.8
     ],
     [
      -2291.7,
      -825.6
     ],
     [
      -2295.3,
      -823.8
     ]
    ]
   }
  },
  {
   "type": "Feature",
   "properties": {
    "op": "remove",
    "source": "recorded",
    "zone": "Tirisfal Glades",
    "time": 1790723014,
    "trim": true,
    "area": true
   },
   "geometry": {
    "type": "LineString",
    "coordinates": [
     [
      -2298.9,
      -741.7
     ],
     [
      -2294.8,
      -744
     ],
     [
      -2289.9,
      -746.7
     ],
     [
      -2284.1,
      -749.4
     ],
     [
      -2277.8,
      -753.4
     ],
     [
      -2272,
      -757.9
     ],
     [
      -2265.7,
      -764.6
     ],
     [
      -2261.2,
      -772.2
     ],
     [
      -2257.2,
      -781.6
     ],
     [
      -2253.6,
      -793.7
     ],
     [
      -2251.4,
      -804.5
     ],
     [
      -2249.1,
      -813.5
     ],
     [
      -2247.8,
      -820.6
     ],
     [
      -2246.9,
      -826.9
     ],
     [
      -2246.4,
      -831.8
     ],
     [
      -2245.6,
      -837.2
     ],
     [
      -2244.2,
      -842.1
     ],
     [
      -2244.2,
      -846.2
     ],
     [
      -2244.2,
      -849.3
     ],
     [
      -2244.2,
      -852.9
     ],
     [
      -2247.3,
      -856.5
     ],
     [
      -2252.3,
      -857.8
     ],
     [
      -2259.9,
      -858.3
     ],
     [
      -2268,
      -857.8
     ],
     [
      -2274.7,
      -855.6
     ],
     [
      -2280.5,
      -852
     ],
     [
      -2286.3,
      -847.5
     ],
     [
      -2292.6,
      -842.1
     ],
     [
      -2297.5,
      -837.7
     ],
     [
      -2300.7,
      -834.5
     ],
     [
      -2304.3,
      -830
     ],
     [
      -2307.4,
      -824.7
     ],
     [
      -2311.4,
      -815.7
     ],
     [
      -2313.2,
      -808.1
     ],
     [
      -2314.1,
      -800.9
     ],
     [
      -2313.2,
      -793.3
     ],
     [
      -2311.9,
      -787.9
     ],
     [
      -2311,
      -783.4
     ],
     [
      -2310.5,
      -779.8
     ],
     [
      -2309.6,
      -774.9
     ],
     [
      -2308.7,
      -769.1
     ],
     [
      -2307.8,
      -762.4
     ],
     [
      -2306.5,
      -755.6
     ],
     [
      -2305.6,
      -751.6
     ],
     [
      -2304.7,
      -748
     ],
     [
      -2303.4,
      -744.9
     ],
     [
      -2301.6,
      -742.2
     ],
     [
      -2299.3,
      -739.1
     ],
     [
      -2296.6,
      -740.9
     ],
     [
      -2294.8,
      -743.5
     ]
    ]
   }
  },
  {
   "type": "Feature",
   "properties": {
    "op": "remove",
    "source": "recorded",
    "zone": "Tirisfal Glades",
    "time": 1790723187,
    "trim": true,
    "area": true
   },
   "geometry": {
    "type": "LineString",
    "coordinates": [
     [
      -2001.2,
      -906
     ],
     [
      -2000.9,
      -908.5
     ],
     [
      -2000.5,
      -912
     ],
     [
      -1999.1,
      -916
     ],
     [
      -1997.6,
      -919.6
     ],
     [
      -1996.9,
      -922.1
     ],
     [
      -1996.2,
      -926
     ],
     [
      -1995.8,
      -930.7
     ],
     [
      -1996.6,
      -935.4
     ],
     [
      -1998,
      -939.3
     ],
     [
      -1999.8,
      -941.8
     ],
     [
      -2002.7,
      -943.2
     ],
     [
      -2005.9,
      -944.3
     ],
     [
      -2009.1,
      -945
     ],
     [
      -2012,
      -945
     ],
     [
      -2015.2,
      -944
     ],
     [
      -2017,
      -941.8
     ],
     [
      -2018.4,
      -938.9
     ],
     [
      -2019.9,
      -935.7
     ],
     [
      -2020.9,
      -932.5
     ],
     [
      -2021.3,
      -928.9
     ],
     [
      -2021.3,
      -925
     ],
     [
      -2020.6,
      -920.7
     ],
     [
      -2019.1,
      -915.6
     ],
     [
      -2017,
      -910.6
     ],
     [
      -2015.6,
      -907.7
     ],
     [
      -2014.1,
      -905.2
     ],
     [
      -2012,
      -902.4
     ],
     [
      -2009.1,
      -901.3
     ],
     [
      -2005.9,
      -901.3
     ],
     [
      -2003.4,
      -903.4
     ],
     [
      -2001.9,
      -906
     ],
     [
      -2001.2,
      -908.5
     ],
     [
      -2000.5,
      -911
     ]
    ]
   }
  },
  {
   "type": "Feature",
   "properties": {
    "op": "remove",
    "source": "recorded",
    "zone": "Tirisfal Glades",
    "time": 1790723212,
    "trim": true,
    "area": true
   },
   "geometry": {
    "type": "LineString",
    "coordinates": [
     [
      -2710.4,
      226.5
     ],
     [
      -2703.8,
      221
     ],
     [
      -2697.3,
      215.5
     ],
     [
      -2691.8,
      207.9
     ],
     [
      -2685.2,
      200.2
     ],
     [
      -2679.8,
      193.6
     ],
     [
      -2675.4,
      187.1
     ],
     [
      -2667.7,
      177.2
     ],
     [
      -2661.2,
      166.3
     ],
     [
      -2653.5,
      154.2
     ],
     [
      -2648,
      141.1
     ],
     [
      -2644.7,
      132.4
     ],
     [
      -2642.6,
      120.3
     ],
     [
      -2640.4,
      109.4
     ],
     [
      -2637.1,
      96.3
     ],
     [
      -2634.9,
      84.2
     ],
     [
      -2631.6,
      70
     ],
     [
      -2629.4,
      61.2
     ],
     [
      -2627.2,
      52.5
     ],
     [
      -2626.1,
      44.8
     ],
     [
      -2625.1,
      37.2
     ],
     [
      -2622.9,
      29.5
     ],
     [
      -2621.8,
      17.5
     ],
     [
      -2620.7,
      9.8
     ],
     [
      -2619.6,
      1.1
     ],
     [
      -2618.5,
      -6.6
     ],
     [
      -2617.4,
      -17.5
     ],
     [
      -2616.3,
      -26.3
     ],
     [
      -2616.3,
      -35
     ],
     [
      -2616.3,
      -43.8
     ],
     [
      -2617.4,
      -52.5
     ],
     [
      -2618.5,
      -61.3
     ],
     [
      -2619.6,
      -73.3
     ],
     [
      -2620.7,
      -81
     ],
     [
      -2624,
      -88.7
     ],
     [
      -2627.2,
      -96.3
     ],
     [
      -2630.5,
      -104
     ],
     [
      -2634.9,
      -110.5
     ],
     [
      -2642.6,
      -113.8
     ],
     [
      -2651.3,
      -109.4
     ],
     [
      -2655.7,
      -100.7
     ],
     [
      -2657.9,
      -89.7
     ],
     [
      -2660.1,
      -79.9
     ],
     [
      -2663.3,
      -71.1
     ],
     [
      -2665.5,
      -63.5
     ],
     [
      -2667.7,
      -51.5
     ],
     [
      -2669.9,
      -42.7
     ],
     [
      -2672.1,
      -32.9
     ],
     [
      -2674.3,
      -24.1
     ],
     [
      -2676.5,
      -15.3
     ],
     [
      -2677.6,
      -5.5
     ],
     [
      -2679.8,
      3.3
     ],
     [
      -2680.9,
      13.1
     ],
     [
      -2681.9,
      24
     ],
     [
      -2683,
      33.9
     ],
     [
      -2685.2,
      43.7
     ],
     [
      -2686.3,
      52.5
     ],
     [
      -2688.5,
      61.2
     ],
     [
      -2690.7,
      72.2
     ],
     [
      -2692.9,
      80.9
     ],
     [
      -2695.1,
      89.7
     ],
     [
      -2696.2,
      98.4
     ],
     [
      -2699.5,
      106.1
     ],
     [
      -2700.5,
      113.8
     ],
     [
      -2703.8,
      122.5
     ],
     [
      -2707.1,
      133.5
     ],
     [
      -2710.4,
      144.4
     ],
     [
      -2714.8,
      155.3
     ],
     [
      -2717,
      163
     ],
     [
      -2720.2,
      171.7
     ],
     [
      -2724.6,
      178.3
     ],
     [
      -2726.8,
      186
     ],
     [
      -2732.3,
      194.7
     ],
     [
      -2735.6,
      202.4
     ],
     [
      -2734.5,
      210
     ],
     [
      -2731.2,
      218.8
     ],
     [
      -2725.7,
      225.4
     ],
     [
      -2719.1,
      229.7
     ],
     [
      -2711.5,
      226.5
     ],
     [
      -2707.1,
      219.9
     ]
    ]
   }
  },
  {
   "type": "Feature",
   "properties": {
    "op": "remove",
    "source": "recorded",
    "zone": "Tirisfal Glades",
    "time": 1790723215,
    "trim": true
   },
   "geometry": {
    "type": "LineString",
    "coordinates": [
     [
      -2637.1,
      -111.6
     ],
     [
      -2640.4,
      -119.3
     ],
     [
      -2644.7,
      -125.9
     ],
     [
      -2648,
      -133.5
     ]
    ]
   }
  },
  {
   "type": "Feature",
   "properties": {
    "op": "add",
    "source": "recorded",
    "zone": "Tirisfal Glades",
    "time": 1790723218,
    "trim": true
   },
   "geometry": {
    "type": "LineString",
    "coordinates": [
     [
      -2678.7,
      -121.5
     ],
     [
      -2669.9,
      -125.9
     ],
     [
      -2662.3,
      -131.3
     ],
     [
      -2654.6,
      -134.6
     ],
     [
      -2649.1,
      -140.1
     ],
     [
      -2644.7,
      -146.6
     ],
     [
      -2640.4,
      -153.2
     ],
     [
      -2636,
      -159.8
     ]
    ]
   }
  },
  {
   "type": "Feature",
   "properties": {
    "op": "remove",
    "source": "recorded",
    "zone": "Tirisfal Glades",
    "time": 1790723224,
    "trim": true,
    "area": true
   },
   "geometry": {
    "type": "LineString",
    "coordinates": [
     [
      -2621.8,
      -160.9
     ],
     [
      -2626.1,
      -154.3
     ],
     [
      -2630.5,
      -146.6
     ],
     [
      -2634.9,
      -139
     ],
     [
      -2639.3,
      -131.3
     ],
     [
      -2641.5,
      -122.6
     ],
     [
      -2642.6,
      -113.8
     ],
     [
      -2642.6,
      -99.6
     ],
     [
      -2642.6,
      -85.4
     ],
     [
      -2642.6,
      -75.5
     ],
     [
      -2642.6,
      -67.9
     ],
     [
      -2640.4,
      -50.4
     ],
     [
      -2638.2,
      -37.2
     ],
     [
      -2636,
      -24.1
     ],
     [
      -2633.8,
      -11
     ],
     [
      -2632.7,
      1.1
     ],
     [
      -2630.5,
      8.7
     ],
     [
      -2628.3,
      16.4
     ],
     [
      -2625.1,
      26.2
     ],
     [
      -2621.8,
      41.5
     ],
     [
      -2618.5,
      51.4
     ],
     [
      -2613,
      63.4
     ],
     [
      -2608.6,
      72.2
     ],
     [
      -2601,
      82
     ],
     [
      -2595.5,
      88.6
     ],
     [
      -2590,
      95.2
     ],
     [
      -2582.4,
      101.7
     ],
     [
      -2573.6,
      106.1
     ],
     [
      -2564.9,
      110.5
     ],
     [
      -2555,
      115.9
     ],
     [
      -2545.2,
      118.1
     ],
     [
      -2537.5,
      119.2
     ],
     [
      -2527.7,
      119.2
     ],
     [
      -2515.6,
      115.9
     ],
     [
      -2505.8,
      109.4
     ],
     [
      -2497,
      99.5
     ],
     [
      -2491.6,
      87.5
     ],
     [
      -2487.2,
      76.6
     ],
     [
      -2486.1,
      64.5
     ],
     [
      -2486.1,
      51.4
     ],
     [
      -2488.3,
      37.2
     ],
     [
      -2491.6,
      24
     ],
     [
      -2494.9,
      10.9
     ],
     [
      -2499.2,
      -3.3
     ],
     [
      -2503.6,
      -14.3
     ],
     [
      -2508,
      -25.2
     ],
     [
      -2512.4,
      -33.9
     ],
     [
      -2515.6,
      -42.7
     ],
     [
      -2521.1,
      -52.5
     ],
     [
      -2525.5,
      -59.1
     ],
     [
      -2533.1,
      -69
     ],
     [
      -2538.6,
      -74.4
     ],
     [
      -2545.2,
      -79.9
     ],
     [
      -2551.7,
      -84.3
     ],
     [
      -2559.4,
      -90.8
     ],
     [
      -2566,
      -96.3
     ],
     [
      -2573.6,
      -102.9
     ],
     [
      -2580.2,
      -110.5
     ],
     [
      -2586.8,
      -122.6
     ],
     [
      -2591.1,
      -131.3
     ],
     [
      -2595.5,
      -141.2
     ],
     [
      -2599.9,
      -149.9
     ],
     [
      -2605.4,
      -155.4
     ],
     [
      -2613,
      -158.7
     ],
     [
      -2621.8,
      -158.7
     ]
    ]
   }
  },
  {
   "type": "Feature",
   "properties": {
    "op": "remove",
    "source": "recorded",
    "zone": "Tirisfal Glades",
    "time": 1790723228,
    "trim": true,
    "area": true
   },
   "geometry": {
    "type": "LineString",
    "coordinates": [
     [
      -2642.6,
      -183.8
     ],
     [
      -2639.3,
      -192.6
     ],
     [
      -2634.9,
      -201.3
     ],
     [
      -2632.7,
      -211.2
     ],
     [
      -2632.7,
      -219.9
     ],
     [
      -2632.7,
      -229.8
     ],
     [
      -2633.8,
      -238.5
     ],
     [
      -2634.9,
      -249.5
     ],
     [
      -2636,
      -260.4
     ],
     [
      -2636,
      -269.2
     ],
     [
      -2636,
      -280.1
     ],
     [
      -2637.1,
      -287.8
     ],
     [
      -2638.2,
      -296.5
     ],
     [
      -2643.7,
      -304.2
     ],
     [
      -2653.5,
      -307.5
     ],
     [
      -2661.2,
      -307.5
     ],
     [
      -2668.8,
      -304.2
     ],
     [
      -2673.2,
      -293.3
     ],
     [
      -2673.2,
      -279
     ],
     [
      -2672.1,
      -264.8
     ],
     [
      -2672.1,
      -257.1
     ],
     [
      -2671,
      -249.5
     ],
     [
      -2669.9,
      -239.6
     ],
     [
      -2666.6,
      -232
     ],
     [
      -2663.3,
      -224.3
     ],
     [
      -2660.1,
      -215.6
     ],
     [
      -2654.6,
      -207.9
     ],
     [
      -2650.2,
      -199.2
     ],
     [
      -2645.8,
      -192.6
     ],
     [
      -2641.5,
      -184.9
     ]
    ]
   }
  },
  {
   "type": "Feature",
   "properties": {
    "op": "remove",
    "source": "recorded",
    "zone": "Tirisfal Glades",
    "time": 1790723234,
    "trim": true,
    "area": true
   },
   "geometry": {
    "type": "LineString",
    "coordinates": [
     [
      -2376.7,
      140
     ],
     [
      -2373.4,
      131.3
     ],
     [
      -2367.9,
      120.3
     ],
     [
      -2363.6,
      111.6
     ],
     [
      -2361.4,
      103.9
     ],
     [
      -2359.2,
      94.1
     ],
     [
      -2354.8,
      83.1
     ],
     [
      -2352.6,
      75.5
     ],
     [
      -2351.5,
      67.8
     ],
     [
      -2353.7,
      60.1
     ],
     [
      -2359.2,
      51.4
     ],
     [
      -2370.1,
      41.5
     ],
     [
      -2386.5,
      30.6
     ],
     [
      -2404,
      20.8
     ],
     [
      -2415,
      14.2
     ],
     [
      -2422.6,
      12
     ],
     [
      -2431.4,
      9.8
     ],
     [
      -2448.9,
      8.7
     ],
     [
      -2458.7,
      10.9
     ],
     [
      -2468.6,
      15.3
     ],
     [
      -2473,
      24
     ],
     [
      -2474.1,
      38.3
     ],
     [
      -2464.2,
      62.3
     ],
     [
      -2454.4,
      77.7
     ],
     [
      -2442.3,
      93
     ],
     [
      -2434.7,
      102.8
     ],
     [
      -2424.8,
      111.6
     ],
     [
      -2418.3,
      115.9
     ],
     [
      -2408.4,
      120.3
     ],
     [
      -2399.7,
      123.6
     ],
     [
      -2389.8,
      126.9
     ],
     [
      -2382.2,
      130.2
     ],
     [
      -2375.6,
      134.5
     ]
    ]
   }
  },
  {
   "type": "Feature",
   "properties": {
    "op": "remove",
    "source": "recorded",
    "zone": "Tirisfal Glades",
    "time": 1790723244,
    "trim": true,
    "area": true
   },
   "geometry": {
    "type": "LineString",
    "coordinates": [
     [
      -2247.6,
      193.6
     ],
     [
      -2255.2,
      191.4
     ],
     [
      -2264,
      184.9
     ],
     [
      -2276,
      172.8
     ],
     [
      -2282.6,
      163
     ],
     [
      -2287,
      154.2
     ],
     [
      -2292.4,
      142.2
     ],
     [
      -2297.9,
      128
     ],
     [
      -2304.5,
      105
     ],
     [
      -2311,
      80.9
     ],
     [
      -2315.4,
      62.3
     ],
     [
      -2317.6,
      47
     ],
     [
      -2317.6,
      38.3
     ],
     [
      -2318.7,
      30.6
     ],
     [
      -2318.7,
      21.9
     ],
     [
      -2316.5,
      10.9
     ],
     [
      -2312.1,
      -1.1
     ],
     [
      -2304.5,
      -14.3
     ],
     [
      -2297.9,
      -24.1
     ],
     [
      -2288.1,
      -39.4
     ],
     [
      -2273.8,
      -55.8
     ],
     [
      -2261.8,
      -72.2
     ],
     [
      -2249.8,
      -85.4
     ],
     [
      -2235.5,
      -98.5
     ],
     [
      -2220.2,
      -111.6
     ],
     [
      -2209.3,
      -121.5
     ],
     [
      -2203.8,
      -130.2
     ],
     [
      -2198.3,
      -137.9
     ],
     [
      -2190.7,
      -147.7
     ],
     [
      -2181.9,
      -158.7
     ],
     [
      -2174.3,
      -172.9
     ],
     [
      -2168.8,
      -183.8
     ],
     [
      -2162.2,
      -194.8
     ],
     [
      -2156.8,
      -202.4
     ],
     [
      -2151.3,
      -211.2
     ],
     [
      -2144.7,
      -216.7
     ],
     [
      -2138.2,
      -222.1
     ],
     [
      -2120.7,
      -235.3
     ],
     [
      -2110.8,
      -238.5
     ],
     [
      -2102.1,
      -241.8
     ],
     [
      -2095.5,
      -246.2
     ],
     [
      -2084.6,
      -250.6
     ],
     [
      -2075.8,
      -255
     ],
     [
      -2068.1,
      -259.3
     ],
     [
      -2059.4,
      -261.5
     ],
     [
      -2048.5,
      -262.6
     ],
     [
      -2037.5,
      -260.4
     ],
     [
      -2028.8,
      -255
     ],
     [
      -2022.2,
      -248.4
     ],
     [
      -2016.7,
      -241.8
     ],
     [
      -2012.3,
      -233.1
     ],
     [
      -2008,
      -222.1
     ],
     [
      -2003.6,
      -211.2
     ],
     [
      -1999.2,
      -200.3
     ],
     [
      -1997,
      -191.5
     ],
     [
      -1994.8,
      -182.7
     ],
     [
      -1991.6,
      -174
     ],
     [
      -1988.3,
      -166.3
     ],
     [
      -1985,
      -158.7
     ],
     [
      -1979.5,
      -151
     ],
     [
      -1971.9,
      -144.5
     ],
     [
      -1965.3,
      -140.1
     ],
     [
      -1958.7,
      -134.6
     ],
     [
      -1951.1,
      -128
     ],
     [
      -1943.4,
      -120.4
     ],
     [
      -1936.9,
      -111.6
     ],
     [
      -1931.4,
      -105.1
     ],
     [
      -1923.7,
      -96.3
     ],
     [
      -1916.1,
      -88.7
     ],
     [
      -1909.5,
      -81
     ],
     [
      -1904,
      -75.5
     ],
     [
      -1897.5,
      -69
     ],
     [
      -1893.1,
      -61.3
     ],
     [
      -1887.6,
      -53.6
     ],
     [
      -1882.1,
      -46
     ],
     [
      -1878.9,
      -38.3
     ],
     [
      -1876.7,
      -29.6
     ],
     [
      -1876.7,
      -20.8
     ],
     [
      -1875.6,
      -11
     ],
     [
      -1875.6,
      0
     ],
     [
      -1875.6,
      13.1
     ],
     [
      -1878.9,
      29.5
     ],
     [
      -1882.1,
      47
     ],
     [
      -1885.4,
      62.3
     ],
     [
      -1890.9,
      77.7
     ],
     [
      -1898.6,
      91.9
     ],
     [
      -1909.5,
      110.5
     ],
     [
      -1919.3,
      128
     ],
     [
      -1929.2,
      146.6
     ],
     [
      -1939,
      161.9
     ],
     [
      -1952.2,
      176.1
     ],
     [
      -1965.3,
      187.1
     ],
     [
      -1979.5,
      196.9
     ],
     [
      -1994.8,
      207.9
     ],
     [
      -2011.3,
      217.7
     ],
     [
      -2028.8,
      225.4
     ],
     [
      -2043,
      229.7
     ],
     [
      -2058.3,
      233
     ],
     [
      -2074.7,
      236.3
     ],
     [
      -2088.9,
      238.5
     ],
     [
      -2104.3,
      239.6
     ],
     [
      -2118.5,
      239.6
     ],
     [
      -2130.5,
      238.5
     ],
     [
      -2142.5,
      237.4
     ],
     [
      -2155.7,
      233
     ],
     [
      -2168.8,
      229.7
     ],
     [
      -2180.8,
      228.6
     ],
     [
      -2191.8,
      228.6
     ],
     [
      -2206,
      228.6
     ],
     [
      -2220.2,
      228.6
     ],
     [
      -2234.5,
      227.5
     ],
     [
      -2243.2,
      225.4
     ],
     [
      -2252,
      222.1
     ],
     [
      -2258.5,
      216.6
     ],
     [
      -2262.9,
      210
     ],
     [
      -2266.2,
      202.4
     ],
     [
      -2265.1,
      193.6
     ],
     [
      -2262.9,
      186
     ]
    ]
   }
  },
  {
   "type": "Feature",
   "properties": {
    "op": "remove",
    "source": "recorded",
    "zone": "Tirisfal Glades",
    "time": 1790723249,
    "trim": true,
    "area": true
   },
   "geometry": {
    "type": "LineString",
    "coordinates": [
     [
      -1876.7,
      -53.6
     ],
     [
      -1869,
      -48.2
     ],
     [
      -1862.5,
      -42.7
     ],
     [
      -1858.1,
      -36.1
     ],
     [
      -1854.8,
      -28.5
     ],
     [
      -1861.4,
      -24.1
     ],
     [
      -1870.1,
      -23
     ],
     [
      -1877.8,
      -28.5
     ],
     [
      -1880,
      -36.1
     ],
     [
      -1881.1,
      -43.8
     ],
     [
      -1878.9,
      -51.5
     ]
    ]
   }
  },
  {
   "type": "Feature",
   "properties": {
    "op": "remove",
    "source": "recorded",
    "zone": "Tirisfal Glades",
    "time": 1790723262,
    "trim": true,
    "area": true
   },
   "geometry": {
    "type": "LineString",
    "coordinates": [
     [
      -2005.8,
      -290
     ],
     [
      -1995.9,
      -281.2
     ],
     [
      -1987.2,
      -271.4
     ],
     [
      -1981.7,
      -263.7
     ],
     [
      -1976.2,
      -256.1
     ],
     [
      -1971.9,
      -249.5
     ],
     [
      -1966.4,
      -242.9
     ],
     [
      -1962,
      -235.3
     ],
     [
      -1957.6,
      -227.6
     ],
     [
      -1954.4,
      -219.9
     ],
     [
      -1952.2,
      -212.3
     ],
     [
      -1950,
      -203.5
     ],
     [
      -1946.7,
      -195.9
     ],
     [
      -1943.4,
      -187.1
     ],
     [
      -1939,
      -179.5
     ],
     [
      -1933.6,
      -172.9
     ],
     [
      -1929.2,
      -166.3
     ],
     [
      -1923.7,
      -160.9
     ],
     [
      -1917.2,
      -153.2
     ],
     [
      -1911.7,
      -147.7
     ],
     [
      -1906.2,
      -141.2
     ],
     [
      -1899.7,
      -135.7
     ],
     [
      -1894.2,
      -129.1
     ],
     [
      -1887.6,
      -122.6
     ],
     [
      -1881.1,
      -117.1
     ],
     [
      -1875.6,
      -110.5
     ],
     [
      -1869,
      -105.1
     ],
     [
      -1862.5,
      -99.6
     ],
     [
      -1857,
      -94.1
     ],
     [
      -1852.6,
      -87.6
     ],
     [
      -1846,
      -81
     ],
     [
      -1839.5,
      -73.3
     ],
     [
      -1834,
      -67.9
     ],
     [
      -1827.4,
      -63.5
     ],
     [
      -1820.9,
      -58
     ],
     [
      -1814.3,
      -53.6
     ],
     [
      -1806.7,
      -49.3
     ],
     [
      -1799,
      -46
     ],
     [
      -1791.3,
      -42.7
     ],
     [
      -1783.7,
      -39.4
     ],
     [
      -1774.9,
      -36.1
     ],
     [
      -1767.3,
      -33.9
     ],
     [
      -1759.6,
      -32.9
     ],
     [
      -1750.9,
      -31.8
     ],
     [
      -1742.1,
      -28.5
     ],
     [
      -1733.3,
      -26.3
     ],
     [
      -1725.7,
      -25.2
     ],
     [
      -1718,
      -21.9
     ],
     [
      -1710.4,
      -20.8
     ],
     [
      -1702.7,
      -20.8
     ],
     [
      -1695.1,
      -19.7
     ],
     [
      -1687.4,
      -19.7
     ],
     [
      -1679.7,
      -20.8
     ],
     [
      -1669.9,
      -21.9
     ],
     [
      -1661.1,
      -21.9
     ],
     [
      -1651.3,
      -21.9
     ],
     [
      -1642.5,
      -20.8
     ],
     [
      -1633.8,
      -20.8
     ],
     [
      -1623.9,
      -19.7
     ],
     [
      -1615.2,
      -19.7
     ],
     [
      -1605.3,
      -23
     ],
     [
      -1596.6,
      -26.3
     ],
     [
      -1588.9,
      -28.5
     ],
     [
      -1581.3,
      -32.9
     ],
     [
      -1572.5,
      -37.2
     ],
     [
      -1565.9,
      -43.8
     ],
     [
      -1561.6,
      -51.5
     ],
     [
      -1557.2,
      -63.5
     ],
     [
      -1557.2,
      -75.5
     ],
     [
      -1558.3,
      -88.7
     ],
     [
      -1560.5,
      -99.6
     ],
     [
      -1562.7,
      -108.3
     ],
     [
      -1564.9,
      -116
     ],
     [
      -1567,
      -125.9
     ],
     [
      -1570.3,
      -139
     ],
     [
      -1572.5,
      -149.9
     ],
     [
      -1574.7,
      -158.7
     ],
     [
      -1574.7,
      -168.5
     ],
     [
      -1575.8,
      -176.2
     ],
     [
      -1578,
      -186
     ],
     [
      -1579.1,
      -195.9
     ],
     [
      -1579.1,
      -204.6
     ],
     [
      -1580.2,
      -213.4
     ],
     [
      -1582.4,
      -223.2
     ],
     [
      -1583.5,
      -237.5
     ],
     [
      -1584.5,
      -249.5
     ],
     [
      -1585.6,
      -262.6
     ],
     [
      -1585.6,
      -273.6
     ],
     [
      -1585.6,
      -285.6
     ],
     [
      -1586.7,
      -298.7
     ],
     [
      -1586.7,
      -310.8
     ],
     [
      -1587.8,
      -321.7
     ],
     [
      -1587.8,
      -339.2
     ],
     [
      -1588.9,
      -354.5
     ],
     [
      -1590,
      -369.8
     ],
     [
      -1592.2,
      -381.9
     ],
     [
      -1595.5,
      -397.2
     ],
     [
      -1599.9,
      -412.5
     ],
     [
      -1604.2,
      -422.4
     ],
     [
      -1609.7,
      -427.8
     ],
     [
      -1619.6,
      -435.5
     ],
     [
      -1636,
      -445.3
     ],
     [
      -1656.8,
      -458.5
     ],
     [
      -1679.7,
      -468.3
     ],
     [
      -1698.3,
      -472.7
     ],
     [
      -1715.8,
      -477.1
     ],
     [
      -1737.7,
      -479.3
     ],
     [
      -1762.9,
      -482.5
     ],
     [
      -1783.7,
      -485.8
     ],
     [
      -1802.3,
      -488
     ],
     [
      -1820.9,
      -488
     ],
     [
      -1842.8,
      -483.6
     ],
     [
      -1869,
      -478.2
     ],
     [
      -1884.3,
      -473.8
     ],
     [
      -1897.5,
      -471.6
     ],
     [
      -1906.2,
      -468.3
     ],
     [
      -1915,
      -463.9
     ],
     [
      -1925.9,
      -457.4
     ],
     [
      -1935.8,
      -450.8
     ],
     [
      -1946.7,
      -442.1
     ],
     [
      -1955.5,
      -433.3
     ],
     [
      -1964.2,
      -423.5
     ],
     [
      -1971.9,
      -413.6
     ],
     [
      -1976.2,
      -407
     ],
     [
      -1980.6,
      -396.1
     ],
     [
      -1982.8,
      -387.3
     ],
     [
      -1985,
      -378.6
     ],
     [
      -1987.2,
      -368.7
     ],
     [
      -1988.3,
      -356.7
     ],
     [
      -1989.4,
      -346.9
     ],
     [
      -1989.4,
      -338.1
     ],
     [
      -1990.5,
      -329.4
     ],
     [
      -1990.5,
      -321.7
     ],
     [
      -1990.5,
      -314
     ],
     [
      -1992.7,
      -306.4
     ],
     [
      -1995.9,
      -298.7
     ],
     [
      -1999.2,
      -290
     ],
     [
      -1999.2,
      -282.3
     ]
    ]
   }
  },
  {
   "type": "Feature",
   "properties": {
    "op": "remove",
    "source": "recorded",
    "zone": "Tirisfal Glades",
    "time": 1790723268,
    "trim": true,
    "area": true
   },
   "geometry": {
    "type": "LineString",
    "coordinates": [
     [
      -1956.8,
      -160.4
     ],
     [
      -1959.5,
      -164.5
     ],
     [
      -1962.2,
      -167.6
     ],
     [
      -1964.9,
      -171.2
     ],
     [
      -1967.6,
      -174.8
     ],
     [
      -1971.6,
      -180.2
     ],
     [
      -1975.6,
      -186
     ],
     [
      -1977.9,
      -189.1
     ],
     [
      -1980.1,
      -192.7
     ],
     [
      -1982.8,
      -195.8
     ],
     [
      -1984.6,
      -198.5
     ],
     [
      -1987.7,
      -203
     ],
     [
      -1989.5,
      -206.6
     ],
     [
      -1991.3,
      -209.7
     ],
     [
      -1993.1,
      -212.9
     ],
     [
      -1994.9,
      -217.4
     ],
     [
      -1996.7,
      -220.9
     ],
     [
      -1999,
      -224.5
     ],
     [
      -2000.3,
      -227.7
     ],
     [
      -2002.1,
      -230.8
     ],
     [
      -2004.3,
      -233.5
     ],
     [
      -2006.1,
      -236.6
     ],
     [
      -2007.9,
      -240.2
     ],
     [
      -2009.3,
      -243.4
     ],
     [
      -2010.2,
      -246.5
     ],
     [
      -2011.5,
      -250.5
     ],
     [
      -2012.8,
      -254.1
     ],
     [
      -2014.6,
      -258.1
     ],
     [
      -2016.9,
      -261.3
     ],
     [
      -2020,
      -264
     ],
     [
      -2024.9,
      -266.2
     ],
     [
      -2029.4,
      -266.2
     ],
     [
      -2032.1,
      -264
     ],
     [
      -2034.8,
      -260.8
     ],
     [
      -2036.6,
      -257.2
     ],
     [
      -2037.9,
      -253.2
     ],
     [
      -2038.4,
      -246.9
     ],
     [
      -2037.9,
      -240.2
     ],
     [
      -2035.7,
      -231.7
     ],
     [
      -2029,
      -214.2
     ],
     [
      -2024.5,
      -201.7
     ],
     [
      -2021.4,
      -194.5
     ],
     [
      -2018.2,
      -187.3
     ],
     [
      -2015.1,
      -181.1
     ],
     [
      -2011.9,
      -176.1
     ],
     [
      -2009.3,
      -172.5
     ],
     [
      -2005.7,
      -168.5
     ],
     [
      -2002.1,
      -164.5
     ],
     [
      -1999.4,
      -161.3
     ],
     [
      -1993.6,
      -158.7
     ],
     [
      -1989.1,
      -156.9
     ],
     [
      -1985.5,
      -156
     ],
     [
      -1981.9,
      -155.1
     ],
     [
      -1977.9,
      -154.6
     ],
     [
      -1974.8,
      -154.2
     ],
     [
      -1971.6,
      -153.7
     ],
     [
      -1968.5,
      -154.2
     ],
     [
      -1964.4,
      -155.1
     ],
     [
      -1961.3,
      -157.3
     ],
     [
      -1959.5,
      -160.4
     ]
    ]
   }
  },
  {
   "type": "Feature",
   "properties": {
    "op": "remove",
    "source": "recorded",
    "zone": "Tirisfal Glades",
    "time": 1790723272,
    "trim": true,
    "area": true
   },
   "geometry": {
    "type": "LineString",
    "coordinates": [
     [
      -1958.6,
      -169
     ],
     [
      -1960,
      -172.1
     ],
     [
      -1961.3,
      -175.2
     ],
     [
      -1963.5,
      -177.9
     ],
     [
      -1965.3,
      -180.6
     ],
     [
      -1968,
      -182.9
     ],
     [
      -1970.7,
      -185.5
     ],
     [
      -1973,
      -188.2
     ],
     [
      -1976.1,
      -192.7
     ],
     [
      -1978.3,
      -196.3
     ],
     [
      -1980.6,
      -200.3
     ],
     [
      -1982.8,
      -203.5
     ],
     [
      -1985.1,
      -206.6
     ],
     [
      -1987.3,
      -210.2
     ],
     [
      -1989.1,
      -213.3
     ],
     [
      -1992.2,
      -217.4
     ],
     [
      -1994.5,
      -220.5
     ],
     [
      -1997.6,
      -225
     ],
     [
      -2000.3,
      -228.6
     ],
     [
      -2003,
      -233.5
     ],
     [
      -2004.3,
      -236.6
     ],
     [
      -2005.7,
      -240.7
     ],
     [
      -2007,
      -244.2
     ],
     [
      -2008.8,
      -248.7
     ],
     [
      -2009.3,
      -251.9
     ],
     [
      -2009.3,
      -255
     ],
     [
      -2011.1,
      -258.6
     ],
     [
      -2012.8,
      -261.7
     ],
     [
      -2016,
      -261.7
     ],
     [
      -2018.2,
      -258.6
     ],
     [
      -2019.1,
      -253.2
     ],
     [
      -2019.1,
      -250.1
     ],
     [
      -2017.8,
      -245.1
     ],
     [
      -2016,
      -241.1
     ],
     [
      -2013.7,
      -235.3
     ],
     [
      -2011.1,
      -228.6
     ],
     [
      -2007.5,
      -221.8
     ],
     [
      -2003.4,
      -215.1
     ],
     [
      -1998.5,
      -207.5
     ],
     [
      -1994,
      -199
     ],
     [
      -1991.3,
      -192.3
     ],
     [
      -1987.3,
      -182.9
     ],
     [
      -1985.5,
      -177.9
     ],
     [
      -1984.2,
      -174.8
     ],
     [
      -1981.5,
      -170.8
     ],
     [
      -1978.8,
      -168.1
     ],
     [
      -1975.6,
      -164.5
     ],
     [
      -1972.5,
      -161.8
     ],
     [
      -1968.9,
      -159.5
     ],
     [
      -1965.8,
      -158.7
     ],
     [
      -1962.7,
      -160
     ],
     [
      -1960.9,
      -163.6
     ],
     [
      -1958.6,
      -166.3
     ],
     [
      -1958.2,
      -169.4
     ]
    ]
   }
  },
  {
   "type": "Feature",
   "properties": {
    "op": "remove",
    "source": "recorded",
    "zone": "Tirisfal Glades",
    "time": 1790723281,
    "trim": true,
    "area": true
   },
   "geometry": {
    "type": "LineString",
    "coordinates": [
     [
      -1735.4,
      -10.9
     ],
     [
      -1730.5,
      -10.2
     ],
     [
      -1725.6,
      -8.8
     ],
     [
      -1720.7,
      -8.1
     ],
     [
      -1715.8,
      -8.1
     ],
     [
      -1710.2,
      -8.1
     ],
     [
      -1704.6,
      -9.5
     ],
     [
      -1701.1,
      -14.4
     ],
     [
      -1702.5,
      -19.3
     ],
     [
      -1706.7,
      -24.9
     ],
     [
      -1709.5,
      -29.1
     ],
     [
      -1713.7,
      -31.9
     ],
     [
      -1720,
      -34
     ],
     [
      -1724.9,
      -34
     ],
     [
      -1730.5,
      -33.3
     ],
     [
      -1737.5,
      -31.9
     ],
     [
      -1742.4,
      -30.5
     ],
     [
      -1741.7,
      -24.2
     ],
     [
      -1737.5,
      -20
     ],
     [
      -1732.6,
      -17.2
     ],
     [
      -1732.6,
      -12.3
     ]
    ]
   }
  },
  {
   "type": "Feature",
   "properties": {
    "op": "remove",
    "source": "recorded",
    "zone": "Tirisfal Glades",
    "time": 1790723299,
    "trim": true,
    "area": true
   },
   "geometry": {
    "type": "LineString",
    "coordinates": [
     [
      -1591.9,
      -9.5
     ],
     [
      -1586.3,
      -9.5
     ],
     [
      -1580.7,
      -8.8
     ],
     [
      -1575.8,
      -8.1
     ],
     [
      -1570.9,
      -8.8
     ],
     [
      -1566,
      -10.9
     ],
     [
      -1563.2,
      -15.1
     ],
     [
      -1561.8,
      -20
     ],
     [
      -1561.8,
      -25.6
     ],
     [
      -1562.5,
      -30.5
     ],
     [
      -1567.4,
      -35.4
     ],
     [
      -1573,
      -38.9
     ],
     [
      -1577.9,
      -41.7
     ],
     [
      -1584.9,
      -42.4
     ],
     [
      -1590.5,
      -42.4
     ],
     [
      -1595.4,
      -38.9
     ],
     [
      -1598.2,
      -34.7
     ],
     [
      -1600.3,
      -29.1
     ],
     [
      -1601,
      -23.5
     ],
     [
      -1599.6,
      -18.6
     ],
     [
      -1596.8,
      -14.4
     ],
     [
      -1593.3,
      -10.9
     ]
    ]
   }
  },
  {
   "type": "Feature",
   "properties": {
    "op": "remove",
    "source": "recorded",
    "zone": "Tirisfal Glades",
    "time": 1790723329,
    "trim": true,
    "area": true
   },
   "geometry": {
    "type": "LineString",
    "coordinates": [
     [
      -1534.5,
      7.3
     ],
     [
      -1541.5,
      7.3
     ],
     [
      -1547.1,
      7.3
     ],
     [
      -1552,
      7.3
     ],
     [
      -1557.6,
      10.1
     ],
     [
      -1562.5,
      12.2
     ],
     [
      -1567.4,
      14.3
     ],
     [
      -1571.6,
      17.1
     ],
     [
      -1575.1,
      21.3
     ],
     [
      -1575.1,
      28.3
     ],
     [
      -1574.4,
      34.6
     ],
     [
      -1571.6,
      43
     ],
     [
      -1567.4,
      50.7
     ],
     [
      -1561.1,
      59.8
     ],
     [
      -1555.5,
      68.3
     ],
     [
      -1549.2,
      76.7
     ],
     [
      -1543.6,
      83
     ],
     [
      -1535.9,
      91.4
     ],
     [
      -1529.6,
      97.7
     ],
     [
      -1522.6,
      104
     ],
     [
      -1517,
      108.9
     ],
     [
      -1512.8,
      113.1
     ],
     [
      -1509.2,
      117.3
     ],
     [
      -1505.7,
      122.2
     ],
     [
      -1502.9,
      127.8
     ],
     [
      -1501.5,
      134.8
     ],
     [
      -1500.8,
      140.4
     ],
     [
      -1500.1,
      147.4
     ],
     [
      -1498.7,
      152.3
     ],
     [
      -1498,
      157.2
     ],
     [
      -1497.3,
      162.1
     ],
     [
      -1496.6,
      167.7
     ],
     [
      -1496.6,
      173.3
     ],
     [
      -1495.9,
      178.2
     ],
     [
      -1495.9,
      185.2
     ],
     [
      -1495.9,
      191.5
     ],
     [
      -1494.5,
      197.1
     ],
     [
      -1493.8,
      202
     ],
     [
      -1493.8,
      206.9
     ],
     [
      -1491.7,
      217.4
     ],
     [
      -1490.3,
      225.1
     ],
     [
      -1488.9,
      232.1
     ],
     [
      -1485.4,
      238.4
     ],
     [
      -1479.1,
      247.5
     ],
     [
      -1474.2,
      253.1
     ],
     [
      -1469.3,
      257.3
     ],
     [
      -1464.4,
      261.5
     ],
     [
      -1456,
      267.1
     ],
     [
      -1449,
      271.3
     ],
     [
      -1442,
      273.4
     ],
     [
      -1435,
      276.2
     ],
     [
      -1426.6,
      279.7
     ],
     [
      -1419.6,
      281.8
     ],
     [
      -1412.6,
      283.9
     ],
     [
      -1406.3,
      286
     ],
     [
      -1399.3,
      288.8
     ],
     [
      -1393,
      290.2
     ],
     [
      -1386.7,
      290.9
     ],
     [
      -1380.4,
      290.9
     ],
     [
      -1375.5,
      290.9
     ],
     [
      -1370.6,
      290.9
     ],
     [
      -1365.7,
      290.9
     ],
     [
      -1360.1,
      289.5
     ],
     [
      -1357.3,
      285.3
     ],
     [
      -1355.9,
      280.4
     ],
     [
      -1355.9,
      273.4
     ],
     [
      -1360.1,
      262.2
     ],
     [
      -1364.3,
      251.7
     ],
     [
      -1367.1,
      244.7
     ],
     [
      -1369.9,
      237.7
     ],
     [
      -1374.1,
      226.5
     ],
     [
      -1379,
      218.1
     ],
     [
      -1383.9,
      210.4
     ],
     [
      -1390.9,
      201.3
     ],
     [
      -1397.9,
      192.2
     ],
     [
      -1403.5,
      183.8
     ],
     [
      -1409.1,
      176.1
     ],
     [
      -1415.4,
      168.4
     ],
     [
      -1422.4,
      160.7
     ],
     [
      -1429.4,
      150.9
     ],
     [
      -1435,
      141.1
     ],
     [
      -1440.6,
      131.3
     ],
     [
      -1446.9,
      122.9
     ],
     [
      -1455.3,
      113.1
     ],
     [
      -1463.7,
      101.9
     ],
     [
      -1472.1,
      89.3
     ],
     [
      -1477,
      80.9
     ],
     [
      -1481.9,
      73.2
     ],
     [
      -1486.1,
      67.6
     ],
     [
      -1491,
      61.2
     ],
     [
      -1494.5,
      55.6
     ],
     [
      -1499.4,
      50.7
     ],
     [
      -1504.3,
      47.2
     ],
     [
      -1511.4,
      41.6
     ],
     [
      -1517.7,
      36
     ],
     [
      -1523.3,
      31.1
     ],
     [
      -1528.2,
      26.9
     ],
     [
      -1533.1,
      22.7
     ],
     [
      -1535.9,
      18.5
     ],
     [
      -1538.7,
      13.6
     ],
     [
      -1539.4,
      8.7
     ]
    ]
   }
  },
  {
   "type": "Feature",
   "properties": {
    "op": "add",
    "source": "recorded",
    "zone": "Tirisfal Glades",
    "time": 1790723335,
    "trim": true
   },
   "geometry": {
    "type": "LineString",
    "coordinates": [
     [
      -1557.6,
      -2.5
     ],
     [
      -1552.7,
      -2.5
     ],
     [
      -1547.1,
      -2.5
     ],
     [
      -1540.8,
      -1.8
     ],
     [
      -1535.9,
      -1.8
     ],
     [
      -1530.3,
      -1.8
     ],
     [
      -1525.4,
      -0.4
     ],
     [
      -1521.2,
      3.1
     ],
     [
      -1517.7,
      6.6
     ],
     [
      -1514.2,
      10.1
     ],
     [
      -1510.7,
      14.3
     ],
     [
      -1505.7,
      19.2
     ],
     [
      -1501.5,
      22
     ],
     [
      -1497.3,
      24.8
     ],
     [
      -1493.1,
      27.6
     ],
     [
      -1488.2,
      31.1
     ],
     [
      -1484,
      34.6
     ],
     [
      -1479.8,
      38.1
     ],
     [
      -1474.9,
      41.6
     ],
     [
      -1470,
      45.1
     ],
     [
      -1465.1,
      47.9
     ],
     [
      -1460.9,
      51.4
     ],
     [
      -1456.7,
      54.9
     ],
     [
      -1453.2,
      58.4
     ],
     [
      -1449.7,
      62.6
     ],
     [
      -1446.2,
      66.1
     ],
     [
      -1442,
      69
     ],
     [
      -1438.5,
      72.5
     ],
     [
      -1435,
      76
     ],
     [
      -1430.8,
      78.8
     ],
     [
      -1428,
      83
     ],
     [
      -1424.5,
      86.5
     ],
     [
      -1420.3,
      91.4
     ],
     [
      -1416.1,
      96.3
     ],
     [
      -1412.6,
      99.8
     ],
     [
      -1409.1,
      104.7
     ],
     [
      -1404.9,
      109.6
     ],
     [
      -1402.1,
      113.8
     ],
     [
      -1399.3,
      119.4
     ],
     [
      -1396.5,
      123.6
     ],
     [
      -1393.7,
      129.2
     ],
     [
      -1390.9,
      134.1
     ],
     [
      -1387.4,
      139
     ],
     [
      -1383.2,
      141.8
     ],
     [
      -1379.7,
      145.3
     ],
     [
      -1376.2,
      148.8
     ],
     [
      -1372.7,
      152.3
     ],
     [
      -1368.5,
      156.5
     ],
     [
      -1364.3,
      160.7
     ],
     [
      -1359.4,
      164.2
     ],
     [
      -1354.5,
      167
     ],
     [
      -1349.6,
      169.1
     ]
    ]
   }
  },
  {
   "type": "Feature",
   "properties": {
    "op": "remove",
    "source": "recorded",
    "zone": "Tirisfal Glades",
    "time": 1790723338,
    "trim": true
   },
   "geometry": {
    "type": "LineString",
    "coordinates": [
     [
      -1388.9,
      158.3
     ],
     [
      -1391.1,
      156.2
     ],
     [
      -1397.5,
      151.2
     ],
     [
      -1407.9,
      142.6
     ],
     [
      -1420.8,
      131.1
     ],
     [
      -1433.4,
      120.7
     ],
     [
      -1442.3,
      112.4
     ],
     [
      -1451.3,
      103.8
     ],
     [
      -1457.7,
      97
     ],
     [
      -1464.6,
      89.5
     ],
     [
      -1467.8,
      85.9
     ]
    ]
   }
  },
  {
   "type": "Feature",
   "properties": {
    "op": "remove",
    "source": "recorded",
    "zone": "Tirisfal Glades",
    "time": 1790723351,
    "trim": true,
    "area": true
   },
   "geometry": {
    "type": "LineString",
    "coordinates": [
     [
      -1322.7,
      237.6
     ],
     [
      -1302.2,
      246.1
     ],
     [
      -1286.8,
      246.1
     ],
     [
      -1271.4,
      246.1
     ],
     [
      -1256.1,
      246.1
     ],
     [
      -1240.7,
      247.8
     ],
     [
      -1227,
      254.7
     ],
     [
      -1213.3,
      263.2
     ],
     [
      -1203.1,
      271.8
     ],
     [
      -1191.1,
      280.3
     ],
     [
      -1174,
      297.4
     ],
     [
      -1155.2,
      309.4
     ],
     [
      -1139.8,
      317.9
     ],
     [
      -1124.4,
      323
     ],
     [
      -1109,
      328.2
     ],
     [
      -1095.4,
      331.6
     ],
     [
      -1083.4,
      335
     ],
     [
      -1071.4,
      338.4
     ],
     [
      -1059.5,
      343.6
     ],
     [
      -1047.5,
      347
     ],
     [
      -1035.5,
      348.7
     ],
     [
      -1020.1,
      352.1
     ],
     [
      -1004.8,
      357.2
     ],
     [
      -991.1,
      360.7
     ],
     [
      -975.7,
      364.1
     ],
     [
      -962,
      369.2
     ],
     [
      -946.6,
      376
     ],
     [
      -931.2,
      384.6
     ],
     [
      -922.7,
      393.1
     ],
     [
      -919.3,
      405.1
     ],
     [
      -917.6,
      423.9
     ],
     [
      -927.8,
      470.1
     ],
     [
      -936.4,
      507.7
     ],
     [
      -944.9,
      521.4
     ],
     [
      -968.9,
      545.3
     ],
     [
      -999.6,
      565.8
     ],
     [
      -1015,
      569.2
     ],
     [
      -1028.7,
      569.2
     ],
     [
      -1049.2,
      562.4
     ],
     [
      -1069.7,
      553.8
     ],
     [
      -1095.4,
      541.9
     ],
     [
      -1110.7,
      533.3
     ],
     [
      -1124.4,
      526.5
     ],
     [
      -1138.1,
      519.6
     ],
     [
      -1155.2,
      512.8
     ],
     [
      -1172.3,
      506
     ],
     [
      -1184.3,
      502.6
     ],
     [
      -1197.9,
      497.4
     ],
     [
      -1211.6,
      492.3
     ],
     [
      -1225.3,
      485.5
     ],
     [
      -1237.3,
      480.3
     ],
     [
      -1247.5,
      473.5
     ],
     [
      -1259.5,
      461.5
     ],
     [
      -1271.4,
      447.8
     ],
     [
      -1280,
      432.5
     ],
     [
      -1283.4,
      420.5
     ],
     [
      -1288.5,
      406.8
     ],
     [
      -1295.4,
      388
     ],
     [
      -1302.2,
      370.9
     ],
     [
      -1305.6,
      357.2
     ],
     [
      -1312.5,
      340.1
     ],
     [
      -1319.3,
      326.5
     ],
     [
      -1327.9,
      314.5
     ],
     [
      -1336.4,
      302.5
     ],
     [
      -1345,
      294
     ],
     [
      -1351.8,
      283.7
     ],
     [
      -1353.5,
      271.8
     ],
     [
      -1348.4,
      259.8
     ],
     [
      -1341.5,
      247.8
     ],
     [
      -1333,
      239.3
     ],
     [
      -1321,
      234.2
     ]
    ]
   }
  },
  {
   "type": "Feature",
   "properties": {
    "op": "remove",
    "source": "recorded",
    "zone": "Tirisfal Glades",
    "time": 1790723360,
    "trim": true,
    "area": true
   },
   "geometry": {
    "type": "LineString",
    "coordinates": [
     [
      -945.5,
      358.9
     ],
     [
      -944.6,
      352.8
     ],
     [
      -940.2,
      337.9
     ],
     [
      -932.4,
      317.8
     ],
     [
      -927.1,
      303.8
     ],
     [
      -925.4,
      291.5
     ],
     [
      -921.9,
      279.3
     ],
     [
      -919.2,
      268.8
     ],
     [
      -916.6,
      259.1
     ],
     [
      -913.1,
      251.3
     ],
     [
      -908.7,
      244.3
     ],
     [
      -904.3,
      236.4
     ],
     [
      -900,
      229.4
     ],
     [
      -896.5,
      218.9
     ],
     [
      -893,
      208.4
     ],
     [
      -892.1,
      197.9
     ],
     [
      -889.5,
      188.2
     ],
     [
      -886,
      180.4
     ],
     [
      -880.7,
      167.2
     ],
     [
      -873.7,
      155.9
     ],
     [
      -865,
      142.7
     ],
     [
      -855.3,
      127.9
     ],
     [
      -844.8,
      117.3
     ],
     [
      -833.5,
      108.6
     ],
     [
      -821.2,
      104.2
     ],
     [
      -798.4,
      99.8
     ],
     [
      -778.3,
      99
     ],
     [
      -758.2,
      99
     ],
     [
      -739.8,
      96.3
     ],
     [
      -718.8,
      94.6
     ],
     [
      -696.9,
      95.5
     ],
     [
      -687.3,
      98.1
     ],
     [
      -688.2,
      106.8
     ],
     [
      -703.9,
      140.1
     ],
     [
      -718.8,
      168.1
     ],
     [
      -738.9,
      192.6
     ],
     [
      -762.6,
      215.4
     ],
     [
      -779.2,
      231.1
     ],
     [
      -795.8,
      243.4
     ],
     [
      -816.8,
      258.3
     ],
     [
      -830.8,
      270.5
     ],
     [
      -843.1,
      282.8
     ],
     [
      -856.2,
      295
     ],
     [
      -866.7,
      307.3
     ],
     [
      -871.1,
      316.9
     ],
     [
      -877.2,
      330
     ],
     [
      -880.7,
      342.3
     ],
     [
      -883.3,
      350.2
     ],
     [
      -888.6,
      357.2
     ],
     [
      -896.5,
      362.4
     ],
     [
      -904.3,
      367.7
     ],
     [
      -914,
      373.8
     ],
     [
      -920.1,
      378.2
     ],
     [
      -928,
      379.1
     ],
     [
      -937.6,
      379.9
     ],
     [
      -942.9,
      376.4
     ],
     [
      -946.4,
      369.4
     ],
     [
      -946.4,
      362.4
     ],
     [
      -946.4,
      355.4
     ],
     [
      -946.4,
      349.3
     ]
    ]
   }
  },
  {
   "type": "Feature",
   "properties": {
    "op": "remove",
    "source": "recorded",
    "zone": "Tirisfal Glades",
    "time": 1790723368,
    "trim": true,
    "area": true
   },
   "geometry": {
    "type": "LineString",
    "coordinates": [
     [
      -871.4,
      -148.8
     ],
     [
      -859.4,
      -167.6
     ],
     [
      -830.4,
      -224
     ],
     [
      -799.6,
      -292.4
     ],
     [
      -770.5,
      -372.7
     ],
     [
      -743.2,
      -446.3
     ],
     [
      -702.2,
      -509.5
     ],
     [
      -676.5,
      -562.5
     ],
     [
      -671.4,
      -603.5
     ],
     [
      -669.7,
      -637.7
     ],
     [
      -681.6,
      -677
     ],
     [
      -724.4,
      -731.7
     ],
     [
      -770.5,
      -793.3
     ],
     [
      -821.8,
      -842.9
     ],
     [
      -857.7,
      -883.9
     ],
     [
      -891.9,
      -913
     ],
     [
      -922.7,
      -936.9
     ],
     [
      -960.3,
      -960.8
     ],
     [
      -992.8,
      -972.8
     ],
     [
      -1037.2,
      -972.8
     ],
     [
      -1078.3,
      -972.8
     ],
     [
      -1102.2,
      -969.4
     ],
     [
      -1122.7,
      -930.1
     ],
     [
      -1124.4,
      -830.9
     ],
     [
      -1122.7,
      -728.3
     ],
     [
      -1102.2,
      -668.5
     ],
     [
      -1071.4,
      -612.1
     ],
     [
      -1033.8,
      -564.2
     ],
     [
      -999.6,
      -509.5
     ],
     [
      -975.7,
      -459.9
     ],
     [
      -956.9,
      -420.6
     ],
     [
      -941.5,
      -388.1
     ],
     [
      -924.4,
      -350.5
     ],
     [
      -914.1,
      -316.3
     ],
     [
      -912.4,
      -292.4
     ],
     [
      -915.9,
      -261.6
     ],
     [
      -917.6,
      -237.7
     ],
     [
      -912.4,
      -222.3
     ],
     [
      -907.3,
      -208.6
     ],
     [
      -898.8,
      -191.5
     ],
     [
      -888.5,
      -179.6
     ],
     [
      -876.5,
      -165.9
     ],
     [
      -868,
      -155.6
     ],
     [
      -857.7,
      -147.1
     ]
    ]
   }
  },
  {
   "type": "Feature",
   "properties": {
    "op": "remove",
    "source": "recorded",
    "zone": "Tirisfal Glades",
    "time": 1790723378,
    "trim": true,
    "area": true
   },
   "geometry": {
    "type": "LineString",
    "coordinates": [
     [
      -1507.4,
      -234.3
     ],
     [
      -1493.7,
      -236
     ],
     [
      -1437.3,
      -241.1
     ],
     [
      -1374,
      -246.2
     ],
     [
      -1314.2,
      -256.5
     ],
     [
      -1269.7,
      -270.2
     ],
     [
      -1232.1,
      -289
     ],
     [
      -1209.9,
      -309.5
     ],
     [
      -1196.2,
      -331.7
     ],
     [
      -1187.7,
      -357.4
     ],
     [
      -1177.4,
      -396.7
     ],
     [
      -1163.7,
      -442.8
     ],
     [
      -1148.4,
      -485.6
     ],
     [
      -1133,
      -524.9
     ],
     [
      -1115.9,
      -564.2
     ],
     [
      -1102.2,
      -600.1
     ],
     [
      -1091.9,
      -641.1
     ],
     [
      -1083.4,
      -673.6
     ],
     [
      -1071.4,
      -712.9
     ],
     [
      -1059.5,
      -757.4
     ],
     [
      -1047.5,
      -827.5
     ],
     [
      -1040.7,
      -889
     ],
     [
      -1040.7,
      -942
     ],
     [
      -1040.7,
      -974.5
     ],
     [
      -1042.4,
      -1013.8
     ],
     [
      -1045.8,
      -1039.5
     ],
     [
      -1056,
      -1063.4
     ],
     [
      -1062.9,
      -1082.2
     ],
     [
      -1069.7,
      -1107.9
     ],
     [
      -1076.6,
      -1121.5
     ],
     [
      -1088.5,
      -1130.1
     ],
     [
      -1110.7,
      -1138.6
     ],
     [
      -1133,
      -1142
     ],
     [
      -1153.5,
      -1145.5
     ],
     [
      -1175.7,
      -1138.6
     ],
     [
      -1194.5,
      -1130.1
     ],
     [
      -1225.3,
      -1095.9
     ],
     [
      -1247.5,
      -1066.8
     ],
     [
      -1273.2,
      -1036.1
     ],
     [
      -1295.4,
      -1012.1
     ],
     [
      -1315.9,
      -986.5
     ],
     [
      -1341.5,
      -954
     ],
     [
      -1365.5,
      -923.2
     ],
     [
      -1391.1,
      -899.3
     ],
     [
      -1415,
      -873.6
     ],
     [
      -1445.8,
      -836
     ],
     [
      -1492,
      -789.9
     ],
     [
      -1531.3,
      -747.1
     ],
     [
      -1568.9,
      -707.8
     ],
     [
      -1616.8,
      -659.9
     ],
     [
      -1661.2,
      -620.6
     ],
     [
      -1683.4,
      -605.2
     ],
     [
      -1704,
      -595
     ],
     [
      -1727.9,
      -577.9
     ],
     [
      -1741.6,
      -559.1
     ],
     [
      -1757,
      -516.3
     ],
     [
      -1763.8,
      -475.3
     ],
     [
      -1768.9,
      -442.8
     ],
     [
      -1757,
      -396.7
     ],
     [
      -1741.6,
      -350.5
     ],
     [
      -1724.5,
      -326.6
     ],
     [
      -1707.4,
      -316.3
     ],
     [
      -1685.2,
      -295.8
     ],
     [
      -1666.4,
      -278.7
     ],
     [
      -1642.4,
      -261.6
     ],
     [
      -1606.5,
      -244.5
     ],
     [
      -1589.4,
      -239.4
     ],
     [
      -1577.5,
      -236
     ],
     [
      -1555.2,
      -236
     ],
     [
      -1541.6,
      -234.3
     ],
     [
      -1524.5,
      -237.7
     ],
     [
      -1512.5,
      -237.7
     ],
     [
      -1500.5,
      -237.7
     ],
     [
      -1488.6,
      -236
     ]
    ]
   }
  },
  {
   "type": "Feature",
   "properties": {
    "op": "remove",
    "source": "recorded",
    "zone": "Tirisfal Glades",
    "time": 1790723384,
    "trim": true,
    "area": true
   },
   "geometry": {
    "type": "LineString",
    "coordinates": [
     [
      -1950.1,
      -424
     ],
     [
      -1931.3,
      -425.7
     ],
     [
      -1898.9,
      -432.6
     ],
     [
      -1868.1,
      -442.8
     ],
     [
      -1833.9,
      -463.3
     ],
     [
      -1804.8,
      -494.1
     ],
     [
      -1789.4,
      -528.3
     ],
     [
      -1786,
      -572.8
     ],
     [
      -1782.6,
      -610.4
     ],
     [
      -1782.6,
      -639.4
     ],
     [
      -1784.3,
      -677
     ],
     [
      -1792.9,
      -711.2
     ],
     [
      -1808.2,
      -752.3
     ],
     [
      -1820.2,
      -788.2
     ],
     [
      -1837.3,
      -808.7
     ],
     [
      -1868.1,
      -830.9
     ],
     [
      -1883.5,
      -844.6
     ],
     [
      -1898.9,
      -854.8
     ],
     [
      -1914.2,
      -873.6
     ],
     [
      -1929.6,
      -892.4
     ],
     [
      -1948.4,
      -914.7
     ],
     [
      -1965.5,
      -926.6
     ],
     [
      -1986,
      -933.5
     ],
     [
      -2004.8,
      -933.5
     ],
     [
      -2018.5,
      -933.5
     ],
     [
      -2030.5,
      -928.3
     ],
     [
      -2044.2,
      -923.2
     ],
     [
      -2054.4,
      -914.7
     ],
     [
      -2056.1,
      -877.1
     ],
     [
      -2047.6,
      -796.7
     ],
     [
      -2039,
      -706.1
     ],
     [
      -2039,
      -654.8
     ],
     [
      -2033.9,
      -589.9
     ],
     [
      -2025.4,
      -521.5
     ],
     [
      -2011.7,
      -463.3
     ],
     [
      -2003.1,
      -429.2
     ],
     [
      -1992.9,
      -415.5
     ],
     [
      -1979.2,
      -406.9
     ],
     [
      -1965.5,
      -405.2
     ],
     [
      -1953.6,
      -406.9
     ],
     [
      -1943.3,
      -418.9
     ]
    ]
   }
  },
  {
   "type": "Feature",
   "properties": {
    "op": "remove",
    "source": "recorded",
    "zone": "Tirisfal Glades",
    "time": 1790723400,
    "trim": true,
    "area": true
   },
   "geometry": {
    "type": "LineString",
    "coordinates": [
     [
      -2007.4,
      -278.6
     ],
     [
      -2006.5,
      -275.5
     ],
     [
      -2004.7,
      -272.8
     ],
     [
      -2003.3,
      -268.7
     ],
     [
      -2002.4,
      -265.2
     ],
     [
      -2002,
      -262
     ],
     [
      -2001.5,
      -258.4
     ],
     [
      -2000.2,
      -253.5
     ],
     [
      -1997.9,
      -248.6
     ],
     [
      -1996.6,
      -244.1
     ],
     [
      -1995.7,
      -241
     ],
     [
      -1994.4,
      -237.4
     ],
     [
      -1993,
      -233.8
     ],
     [
      -1991.2,
      -229.8
     ],
     [
      -1989.4,
      -225.7
     ],
     [
      -1987.6,
      -221.2
     ],
     [
      -1986.3,
      -217.2
     ],
     [
      -1985,
      -213.6
     ],
     [
      -1983.2,
      -210.9
     ],
     [
      -1981.4,
      -207.8
     ],
     [
      -1979.1,
      -205.1
     ],
     [
      -1976.9,
      -202.9
     ],
     [
      -1973.7,
      -201.1
     ],
     [
      -1970.6,
      -197.9
     ],
     [
      -1967.5,
      -193.9
     ],
     [
      -1964.3,
      -190.8
     ],
     [
      -1960.8,
      -188.5
     ],
     [
      -1957.6,
      -186.7
     ],
     [
      -1954,
      -185.4
     ],
     [
      -1950.4,
      -184.9
     ],
     [
      -1947.3,
      -184.9
     ],
     [
      -1945.1,
      -187.2
     ],
     [
      -1943.3,
      -190.8
     ],
     [
      -1942.8,
      -194.4
     ],
     [
      -1942.8,
      -198.4
     ],
     [
      -1943.3,
      -203.3
     ],
     [
      -1943.3,
      -208.7
     ],
     [
      -1943.7,
      -213.6
     ],
     [
      -1944.2,
      -216.8
     ],
     [
      -1946.4,
      -221.2
     ],
     [
      -1948.2,
      -225.3
     ],
     [
      -1950.9,
      -229.3
     ],
     [
      -1953.6,
      -232.9
     ],
     [
      -1956.7,
      -236.9
     ],
     [
      -1960.8,
      -241.9
     ],
     [
      -1963.9,
      -245.4
     ],
     [
      -1966.6,
      -249.5
     ],
     [
      -1968.8,
      -252.2
     ],
     [
      -1971.5,
      -254.9
     ],
     [
      -1975.5,
      -258.9
     ],
     [
      -1978.7,
      -263.8
     ],
     [
      -1980.5,
      -266.5
     ],
     [
      -1982.3,
      -269.2
     ],
     [
      -1984.1,
      -272.3
     ],
     [
      -1986.3,
      -274.6
     ],
     [
      -1989,
      -277.7
     ],
     [
      -1991.7,
      -279.9
     ],
     [
      -1995.3,
      -281.7
     ],
     [
      -1999.3,
      -281.7
     ],
     [
      -2002.4,
      -281.7
     ],
     [
      -2005.6,
      -279.5
     ],
     [
      -2007.4,
      -276.8
     ],
     [
      -2007.8,
      -273.7
     ]
    ]
   }
  },
  {
   "type": "Feature",
   "properties": {
    "op": "remove",
    "source": "recorded",
    "zone": "Tirisfal Glades",
    "time": 1790723404,
    "trim": true,
    "area": true
   },
   "geometry": {
    "type": "LineString",
    "coordinates": [
     [
      -1965.7,
      -170.6
     ],
     [
      -1961.6,
      -173.7
     ],
     [
      -1957.6,
      -176.9
     ],
     [
      -1952.7,
      -181.8
     ],
     [
      -1948.7,
      -186.3
     ],
     [
      -1947.3,
      -189.4
     ],
     [
      -1946.9,
      -193.9
     ],
     [
      -1949.5,
      -199.3
     ],
     [
      -1953.1,
      -206.5
     ],
     [
      -1957.6,
      -214.1
     ],
     [
      -1962.5,
      -222.6
     ],
     [
      -1970.6,
      -232.9
     ],
     [
      -1976.9,
      -241
     ],
     [
      -1985,
      -253.1
     ],
     [
      -1987.6,
      -256.6
     ],
     [
      -1990.8,
      -260.2
     ],
     [
      -1994.8,
      -264.7
     ],
     [
      -1997.5,
      -267.4
     ],
     [
      -2001.1,
      -270.1
     ],
     [
      -2004.7,
      -273.7
     ],
     [
      -2007.8,
      -274.6
     ],
     [
      -2011.4,
      -273.2
     ],
     [
      -2014.1,
      -270.5
     ],
     [
      -2016.3,
      -267.4
     ],
     [
      -2018.6,
      -262.9
     ],
     [
      -2020.4,
      -257.5
     ],
     [
      -2021.3,
      -251.7
     ],
     [
      -2020.8,
      -244.5
     ],
     [
      -2017.2,
      -231.5
     ],
     [
      -2013.2,
      -219.4
     ],
     [
      -2009.2,
      -210
     ],
     [
      -2005.6,
      -202.4
     ],
     [
      -2001.5,
      -195.2
     ],
     [
      -1996.6,
      -188.5
     ],
     [
      -1992.6,
      -182.7
     ],
     [
      -1987.2,
      -177.3
     ],
     [
      -1983.6,
      -174.2
     ],
     [
      -1980.9,
      -171.9
     ],
     [
      -1977.8,
      -169.3
     ],
     [
      -1973.7,
      -167.9
     ],
     [
      -1969.3,
      -168.4
     ],
     [
      -1965.2,
      -169.7
     ],
     [
      -1962.5,
      -171.9
     ]
    ]
   }
  },
  {
   "type": "Feature",
   "properties": {
    "op": "add",
    "source": "recorded",
    "zone": "Tirisfal Glades",
    "time": 1790723413,
    "trim": true
   },
   "geometry": {
    "type": "LineString",
    "coordinates": [
     [
      -1955.8,
      -169.3
     ],
     [
      -1957.6,
      -172.4
     ],
     [
      -1959.4,
      -175.1
     ],
     [
      -1961.6,
      -178.2
     ],
     [
      -1963.9,
      -180.5
     ],
     [
      -1965.7,
      -183.1
     ],
     [
      -1967.5,
      -185.8
     ],
     [
      -1969.3,
      -188.5
     ],
     [
      -1971.1,
      -191.7
     ],
     [
      -1972.9,
      -194.8
     ],
     [
      -1974.6,
      -198.4
     ],
     [
      -1976.4,
      -202
     ],
     [
      -1978.2,
      -205.1
     ],
     [
      -1979.6,
      -208.2
     ],
     [
      -1981.4,
      -210.9
     ],
     [
      -1983.2,
      -214.1
     ],
     [
      -1984.5,
      -217.2
     ],
     [
      -1985.8,
      -220.3
     ],
     [
      -1988.1,
      -223
     ],
     [
      -1989.9,
      -226.6
     ],
     [
      -1991.7,
      -230.7
     ],
     [
      -1993.5,
      -233.8
     ],
     [
      -1994.8,
      -236.9
     ],
     [
      -1996.6,
      -239.6
     ],
     [
      -1997.9,
      -242.8
     ],
     [
      -1999.7,
      -245.9
     ],
     [
      -2001.1,
      -249
     ],
     [
      -2002.9,
      -252.6
     ],
     [
      -2004.2,
      -256.2
     ],
     [
      -2006,
      -260.7
     ],
     [
      -2007.8,
      -263.4
     ],
     [
      -2009.2,
      -266.5
     ],
     [
      -2010,
      -269.6
     ],
     [
      -2011.8,
      -273.2
     ],
     [
      -2013.6,
      -275.9
     ],
     [
      -2015.9,
      -278.2
     ]
    ]
   }
  },
  {
   "type": "Feature",
   "properties": {
    "op": "add",
    "source": "recorded",
    "zone": "Tirisfal Glades",
    "time": 1790723440,
    "trim": true
   },
   "geometry": {
    "type": "LineString",
    "coordinates": [
     [
      -1582,
      -2.6
     ],
     [
      -1580,
      -2.3
     ],
     [
      -1578,
      -2
     ],
     [
      -1576,
      -2
     ],
     [
      -1573.9,
      -1.7
     ],
     [
      -1571.9,
      -2
     ],
     [
      -1569.9,
      -2.6
     ],
     [
      -1567.9,
      -2.9
     ],
     [
      -1565.9,
      -3.1
     ],
     [
      -1563.3,
      -3.1
     ],
     [
      -1561.3,
      -3.1
     ],
     [
      -1559,
      -2.9
     ],
     [
      -1557,
      -2.9
     ],
     [
      -1554.7,
      -2.9
     ],
     [
      -1552.4,
      -2.6
     ],
     [
      -1550.4,
      -2.6
     ]
    ]
   }
  },
  {
   "type": "Feature",
   "properties": {
    "op": "add",
    "source": "recorded",
    "zone": "Tirisfal Glades",
    "time": 1790723874,
    "trim": true
   },
   "geometry": {
    "type": "LineString",
    "coordinates": [
     [
      -1777.3,
      -404.1
     ],
     [
      -1763.6,
      -408.2
     ],
     [
      -1754,
      -411
     ],
     [
      -1744.4,
      -413.7
     ],
     [
      -1733.5,
      -420.6
     ],
     [
      -1725.3,
      -428.8
     ],
     [
      -1719.8,
      -441.1
     ],
     [
      -1717.1,
      -452
     ],
     [
      -1717.1,
      -463
     ],
     [
      -1717.1,
      -478
     ],
     [
      -1721.2,
      -494.4
     ],
     [
      -1728,
      -513.6
     ],
     [
      -1736.2,
      -532.7
     ],
     [
      -1747.2,
      -553.2
     ],
     [
      -1760.8,
      -571
     ],
     [
      -1782.7,
      -588.8
     ],
     [
      -1804.6,
      -599.7
     ],
     [
      -1836.1,
      -609.3
     ],
     [
      -1860.7,
      -610.7
     ],
     [
      -1885.3,
      -609.3
     ],
     [
      -1903.1,
      -602.5
     ],
     [
      -1915.4,
      -594.2
     ],
     [
      -1923.6,
      -581.9
     ],
     [
      -1929.1,
      -566.9
     ],
     [
      -1933.2,
      -547.7
     ],
     [
      -1935.9,
      -525.9
     ],
     [
      -1935.9,
      -504
     ],
     [
      -1934.5,
      -475.3
     ],
     [
      -1931.8,
      -456.1
     ],
     [
      -1927.7,
      -439.7
     ],
     [
      -1923.6,
      -423.3
     ],
     [
      -1916.8,
      -411
     ],
     [
      -1907.2,
      -401.4
     ],
     [
      -1889.4,
      -391.8
     ],
     [
      -1864.8,
      -385
     ],
     [
      -1838.8,
      -379.5
     ],
     [
      -1821,
      -376.8
     ],
     [
      -1807.3,
      -375.4
     ],
     [
      -1797.8,
      -378.2
     ],
     [
      -1788.2,
      -383.6
     ],
     [
      -1778.6,
      -390.5
     ],
     [
      -1767.7,
      -397.3
     ],
     [
      -1756.7,
      -402.8
     ],
     [
      -1745.8,
      -408.2
     ]
    ]
   }
  },
  {
   "type": "Feature",
   "properties": {
    "op": "remove",
    "source": "recorded",
    "zone": "Tirisfal Glades",
    "time": 1790723884,
    "trim": true,
    "area": true
   },
   "geometry": {
    "type": "LineString",
    "coordinates": [
     [
      -1788.2,
      -316.6
     ],
     [
      -1777.3,
      -322.1
     ],
     [
      -1766.3,
      -326.2
     ],
     [
      -1755.4,
      -328.9
     ],
     [
      -1741.7,
      -333
     ],
     [
      -1730.8,
      -338.5
     ],
     [
      -1719.8,
      -344
     ],
     [
      -1707.5,
      -356.3
     ],
     [
      -1697.9,
      -367.2
     ],
     [
      -1691.1,
      -380.9
     ],
     [
      -1681.5,
      -400
     ],
     [
      -1677.4,
      -415.1
     ],
     [
      -1671.9,
      -431.5
     ],
     [
      -1669.2,
      -450.6
     ],
     [
      -1666.5,
      -468.4
     ],
     [
      -1666.5,
      -487.6
     ],
     [
      -1666.5,
      -502.6
     ],
     [
      -1671.9,
      -521.8
     ],
     [
      -1677.4,
      -540.9
     ],
     [
      -1684.3,
      -562.8
     ],
     [
      -1693.8,
      -590.1
     ],
     [
      -1702,
      -610.7
     ],
     [
      -1714.3,
      -632.5
     ],
     [
      -1726.7,
      -647.6
     ],
     [
      -1740.3,
      -659.9
     ],
     [
      -1756.7,
      -670.8
     ],
     [
      -1774.5,
      -679
     ],
     [
      -1806,
      -688.6
     ],
     [
      -1837.4,
      -694.1
     ],
     [
      -1867.5,
      -692.7
     ],
     [
      -1897.6,
      -684.5
     ],
     [
      -1927.7,
      -674.9
     ],
     [
      -1953.7,
      -666.7
     ],
     [
      -1971.5,
      -661.3
     ],
     [
      -1981,
      -657.2
     ],
     [
      -1990.6,
      -651.7
     ],
     [
      -1997.4,
      -642.1
     ],
     [
      -1997.4,
      -631.2
     ],
     [
      -1996.1,
      -617.5
     ],
     [
      -1992,
      -599.7
     ],
     [
      -1986.5,
      -580.6
     ],
     [
      -1981,
      -557.3
     ],
     [
      -1975.6,
      -538.2
     ],
     [
      -1968.7,
      -517.7
     ],
     [
      -1961.9,
      -498.5
     ],
     [
      -1956.4,
      -482.1
     ],
     [
      -1948.2,
      -465.7
     ],
     [
      -1940,
      -447.9
     ],
     [
      -1930.4,
      -427.4
     ],
     [
      -1922.2,
      -408.2
     ],
     [
      -1915.4,
      -390.5
     ],
     [
      -1909.9,
      -376.8
     ],
     [
      -1903.1,
      -368.6
     ],
     [
      -1894.9,
      -361.7
     ],
     [
      -1883.9,
      -353.5
     ],
     [
      -1874.4,
      -348.1
     ],
     [
      -1863.4,
      -344
     ],
     [
      -1848.4,
      -338.5
     ],
     [
      -1833.3,
      -333
     ],
     [
      -1819.7,
      -328.9
     ],
     [
      -1807.3,
      -324.8
     ],
     [
      -1795,
      -320.7
     ],
     [
      -1781.4,
      -318
     ],
     [
      -1769,
      -316.6
     ],
     [
      -1758.1,
      -316.6
     ]
    ]
   }
  },
  {
   "type": "Feature",
   "properties": {
    "op": "add",
    "source": "recorded",
    "zone": "Tirisfal Glades",
    "time": 1790724445,
    "trim": true
   },
   "geometry": {
    "type": "LineString",
    "coordinates": [
     [
      -2265.2,
      -31.3
     ],
     [
      -2282.7,
      -40.1
     ],
     [
      -2317.7,
      -54.7
     ],
     [
      -2352.7,
      -64.9
     ],
     [
      -2386.2,
      -73.6
     ],
     [
      -2415.3,
      -78
     ],
     [
      -2431.4,
      -82.4
     ],
     [
      -2441.6,
      -83.8
     ]
    ]
   }
  },
  {
   "type": "Feature",
   "properties": {
    "op": "remove",
    "source": "recorded",
    "zone": "Tirisfal Glades",
    "time": 1790724450,
    "trim": true,
    "area": true
   },
   "geometry": {
    "type": "LineString",
    "coordinates": [
     [
      -2345.4,
      -3.6
     ],
     [
      -2332.2,
      -3.6
     ],
     [
      -2317.7,
      -0.7
     ],
     [
      -2304.5,
      3.7
     ],
     [
      -2291.4,
      6.6
     ],
     [
      -2278.3,
      8
     ],
     [
      -2265.2,
      9.5
     ],
     [
      -2255,
      10.9
     ],
     [
      -2243.3,
      10.9
     ],
     [
      -2228.7,
      10.9
     ],
     [
      -2221.5,
      3.7
     ],
     [
      -2221.5,
      -10.9
     ],
     [
      -2222.9,
      -22.6
     ],
     [
      -2236,
      -40.1
     ],
     [
      -2253.5,
      -60.5
     ],
     [
      -2276.9,
      -79.4
     ],
     [
      -2294.3,
      -91.1
     ],
     [
      -2310.4,
      -99.8
     ],
     [
      -2327.9,
      -105.7
     ],
     [
      -2342.4,
      -108.6
     ],
     [
      -2357,
      -110
     ],
     [
      -2387.6,
      -107.1
     ],
     [
      -2409.5,
      -102.8
     ],
     [
      -2431.4,
      -96.9
     ],
     [
      -2447.4,
      -91.1
     ],
     [
      -2457.6,
      -88.2
     ],
     [
      -2467.8,
      -86.7
     ],
     [
      -2480.9,
      -85.3
     ],
     [
      -2482.4,
      -75.1
     ],
     [
      -2467.8,
      -59
     ],
     [
      -2450.3,
      -41.5
     ],
     [
      -2435.7,
      -29.9
     ],
     [
      -2421.2,
      -18.2
     ],
     [
      -2402.2,
      -8
     ],
     [
      -2389.1,
      -0.7
     ],
     [
      -2374.5,
      3.7
     ],
     [
      -2359.9,
      8
     ],
     [
      -2349.7,
      9.5
     ],
     [
      -2338.1,
      9.5
     ],
     [
      -2330.8,
      2.2
     ]
    ]
   }
  }
 ]
}